id,customer_id,order_date,status,total_amount
ORDER_000000001,CUSTOMER_000000001,2026-12-04T14:44:30,SHIPPED,208123.15
ORDER_000000002,CUSTOMER_000000002,2026-01-28T13:27:22,DELIVERED,634033.52
ORDER_000000003,CUSTOMER_000000003,2026-11-28T21:24:03,DELIVERED,258321.56
ORDER_000000004,CUSTOMER_000000004,2026-07-04T16:15:15,CONFIRMED,93211.62
ORDER_000000005,CUSTOMER_000000005,2026-10-07T07:18,DELIVERED,419098.56
ORDER_000000006,CUSTOMER_000000006,2026-08-30T01:11:13,PLACED,298298.13
ORDER_000000007,CUSTOMER_000000007,2026-08-18T01:43:04,DELIVERED,184580.68
ORDER_000000008,CUSTOMER_000000008,2026-12-06T15:01:47,DELIVERED,211688.78
ORDER_000000009,CUSTOMER_000000009,2026-07-29T18:26:32,DELIVERED,200168.83
ORDER_000000010,CUSTOMER_000000010,2026-04-08T04:14:30,DELIVERED,204511.11
ORDER_000000011,CUSTOMER_000000011,2026-07-24T11:57:34,DELIVERED,179711.94
ORDER_000000012,CUSTOMER_000000012,2026-10-23T22:37:04,DELIVERED,164046.48
ORDER_000000013,CUSTOMER_000000013,2026-03-28T23:42:56,PLACED,441579.31
ORDER_000000014,CUSTOMER_000000014,2026-11-22T19:46:43,CONFIRMED,146688.21
ORDER_000000015,CUSTOMER_000000015,2026-09-08T00:41:59,CANCELLED,424045.68
ORDER_000000016,CUSTOMER_000000016,2026-03-27T16:05:37,DELIVERED,399906.30
ORDER_000000017,CUSTOMER_000000017,2026-06-10T14:03:31,DELIVERED,238076.97
ORDER_000000018,CUSTOMER_000000018,2026-02-06T05:55:59,DELIVERED,442125.21
ORDER_000000019,CUSTOMER_000000019,2026-03-26T02:18:29,CONFIRMED,139147.35
ORDER_000000020,CUSTOMER_000000020,2026-06-23T22:59:44,SHIPPED,400651.36
ORDER_000000021,CUSTOMER_000000021,2026-11-11T07:41:24,CONFIRMED,446257.00
ORDER_000000022,CUSTOMER_000000022,2026-06-10T21:58:13,SHIPPED,30571.40
ORDER_000000023,CUSTOMER_000000023,2026-05-13T15:13:43,CANCELLED,345125.74
ORDER_000000024,CUSTOMER_000000024,2026-08-23T04:34:26,DELIVERED,90947.80
ORDER_000000025,CUSTOMER_000000025,2026-12-08T03:40:57,CANCELLED,130890.28
ORDER_000000026,CUSTOMER_000000026,2026-05-05T10:13:09,DELIVERED,202245.18
ORDER_000000027,CUSTOMER_000000027,2026-05-16T07:10:38,SHIPPED,737258.74
ORDER_000000028,CUSTOMER_000000028,2026-01-13T10:45:23,SHIPPED,513256.70
ORDER_000000029,CUSTOMER_000000029,2026-06-04T12:29:15,DELIVERED,542045.10
ORDER_000000030,CUSTOMER_000000030,2026-02-20T18:39:51,SHIPPED,29224.23
ORDER_000000031,CUSTOMER_000000031,2026-09-06T01:45:46,DELIVERED,398042.63
ORDER_000000032,CUSTOMER_000000032,2026-05-07T14:52:35,DELIVERED,156623.91
ORDER_000000033,CUSTOMER_000000033,2026-08-10T21:20:11,SHIPPED,352038.36
ORDER_000000034,CUSTOMER_000000034,2026-07-14T10:37:27,CONFIRMED,76228.17
ORDER_000000035,CUSTOMER_000000035,2026-06-14T00:51:28,DELIVERED,242072.94
ORDER_000000036,CUSTOMER_000000036,2026-04-14T00:32:03,DELIVERED,196675.70
ORDER_000000037,CUSTOMER_000000037,2026-02-27T20:10:49,DELIVERED,614387.92
ORDER_000000038,CUSTOMER_000000038,2026-05-04T22:31:28,DELIVERED,235110.42
ORDER_000000039,CUSTOMER_000000039,2026-03-30T09:53:01,DELIVERED,260764.91
ORDER_000000040,CUSTOMER_000000040,2026-05-28T11:33:10,DELIVERED,398126.24
ORDER_000000041,CUSTOMER_000000041,2026-03-23T18:16:54,DELIVERED,455889.68
ORDER_000000042,CUSTOMER_000000042,2026-09-28T05:57:32,CONFIRMED,490567.89
ORDER_000000043,CUSTOMER_000000043,2026-07-10T09:49:09,DELIVERED,123368.82
ORDER_000000044,CUSTOMER_000000044,2026-04-30T06:27:04,DELIVERED,574405.50
ORDER_000000045,CUSTOMER_000000045,2026-02-03T21:40:40,DELIVERED,100189.34
ORDER_000000046,CUSTOMER_000000046,2026-07-14T00:48:11,DELIVERED,206719.60
ORDER_000000047,CUSTOMER_000000047,2026-10-07T15:45:08,DELIVERED,664329.79
ORDER_000000048,CUSTOMER_000000048,2026-12-11T05:32:52,CONFIRMED,193643.55
ORDER_000000049,CUSTOMER_000000049,2026-09-23T05:09:36,DELIVERED,201820.30
ORDER_000000050,CUSTOMER_000000050,2026-09-19T06:36:33,SHIPPED,656775.26
ORDER_000000051,CUSTOMER_000000051,2026-01-12T05:40:53,DELIVERED,299716.76
ORDER_000000052,CUSTOMER_000000052,2026-12-11T12:49:25,DELIVERED,372596.47
ORDER_000000053,CUSTOMER_000000053,2026-07-04T13:49:29,DELIVERED,202323.58
ORDER_000000054,CUSTOMER_000000054,2026-06-14T19:09:34,SHIPPED,205779.36
ORDER_000000055,CUSTOMER_000000055,2026-07-23T08:15:35,PLACED,289110.68
ORDER_000000056,CUSTOMER_000000056,2026-04-10T19:09:57,DELIVERED,200111.04
ORDER_000000057,CUSTOMER_000000057,2026-01-15T15:24:59,DELIVERED,278167.33
ORDER_000000058,CUSTOMER_000000058,2026-03-21T20:48:55,DELIVERED,102540.74
ORDER_000000059,CUSTOMER_000000059,2026-04-03T03:46:40,PLACED,78363.96
ORDER_000000060,CUSTOMER_000000060,2026-06-06T06:40:41,CONFIRMED,278182.81
ORDER_000000061,CUSTOMER_000000061,2026-03-06T21:40:42,DELIVERED,329965.64
ORDER_000000062,CUSTOMER_000000062,2026-02-07T02:41:52,DELIVERED,290955.76
ORDER_000000063,CUSTOMER_000000063,2026-06-21T17:50:54,DELIVERED,239821.01
ORDER_000000064,CUSTOMER_000000064,2026-11-25T03:42:53,SHIPPED,511316.07
ORDER_000000065,CUSTOMER_000000065,2026-07-18T00:15:30,DELIVERED,280636.64
ORDER_000000066,CUSTOMER_000000066,2026-08-09T15:16:44,DELIVERED,397267.88
ORDER_000000067,CUSTOMER_000000067,2026-11-04T04:07:27,DELIVERED,324100.12
ORDER_000000068,CUSTOMER_000000068,2026-11-12T01:28:37,SHIPPED,299760.12
ORDER_000000069,CUSTOMER_000000069,2026-04-03T07:07:37,DELIVERED,65912.43
ORDER_000000070,CUSTOMER_000000070,2026-08-25T14:23:50,SHIPPED,316536.65
ORDER_000000071,CUSTOMER_000000071,2026-09-29T02:33:05,SHIPPED,279063.30
ORDER_000000072,CUSTOMER_000000072,2026-02-14T07:56:51,DELIVERED,147923.06
ORDER_000000073,CUSTOMER_000000073,2026-03-21T15:52:31,SHIPPED,589187.10
ORDER_000000074,CUSTOMER_000000074,2026-05-29T14:52:20,CONFIRMED,167763.08
ORDER_000000075,CUSTOMER_000000075,2026-10-05T14:33:40,DELIVERED,399999.70
ORDER_000000076,CUSTOMER_000000076,2026-07-27T16:31:10,DELIVERED,220798.40
ORDER_000000077,CUSTOMER_000000077,2026-03-08T20:10:53,SHIPPED,341031.63
ORDER_000000078,CUSTOMER_000000078,2026-01-17T17:41:30,DELIVERED,283809.48
ORDER_000000079,CUSTOMER_000000079,2026-10-22T11:46:30,SHIPPED,62496.92
ORDER_000000080,CUSTOMER_000000080,2026-08-02T05:50:40,DELIVERED,160300.72
ORDER_000000081,CUSTOMER_000000081,2026-10-01T03:18:57,DELIVERED,127017.47
ORDER_000000082,CUSTOMER_000000082,2026-12-26T04:34:12,CONFIRMED,40710.96
ORDER_000000083,CUSTOMER_000000083,2026-12-02T09:55:55,PLACED,166460.86
ORDER_000000084,CUSTOMER_000000084,2026-09-21T04:40:25,DELIVERED,99158.80
ORDER_000000085,CUSTOMER_000000085,2026-08-28T04:47:50,CANCELLED,629772.93
ORDER_000000086,CUSTOMER_000000086,2026-01-11T00:48:56,CONFIRMED,268689.92
ORDER_000000087,CUSTOMER_000000087,2026-12-03T16:43:34,SHIPPED,66844.40
ORDER_000000088,CUSTOMER_000000088,2026-04-09T02:01:19,DELIVERED,481405.52
ORDER_000000089,CUSTOMER_000000089,2026-12-24T08:25:32,PLACED,500956.84
ORDER_000000090,CUSTOMER_000000090,2026-05-13T08:31:07,DELIVERED,307045.46
ORDER_000000091,CUSTOMER_000000091,2026-04-02T18:11:01,DELIVERED,511271.15
ORDER_000000092,CUSTOMER_000000092,2026-06-26T18:32:13,DELIVERED,217725.41
ORDER_000000093,CUSTOMER_000000093,2026-11-20T05:06:48,DELIVERED,130870.10
ORDER_000000094,CUSTOMER_000000094,2026-11-19T13:48:48,DELIVERED,115827.96
ORDER_000000095,CUSTOMER_000000095,2026-02-07T12:43:47,DELIVERED,370917.26
ORDER_000000096,CUSTOMER_000000096,2026-12-16T22:12:38,DELIVERED,359219.81
ORDER_000000097,CUSTOMER_000000097,2026-05-14T10:39:56,DELIVERED,370940.97
ORDER_000000098,CUSTOMER_000000098,2026-07-04T09:02:38,CANCELLED,151523.79
ORDER_000000099,CUSTOMER_000000099,2026-02-27T13:09:22,DELIVERED,188965.84
ORDER_000000100,CUSTOMER_000000100,2026-12-25T04:42:10,CONFIRMED,465134.91
ORDER_000000101,CUSTOMER_000000101,2026-11-21T19:07:12,SHIPPED,120808.12
ORDER_000000102,CUSTOMER_000000102,2026-06-11T15:44:47,SHIPPED,297975.10
ORDER_000000103,CUSTOMER_000000103,2026-06-18T19:56:15,DELIVERED,305614.86
ORDER_000000104,CUSTOMER_000000104,2026-09-04T13:55:54,DELIVERED,225016.50
ORDER_000000105,CUSTOMER_000000105,2026-03-06T12:25:20,DELIVERED,174279.43
ORDER_000000106,CUSTOMER_000000106,2026-09-20T05:32:30,CONFIRMED,521626.06
ORDER_000000107,CUSTOMER_000000107,2026-06-14T01:59:29,SHIPPED,128488.10
ORDER_000000108,CUSTOMER_000000108,2026-03-12T12:41:42,DELIVERED,385163.76
ORDER_000000109,CUSTOMER_000000109,2026-03-17T15:21:34,CONFIRMED,236528.07
ORDER_000000110,CUSTOMER_000000110,2026-05-14T23:50:05,DELIVERED,313682.10
ORDER_000000111,CUSTOMER_000000111,2026-03-09T07:49:32,DELIVERED,284085.18
ORDER_000000112,CUSTOMER_000000112,2026-01-20T02:23:16,DELIVERED,186483.21
ORDER_000000113,CUSTOMER_000000113,2026-08-10T15:27:25,DELIVERED,294794.65
ORDER_000000114,CUSTOMER_000000114,2026-02-24T14:06:45,CONFIRMED,781926.59
ORDER_000000115,CUSTOMER_000000115,2026-03-03T16:04:41,CANCELLED,172511.73
ORDER_000000116,CUSTOMER_000000116,2026-08-15T19:19:09,DELIVERED,558395.08
ORDER_000000117,CUSTOMER_000000117,2026-01-08T17:01:33,DELIVERED,399993.57
ORDER_000000118,CUSTOMER_000000118,2026-04-03T17:37:12,DELIVERED,527121.09
ORDER_000000119,CUSTOMER_000000119,2026-06-25T13:49:40,DELIVERED,57484.61
ORDER_000000120,CUSTOMER_000000120,2026-06-14T18:14:34,DELIVERED,178077.67
ORDER_000000121,CUSTOMER_000000121,2026-08-20T05:53:26,SHIPPED,27725.69
ORDER_000000122,CUSTOMER_000000122,2026-09-19T14:24:25,DELIVERED,330842.40
ORDER_000000123,CUSTOMER_000000123,2026-08-02T06:25:40,SHIPPED,219359.64
ORDER_000000124,CUSTOMER_000000124,2026-08-20T08:59:50,SHIPPED,358154.64
ORDER_000000125,CUSTOMER_000000125,2026-07-03T13:14:59,SHIPPED,90752.12
ORDER_000000126,CUSTOMER_000000126,2026-11-23T03:08:15,DELIVERED,197409.86
ORDER_000000127,CUSTOMER_000000127,2026-08-03T22:41:14,DELIVERED,80449.42
ORDER_000000128,CUSTOMER_000000128,2026-01-03T22:24:06,DELIVERED,268231.52
ORDER_000000129,CUSTOMER_000000129,2026-07-10T19:32:48,SHIPPED,321079.49
ORDER_000000130,CUSTOMER_000000130,2026-07-25T12:19:01,DELIVERED,235965.96
ORDER_000000131,CUSTOMER_000000131,2026-08-14T02:48:03,DELIVERED,202681.92
ORDER_000000132,CUSTOMER_000000132,2026-04-15T01:24:21,DELIVERED,160545.32
ORDER_000000133,CUSTOMER_000000133,2026-12-05T02:35:11,CONFIRMED,162731.97
ORDER_000000134,CUSTOMER_000000134,2026-05-08T18:07:57,DELIVERED,180527.48
ORDER_000000135,CUSTOMER_000000135,2026-06-04T16:03:14,CONFIRMED,288471.51
ORDER_000000136,CUSTOMER_000000136,2026-05-14T22:31:53,SHIPPED,191232.81
ORDER_000000137,CUSTOMER_000000137,2026-06-27T16:31:06,CANCELLED,741500.58
ORDER_000000138,CUSTOMER_000000138,2026-08-16T02:35:40,SHIPPED,364505.05
ORDER_000000139,CUSTOMER_000000139,2026-06-08T18:24:58,DELIVERED,500751.04
ORDER_000000140,CUSTOMER_000000140,2026-12-30T04:12:27,DELIVERED,327214.06
ORDER_000000141,CUSTOMER_000000141,2026-02-11T23:49:36,SHIPPED,448814.99
ORDER_000000142,CUSTOMER_000000142,2026-08-28T02:30:42,DELIVERED,185562.09
ORDER_000000143,CUSTOMER_000000143,2026-06-17T21:59:36,DELIVERED,292346.32
ORDER_000000144,CUSTOMER_000000144,2026-07-22T12:39:32,DELIVERED,174247.50
ORDER_000000145,CUSTOMER_000000145,2026-04-05T01:38:29,CONFIRMED,292697.78
ORDER_000000146,CUSTOMER_000000146,2026-09-11T15:14:35,DELIVERED,140923.11
ORDER_000000147,CUSTOMER_000000147,2026-08-05T01:23:57,DELIVERED,186868.10
ORDER_000000148,CUSTOMER_000000148,2026-03-21T18:35:40,CONFIRMED,202973.03
ORDER_000000149,CUSTOMER_000000149,2026-01-04T07:14:35,DELIVERED,148625.16
ORDER_000000150,CUSTOMER_000000150,2026-08-08T03:44:20,DELIVERED,225988.71
ORDER_000000151,CUSTOMER_000000151,2026-08-25T19:10:06,PLACED,413699.68
ORDER_000000152,CUSTOMER_000000152,2026-03-22T10:37:34,CONFIRMED,279521.82
ORDER_000000153,CUSTOMER_000000153,2026-11-10T14:58:02,CANCELLED,480143.02
ORDER_000000154,CUSTOMER_000000154,2026-04-24T22:17:51,DELIVERED,217855.45
ORDER_000000155,CUSTOMER_000000155,2026-01-27T10:23:10,DELIVERED,769166.10
ORDER_000000156,CUSTOMER_000000156,2026-05-12T20:47:53,SHIPPED,572109.82
ORDER_000000157,CUSTOMER_000000157,2026-08-10T16:16:56,SHIPPED,171928.07
ORDER_000000158,CUSTOMER_000000158,2026-09-28T08:55:16,DELIVERED,161195.00
ORDER_000000159,CUSTOMER_000000159,2026-09-02T06:06:10,DELIVERED,295541.04
ORDER_000000160,CUSTOMER_000000160,2026-10-21T04:58:07,DELIVERED,238996.44
ORDER_000000161,CUSTOMER_000000161,2026-12-22T22:38:10,CONFIRMED,154715.78
ORDER_000000162,CUSTOMER_000000162,2026-12-09T18:01:46,DELIVERED,194749.32
ORDER_000000163,CUSTOMER_000000163,2026-09-18T16:05:58,DELIVERED,472903.69
ORDER_000000164,CUSTOMER_000000164,2026-08-21T18:59:28,SHIPPED,138305.88
ORDER_000000165,CUSTOMER_000000165,2026-01-02T12:10:06,DELIVERED,160560.16
ORDER_000000166,CUSTOMER_000000166,2026-09-16T20:11:40,DELIVERED,85905.08
ORDER_000000167,CUSTOMER_000000167,2026-09-07T08:07:11,SHIPPED,298586.75
ORDER_000000168,CUSTOMER_000000168,2026-07-12T03:29:34,SHIPPED,207840.34
ORDER_000000169,CUSTOMER_000000169,2026-01-03T20:21:23,DELIVERED,447569.83
ORDER_000000170,CUSTOMER_000000170,2026-10-05T12:17:06,DELIVERED,273865.32
ORDER_000000171,CUSTOMER_000000171,2026-05-14T15:03:04,CONFIRMED,420681.00
ORDER_000000172,CUSTOMER_000000172,2026-11-07T04:20:46,CONFIRMED,206249.34
ORDER_000000173,CUSTOMER_000000173,2026-04-05T07:49:49,DELIVERED,399888.20
ORDER_000000174,CUSTOMER_000000174,2026-10-16T08:39:35,DELIVERED,38863.65
ORDER_000000175,CUSTOMER_000000175,2026-04-28T20:16:15,DELIVERED,389675.68
ORDER_000000176,CUSTOMER_000000176,2026-06-19T18:45:36,DELIVERED,381921.50
ORDER_000000177,CUSTOMER_000000177,2026-11-20T07:00:49,DELIVERED,309886.88
ORDER_000000178,CUSTOMER_000000178,2026-07-28T21:09:20,DELIVERED,70351.14
ORDER_000000179,CUSTOMER_000000179,2026-05-13T22:05:18,DELIVERED,339281.66
ORDER_000000180,CUSTOMER_000000180,2026-08-30T13:58:55,PLACED,286968.49
ORDER_000000181,CUSTOMER_000000181,2026-01-28T18:15:10,CANCELLED,309451.16
ORDER_000000182,CUSTOMER_000000182,2026-01-26T03:31:51,DELIVERED,274309.87
ORDER_000000183,CUSTOMER_000000183,2026-05-09T22:11:59,DELIVERED,435901.35
ORDER_000000184,CUSTOMER_000000184,2026-08-02T05:30:51,CANCELLED,347769.86
ORDER_000000185,CUSTOMER_000000185,2026-03-10T01:11:25,CONFIRMED,281651.68
ORDER_000000186,CUSTOMER_000000186,2026-01-14T05:47:11,SHIPPED,483754.10
ORDER_000000187,CUSTOMER_000000187,2026-01-10T08:48:20,DELIVERED,444704.19
ORDER_000000188,CUSTOMER_000000188,2026-01-30T14:44:51,DELIVERED,5718.15
ORDER_000000189,CUSTOMER_000000189,2026-09-14T20:06:51,DELIVERED,152304.02
ORDER_000000190,CUSTOMER_000000190,2026-12-22T22:30:10,DELIVERED,279196.74
ORDER_000000191,CUSTOMER_000000191,2026-12-30T12:16:10,SHIPPED,268918.29
ORDER_000000192,CUSTOMER_000000192,2026-08-16T14:01:13,DELIVERED,205659.96
ORDER_000000193,CUSTOMER_000000193,2026-11-02T06:10:17,DELIVERED,182347.78
ORDER_000000194,CUSTOMER_000000194,2026-06-29T03:19:38,DELIVERED,311839.56
ORDER_000000195,CUSTOMER_000000195,2026-08-05T05:16:20,DELIVERED,176996.80
ORDER_000000196,CUSTOMER_000000196,2026-10-01T09:35:19,CONFIRMED,759259.56
ORDER_000000197,CUSTOMER_000000197,2026-11-15T08:17:46,DELIVERED,353611.66
ORDER_000000198,CUSTOMER_000000198,2026-05-12T05:10:34,DELIVERED,196268.95
ORDER_000000199,CUSTOMER_000000199,2026-11-08T12:29:24,DELIVERED,199276.98
ORDER_000000200,CUSTOMER_000000200,2026-07-21T09:09:24,SHIPPED,322364.08
ORDER_000000201,CUSTOMER_000000201,2026-04-02T16:53:56,PLACED,378628.58
ORDER_000000202,CUSTOMER_000000202,2026-10-16T22:37:41,DELIVERED,343844.31
ORDER_000000203,CUSTOMER_000000203,2026-04-24T23:25:15,DELIVERED,217244.20
ORDER_000000204,CUSTOMER_000000204,2026-04-16T14:52:31,PLACED,67990.46
ORDER_000000205,CUSTOMER_000000205,2026-07-11T11:27:25,CONFIRMED,355111.82
ORDER_000000206,CUSTOMER_000000206,2026-03-14T14:01:27,DELIVERED,259343.63
ORDER_000000207,CUSTOMER_000000207,2026-07-17T08:28:28,CANCELLED,84902.47
ORDER_000000208,CUSTOMER_000000208,2026-05-15T16:17:42,DELIVERED,182721.92
ORDER_000000209,CUSTOMER_000000209,2026-02-20T01:24:55,DELIVERED,114124.15
ORDER_000000210,CUSTOMER_000000210,2026-01-15T10:17:10,DELIVERED,196438.65
ORDER_000000211,CUSTOMER_000000211,2026-09-17T15:45:41,CONFIRMED,279988.47
ORDER_000000212,CUSTOMER_000000212,2026-04-13T05:57:02,PLACED,227723.19
ORDER_000000213,CUSTOMER_000000213,2026-05-14T20:23:51,DELIVERED,216469.41
ORDER_000000214,CUSTOMER_000000214,2026-09-15T06:19:53,DELIVERED,416571.42
ORDER_000000215,CUSTOMER_000000215,2026-10-11T07:02:37,DELIVERED,79704.77
ORDER_000000216,CUSTOMER_000000216,2026-12-31T17:42:08,DELIVERED,190119.42
ORDER_000000217,CUSTOMER_000000217,2026-10-11T18:44:09,DELIVERED,196449.06
ORDER_000000218,CUSTOMER_000000218,2026-01-20T19:16:06,DELIVERED,549112.88
ORDER_000000219,CUSTOMER_000000219,2026-09-11T16:12:23,SHIPPED,395687.52
ORDER_000000220,CUSTOMER_000000220,2026-11-10T03:01:08,DELIVERED,346216.26
ORDER_000000221,CUSTOMER_000000221,2026-12-14T23:35:09,DELIVERED,227526.51
ORDER_000000222,CUSTOMER_000000222,2026-11-06T18:10:42,DELIVERED,173868.85
ORDER_000000223,CUSTOMER_000000223,2026-07-27T18:42:53,DELIVERED,230955.04
ORDER_000000224,CUSTOMER_000000224,2026-05-10T07:00:23,DELIVERED,115970.43
ORDER_000000225,CUSTOMER_000000225,2026-08-25T06:12:36,DELIVERED,355083.71
ORDER_000000226,CUSTOMER_000000226,2026-11-25T20:05:49,CONFIRMED,474243.53
ORDER_000000227,CUSTOMER_000000227,2026-08-15T22:44:03,DELIVERED,188003.02
ORDER_000000228,CUSTOMER_000000228,2026-08-16T18:46:27,DELIVERED,171206.12
ORDER_000000229,CUSTOMER_000000229,2026-07-15T04:10:45,SHIPPED,470457.30
ORDER_000000230,CUSTOMER_000000230,2026-07-11T13:49:08,DELIVERED,584648.50
ORDER_000000231,CUSTOMER_000000231,2026-12-05T04:08:39,DELIVERED,521414.82
ORDER_000000232,CUSTOMER_000000232,2026-06-27T21:49:01,DELIVERED,432489.28
ORDER_000000233,CUSTOMER_000000233,2026-07-14T06:04:03,DELIVERED,215577.77
ORDER_000000234,CUSTOMER_000000234,2026-09-28T14:58:23,SHIPPED,338693.39
ORDER_000000235,CUSTOMER_000000235,2026-06-18T09:44:25,DELIVERED,312182.00
ORDER_000000236,CUSTOMER_000000236,2026-05-21T05:36:17,DELIVERED,640833.13
ORDER_000000237,CUSTOMER_000000237,2026-04-02T08:34:47,DELIVERED,621776.20
ORDER_000000238,CUSTOMER_000000238,2026-04-18T13:30:30,PLACED,182346.95
ORDER_000000239,CUSTOMER_000000239,2026-07-29T03:28:37,DELIVERED,154719.18
ORDER_000000240,CUSTOMER_000000240,2026-09-20T09:32:09,DELIVERED,190323.66
ORDER_000000241,CUSTOMER_000000241,2026-12-24T04:24:23,CONFIRMED,426396.87
ORDER_000000242,CUSTOMER_000000242,2026-12-28T19:13:39,DELIVERED,799747.24
ORDER_000000243,CUSTOMER_000000243,2026-04-03T12:54:01,SHIPPED,544935.45
ORDER_000000244,CUSTOMER_000000244,2026-07-17T13:30:27,CANCELLED,408575.96
ORDER_000000245,CUSTOMER_000000245,2026-07-14T01:44:40,DELIVERED,161585.77
ORDER_000000246,CUSTOMER_000000246,2026-11-23T04:11:06,DELIVERED,418554.43
ORDER_000000247,CUSTOMER_000000247,2026-07-08T12:22:11,CONFIRMED,91841.38
ORDER_000000248,CUSTOMER_000000248,2026-12-15T16:41:28,DELIVERED,224037.68
ORDER_000000249,CUSTOMER_000000249,2026-11-13T05:57:01,CONFIRMED,130177.47
ORDER_000000250,CUSTOMER_000000250,2026-10-20T14:31:28,PLACED,765338.90
ORDER_000000251,CUSTOMER_000000251,2026-03-31T08:58:04,DELIVERED,259121.82
ORDER_000000252,CUSTOMER_000000252,2026-08-21T22:50:08,CANCELLED,425799.89
ORDER_000000253,CUSTOMER_000000253,2026-08-04T07:58:43,DELIVERED,433034.52
ORDER_000000254,CUSTOMER_000000254,2026-09-24T19:24:23,DELIVERED,116863.49
ORDER_000000255,CUSTOMER_000000255,2026-04-09T08:58:43,DELIVERED,323124.69
ORDER_000000256,CUSTOMER_000000256,2026-04-20T05:54:27,DELIVERED,343927.03
ORDER_000000257,CUSTOMER_000000257,2026-07-03T11:39:28,DELIVERED,379631.74
ORDER_000000258,CUSTOMER_000000258,2026-08-03T11:32:15,DELIVERED,572748.34
ORDER_000000259,CUSTOMER_000000259,2026-10-02T10:18:12,DELIVERED,153849.67
ORDER_000000260,CUSTOMER_000000260,2026-06-25T23:10:19,SHIPPED,258358.26
ORDER_000000261,CUSTOMER_000000261,2026-06-09T23:08:01,DELIVERED,133708.59
ORDER_000000262,CUSTOMER_000000262,2026-11-12T06:28:03,DELIVERED,392318.66
ORDER_000000263,CUSTOMER_000000263,2026-03-16T20:22:11,SHIPPED,426289.61
ORDER_000000264,CUSTOMER_000000264,2026-10-21T11:47:52,SHIPPED,178375.79
ORDER_000000265,CUSTOMER_000000265,2026-02-21T07:47:47,DELIVERED,59525.07
ORDER_000000266,CUSTOMER_000000266,2026-05-29T13:12:36,SHIPPED,338737.70
ORDER_000000267,CUSTOMER_000000267,2026-08-24T15:19:15,DELIVERED,196041.84
ORDER_000000268,CUSTOMER_000000268,2026-08-31T03:57:04,DELIVERED,352775.39
ORDER_000000269,CUSTOMER_000000269,2026-04-15T02:23:50,DELIVERED,323377.87
ORDER_000000270,CUSTOMER_000000270,2026-09-21T04:10:33,DELIVERED,247983.11
ORDER_000000271,CUSTOMER_000000271,2026-05-09T12:35:52,SHIPPED,439395.06
ORDER_000000272,CUSTOMER_000000272,2026-04-08T22:32:42,DELIVERED,480813.08
ORDER_000000273,CUSTOMER_000000273,2026-06-02T19:14:02,PLACED,82043.96
ORDER_000000274,CUSTOMER_000000274,2026-01-17T16:48:44,DELIVERED,212353.74
ORDER_000000275,CUSTOMER_000000275,2026-12-07T20:20:35,CONFIRMED,251046.27
ORDER_000000276,CUSTOMER_000000276,2026-09-05T22:28:27,DELIVERED,163216.72
ORDER_000000277,CUSTOMER_000000277,2026-01-07T17:15:32,DELIVERED,535087.36
ORDER_000000278,CUSTOMER_000000278,2026-03-10T15:57:18,PLACED,401931.81
ORDER_000000279,CUSTOMER_000000279,2026-11-24T04:11:32,CANCELLED,273922.08
ORDER_000000280,CUSTOMER_000000280,2026-04-12T19:54:42,DELIVERED,261859.44
ORDER_000000281,CUSTOMER_000000281,2026-09-10T13:03:03,DELIVERED,478339.93
ORDER_000000282,CUSTOMER_000000282,2026-01-31T07:58:07,SHIPPED,145616.65
ORDER_000000283,CUSTOMER_000000283,2026-07-07T17:43:34,DELIVERED,467253.55
ORDER_000000284,CUSTOMER_000000284,2026-11-20T22:49:44,DELIVERED,242528.58
ORDER_000000285,CUSTOMER_000000285,2026-07-05T10:21:11,DELIVERED,421616.27
ORDER_000000286,CUSTOMER_000000286,2026-01-21T23:44:38,DELIVERED,195760.44
ORDER_000000287,CUSTOMER_000000287,2026-02-04T03:34:02,DELIVERED,221482.58
ORDER_000000288,CUSTOMER_000000288,2026-10-28T07:35:56,PLACED,34743.18
ORDER_000000289,CUSTOMER_000000289,2026-12-18T19:03:46,CONFIRMED,822921.23
ORDER_000000290,CUSTOMER_000000290,2026-09-12T16:37:39,SHIPPED,296841.59
ORDER_000000291,CUSTOMER_000000291,2026-06-16T09:46:27,DELIVERED,132459.20
ORDER_000000292,CUSTOMER_000000292,2026-11-20T10:30:12,DELIVERED,299421.34
ORDER_000000293,CUSTOMER_000000293,2026-08-07T17:45:45,DELIVERED,156440.56
ORDER_000000294,CUSTOMER_000000294,2026-12-22T12:20:39,DELIVERED,212592.33
ORDER_000000295,CUSTOMER_000000295,2026-11-28T07:08:23,SHIPPED,409201.22
ORDER_000000296,CUSTOMER_000000296,2026-09-23T23:03:22,DELIVERED,186573.30
ORDER_000000297,CUSTOMER_000000297,2026-03-21T22:55:25,CANCELLED,118079.99
ORDER_000000298,CUSTOMER_000000298,2026-07-16T04:45:31,CONFIRMED,241865.47
ORDER_000000299,CUSTOMER_000000299,2026-06-02T02:55:52,DELIVERED,515454.04
ORDER_000000300,CUSTOMER_000000300,2026-05-10T03:42:17,DELIVERED,94861.56
ORDER_000000301,CUSTOMER_000000301,2026-08-08T03:26:45,PLACED,264251.53
ORDER_000000302,CUSTOMER_000000302,2026-03-04T06:40:22,SHIPPED,388081.68
ORDER_000000303,CUSTOMER_000000303,2026-05-06T17:15:45,DELIVERED,606691.39
ORDER_000000304,CUSTOMER_000000304,2026-03-11T04:45:08,SHIPPED,392228.21
ORDER_000000305,CUSTOMER_000000305,2026-10-02T01:29:27,DELIVERED,271219.70
ORDER_000000306,CUSTOMER_000000306,2026-04-02T19:24:34,DELIVERED,202707.82
ORDER_000000307,CUSTOMER_000000307,2026-09-15T01:20:49,DELIVERED,348701.05
ORDER_000000308,CUSTOMER_000000308,2026-06-10T13:19:26,DELIVERED,174790.11
ORDER_000000309,CUSTOMER_000000309,2026-11-11T21:25:12,DELIVERED,481365.66
ORDER_000000310,CUSTOMER_000000310,2026-03-04T00:16,SHIPPED,156523.29
ORDER_000000311,CUSTOMER_000000311,2026-09-01T14:10:26,DELIVERED,319717.93
ORDER_000000312,CUSTOMER_000000312,2026-08-11T14:12:32,DELIVERED,246719.57
ORDER_000000313,CUSTOMER_000000313,2026-08-09T21:55:52,DELIVERED,171720.72
ORDER_000000314,CUSTOMER_000000314,2026-02-18T06:50:01,DELIVERED,246658.78
ORDER_000000315,CUSTOMER_000000315,2026-12-19T23:41:58,DELIVERED,188069.98
ORDER_000000316,CUSTOMER_000000316,2026-10-31T13:03:15,DELIVERED,56918.56
ORDER_000000317,CUSTOMER_000000317,2026-05-10T22:21:43,DELIVERED,658288.01
ORDER_000000318,CUSTOMER_000000318,2026-09-06T20:30:20,DELIVERED,314855.27
ORDER_000000319,CUSTOMER_000000319,2026-05-14T15:04:23,DELIVERED,392699.71
ORDER_000000320,CUSTOMER_000000320,2026-06-07T17:44:39,SHIPPED,565199.28
ORDER_000000321,CUSTOMER_000000321,2026-09-19T05:50:32,SHIPPED,58636.49
ORDER_000000322,CUSTOMER_000000322,2026-08-24T01:09:21,DELIVERED,267672.68
ORDER_000000323,CUSTOMER_000000323,2026-02-05T19:35:32,DELIVERED,214942.46
ORDER_000000324,CUSTOMER_000000324,2026-04-26T15:10:59,DELIVERED,248144.06
ORDER_000000325,CUSTOMER_000000325,2026-10-23T04:52:30,CONFIRMED,113769.32
ORDER_000000326,CUSTOMER_000000326,2026-01-03T14:43:46,DELIVERED,123866.97
ORDER_000000327,CUSTOMER_000000327,2026-07-21T13:56:18,CONFIRMED,320882.53
ORDER_000000328,CUSTOMER_000000328,2026-04-05T16:09:39,DELIVERED,482006.80
ORDER_000000329,CUSTOMER_000000329,2026-04-07T19:38:14,DELIVERED,214355.49
ORDER_000000330,CUSTOMER_000000330,2026-10-14T18:24:32,SHIPPED,196795.32
ORDER_000000331,CUSTOMER_000000331,2026-02-11T06:50:55,DELIVERED,63217.01
ORDER_000000332,CUSTOMER_000000332,2026-12-23T18:25:37,CONFIRMED,32127.85
ORDER_000000333,CUSTOMER_000000333,2026-03-18T08:59:51,DELIVERED,84741.47
ORDER_000000334,CUSTOMER_000000334,2026-11-23T18:18:15,CONFIRMED,202022.66
ORDER_000000335,CUSTOMER_000000335,2026-08-12T14:29:37,SHIPPED,200381.92
ORDER_000000336,CUSTOMER_000000336,2026-09-08T04:16:04,DELIVERED,175228.56
ORDER_000000337,CUSTOMER_000000337,2026-01-20T06:56:13,DELIVERED,186326.63
ORDER_000000338,CUSTOMER_000000338,2026-11-21T18:14:09,SHIPPED,58093.13
ORDER_000000339,CUSTOMER_000000339,2026-01-17T22:50:36,DELIVERED,374945.93
ORDER_000000340,CUSTOMER_000000340,2026-12-18T14:30:47,CONFIRMED,161379.79
ORDER_000000341,CUSTOMER_000000341,2026-05-16T17:20:44,SHIPPED,496700.71
ORDER_000000342,CUSTOMER_000000342,2026-01-11T07:11:03,DELIVERED,556223.53
ORDER_000000343,CUSTOMER_000000343,2026-07-13T13:09:10,DELIVERED,78931.63
ORDER_000000344,CUSTOMER_000000344,2026-01-02T11:00:10,CONFIRMED,562036.54
ORDER_000000345,CUSTOMER_000000345,2026-08-12T04:40:22,DELIVERED,147305.50
ORDER_000000346,CUSTOMER_000000346,2026-10-21T04:28:13,DELIVERED,195802.35
ORDER_000000347,CUSTOMER_000000347,2026-05-10T04:43:10,CONFIRMED,412329.38
ORDER_000000348,CUSTOMER_000000348,2026-01-23T09:09:23,SHIPPED,349458.33
ORDER_000000349,CUSTOMER_000000349,2026-01-14T11:51:02,DELIVERED,138725.64
ORDER_000000350,CUSTOMER_000000350,2026-09-08T20:40,SHIPPED,229057.02
ORDER_000000351,CUSTOMER_000000351,2026-06-17T00:04:28,DELIVERED,75302.99
ORDER_000000352,CUSTOMER_000000352,2026-03-05T13:51:11,SHIPPED,213582.42
ORDER_000000353,CUSTOMER_000000353,2026-04-16T06:51:58,DELIVERED,380520.10
ORDER_000000354,CUSTOMER_000000354,2026-09-28T14:39:26,PLACED,555310.89
ORDER_000000355,CUSTOMER_000000355,2026-12-08T02:25:12,SHIPPED,113935.30
ORDER_000000356,CUSTOMER_000000356,2026-10-05T14:28:09,DELIVERED,138693.71
ORDER_000000357,CUSTOMER_000000357,2026-10-19T12:35:02,SHIPPED,689098.76
ORDER_000000358,CUSTOMER_000000358,2026-10-29T17:34:01,CONFIRMED,56143.22
ORDER_000000359,CUSTOMER_000000359,2026-04-25T07:54:50,DELIVERED,255216.66
ORDER_000000360,CUSTOMER_000000360,2026-08-09T00:58:11,SHIPPED,71280.03
ORDER_000000361,CUSTOMER_000000361,2026-02-08T05:08:12,DELIVERED,121370.84
ORDER_000000362,CUSTOMER_000000362,2026-10-05T01:51:50,PLACED,224640.68
ORDER_000000363,CUSTOMER_000000363,2026-03-16T07:29:36,DELIVERED,195008.61
ORDER_000000364,CUSTOMER_000000364,2026-11-14T23:07:07,DELIVERED,290083.27
ORDER_000000365,CUSTOMER_000000365,2026-05-15T08:52:05,DELIVERED,242010.20
ORDER_000000366,CUSTOMER_000000366,2026-04-09T17:30:48,CONFIRMED,207055.20
ORDER_000000367,CUSTOMER_000000367,2026-05-11T16:23:10,CONFIRMED,564508.26
ORDER_000000368,CUSTOMER_000000368,2026-09-26T01:52:33,DELIVERED,397392.36
ORDER_000000369,CUSTOMER_000000369,2026-04-09T13:31:51,DELIVERED,289644.15
ORDER_000000370,CUSTOMER_000000370,2026-08-23T23:14,CONFIRMED,198390.87
ORDER_000000371,CUSTOMER_000000371,2026-09-14T06:39:22,SHIPPED,62478.24
ORDER_000000372,CUSTOMER_000000372,2026-01-13T20:16:08,DELIVERED,330170.75
ORDER_000000373,CUSTOMER_000000373,2026-04-10T08:22:05,DELIVERED,240498.15
ORDER_000000374,CUSTOMER_000000374,2026-09-20T20:12:46,CANCELLED,336805.78
ORDER_000000375,CUSTOMER_000000375,2026-01-31T16:09:41,PLACED,155088.14
ORDER_000000376,CUSTOMER_000000376,2026-11-21T00:34:59,DELIVERED,268609.39
ORDER_000000377,CUSTOMER_000000377,2026-01-19T06:52:59,SHIPPED,298971.50
ORDER_000000378,CUSTOMER_000000378,2026-07-07T16:13:50,CONFIRMED,553290.79
ORDER_000000379,CUSTOMER_000000379,2026-09-19T02:10:05,DELIVERED,131255.84
ORDER_000000380,CUSTOMER_000000380,2026-07-14T17:54:25,SHIPPED,267848.94
ORDER_000000381,CUSTOMER_000000381,2026-01-24T07:22:39,CONFIRMED,142933.10
ORDER_000000382,CUSTOMER_000000382,2026-06-04T02:39:04,DELIVERED,134007.17
ORDER_000000383,CUSTOMER_000000383,2026-05-09T10:01:56,CONFIRMED,64920.44
ORDER_000000384,CUSTOMER_000000384,2026-07-10T06:01:22,DELIVERED,629541.95
ORDER_000000385,CUSTOMER_000000385,2026-05-08T08:35:40,SHIPPED,198198.61
ORDER_000000386,CUSTOMER_000000386,2026-10-05T09:29:29,DELIVERED,442255.70
ORDER_000000387,CUSTOMER_000000387,2026-05-29T17:18:40,PLACED,294546.52
ORDER_000000388,CUSTOMER_000000388,2026-09-27T08:15:36,CONFIRMED,419393.58
ORDER_000000389,CUSTOMER_000000389,2026-07-21T11:52:22,DELIVERED,117321.56
ORDER_000000390,CUSTOMER_000000390,2026-06-10T03:31:22,CONFIRMED,288020.94
ORDER_000000391,CUSTOMER_000000391,2026-06-19T07:24,SHIPPED,829634.35
ORDER_000000392,CUSTOMER_000000392,2026-12-27T15:47:01,DELIVERED,381414.16
ORDER_000000393,CUSTOMER_000000393,2026-11-20T09:36:49,DELIVERED,232523.36
ORDER_000000394,CUSTOMER_000000394,2026-09-30T02:03:27,DELIVERED,274514.72
ORDER_000000395,CUSTOMER_000000395,2026-11-27T08:31:34,DELIVERED,274869.39
ORDER_000000396,CUSTOMER_000000396,2026-12-05T02:06:18,DELIVERED,119389.80
ORDER_000000397,CUSTOMER_000000397,2026-11-10T11:47:40,DELIVERED,353350.03
ORDER_000000398,CUSTOMER_000000398,2026-07-14T04:36:17,CONFIRMED,74499.89
ORDER_000000399,CUSTOMER_000000399,2026-09-29T12:59:40,PLACED,519649.48
ORDER_000000400,CUSTOMER_000000400,2026-09-24T11:04:49,DELIVERED,163167.01
ORDER_000000401,CUSTOMER_000000401,2026-09-17T01:45:48,DELIVERED,351439.57
ORDER_000000402,CUSTOMER_000000402,2026-06-03T17:01:43,DELIVERED,262641.60
ORDER_000000403,CUSTOMER_000000403,2026-06-21T03:26:08,DELIVERED,310440.06
ORDER_000000404,CUSTOMER_000000404,2026-02-28T10:01:57,DELIVERED,720702.47
ORDER_000000405,CUSTOMER_000000405,2026-12-24T00:46:45,DELIVERED,27605.40
ORDER_000000406,CUSTOMER_000000406,2026-09-11T07:41,DELIVERED,275903.80
ORDER_000000407,CUSTOMER_000000407,2026-08-20T02:39:29,DELIVERED,580798.89
ORDER_000000408,CUSTOMER_000000408,2026-08-18T01:44:13,DELIVERED,534545.25
ORDER_000000409,CUSTOMER_000000409,2026-12-10T00:31:48,PLACED,274704.48
ORDER_000000410,CUSTOMER_000000410,2026-05-07T07:56:01,CONFIRMED,230881.10
ORDER_000000411,CUSTOMER_000000411,2026-03-09T09:40:30,DELIVERED,531926.15
ORDER_000000412,CUSTOMER_000000412,2026-08-18T10:36:07,DELIVERED,329856.88
ORDER_000000413,CUSTOMER_000000413,2026-11-07T02:25:48,PLACED,183170.77
ORDER_000000414,CUSTOMER_000000414,2026-05-21T10:46:25,DELIVERED,687274.42
ORDER_000000415,CUSTOMER_000000415,2026-08-27T23:16:43,DELIVERED,214364.93
ORDER_000000416,CUSTOMER_000000416,2026-10-23T03:59:02,DELIVERED,359403.10
ORDER_000000417,CUSTOMER_000000417,2026-03-10T21:52:20,DELIVERED,449533.79
ORDER_000000418,CUSTOMER_000000418,2026-04-13T18:54:01,DELIVERED,122859.06
ORDER_000000419,CUSTOMER_000000419,2026-08-31T23:10:18,DELIVERED,301318.37
ORDER_000000420,CUSTOMER_000000420,2026-02-05T13:46:20,DELIVERED,109403.55
ORDER_000000421,CUSTOMER_000000421,2026-04-01T00:19:25,DELIVERED,292400.41
ORDER_000000422,CUSTOMER_000000422,2026-02-26T04:25:25,DELIVERED,149225.01
ORDER_000000423,CUSTOMER_000000423,2026-11-12T22:36:23,DELIVERED,426101.92
ORDER_000000424,CUSTOMER_000000424,2026-01-19T19:09:06,DELIVERED,229500.03
ORDER_000000425,CUSTOMER_000000425,2026-01-14T05:34:15,CONFIRMED,630296.68
ORDER_000000426,CUSTOMER_000000426,2026-03-18T06:12:32,DELIVERED,153182.02
ORDER_000000427,CUSTOMER_000000427,2026-11-29T01:45:21,SHIPPED,268423.84
ORDER_000000428,CUSTOMER_000000428,2026-10-08T08:42:28,DELIVERED,347255.35
ORDER_000000429,CUSTOMER_000000429,2026-05-12T04:04:48,DELIVERED,397867.33
ORDER_000000430,CUSTOMER_000000430,2026-09-17T08:53:01,DELIVERED,323065.43
ORDER_000000431,CUSTOMER_000000431,2026-05-05T18:27:14,CONFIRMED,335528.19
ORDER_000000432,CUSTOMER_000000432,2026-08-26T12:41:43,DELIVERED,123561.68
ORDER_000000433,CUSTOMER_000000433,2026-01-03T16:22:14,DELIVERED,235661.08
ORDER_000000434,CUSTOMER_000000434,2026-04-15T16:08:18,SHIPPED,347396.92
ORDER_000000435,CUSTOMER_000000435,2026-08-22T16:51:45,DELIVERED,240122.50
ORDER_000000436,CUSTOMER_000000436,2026-07-27T20:38:26,DELIVERED,47439.91
ORDER_000000437,CUSTOMER_000000437,2026-03-10T19:46:21,CONFIRMED,311785.76
ORDER_000000438,CUSTOMER_000000438,2026-06-01T19:09:24,DELIVERED,396252.81
ORDER_000000439,CUSTOMER_000000439,2026-10-18T06:13:58,SHIPPED,424265.39
ORDER_000000440,CUSTOMER_000000440,2026-10-25T19:58:51,CONFIRMED,242264.62
ORDER_000000441,CUSTOMER_000000441,2026-01-06T19:00:12,DELIVERED,31382.52
ORDER_000000442,CUSTOMER_000000442,2026-06-04T07:24:48,DELIVERED,411029.66
ORDER_000000443,CUSTOMER_000000443,2026-10-05T13:16:59,DELIVERED,382152.30
ORDER_000000444,CUSTOMER_000000444,2026-07-08T16:32,DELIVERED,185271.56
ORDER_000000445,CUSTOMER_000000445,2026-02-01T04:00:29,SHIPPED,189924.37
ORDER_000000446,CUSTOMER_000000446,2026-12-25T18:28:04,DELIVERED,543802.14
ORDER_000000447,CUSTOMER_000000447,2026-11-29T15:44:43,DELIVERED,417738.67
ORDER_000000448,CUSTOMER_000000448,2026-12-14T12:00:19,DELIVERED,355938.75
ORDER_000000449,CUSTOMER_000000449,2026-04-01T03:20:37,DELIVERED,42001.13
ORDER_000000450,CUSTOMER_000000450,2026-12-07T23:49:14,DELIVERED,94780.53
ORDER_000000451,CUSTOMER_000000451,2026-11-08T19:01:52,SHIPPED,68983.71
ORDER_000000452,CUSTOMER_000000452,2026-05-17T13:41:39,DELIVERED,808650.47
ORDER_000000453,CUSTOMER_000000453,2026-05-08T10:56:13,CONFIRMED,345141.01
ORDER_000000454,CUSTOMER_000000454,2026-11-11T18:03:41,PLACED,106277.67
ORDER_000000455,CUSTOMER_000000455,2026-06-01T07:22:37,DELIVERED,128605.52
ORDER_000000456,CUSTOMER_000000456,2026-07-21T09:04:24,CONFIRMED,172236.02
ORDER_000000457,CUSTOMER_000000457,2026-12-24T01:29:24,DELIVERED,107018.30
ORDER_000000458,CUSTOMER_000000458,2026-12-16T07:28:39,DELIVERED,259344.67
ORDER_000000459,CUSTOMER_000000459,2026-07-24T19:13,DELIVERED,121872.97
ORDER_000000460,CUSTOMER_000000460,2026-11-25T01:56:10,CONFIRMED,203731.80
ORDER_000000461,CUSTOMER_000000461,2026-12-10T22:27:03,DELIVERED,182141.90
ORDER_000000462,CUSTOMER_000000462,2026-08-25T01:52:11,SHIPPED,431282.88
ORDER_000000463,CUSTOMER_000000463,2026-12-03T06:58:23,CANCELLED,161134.01
ORDER_000000464,CUSTOMER_000000464,2026-07-24T14:38:20,SHIPPED,450060.81
ORDER_000000465,CUSTOMER_000000465,2026-03-18T17:40:33,SHIPPED,287643.74
ORDER_000000466,CUSTOMER_000000466,2026-03-10T22:42:19,DELIVERED,89334.91
ORDER_000000467,CUSTOMER_000000467,2026-03-10T04:43:52,DELIVERED,306938.11
ORDER_000000468,CUSTOMER_000000468,2026-12-30T18:29:59,SHIPPED,470070.50
ORDER_000000469,CUSTOMER_000000469,2026-06-09T02:46:59,SHIPPED,227339.56
ORDER_000000470,CUSTOMER_000000470,2026-11-01T20:14:28,CONFIRMED,350145.56
ORDER_000000471,CUSTOMER_000000471,2026-02-07T09:55:08,DELIVERED,288784.69
ORDER_000000472,CUSTOMER_000000472,2026-03-30T12:49,SHIPPED,105631.95
ORDER_000000473,CUSTOMER_000000473,2026-07-28T02:32:33,PLACED,345426.45
ORDER_000000474,CUSTOMER_000000474,2026-06-05T16:05:42,CONFIRMED,315901.40
ORDER_000000475,CUSTOMER_000000475,2026-07-15T06:09:33,PLACED,586096.95
ORDER_000000476,CUSTOMER_000000476,2026-08-06T11:16:37,SHIPPED,559651.85
ORDER_000000477,CUSTOMER_000000477,2026-02-01T19:06:22,CONFIRMED,484465.10
ORDER_000000478,CUSTOMER_000000478,2026-03-19T04:05:12,DELIVERED,175451.15
ORDER_000000479,CUSTOMER_000000479,2026-12-09T13:36:37,DELIVERED,549133.53
ORDER_000000480,CUSTOMER_000000480,2026-09-01T05:31:24,DELIVERED,167509.74
ORDER_000000481,CUSTOMER_000000481,2026-12-21T16:34:59,PLACED,277756.05
ORDER_000000482,CUSTOMER_000000482,2026-07-06T20:08:32,DELIVERED,112454.25
ORDER_000000483,CUSTOMER_000000483,2026-02-13T14:09:12,DELIVERED,179932.08
ORDER_000000484,CUSTOMER_000000484,2026-01-03T03:30:30,DELIVERED,515120.05
ORDER_000000485,CUSTOMER_000000485,2026-12-04T10:32:34,DELIVERED,501726.88
ORDER_000000486,CUSTOMER_000000486,2026-02-26T00:06:23,DELIVERED,431100.90
ORDER_000000487,CUSTOMER_000000487,2026-01-08T16:23:10,CANCELLED,87645.03
ORDER_000000488,CUSTOMER_000000488,2026-10-14T05:22:49,DELIVERED,506885.60
ORDER_000000489,CUSTOMER_000000489,2026-01-26T22:19:14,DELIVERED,372577.89
ORDER_000000490,CUSTOMER_000000490,2026-08-02T07:10:57,DELIVERED,106521.30
ORDER_000000491,CUSTOMER_000000491,2026-06-17T21:30:15,DELIVERED,178072.38
ORDER_000000492,CUSTOMER_000000492,2026-07-08T11:53:44,DELIVERED,194456.05
ORDER_000000493,CUSTOMER_000000493,2026-09-13T01:22:32,CANCELLED,201070.08
ORDER_000000494,CUSTOMER_000000494,2026-05-10T02:04:27,DELIVERED,340728.97
ORDER_000000495,CUSTOMER_000000495,2026-07-18T21:10:28,DELIVERED,225858.36
ORDER_000000496,CUSTOMER_000000496,2026-10-26T03:56:21,CONFIRMED,96263.00
ORDER_000000497,CUSTOMER_000000497,2026-03-09T01:21:59,DELIVERED,277347.32
ORDER_000000498,CUSTOMER_000000498,2026-08-10T23:28:27,CONFIRMED,317401.17
ORDER_000000499,CUSTOMER_000000499,2026-09-26T13:41:04,CANCELLED,199952.20
ORDER_000000500,CUSTOMER_000000500,2026-02-14T14:08:24,DELIVERED,308261.60
ORDER_000000501,CUSTOMER_000000501,2026-02-18T10:57:17,SHIPPED,510590.14
ORDER_000000502,CUSTOMER_000000502,2026-04-14T11:38:50,DELIVERED,671634.60
ORDER_000000503,CUSTOMER_000000503,2026-10-25T20:04:27,CONFIRMED,104630.98
ORDER_000000504,CUSTOMER_000000504,2026-09-23T17:10:33,DELIVERED,188040.01
ORDER_000000505,CUSTOMER_000000505,2026-06-06T16:28:05,SHIPPED,557450.57
ORDER_000000506,CUSTOMER_000000506,2026-02-20T09:14:25,DELIVERED,215681.80
ORDER_000000507,CUSTOMER_000000507,2026-08-21T08:45:48,DELIVERED,130194.92
ORDER_000000508,CUSTOMER_000000508,2026-03-04T16:37:15,SHIPPED,467594.93
ORDER_000000509,CUSTOMER_000000509,2026-06-21T22:58:12,DELIVERED,240696.70
ORDER_000000510,CUSTOMER_000000510,2026-08-25T08:14:34,SHIPPED,301717.00
ORDER_000000511,CUSTOMER_000000511,2026-03-28T21:22:32,DELIVERED,74313.41
ORDER_000000512,CUSTOMER_000000512,2026-09-05T12:11:27,DELIVERED,169170.89
ORDER_000000513,CUSTOMER_000000513,2026-06-24T13:41:51,SHIPPED,76736.52
ORDER_000000514,CUSTOMER_000000514,2026-03-20T21:13:18,SHIPPED,360390.69
ORDER_000000515,CUSTOMER_000000515,2026-07-21T06:55:33,DELIVERED,393809.41
ORDER_000000516,CUSTOMER_000000516,2026-01-10T17:44:31,CONFIRMED,237381.64
ORDER_000000517,CUSTOMER_000000517,2026-08-04T17:32:52,CONFIRMED,281498.16
ORDER_000000518,CUSTOMER_000000518,2026-06-18T13:49:23,DELIVERED,408896.93
ORDER_000000519,CUSTOMER_000000519,2026-01-18T14:31:29,DELIVERED,273492.43
ORDER_000000520,CUSTOMER_000000520,2026-11-11T13:15:39,CANCELLED,273850.22
ORDER_000000521,CUSTOMER_000000521,2026-11-14T16:28:05,DELIVERED,356266.18
ORDER_000000522,CUSTOMER_000000522,2026-03-08T13:18:02,SHIPPED,492594.75
ORDER_000000523,CUSTOMER_000000523,2026-03-24T22:50:18,DELIVERED,420769.19
ORDER_000000524,CUSTOMER_000000524,2026-06-02T20:38,DELIVERED,90708.84
ORDER_000000525,CUSTOMER_000000525,2026-05-18T07:59:57,DELIVERED,282559.95
ORDER_000000526,CUSTOMER_000000526,2026-01-25T09:57:46,DELIVERED,443975.82
ORDER_000000527,CUSTOMER_000000527,2026-05-13T03:38:14,DELIVERED,47859.46
ORDER_000000528,CUSTOMER_000000528,2026-01-08T04:26:02,CANCELLED,409030.57
ORDER_000000529,CUSTOMER_000000529,2026-12-14T01:10:25,DELIVERED,125389.85
ORDER_000000530,CUSTOMER_000000530,2026-04-05T17:38:10,DELIVERED,555859.54
ORDER_000000531,CUSTOMER_000000531,2026-08-31T11:39:25,DELIVERED,326015.16
ORDER_000000532,CUSTOMER_000000532,2026-11-04T14:53:15,SHIPPED,123120.46
ORDER_000000533,CUSTOMER_000000533,2026-11-02T10:24:02,DELIVERED,158058.09
ORDER_000000534,CUSTOMER_000000534,2026-10-04T16:13:43,DELIVERED,230245.74
ORDER_000000535,CUSTOMER_000000535,2026-10-31T12:57:04,CONFIRMED,239230.90
ORDER_000000536,CUSTOMER_000000536,2026-10-01T02:16:46,DELIVERED,248022.46
ORDER_000000537,CUSTOMER_000000537,2026-12-04T00:10:06,DELIVERED,296046.59
ORDER_000000538,CUSTOMER_000000538,2026-04-11T10:08:37,PLACED,400556.43
ORDER_000000539,CUSTOMER_000000539,2026-05-28T15:06:56,PLACED,363508.26
ORDER_000000540,CUSTOMER_000000540,2026-05-05T14:21:53,DELIVERED,139525.62
ORDER_000000541,CUSTOMER_000000541,2026-01-02T05:01:30,CONFIRMED,304959.44
ORDER_000000542,CUSTOMER_000000542,2026-11-20T21:18:58,DELIVERED,586518.47
ORDER_000000543,CUSTOMER_000000543,2026-01-25T18:19:21,DELIVERED,226188.20
ORDER_000000544,CUSTOMER_000000544,2026-01-03T04:09:27,DELIVERED,419654.65
ORDER_000000545,CUSTOMER_000000545,2026-02-08T07:59:54,DELIVERED,428907.76
ORDER_000000546,CUSTOMER_000000546,2026-08-29T03:35:29,CONFIRMED,275390.11
ORDER_000000547,CUSTOMER_000000547,2026-12-28T06:08:18,CONFIRMED,498942.90
ORDER_000000548,CUSTOMER_000000548,2026-08-27T07:39:42,DELIVERED,214977.18
ORDER_000000549,CUSTOMER_000000549,2026-07-22T15:38:20,DELIVERED,611117.23
ORDER_000000550,CUSTOMER_000000550,2026-01-22T03:53:14,PLACED,356768.36
ORDER_000000551,CUSTOMER_000000551,2026-11-12T07:31:07,DELIVERED,504731.71
ORDER_000000552,CUSTOMER_000000552,2026-11-18T08:24:31,DELIVERED,369716.29
ORDER_000000553,CUSTOMER_000000553,2026-06-06T10:25:27,DELIVERED,361638.34
ORDER_000000554,CUSTOMER_000000554,2026-01-08T22:32:50,DELIVERED,401249.24
ORDER_000000555,CUSTOMER_000000555,2026-01-01T01:22:47,DELIVERED,347960.82
ORDER_000000556,CUSTOMER_000000556,2026-08-19T17:43:20,DELIVERED,202293.16
ORDER_000000557,CUSTOMER_000000557,2026-09-06T02:49:58,CONFIRMED,391644.59
ORDER_000000558,CUSTOMER_000000558,2026-05-15T22:11:56,SHIPPED,369024.13
ORDER_000000559,CUSTOMER_000000559,2026-12-14T11:54:24,DELIVERED,66461.51
ORDER_000000560,CUSTOMER_000000560,2026-09-02T13:56:34,DELIVERED,355779.64
ORDER_000000561,CUSTOMER_000000561,2026-03-30T04:26:30,SHIPPED,449219.30
ORDER_000000562,CUSTOMER_000000562,2026-07-13T13:50:57,SHIPPED,354373.74
ORDER_000000563,CUSTOMER_000000563,2026-01-07T05:40:31,DELIVERED,118598.75
ORDER_000000564,CUSTOMER_000000564,2026-04-15T12:03:59,CONFIRMED,150563.95
ORDER_000000565,CUSTOMER_000000565,2026-06-28T12:00:12,DELIVERED,730398.73
ORDER_000000566,CUSTOMER_000000566,2026-11-03T16:02:52,DELIVERED,398863.52
ORDER_000000567,CUSTOMER_000000567,2026-09-14T19:31:56,DELIVERED,372813.32
ORDER_000000568,CUSTOMER_000000568,2026-01-20T02:57:19,DELIVERED,114378.16
ORDER_000000569,CUSTOMER_000000569,2026-02-12T05:26:54,DELIVERED,568316.26
ORDER_000000570,CUSTOMER_000000570,2026-01-30T00:52:33,DELIVERED,588428.08
ORDER_000000571,CUSTOMER_000000571,2026-02-14T12:16:33,CANCELLED,278206.78
ORDER_000000572,CUSTOMER_000000572,2026-09-09T22:03:50,CONFIRMED,283317.56
ORDER_000000573,CUSTOMER_000000573,2026-09-13T16:15:17,SHIPPED,254534.92
ORDER_000000574,CUSTOMER_000000574,2026-01-16T11:56:25,DELIVERED,207982.83
ORDER_000000575,CUSTOMER_000000575,2026-12-07T08:50:02,SHIPPED,449806.31
ORDER_000000576,CUSTOMER_000000576,2026-12-17T18:27:40,DELIVERED,195554.04
ORDER_000000577,CUSTOMER_000000577,2026-06-18T03:17:12,DELIVERED,258994.87
ORDER_000000578,CUSTOMER_000000578,2026-03-07T09:40,DELIVERED,462301.15
ORDER_000000579,CUSTOMER_000000579,2026-08-17T08:48:47,DELIVERED,365260.38
ORDER_000000580,CUSTOMER_000000580,2026-11-13T06:35:01,DELIVERED,409994.52
ORDER_000000581,CUSTOMER_000000581,2026-06-08T04:21:50,DELIVERED,44418.92
ORDER_000000582,CUSTOMER_000000582,2026-12-24T05:20:26,DELIVERED,357433.00
ORDER_000000583,CUSTOMER_000000583,2026-04-06T23:35:36,DELIVERED,170636.64
ORDER_000000584,CUSTOMER_000000584,2026-04-07T04:48:34,PLACED,83181.28
ORDER_000000585,CUSTOMER_000000585,2026-01-12T10:16:20,SHIPPED,435648.34
ORDER_000000586,CUSTOMER_000000586,2026-04-30T11:14:29,DELIVERED,433039.52
ORDER_000000587,CUSTOMER_000000587,2026-03-22T07:15:44,CANCELLED,90877.98
ORDER_000000588,CUSTOMER_000000588,2026-07-10T21:57:24,DELIVERED,145165.22
ORDER_000000589,CUSTOMER_000000589,2026-07-14T14:35:25,CONFIRMED,269960.25
ORDER_000000590,CUSTOMER_000000590,2026-03-30T05:40:10,DELIVERED,367724.28
ORDER_000000591,CUSTOMER_000000591,2026-10-21T07:45:04,DELIVERED,223589.68
ORDER_000000592,CUSTOMER_000000592,2026-01-04T10:05:19,DELIVERED,146330.23
ORDER_000000593,CUSTOMER_000000593,2026-02-14T10:19:41,DELIVERED,271076.09
ORDER_000000594,CUSTOMER_000000594,2026-10-10T03:25:08,SHIPPED,299277.31
ORDER_000000595,CUSTOMER_000000595,2026-11-30T01:26:36,DELIVERED,188504.20
ORDER_000000596,CUSTOMER_000000596,2026-12-23T00:04:05,SHIPPED,267378.86
ORDER_000000597,CUSTOMER_000000597,2026-08-26T16:48:17,DELIVERED,203495.84
ORDER_000000598,CUSTOMER_000000598,2026-02-09T21:42:26,DELIVERED,204297.10
ORDER_000000599,CUSTOMER_000000599,2026-07-01T19:05:28,DELIVERED,687756.00
ORDER_000000600,CUSTOMER_000000600,2026-04-11T20:05:13,DELIVERED,125683.08
ORDER_000000601,CUSTOMER_000000601,2026-09-20T01:40:51,DELIVERED,384716.42
ORDER_000000602,CUSTOMER_000000602,2026-02-06T10:27:34,DELIVERED,634249.14
ORDER_000000603,CUSTOMER_000000603,2026-09-24T03:13:16,DELIVERED,235009.47
ORDER_000000604,CUSTOMER_000000604,2026-06-10T11:39:45,DELIVERED,186031.76
ORDER_000000605,CUSTOMER_000000605,2026-08-15T09:39:16,DELIVERED,172192.30
ORDER_000000606,CUSTOMER_000000606,2026-03-20T13:48:42,DELIVERED,207862.87
ORDER_000000607,CUSTOMER_000000607,2026-03-28T11:57:56,CONFIRMED,568976.33
ORDER_000000608,CUSTOMER_000000608,2026-08-27T06:40:59,DELIVERED,244280.84
ORDER_000000609,CUSTOMER_000000609,2026-06-21T21:04:30,DELIVERED,236572.36
ORDER_000000610,CUSTOMER_000000610,2026-04-09T14:44:42,DELIVERED,359715.61
ORDER_000000611,CUSTOMER_000000611,2026-01-11T12:01:32,CONFIRMED,544545.50
ORDER_000000612,CUSTOMER_000000612,2026-11-12T03:07:27,PLACED,119709.66
ORDER_000000613,CUSTOMER_000000613,2026-10-07T22:36:55,CANCELLED,292082.14
ORDER_000000614,CUSTOMER_000000614,2026-02-17T15:29:36,DELIVERED,334936.33
ORDER_000000615,CUSTOMER_000000615,2026-01-24T20:10:39,SHIPPED,378088.80
ORDER_000000616,CUSTOMER_000000616,2026-01-29T14:56:07,CONFIRMED,292218.48
ORDER_000000617,CUSTOMER_000000617,2026-04-05T01:42,DELIVERED,451021.29
ORDER_000000618,CUSTOMER_000000618,2026-10-07T17:43:20,DELIVERED,223907.26
ORDER_000000619,CUSTOMER_000000619,2026-07-28T14:02:25,DELIVERED,332329.91
ORDER_000000620,CUSTOMER_000000620,2026-05-20T14:32:18,CONFIRMED,358324.90
ORDER_000000621,CUSTOMER_000000621,2026-12-17T19:07:53,CONFIRMED,70871.74
ORDER_000000622,CUSTOMER_000000622,2026-09-12T09:34:51,DELIVERED,398495.30
ORDER_000000623,CUSTOMER_000000623,2026-03-24T18:00:56,DELIVERED,314514.79
ORDER_000000624,CUSTOMER_000000624,2026-08-22T23:14:50,DELIVERED,172454.70
ORDER_000000625,CUSTOMER_000000625,2026-05-21T02:07:25,SHIPPED,189467.63
ORDER_000000626,CUSTOMER_000000626,2026-12-03T02:58:32,CANCELLED,194635.66
ORDER_000000627,CUSTOMER_000000627,2026-09-03T08:42:08,CONFIRMED,215823.49
ORDER_000000628,CUSTOMER_000000628,2026-12-26T16:39:24,PLACED,256711.88
ORDER_000000629,CUSTOMER_000000629,2026-10-16T10:57:08,PLACED,284556.35
ORDER_000000630,CUSTOMER_000000630,2026-04-28T07:56:11,CONFIRMED,294573.71
ORDER_000000631,CUSTOMER_000000631,2026-09-20T00:12:37,DELIVERED,427677.06
ORDER_000000632,CUSTOMER_000000632,2026-03-28T04:54:27,PLACED,220349.07
ORDER_000000633,CUSTOMER_000000633,2026-12-03T12:39:31,DELIVERED,110764.90
ORDER_000000634,CUSTOMER_000000634,2026-04-29T03:48:37,CANCELLED,202659.56
ORDER_000000635,CUSTOMER_000000635,2026-04-19T07:43:50,CONFIRMED,80621.85
ORDER_000000636,CUSTOMER_000000636,2026-04-30T16:27:16,DELIVERED,463694.06
ORDER_000000637,CUSTOMER_000000637,2026-10-03T02:02,SHIPPED,365351.20
ORDER_000000638,CUSTOMER_000000638,2026-06-24T23:19:39,SHIPPED,372097.90
ORDER_000000639,CUSTOMER_000000639,2026-06-19T01:14:41,DELIVERED,268013.05
ORDER_000000640,CUSTOMER_000000640,2026-02-02T08:54,CANCELLED,200970.98
ORDER_000000641,CUSTOMER_000000641,2026-02-10T16:45:52,DELIVERED,164289.58
ORDER_000000642,CUSTOMER_000000642,2026-02-07T18:50:01,CONFIRMED,368873.75
ORDER_000000643,CUSTOMER_000000643,2026-05-26T02:05,DELIVERED,85477.62
ORDER_000000644,CUSTOMER_000000644,2026-07-08T01:24:40,CONFIRMED,292636.49
ORDER_000000645,CUSTOMER_000000645,2026-04-21T03:50:38,SHIPPED,209698.16
ORDER_000000646,CUSTOMER_000000646,2026-09-15T03:39:36,DELIVERED,282533.81
ORDER_000000647,CUSTOMER_000000647,2026-10-22T06:21:03,SHIPPED,136060.47
ORDER_000000648,CUSTOMER_000000648,2026-09-08T09:09:44,DELIVERED,373297.79
ORDER_000000649,CUSTOMER_000000649,2026-10-28T15:42:26,DELIVERED,303330.27
ORDER_000000650,CUSTOMER_000000650,2026-11-23T15:35:56,PLACED,486491.62
ORDER_000000651,CUSTOMER_000000651,2026-06-22T06:11:43,DELIVERED,159934.19
ORDER_000000652,CUSTOMER_000000652,2026-06-06T07:56:52,DELIVERED,391504.68
ORDER_000000653,CUSTOMER_000000653,2026-07-01T02:38:33,CONFIRMED,360982.00
ORDER_000000654,CUSTOMER_000000654,2026-08-13T19:52:02,CONFIRMED,36306.23
ORDER_000000655,CUSTOMER_000000655,2026-02-27T03:02:58,DELIVERED,512386.96
ORDER_000000656,CUSTOMER_000000656,2026-06-05T00:37:50,DELIVERED,234462.69
ORDER_000000657,CUSTOMER_000000657,2026-08-30T15:45:23,SHIPPED,327763.23
ORDER_000000658,CUSTOMER_000000658,2026-10-15T12:52:58,DELIVERED,501808.20
ORDER_000000659,CUSTOMER_000000659,2026-05-17T05:13:27,DELIVERED,159011.04
ORDER_000000660,CUSTOMER_000000660,2026-01-03T12:36:47,DELIVERED,225242.41
ORDER_000000661,CUSTOMER_000000661,2026-02-07T12:08:21,DELIVERED,128885.95
ORDER_000000662,CUSTOMER_000000662,2026-09-09T07:38:53,DELIVERED,628462.64
ORDER_000000663,CUSTOMER_000000663,2026-12-14T22:11:51,SHIPPED,435730.64
ORDER_000000664,CUSTOMER_000000664,2026-03-23T12:41:06,DELIVERED,458193.46
ORDER_000000665,CUSTOMER_000000665,2026-04-27T04:10:26,DELIVERED,410683.04
ORDER_000000666,CUSTOMER_000000666,2026-12-14T06:27:33,SHIPPED,246075.34
ORDER_000000667,CUSTOMER_000000667,2026-09-24T11:45:33,DELIVERED,174210.57
ORDER_000000668,CUSTOMER_000000668,2026-07-22T11:01:48,CANCELLED,138144.47
ORDER_000000669,CUSTOMER_000000669,2026-05-21T16:52:37,PLACED,242062.01
ORDER_000000670,CUSTOMER_000000670,2026-11-18T21:07:36,SHIPPED,165458.76
ORDER_000000671,CUSTOMER_000000671,2026-11-04T21:38:33,DELIVERED,519958.32
ORDER_000000672,CUSTOMER_000000672,2026-11-27T23:24:42,DELIVERED,429617.56
ORDER_000000673,CUSTOMER_000000673,2026-05-17T07:13:57,CANCELLED,434591.72
ORDER_000000674,CUSTOMER_000000674,2026-10-07T07:56:53,DELIVERED,257143.34
ORDER_000000675,CUSTOMER_000000675,2026-02-10T06:29:54,DELIVERED,81753.69
ORDER_000000676,CUSTOMER_000000676,2026-08-30T18:58:13,DELIVERED,446762.77
ORDER_000000677,CUSTOMER_000000677,2026-05-02T13:47:43,CANCELLED,495565.08
ORDER_000000678,CUSTOMER_000000678,2026-07-29T18:13:05,CONFIRMED,167473.60
ORDER_000000679,CUSTOMER_000000679,2026-06-04T22:48:17,DELIVERED,381624.12
ORDER_000000680,CUSTOMER_000000680,2026-11-20T14:40:36,SHIPPED,279386.64
ORDER_000000681,CUSTOMER_000000681,2026-12-03T12:03:32,CANCELLED,261753.56
ORDER_000000682,CUSTOMER_000000682,2026-09-16T18:14:01,DELIVERED,395715.36
ORDER_000000683,CUSTOMER_000000683,2026-08-26T09:11:38,DELIVERED,381615.84
ORDER_000000684,CUSTOMER_000000684,2026-09-20T03:40:11,DELIVERED,629850.64
ORDER_000000685,CUSTOMER_000000685,2026-11-23T12:33:32,DELIVERED,45903.06
ORDER_000000686,CUSTOMER_000000686,2026-12-11T22:44:57,CONFIRMED,176281.65
ORDER_000000687,CUSTOMER_000000687,2026-02-04T17:16:38,DELIVERED,422137.52
ORDER_000000688,CUSTOMER_000000688,2026-01-20T09:49:59,DELIVERED,173357.76
ORDER_000000689,CUSTOMER_000000689,2026-03-23T15:38:30,DELIVERED,389723.52
ORDER_000000690,CUSTOMER_000000690,2026-06-16T06:11:56,DELIVERED,400335.99
ORDER_000000691,CUSTOMER_000000691,2026-12-08T23:45:38,DELIVERED,473905.11
ORDER_000000692,CUSTOMER_000000692,2026-01-20T21:01:46,CANCELLED,124709.04
ORDER_000000693,CUSTOMER_000000693,2026-07-01T12:16:26,DELIVERED,307132.28
ORDER_000000694,CUSTOMER_000000694,2026-09-08T19:29:40,CONFIRMED,259706.42
ORDER_000000695,CUSTOMER_000000695,2026-04-05T07:56:09,DELIVERED,197689.70
ORDER_000000696,CUSTOMER_000000696,2026-11-18T17:26:02,DELIVERED,447244.65
ORDER_000000697,CUSTOMER_000000697,2026-08-23T17:44:28,DELIVERED,190975.54
ORDER_000000698,CUSTOMER_000000698,2026-05-26T05:38:35,CONFIRMED,142759.22
ORDER_000000699,CUSTOMER_000000699,2026-03-02T00:13:08,DELIVERED,611334.45
ORDER_000000700,CUSTOMER_000000700,2026-08-24T11:09:50,SHIPPED,641216.15
ORDER_000000701,CUSTOMER_000000701,2026-03-30T07:08:29,PLACED,632635.57
ORDER_000000702,CUSTOMER_000000702,2026-04-08T12:49:28,CONFIRMED,362229.33
ORDER_000000703,CUSTOMER_000000703,2026-10-21T02:14:38,DELIVERED,66587.45
ORDER_000000704,CUSTOMER_000000704,2026-04-05T12:46:51,CONFIRMED,244525.82
ORDER_000000705,CUSTOMER_000000705,2026-05-29T05:10:14,SHIPPED,457250.78
ORDER_000000706,CUSTOMER_000000706,2026-03-18T11:44:46,CANCELLED,748465.75
ORDER_000000707,CUSTOMER_000000707,2026-06-06T17:21:31,DELIVERED,42987.97
ORDER_000000708,CUSTOMER_000000708,2026-02-13T22:10:11,PLACED,61511.86
ORDER_000000709,CUSTOMER_000000709,2026-03-28T17:55:08,DELIVERED,267465.32
ORDER_000000710,CUSTOMER_000000710,2026-12-07T16:17:04,DELIVERED,175758.51
ORDER_000000711,CUSTOMER_000000711,2026-10-30T15:06:07,DELIVERED,856530.30
ORDER_000000712,CUSTOMER_000000712,2026-12-14T07:27:26,SHIPPED,403533.07
ORDER_000000713,CUSTOMER_000000713,2026-04-28T21:46:41,DELIVERED,184990.18
ORDER_000000714,CUSTOMER_000000714,2026-07-12T05:59:54,DELIVERED,392414.54
ORDER_000000715,CUSTOMER_000000715,2026-03-01T21:51:22,DELIVERED,91307.27
ORDER_000000716,CUSTOMER_000000716,2026-04-12T00:04:56,DELIVERED,312642.24
ORDER_000000717,CUSTOMER_000000717,2026-05-23T08:54:51,SHIPPED,40300.56
ORDER_000000718,CUSTOMER_000000718,2026-10-27T22:23:51,DELIVERED,235682.06
ORDER_000000719,CUSTOMER_000000719,2026-08-13T11:38:52,SHIPPED,243033.74
ORDER_000000720,CUSTOMER_000000720,2026-07-02T05:57:24,CONFIRMED,61131.56
ORDER_000000721,CUSTOMER_000000721,2026-09-19T21:54:34,SHIPPED,233344.63
ORDER_000000722,CUSTOMER_000000722,2026-07-22T00:15:37,PLACED,236040.72
ORDER_000000723,CUSTOMER_000000723,2026-03-29T04:11:51,DELIVERED,268314.33
ORDER_000000724,CUSTOMER_000000724,2026-12-28T16:43:44,SHIPPED,207896.44
ORDER_000000725,CUSTOMER_000000725,2026-03-11T14:14:57,DELIVERED,613859.82
ORDER_000000726,CUSTOMER_000000726,2026-06-18T05:32:05,DELIVERED,374930.62
ORDER_000000727,CUSTOMER_000000727,2026-08-10T07:29:07,DELIVERED,176969.45
ORDER_000000728,CUSTOMER_000000728,2026-01-04T22:05:06,DELIVERED,88617.44
ORDER_000000729,CUSTOMER_000000729,2026-10-05T18:56:24,SHIPPED,256897.19
ORDER_000000730,CUSTOMER_000000730,2026-10-09T21:19:42,DELIVERED,115916.78
ORDER_000000731,CUSTOMER_000000731,2026-12-29T04:32:35,DELIVERED,264024.70
ORDER_000000732,CUSTOMER_000000732,2026-12-03T02:04:49,SHIPPED,268947.59
ORDER_000000733,CUSTOMER_000000733,2026-03-23T02:32:36,DELIVERED,283409.68
ORDER_000000734,CUSTOMER_000000734,2026-07-16T13:11:17,DELIVERED,358265.08
ORDER_000000735,CUSTOMER_000000735,2026-04-02T13:52:22,DELIVERED,145903.22
ORDER_000000736,CUSTOMER_000000736,2026-06-21T16:16:38,DELIVERED,318071.84
ORDER_000000737,CUSTOMER_000000737,2026-09-07T05:54:41,DELIVERED,679799.92
ORDER_000000738,CUSTOMER_000000738,2026-03-24T03:08:23,DELIVERED,97262.92
ORDER_000000739,CUSTOMER_000000739,2026-06-21T07:53:20,DELIVERED,68746.13
ORDER_000000740,CUSTOMER_000000740,2026-11-04T21:51:14,DELIVERED,151875.00
ORDER_000000741,CUSTOMER_000000741,2026-07-12T18:56:49,DELIVERED,384784.70
ORDER_000000742,CUSTOMER_000000742,2026-01-25T14:05:42,CONFIRMED,195850.13
ORDER_000000743,CUSTOMER_000000743,2026-01-06T15:43:21,DELIVERED,201890.71
ORDER_000000744,CUSTOMER_000000744,2026-12-20T06:33:29,DELIVERED,183534.79
ORDER_000000745,CUSTOMER_000000745,2026-10-20T17:38:45,SHIPPED,331573.96
ORDER_000000746,CUSTOMER_000000746,2026-12-12T04:57:29,DELIVERED,445841.12
ORDER_000000747,CUSTOMER_000000747,2026-04-03T09:56:51,DELIVERED,112701.62
ORDER_000000748,CUSTOMER_000000748,2026-10-23T08:43:36,CONFIRMED,127434.06
ORDER_000000749,CUSTOMER_000000749,2026-01-30T23:32:30,DELIVERED,540446.22
ORDER_000000750,CUSTOMER_000000750,2026-10-30T13:14:29,DELIVERED,445840.50
ORDER_000000751,CUSTOMER_000000751,2026-03-22T13:41:23,DELIVERED,509869.10
ORDER_000000752,CUSTOMER_000000752,2026-01-14T07:09:28,DELIVERED,240921.37
ORDER_000000753,CUSTOMER_000000753,2026-02-06T15:28:31,DELIVERED,564051.64
ORDER_000000754,CUSTOMER_000000754,2026-02-04T22:02:23,CONFIRMED,210416.84
ORDER_000000755,CUSTOMER_000000755,2026-09-04T10:02:16,DELIVERED,129863.91
ORDER_000000756,CUSTOMER_000000756,2026-07-13T17:47:16,DELIVERED,377041.78
ORDER_000000757,CUSTOMER_000000757,2026-10-17T10:27:45,DELIVERED,451968.66
ORDER_000000758,CUSTOMER_000000758,2026-05-10T05:12:15,SHIPPED,238534.57
ORDER_000000759,CUSTOMER_000000759,2026-10-01T00:39:26,CONFIRMED,439267.76
ORDER_000000760,CUSTOMER_000000760,2026-03-14T21:56:20,DELIVERED,86022.31
ORDER_000000761,CUSTOMER_000000761,2026-10-10T02:41:41,DELIVERED,181135.82
ORDER_000000762,CUSTOMER_000000762,2026-08-31T13:05:27,CANCELLED,10898.52
ORDER_000000763,CUSTOMER_000000763,2026-04-11T05:53:30,DELIVERED,555379.35
ORDER_000000764,CUSTOMER_000000764,2026-06-13T03:35:36,DELIVERED,62565.02
ORDER_000000765,CUSTOMER_000000765,2026-08-05T00:59:55,PLACED,663994.18
ORDER_000000766,CUSTOMER_000000766,2026-10-18T10:46:26,DELIVERED,530983.44
ORDER_000000767,CUSTOMER_000000767,2026-08-24T09:18:57,DELIVERED,887205.50
ORDER_000000768,CUSTOMER_000000768,2026-02-04T18:43:29,DELIVERED,333833.74
ORDER_000000769,CUSTOMER_000000769,2026-02-11T05:21:29,DELIVERED,229104.23
ORDER_000000770,CUSTOMER_000000770,2026-02-24T00:40:25,CANCELLED,500672.79
ORDER_000000771,CUSTOMER_000000771,2026-11-23T04:48:17,DELIVERED,29842.21
ORDER_000000772,CUSTOMER_000000772,2026-06-26T20:48:49,DELIVERED,543927.24
ORDER_000000773,CUSTOMER_000000773,2026-05-04T21:46:09,DELIVERED,80878.13
ORDER_000000774,CUSTOMER_000000774,2026-03-08T09:50:46,SHIPPED,761583.24
ORDER_000000775,CUSTOMER_000000775,2026-06-23T04:47:14,PLACED,412858.51
ORDER_000000776,CUSTOMER_000000776,2026-12-25T18:21:40,DELIVERED,383611.75
ORDER_000000777,CUSTOMER_000000777,2026-10-08T21:01:03,DELIVERED,431569.59
ORDER_000000778,CUSTOMER_000000778,2026-05-13T06:01:55,DELIVERED,104405.93
ORDER_000000779,CUSTOMER_000000779,2026-10-04T15:49:25,SHIPPED,214068.71
ORDER_000000780,CUSTOMER_000000780,2026-06-23T21:45:40,DELIVERED,743439.90
ORDER_000000781,CUSTOMER_000000781,2026-09-20T03:37:49,DELIVERED,114662.87
ORDER_000000782,CUSTOMER_000000782,2026-04-26T03:41:37,DELIVERED,297892.44
ORDER_000000783,CUSTOMER_000000783,2026-02-21T23:01:28,DELIVERED,100708.44
ORDER_000000784,CUSTOMER_000000784,2026-12-08T09:04:43,DELIVERED,509671.58
ORDER_000000785,CUSTOMER_000000785,2026-09-11T00:20:27,DELIVERED,98350.20
ORDER_000000786,CUSTOMER_000000786,2026-09-26T03:38:47,DELIVERED,195670.01
ORDER_000000787,CUSTOMER_000000787,2026-05-28T14:43:34,DELIVERED,600099.91
ORDER_000000788,CUSTOMER_000000788,2026-09-28T18:56:25,DELIVERED,460902.05
ORDER_000000789,CUSTOMER_000000789,2026-11-11T10:31:43,CANCELLED,243979.16
ORDER_000000790,CUSTOMER_000000790,2026-07-01T07:57:06,DELIVERED,608382.80
ORDER_000000791,CUSTOMER_000000791,2026-11-25T16:00:15,CONFIRMED,318534.30
ORDER_000000792,CUSTOMER_000000792,2026-09-28T19:45:27,SHIPPED,128597.40
ORDER_000000793,CUSTOMER_000000793,2026-10-29T07:40:22,DELIVERED,172149.50
ORDER_000000794,CUSTOMER_000000794,2026-12-09T03:46:24,DELIVERED,541697.76
ORDER_000000795,CUSTOMER_000000795,2026-01-24T14:59:29,PLACED,225973.42
ORDER_000000796,CUSTOMER_000000796,2026-05-30T21:42:07,DELIVERED,495238.46
ORDER_000000797,CUSTOMER_000000797,2026-03-02T03:20:50,DELIVERED,133025.28
ORDER_000000798,CUSTOMER_000000798,2026-02-12T02:52:40,SHIPPED,688397.52
ORDER_000000799,CUSTOMER_000000799,2026-02-08T13:44:25,SHIPPED,48202.41
ORDER_000000800,CUSTOMER_000000800,2026-04-23T07:50:14,DELIVERED,111607.04
ORDER_000000801,CUSTOMER_000000801,2026-10-23T05:59:02,SHIPPED,340704.68
ORDER_000000802,CUSTOMER_000000802,2026-10-04T01:46:57,DELIVERED,273742.76
ORDER_000000803,CUSTOMER_000000803,2026-09-11T01:37:09,CONFIRMED,180568.39
ORDER_000000804,CUSTOMER_000000804,2026-10-22T08:15:38,SHIPPED,90690.92
ORDER_000000805,CUSTOMER_000000805,2026-11-29T15:49:16,CONFIRMED,29356.21
ORDER_000000806,CUSTOMER_000000806,2026-07-21T14:00:22,DELIVERED,355677.57
ORDER_000000807,CUSTOMER_000000807,2026-01-19T18:36:42,DELIVERED,518042.04
ORDER_000000808,CUSTOMER_000000808,2026-12-27T11:32:25,CONFIRMED,278349.00
ORDER_000000809,CUSTOMER_000000809,2026-09-04T15:29:38,CONFIRMED,438097.41
ORDER_000000810,CUSTOMER_000000810,2026-11-11T05:37:41,DELIVERED,220112.37
ORDER_000000811,CUSTOMER_000000811,2026-02-10T09:50:09,DELIVERED,78377.11
ORDER_000000812,CUSTOMER_000000812,2026-12-28T06:29:43,CONFIRMED,99892.10
ORDER_000000813,CUSTOMER_000000813,2026-09-05T20:38:32,DELIVERED,305687.81
ORDER_000000814,CUSTOMER_000000814,2026-06-04T23:55:49,DELIVERED,52414.82
ORDER_000000815,CUSTOMER_000000815,2026-09-08T03:44:34,DELIVERED,288785.40
ORDER_000000816,CUSTOMER_000000816,2026-01-07T23:26:05,SHIPPED,513516.08
ORDER_000000817,CUSTOMER_000000817,2026-04-15T03:22:14,DELIVERED,111104.51
ORDER_000000818,CUSTOMER_000000818,2026-07-09T00:32:10,CONFIRMED,44110.25
ORDER_000000819,CUSTOMER_000000819,2026-05-11T02:04:52,DELIVERED,667004.73
ORDER_000000820,CUSTOMER_000000820,2026-10-22T16:08:01,DELIVERED,347253.90
ORDER_000000821,CUSTOMER_000000821,2026-10-05T19:47:19,DELIVERED,179237.35
ORDER_000000822,CUSTOMER_000000822,2026-01-12T19:47:59,DELIVERED,620926.66
ORDER_000000823,CUSTOMER_000000823,2026-11-07T08:02:11,DELIVERED,121398.35
ORDER_000000824,CUSTOMER_000000824,2026-01-10T18:53:07,DELIVERED,343829.21
ORDER_000000825,CUSTOMER_000000825,2026-07-14T15:32:47,DELIVERED,148682.50
ORDER_000000826,CUSTOMER_000000826,2026-03-14T23:05:37,DELIVERED,243829.17
ORDER_000000827,CUSTOMER_000000827,2026-10-12T00:44:23,DELIVERED,166274.55
ORDER_000000828,CUSTOMER_000000828,2026-11-13T06:53:15,CONFIRMED,484671.67
ORDER_000000829,CUSTOMER_000000829,2026-11-01T12:03:52,DELIVERED,255580.44
ORDER_000000830,CUSTOMER_000000830,2026-03-12T05:35:05,DELIVERED,59778.98
ORDER_000000831,CUSTOMER_000000831,2026-05-11T08:02:29,DELIVERED,278881.34
ORDER_000000832,CUSTOMER_000000832,2026-12-17T15:14:08,DELIVERED,333006.08
ORDER_000000833,CUSTOMER_000000833,2026-02-17T11:51:49,CONFIRMED,83441.03
ORDER_000000834,CUSTOMER_000000834,2026-10-09T17:49:13,SHIPPED,316137.74
ORDER_000000835,CUSTOMER_000000835,2026-07-30T08:07:15,SHIPPED,101120.42
ORDER_000000836,CUSTOMER_000000836,2026-04-10T23:38:17,DELIVERED,334831.73
ORDER_000000837,CUSTOMER_000000837,2026-12-10T17:44:01,DELIVERED,134509.15
ORDER_000000838,CUSTOMER_000000838,2026-04-12T07:47:08,DELIVERED,208704.26
ORDER_000000839,CUSTOMER_000000839,2026-08-17T16:40:09,CONFIRMED,340577.30
ORDER_000000840,CUSTOMER_000000840,2026-10-10T04:11:04,CONFIRMED,339311.43
ORDER_000000841,CUSTOMER_000000841,2026-03-11T00:01:36,PLACED,701781.34
ORDER_000000842,CUSTOMER_000000842,2026-04-25T07:30:33,DELIVERED,670867.70
ORDER_000000843,CUSTOMER_000000843,2026-04-16T23:37:34,DELIVERED,259829.05
ORDER_000000844,CUSTOMER_000000844,2026-05-16T13:34:02,CANCELLED,245767.58
ORDER_000000845,CUSTOMER_000000845,2026-01-03T16:44:21,DELIVERED,210557.33
ORDER_000000846,CUSTOMER_000000846,2026-02-27T20:26:38,CONFIRMED,129198.98
ORDER_000000847,CUSTOMER_000000847,2026-08-29T17:37:24,SHIPPED,350031.69
ORDER_000000848,CUSTOMER_000000848,2026-09-24T22:55:11,DELIVERED,707015.51
ORDER_000000849,CUSTOMER_000000849,2026-10-03T22:59:25,PLACED,223425.86
ORDER_000000850,CUSTOMER_000000850,2026-04-01T03:23:04,DELIVERED,232708.53
ORDER_000000851,CUSTOMER_000000851,2026-05-09T02:51:04,DELIVERED,242803.74
ORDER_000000852,CUSTOMER_000000852,2026-05-18T23:04:26,DELIVERED,272209.04
ORDER_000000853,CUSTOMER_000000853,2026-11-23T06:27:51,DELIVERED,233285.79
ORDER_000000854,CUSTOMER_000000854,2026-09-18T05:56:31,DELIVERED,359329.45
ORDER_000000855,CUSTOMER_000000855,2026-12-25T16:24:08,CONFIRMED,42054.66
ORDER_000000856,CUSTOMER_000000856,2026-01-26T10:20:04,DELIVERED,198358.26
ORDER_000000857,CUSTOMER_000000857,2026-10-05T23:58:46,DELIVERED,266840.98
ORDER_000000858,CUSTOMER_000000858,2026-09-04T22:08:13,SHIPPED,252238.73
ORDER_000000859,CUSTOMER_000000859,2026-11-14T07:16:17,DELIVERED,115584.72
ORDER_000000860,CUSTOMER_000000860,2026-11-08T02:42:12,DELIVERED,672909.10
ORDER_000000861,CUSTOMER_000000861,2026-06-24T17:54:19,DELIVERED,388574.80
ORDER_000000862,CUSTOMER_000000862,2026-08-26T20:02:30,DELIVERED,394999.86
ORDER_000000863,CUSTOMER_000000863,2026-11-08T21:09:30,DELIVERED,397990.08
ORDER_000000864,CUSTOMER_000000864,2026-10-23T17:01:10,DELIVERED,126993.64
ORDER_000000865,CUSTOMER_000000865,2026-08-08T05:08:09,DELIVERED,239893.31
ORDER_000000866,CUSTOMER_000000866,2026-08-26T11:53:29,DELIVERED,303228.00
ORDER_000000867,CUSTOMER_000000867,2026-01-18T05:04:25,DELIVERED,394970.20
ORDER_000000868,CUSTOMER_000000868,2026-03-09T17:08:26,SHIPPED,423485.48
ORDER_000000869,CUSTOMER_000000869,2026-03-02T07:33:28,DELIVERED,243578.55
ORDER_000000870,CUSTOMER_000000870,2026-05-07T10:47:01,DELIVERED,142100.95
ORDER_000000871,CUSTOMER_000000871,2026-02-08T08:08:45,CONFIRMED,252686.12
ORDER_000000872,CUSTOMER_000000872,2026-09-22T03:27:07,DELIVERED,401216.03
ORDER_000000873,CUSTOMER_000000873,2026-02-21T09:04:23,PLACED,258341.52
ORDER_000000874,CUSTOMER_000000874,2026-01-03T21:13:21,DELIVERED,115934.30
ORDER_000000875,CUSTOMER_000000875,2026-09-24T10:11:43,CONFIRMED,378262.10
ORDER_000000876,CUSTOMER_000000876,2026-10-07T22:34:06,CONFIRMED,220266.95
ORDER_000000877,CUSTOMER_000000877,2026-02-26T19:06:39,CANCELLED,303614.13
ORDER_000000878,CUSTOMER_000000878,2026-10-27T21:03:09,DELIVERED,352928.86
ORDER_000000879,CUSTOMER_000000879,2026-05-28T03:21:21,SHIPPED,218620.25
ORDER_000000880,CUSTOMER_000000880,2026-10-22T05:05:34,SHIPPED,502781.37
ORDER_000000881,CUSTOMER_000000881,2026-05-11T19:04:24,CANCELLED,86812.58
ORDER_000000882,CUSTOMER_000000882,2026-12-07T22:06:43,DELIVERED,195209.72
ORDER_000000883,CUSTOMER_000000883,2026-08-25T07:28:02,CONFIRMED,272991.20
ORDER_000000884,CUSTOMER_000000884,2026-06-21T18:54:35,DELIVERED,370785.52
ORDER_000000885,CUSTOMER_000000885,2026-08-13T21:56:23,DELIVERED,328237.99
ORDER_000000886,CUSTOMER_000000886,2026-11-07T12:23:39,DELIVERED,276910.16
ORDER_000000887,CUSTOMER_000000887,2026-10-28T05:48:16,DELIVERED,252963.50
ORDER_000000888,CUSTOMER_000000888,2026-08-25T01:42:42,SHIPPED,162409.50
ORDER_000000889,CUSTOMER_000000889,2026-06-03T01:27:34,DELIVERED,211006.87
ORDER_000000890,CUSTOMER_000000890,2026-11-01T20:29:36,CONFIRMED,130410.10
ORDER_000000891,CUSTOMER_000000891,2026-11-25T21:54:25,DELIVERED,108505.10
ORDER_000000892,CUSTOMER_000000892,2026-05-01T10:37:09,DELIVERED,346960.61
ORDER_000000893,CUSTOMER_000000893,2026-02-10T16:40:15,CANCELLED,214637.57
ORDER_000000894,CUSTOMER_000000894,2026-05-22T12:14:05,DELIVERED,416943.94
ORDER_000000895,CUSTOMER_000000895,2026-04-03T00:33:38,DELIVERED,371005.31
ORDER_000000896,CUSTOMER_000000896,2026-01-21T11:30:19,DELIVERED,187470.19
ORDER_000000897,CUSTOMER_000000897,2026-01-27T10:28:54,DELIVERED,321250.20
ORDER_000000898,CUSTOMER_000000898,2026-01-30T23:23:46,SHIPPED,263433.15
ORDER_000000899,CUSTOMER_000000899,2026-09-06T14:04:18,CONFIRMED,731858.30
ORDER_000000900,CUSTOMER_000000900,2026-01-06T20:28:41,DELIVERED,503888.22
ORDER_000000901,CUSTOMER_000000901,2026-06-19T18:28:33,DELIVERED,64077.44
ORDER_000000902,CUSTOMER_000000902,2026-12-08T16:32:03,DELIVERED,110212.04
ORDER_000000903,CUSTOMER_000000903,2026-03-14T09:36:09,SHIPPED,127244.46
ORDER_000000904,CUSTOMER_000000904,2026-12-28T10:23:38,CONFIRMED,406761.48
ORDER_000000905,CUSTOMER_000000905,2026-10-20T11:23:39,PLACED,182649.59
ORDER_000000906,CUSTOMER_000000906,2026-11-27T06:27:03,DELIVERED,145205.13
ORDER_000000907,CUSTOMER_000000907,2026-08-12T20:12:14,CONFIRMED,368368.88
ORDER_000000908,CUSTOMER_000000908,2026-01-06T01:25:25,DELIVERED,174426.92
ORDER_000000909,CUSTOMER_000000909,2026-04-19T15:23:44,CONFIRMED,265149.95
ORDER_000000910,CUSTOMER_000000910,2026-12-15T17:51:32,DELIVERED,80941.65
ORDER_000000911,CUSTOMER_000000911,2026-07-05T07:12:12,DELIVERED,643410.88
ORDER_000000912,CUSTOMER_000000912,2026-04-12T08:58:56,DELIVERED,310485.21
ORDER_000000913,CUSTOMER_000000913,2026-12-19T22:11:15,DELIVERED,148326.62
ORDER_000000914,CUSTOMER_000000914,2026-11-28T14:01:51,DELIVERED,206235.52
ORDER_000000915,CUSTOMER_000000915,2026-05-21T04:10:02,DELIVERED,453663.74
ORDER_000000916,CUSTOMER_000000916,2026-01-11T06:45:35,DELIVERED,309477.53
ORDER_000000917,CUSTOMER_000000917,2026-11-16T23:41:18,CANCELLED,116428.28
ORDER_000000918,CUSTOMER_000000918,2026-04-21T04:25:44,CANCELLED,156254.66
ORDER_000000919,CUSTOMER_000000919,2026-05-22T19:57:21,CONFIRMED,785317.95
ORDER_000000920,CUSTOMER_000000920,2026-06-08T09:59:58,SHIPPED,430741.73
ORDER_000000921,CUSTOMER_000000921,2026-08-22T12:40:31,SHIPPED,416536.18
ORDER_000000922,CUSTOMER_000000922,2026-03-19T18:12:56,DELIVERED,151789.14
ORDER_000000923,CUSTOMER_000000923,2026-07-31T06:16:54,DELIVERED,248310.37
ORDER_000000924,CUSTOMER_000000924,2026-05-11T12:24:41,DELIVERED,182733.76
ORDER_000000925,CUSTOMER_000000925,2026-12-23T17:24:46,DELIVERED,339053.44
ORDER_000000926,CUSTOMER_000000926,2026-02-04T11:03:09,DELIVERED,127892.32
ORDER_000000927,CUSTOMER_000000927,2026-07-14T09:36:28,DELIVERED,539895.39
ORDER_000000928,CUSTOMER_000000928,2026-01-30T22:51:09,DELIVERED,735343.35
ORDER_000000929,CUSTOMER_000000929,2026-08-08T20:30:16,CONFIRMED,295183.70
ORDER_000000930,CUSTOMER_000000930,2026-03-11T21:46:10,DELIVERED,318861.91
ORDER_000000931,CUSTOMER_000000931,2026-02-22T23:42:39,SHIPPED,109725.52
ORDER_000000932,CUSTOMER_000000932,2026-10-17T17:46:48,DELIVERED,275390.47
ORDER_000000933,CUSTOMER_000000933,2026-04-17T04:28:04,DELIVERED,514465.48
ORDER_000000934,CUSTOMER_000000934,2026-09-26T16:59:24,DELIVERED,322516.53
ORDER_000000935,CUSTOMER_000000935,2026-04-10T13:50:40,DELIVERED,210638.49
ORDER_000000936,CUSTOMER_000000936,2026-04-12T18:52:49,DELIVERED,258801.20
ORDER_000000937,CUSTOMER_000000937,2026-01-31T04:27:21,SHIPPED,508869.60
ORDER_000000938,CUSTOMER_000000938,2026-02-21T23:39:55,SHIPPED,306758.72
ORDER_000000939,CUSTOMER_000000939,2026-09-26T01:57:49,SHIPPED,312951.64
ORDER_000000940,CUSTOMER_000000940,2026-03-20T00:28:58,CONFIRMED,259356.25
ORDER_000000941,CUSTOMER_000000941,2026-12-27T09:19:55,DELIVERED,95728.54
ORDER_000000942,CUSTOMER_000000942,2026-11-18T00:18:06,CONFIRMED,210203.99
ORDER_000000943,CUSTOMER_000000943,2026-07-03T13:30:54,CONFIRMED,360188.82
ORDER_000000944,CUSTOMER_000000944,2026-10-05T12:18:31,SHIPPED,102118.06
ORDER_000000945,CUSTOMER_000000945,2026-03-02T16:07:34,SHIPPED,567405.92
ORDER_000000946,CUSTOMER_000000946,2026-03-30T07:00:47,DELIVERED,271958.84
ORDER_000000947,CUSTOMER_000000947,2026-06-21T04:42:38,CONFIRMED,327868.49
ORDER_000000948,CUSTOMER_000000948,2026-06-13T17:14:57,PLACED,324179.28
ORDER_000000949,CUSTOMER_000000949,2026-06-28T08:43:58,CONFIRMED,619682.64
ORDER_000000950,CUSTOMER_000000950,2026-08-06T01:21:28,DELIVERED,476770.00
ORDER_000000951,CUSTOMER_000000951,2026-01-26T16:52:27,DELIVERED,185925.26
ORDER_000000952,CUSTOMER_000000952,2026-12-01T16:22:04,CONFIRMED,360151.92
ORDER_000000953,CUSTOMER_000000953,2026-01-30T00:48:25,DELIVERED,601083.14
ORDER_000000954,CUSTOMER_000000954,2026-01-18T13:07:35,CONFIRMED,454820.54
ORDER_000000955,CUSTOMER_000000955,2026-10-22T04:36:27,CONFIRMED,180563.04
ORDER_000000956,CUSTOMER_000000956,2026-02-02T03:09:35,DELIVERED,407075.44
ORDER_000000957,CUSTOMER_000000957,2026-07-28T14:39:06,CONFIRMED,673891.59
ORDER_000000958,CUSTOMER_000000958,2026-07-08T09:31,CANCELLED,309681.36
ORDER_000000959,CUSTOMER_000000959,2026-08-26T08:27:04,DELIVERED,407250.53
ORDER_000000960,CUSTOMER_000000960,2026-10-15T11:33:12,CONFIRMED,259000.03
ORDER_000000961,CUSTOMER_000000961,2026-12-28T04:41:12,SHIPPED,241143.52
ORDER_000000962,CUSTOMER_000000962,2026-09-27T17:21:42,DELIVERED,161811.80
ORDER_000000963,CUSTOMER_000000963,2026-06-01T21:23:16,DELIVERED,356909.44
ORDER_000000964,CUSTOMER_000000964,2026-11-12T15:17:51,DELIVERED,150031.64
ORDER_000000965,CUSTOMER_000000965,2026-12-11T13:39:15,DELIVERED,618749.40
ORDER_000000966,CUSTOMER_000000966,2026-12-25T19:39:28,DELIVERED,425762.07
ORDER_000000967,CUSTOMER_000000967,2026-02-26T11:53:11,DELIVERED,417357.18
ORDER_000000968,CUSTOMER_000000968,2026-06-21T00:30:36,DELIVERED,356655.94
ORDER_000000969,CUSTOMER_000000969,2026-03-05T00:23:18,DELIVERED,602496.37
ORDER_000000970,CUSTOMER_000000970,2026-06-02T07:55:25,DELIVERED,141396.28
ORDER_000000971,CUSTOMER_000000971,2026-08-03T22:38:32,CONFIRMED,456650.54
ORDER_000000972,CUSTOMER_000000972,2026-07-15T02:58:27,PLACED,258548.21
ORDER_000000973,CUSTOMER_000000973,2026-06-13T03:05:08,DELIVERED,231832.41
ORDER_000000974,CUSTOMER_000000974,2026-08-25T16:04:08,DELIVERED,264246.66
ORDER_000000975,CUSTOMER_000000975,2026-07-11T05:22:27,SHIPPED,927981.75
ORDER_000000976,CUSTOMER_000000976,2026-01-03T20:53:46,SHIPPED,378317.20
ORDER_000000977,CUSTOMER_000000977,2026-05-07T18:27:37,SHIPPED,341898.28
ORDER_000000978,CUSTOMER_000000978,2026-06-18T21:58:46,DELIVERED,310500.75
ORDER_000000979,CUSTOMER_000000979,2026-07-22T07:24:15,DELIVERED,280261.20
ORDER_000000980,CUSTOMER_000000980,2026-12-12T10:18:57,DELIVERED,139315.83
ORDER_000000981,CUSTOMER_000000981,2026-03-31T07:01:21,DELIVERED,117241.67
ORDER_000000982,CUSTOMER_000000982,2026-09-20T00:24:19,DELIVERED,648049.10
ORDER_000000983,CUSTOMER_000000983,2026-04-21T01:46:57,SHIPPED,273084.02
ORDER_000000984,CUSTOMER_000000984,2026-04-01T02:26:40,DELIVERED,420123.85
ORDER_000000985,CUSTOMER_000000985,2026-11-16T03:06:18,DELIVERED,215838.41
ORDER_000000986,CUSTOMER_000000986,2026-09-23T09:49:23,DELIVERED,164925.84
ORDER_000000987,CUSTOMER_000000987,2026-03-20T04:18:33,SHIPPED,157166.02
ORDER_000000988,CUSTOMER_000000988,2026-08-10T11:03:44,DELIVERED,479032.78
ORDER_000000989,CUSTOMER_000000989,2026-02-24T13:19:04,DELIVERED,161676.00
ORDER_000000990,CUSTOMER_000000990,2026-07-10T19:31:12,DELIVERED,145818.10
ORDER_000000991,CUSTOMER_000000991,2026-01-12T14:54:52,CONFIRMED,189891.84
ORDER_000000992,CUSTOMER_000000992,2026-01-05T12:15:05,DELIVERED,165196.28
ORDER_000000993,CUSTOMER_000000993,2026-05-06T01:26:37,SHIPPED,395890.06
ORDER_000000994,CUSTOMER_000000994,2026-11-29T03:38:05,DELIVERED,129573.59
ORDER_000000995,CUSTOMER_000000995,2026-06-15T19:16:37,CONFIRMED,341866.16
ORDER_000000996,CUSTOMER_000000996,2026-04-30T04:49:11,DELIVERED,257337.45
ORDER_000000997,CUSTOMER_000000997,2026-06-25T02:22:20,SHIPPED,424142.91
ORDER_000000998,CUSTOMER_000000998,2026-08-16T08:15:49,CONFIRMED,96248.88
ORDER_000000999,CUSTOMER_000000999,2026-09-25T09:37:58,SHIPPED,71231.39
ORDER_000001000,CUSTOMER_000001000,2026-12-03T02:24:42,DELIVERED,259189.99
ORDER_000001001,CUSTOMER_000000001,2026-02-18T23:20:27,DELIVERED,404996.77
ORDER_000001002,CUSTOMER_000000002,2026-11-12T07:13:29,DELIVERED,311235.67
ORDER_000001003,CUSTOMER_000000003,2026-12-30T18:16:54,CONFIRMED,432518.05
ORDER_000001004,CUSTOMER_000000004,2026-04-02T03:36:30,SHIPPED,86952.41
ORDER_000001005,CUSTOMER_000000005,2026-07-04T12:09:51,SHIPPED,442790.58
ORDER_000001006,CUSTOMER_000000006,2026-12-05T09:44:24,SHIPPED,424674.75
ORDER_000001007,CUSTOMER_000000007,2026-02-27T09:32:11,DELIVERED,298796.70
ORDER_000001008,CUSTOMER_000000008,2026-08-12T10:08:59,DELIVERED,151767.42
ORDER_000001009,CUSTOMER_000000009,2026-10-22T23:29:59,DELIVERED,400762.75
ORDER_000001010,CUSTOMER_000000010,2026-06-24T18:33:13,DELIVERED,498185.75
ORDER_000001011,CUSTOMER_000000011,2026-05-04T14:51:29,DELIVERED,234668.97
ORDER_000001012,CUSTOMER_000000012,2026-07-12T22:12:59,DELIVERED,389382.21
ORDER_000001013,CUSTOMER_000000013,2026-12-04T18:00:17,DELIVERED,623481.72
ORDER_000001014,CUSTOMER_000000014,2026-07-30T12:50:21,CONFIRMED,503569.06
ORDER_000001015,CUSTOMER_000000015,2026-11-08T16:43:06,SHIPPED,246818.92
ORDER_000001016,CUSTOMER_000000016,2026-08-31T05:11:41,DELIVERED,284634.38
ORDER_000001017,CUSTOMER_000000017,2026-01-05T17:46:06,DELIVERED,366233.41
ORDER_000001018,CUSTOMER_000000018,2026-11-18T13:00:09,DELIVERED,358945.40
ORDER_000001019,CUSTOMER_000000019,2026-10-16T05:10:13,PLACED,333432.22
ORDER_000001020,CUSTOMER_000000020,2026-05-08T13:15:30,SHIPPED,188038.30
ORDER_000001021,CUSTOMER_000000021,2026-11-03T03:13:38,DELIVERED,164899.75
ORDER_000001022,CUSTOMER_000000022,2026-10-30T14:58:45,DELIVERED,476849.68
ORDER_000001023,CUSTOMER_000000023,2026-08-06T06:02:34,SHIPPED,407531.03
ORDER_000001024,CUSTOMER_000000024,2026-06-06T18:40:15,CONFIRMED,213680.12
ORDER_000001025,CUSTOMER_000000025,2026-08-24T05:19:35,DELIVERED,485707.11
ORDER_000001026,CUSTOMER_000000026,2026-04-22T05:50:31,CONFIRMED,156377.62
ORDER_000001027,CUSTOMER_000000027,2026-07-26T21:05:24,DELIVERED,287095.16
ORDER_000001028,CUSTOMER_000000028,2026-05-21T11:55:28,DELIVERED,365950.66
ORDER_000001029,CUSTOMER_000000029,2026-01-23T14:16:09,DELIVERED,259463.18
ORDER_000001030,CUSTOMER_000000030,2026-01-19T13:49:45,DELIVERED,145017.05
ORDER_000001031,CUSTOMER_000000031,2026-05-06T05:26:57,DELIVERED,321638.36
ORDER_000001032,CUSTOMER_000000032,2026-12-05T12:44:33,DELIVERED,268772.14
ORDER_000001033,CUSTOMER_000000033,2026-04-29T09:30:47,CONFIRMED,355588.93
ORDER_000001034,CUSTOMER_000000034,2026-08-24T18:06:19,DELIVERED,176255.73
ORDER_000001035,CUSTOMER_000000035,2026-07-01T14:58:10,CONFIRMED,486600.91
ORDER_000001036,CUSTOMER_000000036,2026-03-23T20:16:10,SHIPPED,123256.08
ORDER_000001037,CUSTOMER_000000037,2026-04-12T03:12:18,DELIVERED,306843.57
ORDER_000001038,CUSTOMER_000000038,2026-08-30T14:27:58,CONFIRMED,199807.88
ORDER_000001039,CUSTOMER_000000039,2026-09-08T14:57:38,DELIVERED,299718.69
ORDER_000001040,CUSTOMER_000000040,2026-03-21T15:50:49,CONFIRMED,127958.86
ORDER_000001041,CUSTOMER_000000041,2026-01-08T01:04:19,CANCELLED,264407.50
ORDER_000001042,CUSTOMER_000000042,2026-02-14T04:26:17,DELIVERED,626029.14
ORDER_000001043,CUSTOMER_000000043,2026-10-29T06:50:14,DELIVERED,572623.14
ORDER_000001044,CUSTOMER_000000044,2026-06-01T05:07:30,CONFIRMED,200423.70
ORDER_000001045,CUSTOMER_000000045,2026-03-05T15:02:12,DELIVERED,436906.51
ORDER_000001046,CUSTOMER_000000046,2026-11-06T00:40:41,CONFIRMED,193835.81
ORDER_000001047,CUSTOMER_000000047,2026-09-18T00:35:43,DELIVERED,92236.40
ORDER_000001048,CUSTOMER_000000048,2026-02-09T18:46:38,DELIVERED,400878.24
ORDER_000001049,CUSTOMER_000000049,2026-03-24T21:05:34,DELIVERED,227807.52
ORDER_000001050,CUSTOMER_000000050,2026-11-19T07:50:38,DELIVERED,822191.01
ORDER_000001051,CUSTOMER_000000051,2026-01-06T06:11:03,DELIVERED,220925.67
ORDER_000001052,CUSTOMER_000000052,2026-02-01T01:16:55,CONFIRMED,292637.26
ORDER_000001053,CUSTOMER_000000053,2026-01-30T19:39:40,CONFIRMED,422040.61
ORDER_000001054,CUSTOMER_000000054,2026-02-06T02:05:38,DELIVERED,174733.69
ORDER_000001055,CUSTOMER_000000055,2026-10-18T06:43:08,SHIPPED,208017.07
ORDER_000001056,CUSTOMER_000000056,2026-04-25T03:33:07,CONFIRMED,118749.91
ORDER_000001057,CUSTOMER_000000057,2026-08-28T02:22:33,CONFIRMED,132674.79
ORDER_000001058,CUSTOMER_000000058,2026-05-05T17:55:07,SHIPPED,141300.52
ORDER_000001059,CUSTOMER_000000059,2026-08-17T04:06:41,CANCELLED,156894.83
ORDER_000001060,CUSTOMER_000000060,2026-02-17T05:31:53,CONFIRMED,355629.14
ORDER_000001061,CUSTOMER_000000061,2026-06-29T17:02:18,CONFIRMED,306434.46
ORDER_000001062,CUSTOMER_000000062,2026-08-29T18:15:32,DELIVERED,181746.31
ORDER_000001063,CUSTOMER_000000063,2026-04-25T18:59:19,DELIVERED,120148.43
ORDER_000001064,CUSTOMER_000000064,2026-03-31T10:14:59,DELIVERED,173608.88
ORDER_000001065,CUSTOMER_000000065,2026-06-05T10:40:34,CONFIRMED,475719.56
ORDER_000001066,CUSTOMER_000000066,2026-03-08T12:05:30,DELIVERED,339846.08
ORDER_000001067,CUSTOMER_000000067,2026-03-09T17:32:50,CONFIRMED,168934.80
ORDER_000001068,CUSTOMER_000000068,2026-12-03T01:09:15,CONFIRMED,568676.55
ORDER_000001069,CUSTOMER_000000069,2026-01-14T20:26:55,DELIVERED,340812.60
ORDER_000001070,CUSTOMER_000000070,2026-02-02T00:31:29,DELIVERED,527949.07
ORDER_000001071,CUSTOMER_000000071,2026-01-16T04:43:30,DELIVERED,711221.21
ORDER_000001072,CUSTOMER_000000072,2026-12-28T18:26:34,SHIPPED,122041.65
ORDER_000001073,CUSTOMER_000000073,2026-12-27T01:17:14,SHIPPED,635915.03
ORDER_000001074,CUSTOMER_000000074,2026-04-15T16:19:09,DELIVERED,175447.65
ORDER_000001075,CUSTOMER_000000075,2026-10-31T19:01:43,SHIPPED,588412.93
ORDER_000001076,CUSTOMER_000000076,2026-07-10T13:03:41,DELIVERED,582844.46
ORDER_000001077,CUSTOMER_000000077,2026-07-11T07:53:33,CANCELLED,201077.29
ORDER_000001078,CUSTOMER_000000078,2026-09-27T12:08:23,SHIPPED,304716.16
ORDER_000001079,CUSTOMER_000000079,2026-05-18T09:56:57,DELIVERED,147933.14
ORDER_000001080,CUSTOMER_000000080,2026-10-24T00:34:03,DELIVERED,148609.03
ORDER_000001081,CUSTOMER_000000081,2026-01-21T09:27:43,DELIVERED,586105.09
ORDER_000001082,CUSTOMER_000000082,2026-03-27T08:41:10,DELIVERED,127568.60
ORDER_000001083,CUSTOMER_000000083,2026-12-20T14:28:29,DELIVERED,448515.38
ORDER_000001084,CUSTOMER_000000084,2026-05-31T13:29:07,SHIPPED,181929.52
ORDER_000001085,CUSTOMER_000000085,2026-03-28T04:52:49,DELIVERED,84090.76
ORDER_000001086,CUSTOMER_000000086,2026-07-23T12:36:49,DELIVERED,348839.01
ORDER_000001087,CUSTOMER_000000087,2026-10-07T23:14:31,DELIVERED,465467.66
ORDER_000001088,CUSTOMER_000000088,2026-01-04T13:19:58,DELIVERED,329038.63
ORDER_000001089,CUSTOMER_000000089,2026-03-27T16:29:51,DELIVERED,388369.75
ORDER_000001090,CUSTOMER_000000090,2026-08-17T04:22:14,DELIVERED,340268.96
ORDER_000001091,CUSTOMER_000000091,2026-03-24T10:05:15,CONFIRMED,315165.13
ORDER_000001092,CUSTOMER_000000092,2026-06-24T23:37:41,DELIVERED,258280.65
ORDER_000001093,CUSTOMER_000000093,2026-01-10T13:57:46,DELIVERED,570774.41
ORDER_000001094,CUSTOMER_000000094,2026-09-01T21:38:54,DELIVERED,283992.93
ORDER_000001095,CUSTOMER_000000095,2026-03-29T05:39:40,CONFIRMED,54476.02
ORDER_000001096,CUSTOMER_000000096,2026-02-27T20:04:19,SHIPPED,139901.08
ORDER_000001097,CUSTOMER_000000097,2026-09-07T04:35:15,DELIVERED,143630.01
ORDER_000001098,CUSTOMER_000000098,2026-01-05T19:12:49,CONFIRMED,211586.81
ORDER_000001099,CUSTOMER_000000099,2026-04-28T00:37:45,DELIVERED,53564.70
ORDER_000001100,CUSTOMER_000000100,2026-10-14T04:19:53,PLACED,393990.63
ORDER_000001101,CUSTOMER_000000101,2026-10-02T01:21:55,PLACED,268854.46
ORDER_000001102,CUSTOMER_000000102,2026-01-16T17:44:49,DELIVERED,301201.68
ORDER_000001103,CUSTOMER_000000103,2026-08-22T10:36:40,CONFIRMED,317145.32
ORDER_000001104,CUSTOMER_000000104,2026-11-24T19:57:47,DELIVERED,123095.77
ORDER_000001105,CUSTOMER_000000105,2026-01-01T09:48:56,CONFIRMED,220735.48
ORDER_000001106,CUSTOMER_000000106,2026-12-11T04:12:56,DELIVERED,150799.69
ORDER_000001107,CUSTOMER_000000107,2026-01-07T00:36:26,DELIVERED,177460.82
ORDER_000001108,CUSTOMER_000000108,2026-03-01T01:02:20,DELIVERED,142151.80
ORDER_000001109,CUSTOMER_000000109,2026-08-18T21:54:32,DELIVERED,212757.98
ORDER_000001110,CUSTOMER_000000110,2026-06-06T13:09:24,SHIPPED,306633.22
ORDER_000001111,CUSTOMER_000000111,2026-03-27T14:46:34,DELIVERED,229214.60
ORDER_000001112,CUSTOMER_000000112,2026-04-29T06:40:33,SHIPPED,271871.75
ORDER_000001113,CUSTOMER_000000113,2026-01-11T23:52:23,DELIVERED,391572.63
ORDER_000001114,CUSTOMER_000000114,2026-07-08T22:35:42,DELIVERED,97310.65
ORDER_000001115,CUSTOMER_000000115,2026-12-20T09:04:21,DELIVERED,460301.86
ORDER_000001116,CUSTOMER_000000116,2026-07-31T18:01:12,SHIPPED,96214.71
ORDER_000001117,CUSTOMER_000000117,2026-06-28T15:23:22,CANCELLED,173123.54
ORDER_000001118,CUSTOMER_000000118,2026-04-23T23:07:15,DELIVERED,251744.91
ORDER_000001119,CUSTOMER_000000119,2026-04-05T10:54:22,CANCELLED,870331.82
ORDER_000001120,CUSTOMER_000000120,2026-04-29T06:03:57,CONFIRMED,247804.84
ORDER_000001121,CUSTOMER_000000121,2026-06-17T09:11:58,DELIVERED,108104.05
ORDER_000001122,CUSTOMER_000000122,2026-12-28T00:36:01,DELIVERED,295458.09
ORDER_000001123,CUSTOMER_000000123,2026-01-16T12:48:51,SHIPPED,541770.96
ORDER_000001124,CUSTOMER_000000124,2026-11-11T04:16:21,CONFIRMED,422093.38
ORDER_000001125,CUSTOMER_000000125,2026-02-05T00:24:02,SHIPPED,297489.36
ORDER_000001126,CUSTOMER_000000126,2026-08-22T02:17:48,DELIVERED,164496.40
ORDER_000001127,CUSTOMER_000000127,2026-03-17T12:03:32,SHIPPED,204312.46
ORDER_000001128,CUSTOMER_000000128,2026-07-28T10:38:45,DELIVERED,194417.75
ORDER_000001129,CUSTOMER_000000129,2026-05-03T05:51:46,DELIVERED,482389.85
ORDER_000001130,CUSTOMER_000000130,2026-09-27T18:53:02,DELIVERED,319934.27
ORDER_000001131,CUSTOMER_000000131,2026-05-04T18:15:43,SHIPPED,326977.10
ORDER_000001132,CUSTOMER_000000132,2026-06-19T19:01:47,CONFIRMED,158641.46
ORDER_000001133,CUSTOMER_000000133,2026-04-08T23:44:14,DELIVERED,330170.44
ORDER_000001134,CUSTOMER_000000134,2026-03-31T11:11:03,CONFIRMED,503676.22
ORDER_000001135,CUSTOMER_000000135,2026-10-18T11:03:54,CONFIRMED,381083.94
ORDER_000001136,CUSTOMER_000000136,2026-09-28T03:36:10,DELIVERED,223917.22
ORDER_000001137,CUSTOMER_000000137,2026-10-14T04:28:31,SHIPPED,692968.87
ORDER_000001138,CUSTOMER_000000138,2026-11-08T04:55:12,DELIVERED,277118.78
ORDER_000001139,CUSTOMER_000000139,2026-11-07T00:19:42,PLACED,412776.22
ORDER_000001140,CUSTOMER_000000140,2026-04-16T20:19:35,DELIVERED,214621.04
ORDER_000001141,CUSTOMER_000000141,2026-05-19T00:12:30,CONFIRMED,486793.52
ORDER_000001142,CUSTOMER_000000142,2026-01-31T23:07:22,CONFIRMED,167181.28
ORDER_000001143,CUSTOMER_000000143,2026-10-28T19:24:39,DELIVERED,258261.42
ORDER_000001144,CUSTOMER_000000144,2026-03-02T05:14:25,DELIVERED,196921.14
ORDER_000001145,CUSTOMER_000000145,2026-08-16T15:48:49,DELIVERED,184472.35
ORDER_000001146,CUSTOMER_000000146,2026-09-18T05:45:42,DELIVERED,498684.57
ORDER_000001147,CUSTOMER_000000147,2026-04-26T09:46:12,DELIVERED,368301.44
ORDER_000001148,CUSTOMER_000000148,2026-08-02T15:49:58,SHIPPED,500107.60
ORDER_000001149,CUSTOMER_000000149,2026-06-27T07:02:26,PLACED,146337.60
ORDER_000001150,CUSTOMER_000000150,2026-08-17T00:50:54,DELIVERED,111275.69
ORDER_000001151,CUSTOMER_000000151,2026-02-19T07:28:08,DELIVERED,344657.98
ORDER_000001152,CUSTOMER_000000152,2026-09-15T01:07:13,PLACED,132930.98
ORDER_000001153,CUSTOMER_000000153,2026-04-16T20:12:06,SHIPPED,295351.88
ORDER_000001154,CUSTOMER_000000154,2026-07-04T12:41:25,DELIVERED,198630.67
ORDER_000001155,CUSTOMER_000000155,2026-04-26T11:19:09,DELIVERED,40770.80
ORDER_000001156,CUSTOMER_000000156,2026-01-09T17:15:02,DELIVERED,115688.18
ORDER_000001157,CUSTOMER_000000157,2026-12-08T13:56:31,DELIVERED,118705.75
ORDER_000001158,CUSTOMER_000000158,2026-02-01T20:47:05,CONFIRMED,459224.63
ORDER_000001159,CUSTOMER_000000159,2026-01-08T02:14:54,CONFIRMED,471899.71
ORDER_000001160,CUSTOMER_000000160,2026-11-01T00:25:34,DELIVERED,246015.26
ORDER_000001161,CUSTOMER_000000161,2026-09-03T01:35:20,DELIVERED,231917.95
ORDER_000001162,CUSTOMER_000000162,2026-09-16T05:26:32,DELIVERED,209541.29
ORDER_000001163,CUSTOMER_000000163,2026-04-27T18:17:30,CONFIRMED,352817.82
ORDER_000001164,CUSTOMER_000000164,2026-05-22T23:24:04,PLACED,249088.78
ORDER_000001165,CUSTOMER_000000165,2026-07-09T19:05:13,SHIPPED,338503.42
ORDER_000001166,CUSTOMER_000000166,2026-10-04T16:17:25,SHIPPED,329240.37
ORDER_000001167,CUSTOMER_000000167,2026-11-06T18:41:19,DELIVERED,63694.85
ORDER_000001168,CUSTOMER_000000168,2026-02-14T08:32:29,SHIPPED,301048.31
ORDER_000001169,CUSTOMER_000000169,2026-08-14T11:08:28,DELIVERED,105867.75
ORDER_000001170,CUSTOMER_000000170,2026-04-22T22:17:02,DELIVERED,214656.01
ORDER_000001171,CUSTOMER_000000171,2026-05-17T11:48:42,DELIVERED,42793.06
ORDER_000001172,CUSTOMER_000000172,2026-03-02T13:11:58,DELIVERED,183658.23
ORDER_000001173,CUSTOMER_000000173,2026-07-14T14:39:03,DELIVERED,215539.32
ORDER_000001174,CUSTOMER_000000174,2026-01-02T22:24:25,SHIPPED,93139.71
ORDER_000001175,CUSTOMER_000000175,2026-08-17T13:51:37,DELIVERED,379114.77
ORDER_000001176,CUSTOMER_000000176,2026-01-16T04:29:47,DELIVERED,189357.63
ORDER_000001177,CUSTOMER_000000177,2026-08-05T09:12:33,DELIVERED,342719.72
ORDER_000001178,CUSTOMER_000000178,2026-03-31T14:12:59,DELIVERED,184208.08
ORDER_000001179,CUSTOMER_000000179,2026-06-02T05:07:46,SHIPPED,281653.73
ORDER_000001180,CUSTOMER_000000180,2026-05-25T04:29:16,DELIVERED,152035.62
ORDER_000001181,CUSTOMER_000000181,2026-04-24T02:42:07,DELIVERED,609920.42
ORDER_000001182,CUSTOMER_000000182,2026-05-11T18:19,DELIVERED,721906.00
ORDER_000001183,CUSTOMER_000000183,2026-11-26T19:15:32,DELIVERED,231299.80
ORDER_000001184,CUSTOMER_000000184,2026-02-07T00:45:26,SHIPPED,290492.76
ORDER_000001185,CUSTOMER_000000185,2026-07-03T00:55:18,DELIVERED,134788.94
ORDER_000001186,CUSTOMER_000000186,2026-06-06T07:27:11,DELIVERED,47798.93
ORDER_000001187,CUSTOMER_000000187,2026-01-03T08:04:15,CONFIRMED,50548.91
ORDER_000001188,CUSTOMER_000000188,2026-11-25T10:43:22,CONFIRMED,470458.34
ORDER_000001189,CUSTOMER_000000189,2026-02-08T23:07:51,DELIVERED,587837.21
ORDER_000001190,CUSTOMER_000000190,2026-10-11T09:28:12,CONFIRMED,226457.86
ORDER_000001191,CUSTOMER_000000191,2026-01-26T12:11:55,DELIVERED,666636.75
ORDER_000001192,CUSTOMER_000000192,2026-11-24T16:11:42,DELIVERED,412933.78
ORDER_000001193,CUSTOMER_000000193,2026-05-04T10:33:50,DELIVERED,657673.00
ORDER_000001194,CUSTOMER_000000194,2026-08-19T02:06:27,DELIVERED,310826.89
ORDER_000001195,CUSTOMER_000000195,2026-06-29T14:33,DELIVERED,353128.04
ORDER_000001196,CUSTOMER_000000196,2026-04-27T22:29:21,DELIVERED,391428.02
ORDER_000001197,CUSTOMER_000000197,2026-07-06T19:31:14,DELIVERED,477013.22
ORDER_000001198,CUSTOMER_000000198,2026-08-20T08:23:45,DELIVERED,145665.96
ORDER_000001199,CUSTOMER_000000199,2026-05-31T07:14:11,DELIVERED,385554.56
ORDER_000001200,CUSTOMER_000000200,2026-08-15T01:04:29,DELIVERED,190191.20
ORDER_000001201,CUSTOMER_000000201,2026-02-08T08:52:16,DELIVERED,188400.87
ORDER_000001202,CUSTOMER_000000202,2026-06-22T02:33:57,DELIVERED,119844.01
ORDER_000001203,CUSTOMER_000000203,2026-09-11T00:28:43,DELIVERED,128256.75
ORDER_000001204,CUSTOMER_000000204,2026-12-07T21:43:18,DELIVERED,172602.73
ORDER_000001205,CUSTOMER_000000205,2026-07-11T23:25:30,SHIPPED,613775.36
ORDER_000001206,CUSTOMER_000000206,2026-08-05T02:31:30,DELIVERED,270603.84
ORDER_000001207,CUSTOMER_000000207,2026-02-18T07:56:28,DELIVERED,270290.72
ORDER_000001208,CUSTOMER_000000208,2026-09-07T11:31:08,DELIVERED,218202.56
ORDER_000001209,CUSTOMER_000000209,2026-11-01T19:46:49,DELIVERED,726841.70
ORDER_000001210,CUSTOMER_000000210,2026-04-27T11:29:43,DELIVERED,306608.61
ORDER_000001211,CUSTOMER_000000211,2026-12-12T13:58:26,DELIVERED,527079.77
ORDER_000001212,CUSTOMER_000000212,2026-04-17T23:21:56,DELIVERED,29533.15
ORDER_000001213,CUSTOMER_000000213,2026-02-04T05:45:04,SHIPPED,146045.61
ORDER_000001214,CUSTOMER_000000214,2026-08-20T19:23:08,SHIPPED,134844.70
ORDER_000001215,CUSTOMER_000000215,2026-02-09T12:09:07,DELIVERED,379337.30
ORDER_000001216,CUSTOMER_000000216,2026-02-13T23:15:52,DELIVERED,589765.90
ORDER_000001217,CUSTOMER_000000217,2026-07-27T13:49:51,DELIVERED,69712.46
ORDER_000001218,CUSTOMER_000000218,2026-02-13T03:13:27,DELIVERED,258464.94
ORDER_000001219,CUSTOMER_000000219,2026-03-19T12:57:08,CONFIRMED,226746.44
ORDER_000001220,CUSTOMER_000000220,2026-05-20T06:42:39,DELIVERED,142838.90
ORDER_000001221,CUSTOMER_000000221,2026-05-24T02:08:50,DELIVERED,593028.26
ORDER_000001222,CUSTOMER_000000222,2026-08-01T15:16:06,CONFIRMED,234706.14
ORDER_000001223,CUSTOMER_000000223,2026-05-14T09:45:22,SHIPPED,125061.68
ORDER_000001224,CUSTOMER_000000224,2026-09-25T04:45:14,DELIVERED,257512.81
ORDER_000001225,CUSTOMER_000000225,2026-03-24T00:58:32,DELIVERED,187335.74
ORDER_000001226,CUSTOMER_000000226,2026-08-27T19:19:05,DELIVERED,168182.37
ORDER_000001227,CUSTOMER_000000227,2026-02-04T09:48:42,DELIVERED,254742.24
ORDER_000001228,CUSTOMER_000000228,2026-09-29T04:31:44,SHIPPED,546328.92
ORDER_000001229,CUSTOMER_000000229,2026-05-30T07:41:40,CONFIRMED,64063.22
ORDER_000001230,CUSTOMER_000000230,2026-06-11T00:19:19,DELIVERED,127099.39
ORDER_000001231,CUSTOMER_000000231,2026-03-25T16:58:04,DELIVERED,258825.55
ORDER_000001232,CUSTOMER_000000232,2026-03-06T19:21:14,PLACED,302028.12
ORDER_000001233,CUSTOMER_000000233,2026-07-27T02:37:48,SHIPPED,432280.45
ORDER_000001234,CUSTOMER_000000234,2026-04-02T21:50:10,DELIVERED,93604.18
ORDER_000001235,CUSTOMER_000000235,2026-04-27T22:01:23,SHIPPED,508481.10
ORDER_000001236,CUSTOMER_000000236,2026-06-27T17:54:26,SHIPPED,39923.66
ORDER_000001237,CUSTOMER_000000237,2026-11-02T22:54:15,PLACED,198609.40
ORDER_000001238,CUSTOMER_000000238,2026-03-24T18:28:32,CONFIRMED,416438.63
ORDER_000001239,CUSTOMER_000000239,2026-01-26T06:41:21,DELIVERED,302126.45
ORDER_000001240,CUSTOMER_000000240,2026-08-09T13:31:53,DELIVERED,142071.15
ORDER_000001241,CUSTOMER_000000241,2026-01-12T14:02:57,SHIPPED,195471.91
ORDER_000001242,CUSTOMER_000000242,2026-07-16T18:31:55,PLACED,329242.05
ORDER_000001243,CUSTOMER_000000243,2026-09-10T10:08:34,DELIVERED,433793.40
ORDER_000001244,CUSTOMER_000000244,2026-06-14T19:49:17,CONFIRMED,533990.74
ORDER_000001245,CUSTOMER_000000245,2026-10-16T05:10:01,CONFIRMED,472104.35
ORDER_000001246,CUSTOMER_000000246,2026-04-01T08:29:03,SHIPPED,298816.90
ORDER_000001247,CUSTOMER_000000247,2026-08-22T20:18:43,CONFIRMED,257789.57
ORDER_000001248,CUSTOMER_000000248,2026-06-10T10:42:29,DELIVERED,598996.24
ORDER_000001249,CUSTOMER_000000249,2026-01-16T12:11:30,DELIVERED,159046.06
ORDER_000001250,CUSTOMER_000000250,2026-09-19T13:45:21,DELIVERED,133626.38
ORDER_000001251,CUSTOMER_000000251,2026-02-26T21:44:28,DELIVERED,178351.78
ORDER_000001252,CUSTOMER_000000252,2026-06-17T22:14:57,DELIVERED,318837.98
ORDER_000001253,CUSTOMER_000000253,2026-10-14T02:45:34,DELIVERED,536373.77
ORDER_000001254,CUSTOMER_000000254,2026-09-16T12:21:54,CONFIRMED,698168.95
ORDER_000001255,CUSTOMER_000000255,2026-03-06T22:04:16,DELIVERED,632771.71
ORDER_000001256,CUSTOMER_000000256,2026-10-28T07:12:33,DELIVERED,660130.63
ORDER_000001257,CUSTOMER_000000257,2026-02-16T08:09:04,DELIVERED,131199.09
ORDER_000001258,CUSTOMER_000000258,2026-03-29T16:54:36,CONFIRMED,393779.28
ORDER_000001259,CUSTOMER_000000259,2026-02-11T12:49:14,DELIVERED,185098.00
ORDER_000001260,CUSTOMER_000000260,2026-10-12T13:05:29,PLACED,404329.90
ORDER_000001261,CUSTOMER_000000261,2026-08-23T06:48:29,CANCELLED,529020.60
ORDER_000001262,CUSTOMER_000000262,2026-11-02T17:50:21,DELIVERED,224117.67
ORDER_000001263,CUSTOMER_000000263,2026-12-23T22:33:09,DELIVERED,412345.56
ORDER_000001264,CUSTOMER_000000264,2026-02-19T12:02:52,SHIPPED,344447.01
ORDER_000001265,CUSTOMER_000000265,2026-08-10T02:18:52,CONFIRMED,154661.54
ORDER_000001266,CUSTOMER_000000266,2026-11-02T11:39:24,DELIVERED,295819.00
ORDER_000001267,CUSTOMER_000000267,2026-10-19T17:17:12,DELIVERED,111457.18
ORDER_000001268,CUSTOMER_000000268,2026-11-29T23:13:49,CONFIRMED,434212.94
ORDER_000001269,CUSTOMER_000000269,2026-02-07T23:57:33,SHIPPED,627820.05
ORDER_000001270,CUSTOMER_000000270,2026-02-19T15:41:23,DELIVERED,272308.18
ORDER_000001271,CUSTOMER_000000271,2026-02-19T06:00:59,DELIVERED,429816.21
ORDER_000001272,CUSTOMER_000000272,2026-10-12T17:20:30,CONFIRMED,551914.75
ORDER_000001273,CUSTOMER_000000273,2026-04-27T07:14:44,PLACED,401627.40
ORDER_000001274,CUSTOMER_000000274,2026-02-24T08:02:58,CONFIRMED,79368.02
ORDER_000001275,CUSTOMER_000000275,2026-12-30T18:55:34,CANCELLED,217413.96
ORDER_000001276,CUSTOMER_000000276,2026-10-25T19:05:50,DELIVERED,232096.94
ORDER_000001277,CUSTOMER_000000277,2026-01-27T20:05:18,SHIPPED,137530.49
ORDER_000001278,CUSTOMER_000000278,2026-11-23T07:04:04,DELIVERED,213903.20
ORDER_000001279,CUSTOMER_000000279,2026-06-09T15:05:48,SHIPPED,498778.98
ORDER_000001280,CUSTOMER_000000280,2026-01-19T04:52:49,DELIVERED,94386.20
ORDER_000001281,CUSTOMER_000000281,2026-12-30T08:27:20,SHIPPED,199560.62
ORDER_000001282,CUSTOMER_000000282,2026-05-09T11:41:13,SHIPPED,281040.32
ORDER_000001283,CUSTOMER_000000283,2026-07-10T03:35:40,DELIVERED,88741.01
ORDER_000001284,CUSTOMER_000000284,2026-09-09T08:55:58,CONFIRMED,107213.94
ORDER_000001285,CUSTOMER_000000285,2026-11-22T22:26:30,DELIVERED,62679.78
ORDER_000001286,CUSTOMER_000000286,2026-03-06T20:09:45,PLACED,135862.52
ORDER_000001287,CUSTOMER_000000287,2026-08-06T19:53:51,SHIPPED,678305.53
ORDER_000001288,CUSTOMER_000000288,2026-07-09T10:12:05,SHIPPED,115537.77
ORDER_000001289,CUSTOMER_000000289,2026-04-12T11:00:43,PLACED,240605.51
ORDER_000001290,CUSTOMER_000000290,2026-10-15T20:07:41,DELIVERED,256984.52
ORDER_000001291,CUSTOMER_000000291,2026-06-11T03:20:30,DELIVERED,123691.51
ORDER_000001292,CUSTOMER_000000292,2026-01-29T23:11:18,DELIVERED,434674.14
ORDER_000001293,CUSTOMER_000000293,2026-09-16T11:01:14,CONFIRMED,177144.30
ORDER_000001294,CUSTOMER_000000294,2026-06-24T07:41:15,DELIVERED,134329.13
ORDER_000001295,CUSTOMER_000000295,2026-07-12T01:37:27,SHIPPED,234535.31
ORDER_000001296,CUSTOMER_000000296,2026-08-17T11:06:38,DELIVERED,360732.25
ORDER_000001297,CUSTOMER_000000297,2026-08-01T21:46:40,DELIVERED,80262.23
ORDER_000001298,CUSTOMER_000000298,2026-08-12T15:27:35,DELIVERED,358711.52
ORDER_000001299,CUSTOMER_000000299,2026-03-20T10:50:25,CONFIRMED,431016.19
ORDER_000001300,CUSTOMER_000000300,2026-05-16T05:57:17,DELIVERED,488678.84
ORDER_000001301,CUSTOMER_000000301,2026-10-05T18:48:50,DELIVERED,229192.04
ORDER_000001302,CUSTOMER_000000302,2026-10-17T13:49:50,SHIPPED,182803.04
ORDER_000001303,CUSTOMER_000000303,2026-03-31T14:50:30,DELIVERED,174554.37
ORDER_000001304,CUSTOMER_000000304,2026-09-21T21:55:58,DELIVERED,181892.03
ORDER_000001305,CUSTOMER_000000305,2026-06-18T01:58:16,DELIVERED,502449.66
ORDER_000001306,CUSTOMER_000000306,2026-06-16T21:53:29,DELIVERED,562408.85
ORDER_000001307,CUSTOMER_000000307,2026-07-20T08:36:43,DELIVERED,90200.98
ORDER_000001308,CUSTOMER_000000308,2026-08-18T22:39:34,DELIVERED,256361.39
ORDER_000001309,CUSTOMER_000000309,2026-06-08T13:31:49,SHIPPED,228463.35
ORDER_000001310,CUSTOMER_000000310,2026-04-13T05:30:31,DELIVERED,564073.30
ORDER_000001311,CUSTOMER_000000311,2026-02-12T17:05:04,CONFIRMED,433694.53
ORDER_000001312,CUSTOMER_000000312,2026-09-02T11:14:56,DELIVERED,253446.69
ORDER_000001313,CUSTOMER_000000313,2026-05-14T21:04:07,DELIVERED,416365.80
ORDER_000001314,CUSTOMER_000000314,2026-05-06T06:20:14,DELIVERED,537130.86
ORDER_000001315,CUSTOMER_000000315,2026-12-11T07:16:58,DELIVERED,178582.48
ORDER_000001316,CUSTOMER_000000316,2026-10-30T03:06:36,CONFIRMED,238013.26
ORDER_000001317,CUSTOMER_000000317,2026-01-12T01:46:03,DELIVERED,296952.87
ORDER_000001318,CUSTOMER_000000318,2026-03-04T07:40:28,DELIVERED,123810.00
ORDER_000001319,CUSTOMER_000000319,2026-07-05T04:57,CONFIRMED,277511.44
ORDER_000001320,CUSTOMER_000000320,2026-11-04T23:43:54,SHIPPED,111140.47
ORDER_000001321,CUSTOMER_000000321,2026-01-26T08:47:12,CONFIRMED,171073.27
ORDER_000001322,CUSTOMER_000000322,2026-09-21T04:55:33,CONFIRMED,382693.26
ORDER_000001323,CUSTOMER_000000323,2026-12-23T08:01:35,DELIVERED,243293.11
ORDER_000001324,CUSTOMER_000000324,2026-11-07T08:08:45,DELIVERED,586592.74
ORDER_000001325,CUSTOMER_000000325,2026-07-17T01:25:29,DELIVERED,136853.17
ORDER_000001326,CUSTOMER_000000326,2026-04-04T23:00:32,CANCELLED,649860.52
ORDER_000001327,CUSTOMER_000000327,2026-03-27T12:06:51,DELIVERED,253284.38
ORDER_000001328,CUSTOMER_000000328,2026-01-26T00:35:41,DELIVERED,377161.19
ORDER_000001329,CUSTOMER_000000329,2026-08-03T11:43:51,SHIPPED,405209.72
ORDER_000001330,CUSTOMER_000000330,2026-01-16T22:12:18,CONFIRMED,114109.54
ORDER_000001331,CUSTOMER_000000331,2026-04-23T18:58:14,DELIVERED,523305.34
ORDER_000001332,CUSTOMER_000000332,2026-09-04T04:49:21,CONFIRMED,495468.94
ORDER_000001333,CUSTOMER_000000333,2026-06-12T05:36,CONFIRMED,262554.77
ORDER_000001334,CUSTOMER_000000334,2026-09-21T16:48:10,DELIVERED,778298.20
ORDER_000001335,CUSTOMER_000000335,2026-07-25T12:26:59,DELIVERED,178893.79
ORDER_000001336,CUSTOMER_000000336,2026-01-24T20:22:32,DELIVERED,114368.62
ORDER_000001337,CUSTOMER_000000337,2026-05-14T14:47:44,CONFIRMED,329090.15
ORDER_000001338,CUSTOMER_000000338,2026-12-09T13:04:09,DELIVERED,286025.85
ORDER_000001339,CUSTOMER_000000339,2026-07-01T14:28:17,CONFIRMED,91650.38
ORDER_000001340,CUSTOMER_000000340,2026-04-09T14:19:45,SHIPPED,527929.95
ORDER_000001341,CUSTOMER_000000341,2026-03-26T10:44:34,DELIVERED,309819.52
ORDER_000001342,CUSTOMER_000000342,2026-04-09T17:10:23,DELIVERED,312306.92
ORDER_000001343,CUSTOMER_000000343,2026-04-18T20:51:46,CANCELLED,158102.48
ORDER_000001344,CUSTOMER_000000344,2026-02-15T19:24:40,DELIVERED,340032.62
ORDER_000001345,CUSTOMER_000000345,2026-04-04T13:32:29,DELIVERED,78866.81
ORDER_000001346,CUSTOMER_000000346,2026-03-20T12:12:04,CONFIRMED,87184.18
ORDER_000001347,CUSTOMER_000000347,2026-07-05T18:11:18,CONFIRMED,233759.87
ORDER_000001348,CUSTOMER_000000348,2026-12-12T11:37:27,DELIVERED,416401.28
ORDER_000001349,CUSTOMER_000000349,2026-05-15T07:42:50,SHIPPED,248701.29
ORDER_000001350,CUSTOMER_000000350,2026-09-16T18:44:07,DELIVERED,439943.16
ORDER_000001351,CUSTOMER_000000351,2026-01-27T18:31:11,CONFIRMED,110889.80
ORDER_000001352,CUSTOMER_000000352,2026-11-29T23:11:25,DELIVERED,461767.76
ORDER_000001353,CUSTOMER_000000353,2026-03-20T21:49:45,DELIVERED,100317.42
ORDER_000001354,CUSTOMER_000000354,2026-09-18T19:07:27,DELIVERED,666945.23
ORDER_000001355,CUSTOMER_000000355,2026-01-02T04:07:18,SHIPPED,300873.69
ORDER_000001356,CUSTOMER_000000356,2026-12-28T13:21:52,DELIVERED,486551.45
ORDER_000001357,CUSTOMER_000000357,2026-03-13T07:17:59,DELIVERED,635981.10
ORDER_000001358,CUSTOMER_000000358,2026-10-14T18:27:29,CONFIRMED,51778.30
ORDER_000001359,CUSTOMER_000000359,2026-06-26T07:13:22,DELIVERED,295100.08
ORDER_000001360,CUSTOMER_000000360,2026-09-10T08:33:26,DELIVERED,207451.77
ORDER_000001361,CUSTOMER_000000361,2026-07-29T22:11:31,CANCELLED,348748.25
ORDER_000001362,CUSTOMER_000000362,2026-11-22T14:32:58,DELIVERED,74978.65
ORDER_000001363,CUSTOMER_000000363,2026-03-10T07:38:13,DELIVERED,30187.56
ORDER_000001364,CUSTOMER_000000364,2026-05-10T13:37:48,DELIVERED,218662.55
ORDER_000001365,CUSTOMER_000000365,2026-11-30T06:53:38,SHIPPED,466855.33
ORDER_000001366,CUSTOMER_000000366,2026-08-23T08:07:29,CONFIRMED,66012.35
ORDER_000001367,CUSTOMER_000000367,2026-09-08T03:14:40,PLACED,145951.38
ORDER_000001368,CUSTOMER_000000368,2026-12-21T19:13:32,DELIVERED,348636.75
ORDER_000001369,CUSTOMER_000000369,2026-11-04T06:07:52,CANCELLED,779431.95
ORDER_000001370,CUSTOMER_000000370,2026-03-27T18:58:37,CONFIRMED,252969.28
ORDER_000001371,CUSTOMER_000000371,2026-04-25T12:51:23,DELIVERED,325227.16
ORDER_000001372,CUSTOMER_000000372,2026-08-02T11:35:59,DELIVERED,124544.44
ORDER_000001373,CUSTOMER_000000373,2026-10-01T01:22:41,DELIVERED,60907.70
ORDER_000001374,CUSTOMER_000000374,2026-02-08T05:16:46,DELIVERED,523623.85
ORDER_000001375,CUSTOMER_000000375,2026-04-23T13:52:12,DELIVERED,199327.54
ORDER_000001376,CUSTOMER_000000376,2026-12-05T12:38:01,DELIVERED,264001.81
ORDER_000001377,CUSTOMER_000000377,2026-09-10T16:55:21,DELIVERED,246000.22
ORDER_000001378,CUSTOMER_000000378,2026-06-05T11:28:19,PLACED,114247.00
ORDER_000001379,CUSTOMER_000000379,2026-01-31T14:27:01,DELIVERED,205749.93
ORDER_000001380,CUSTOMER_000000380,2026-03-29T01:53:08,PLACED,113014.38
ORDER_000001381,CUSTOMER_000000381,2026-12-27T16:24:45,DELIVERED,89208.88
ORDER_000001382,CUSTOMER_000000382,2026-08-28T23:31:19,DELIVERED,155086.13
ORDER_000001383,CUSTOMER_000000383,2026-09-27T02:29:34,DELIVERED,336358.79
ORDER_000001384,CUSTOMER_000000384,2026-02-12T23:46:55,CONFIRMED,145593.46
ORDER_000001385,CUSTOMER_000000385,2026-06-07T16:12:47,CONFIRMED,314824.31
ORDER_000001386,CUSTOMER_000000386,2026-04-12T10:04:28,SHIPPED,653868.19
ORDER_000001387,CUSTOMER_000000387,2026-10-04T18:15:56,CONFIRMED,248069.28
ORDER_000001388,CUSTOMER_000000388,2026-01-30T22:22:40,CONFIRMED,340819.57
ORDER_000001389,CUSTOMER_000000389,2026-09-07T11:16:38,DELIVERED,68344.14
ORDER_000001390,CUSTOMER_000000390,2026-01-24T00:51:28,DELIVERED,442721.17
ORDER_000001391,CUSTOMER_000000391,2026-07-06T06:43,CONFIRMED,446920.61
ORDER_000001392,CUSTOMER_000000392,2026-12-27T06:06:45,DELIVERED,293898.20
ORDER_000001393,CUSTOMER_000000393,2026-03-01T17:56:53,CONFIRMED,24850.32
ORDER_000001394,CUSTOMER_000000394,2026-05-04T15:24:40,DELIVERED,137667.16
ORDER_000001395,CUSTOMER_000000395,2026-08-27T02:11:38,SHIPPED,322218.38
ORDER_000001396,CUSTOMER_000000396,2026-06-11T16:19:49,CANCELLED,463202.36
ORDER_000001397,CUSTOMER_000000397,2026-08-25T22:20:56,DELIVERED,308202.86
ORDER_000001398,CUSTOMER_000000398,2026-03-13T20:32:35,SHIPPED,392381.52
ORDER_000001399,CUSTOMER_000000399,2026-02-01T00:57:20,DELIVERED,213887.88
ORDER_000001400,CUSTOMER_000000400,2026-12-31T10:42:58,DELIVERED,425417.36
ORDER_000001401,CUSTOMER_000000401,2026-04-28T13:24:53,DELIVERED,614850.99
ORDER_000001402,CUSTOMER_000000402,2026-05-16T02:19:16,DELIVERED,77928.18
ORDER_000001403,CUSTOMER_000000403,2026-04-24T06:35:37,DELIVERED,58440.41
ORDER_000001404,CUSTOMER_000000404,2026-02-14T19:14:53,DELIVERED,309627.07
ORDER_000001405,CUSTOMER_000000405,2026-05-28T19:16:25,DELIVERED,195736.70
ORDER_000001406,CUSTOMER_000000406,2026-02-14T08:47:12,CONFIRMED,306481.68
ORDER_000001407,CUSTOMER_000000407,2026-12-06T17:02:19,DELIVERED,108283.17
ORDER_000001408,CUSTOMER_000000408,2026-10-05T20:01:53,DELIVERED,195264.41
ORDER_000001409,CUSTOMER_000000409,2026-10-17T08:05:11,PLACED,130357.56
ORDER_000001410,CUSTOMER_000000410,2026-05-11T10:56,DELIVERED,131082.33
ORDER_000001411,CUSTOMER_000000411,2026-10-09T08:33:43,SHIPPED,380249.14
ORDER_000001412,CUSTOMER_000000412,2026-09-21T00:39:05,SHIPPED,254416.98
ORDER_000001413,CUSTOMER_000000413,2026-01-21T09:12:59,DELIVERED,120137.59
ORDER_000001414,CUSTOMER_000000414,2026-10-26T10:07:07,DELIVERED,356760.70
ORDER_000001415,CUSTOMER_000000415,2026-01-11T23:04:19,DELIVERED,98896.79
ORDER_000001416,CUSTOMER_000000416,2026-09-12T05:29:01,SHIPPED,90537.71
ORDER_000001417,CUSTOMER_000000417,2026-06-12T22:52:27,CONFIRMED,348456.30
ORDER_000001418,CUSTOMER_000000418,2026-04-24T12:12:08,DELIVERED,868129.30
ORDER_000001419,CUSTOMER_000000419,2026-12-26T17:34:26,DELIVERED,141687.57
ORDER_000001420,CUSTOMER_000000420,2026-06-29T19:59:59,CONFIRMED,134482.86
ORDER_000001421,CUSTOMER_000000421,2026-06-19T06:09:41,DELIVERED,265455.36
ORDER_000001422,CUSTOMER_000000422,2026-05-05T10:38:19,SHIPPED,240305.60
ORDER_000001423,CUSTOMER_000000423,2026-06-17T08:21:34,DELIVERED,472826.61
ORDER_000001424,CUSTOMER_000000424,2026-08-27T06:15:52,DELIVERED,244596.04
ORDER_000001425,CUSTOMER_000000425,2026-04-06T17:27:01,DELIVERED,247585.34
ORDER_000001426,CUSTOMER_000000426,2026-06-09T23:03:18,DELIVERED,180870.71
ORDER_000001427,CUSTOMER_000000427,2026-08-18T15:22:04,DELIVERED,105208.17
ORDER_000001428,CUSTOMER_000000428,2026-06-20T08:44:23,DELIVERED,179067.82
ORDER_000001429,CUSTOMER_000000429,2026-04-02T11:18:05,SHIPPED,40436.58
ORDER_000001430,CUSTOMER_000000430,2026-10-07T12:09:23,DELIVERED,129530.31
ORDER_000001431,CUSTOMER_000000431,2026-07-10T11:52:14,DELIVERED,105903.94
ORDER_000001432,CUSTOMER_000000432,2026-04-12T02:23:52,DELIVERED,166122.15
ORDER_000001433,CUSTOMER_000000433,2026-09-03T20:46:07,CONFIRMED,280782.40
ORDER_000001434,CUSTOMER_000000434,2026-07-14T02:46:59,CONFIRMED,118231.30
ORDER_000001435,CUSTOMER_000000435,2026-06-25T14:05:08,SHIPPED,400073.73
ORDER_000001436,CUSTOMER_000000436,2026-09-13T11:17,DELIVERED,116782.66
ORDER_000001437,CUSTOMER_000000437,2026-04-11T05:33:35,DELIVERED,120404.23
ORDER_000001438,CUSTOMER_000000438,2026-05-17T15:00:09,DELIVERED,414740.58
ORDER_000001439,CUSTOMER_000000439,2026-11-27T09:03:40,DELIVERED,318928.31
ORDER_000001440,CUSTOMER_000000440,2026-12-12T18:14:29,DELIVERED,76358.97
ORDER_000001441,CUSTOMER_000000441,2026-03-13T05:20:27,DELIVERED,218162.29
ORDER_000001442,CUSTOMER_000000442,2026-11-30T02:57:37,DELIVERED,230988.42
ORDER_000001443,CUSTOMER_000000443,2026-08-29T12:51:01,CONFIRMED,147986.37
ORDER_000001444,CUSTOMER_000000444,2026-02-10T04:04:14,PLACED,254286.56
ORDER_000001445,CUSTOMER_000000445,2026-08-20T00:52:27,DELIVERED,265430.84
ORDER_000001446,CUSTOMER_000000446,2026-12-04T07:50:38,SHIPPED,304856.58
ORDER_000001447,CUSTOMER_000000447,2026-12-12T21:54:15,DELIVERED,444271.48
ORDER_000001448,CUSTOMER_000000448,2026-07-19T10:20:36,DELIVERED,189579.08
ORDER_000001449,CUSTOMER_000000449,2026-02-01T08:13:54,DELIVERED,296685.27
ORDER_000001450,CUSTOMER_000000450,2026-09-02T23:27:46,CANCELLED,140188.95
ORDER_000001451,CUSTOMER_000000451,2026-05-07T14:53:46,DELIVERED,341366.37
ORDER_000001452,CUSTOMER_000000452,2026-04-23T06:50:52,SHIPPED,383295.65
ORDER_000001453,CUSTOMER_000000453,2026-07-21T05:53:21,DELIVERED,484357.70
ORDER_000001454,CUSTOMER_000000454,2026-12-21T08:25:01,DELIVERED,603569.22
ORDER_000001455,CUSTOMER_000000455,2026-07-23T05:17:15,DELIVERED,99903.64
ORDER_000001456,CUSTOMER_000000456,2026-01-04T19:11:37,SHIPPED,252456.61
ORDER_000001457,CUSTOMER_000000457,2026-08-01T20:58:51,DELIVERED,560635.32
ORDER_000001458,CUSTOMER_000000458,2026-07-05T20:27:02,SHIPPED,301481.74
ORDER_000001459,CUSTOMER_000000459,2026-02-01T04:23:45,DELIVERED,655316.36
ORDER_000001460,CUSTOMER_000000460,2026-10-28T13:08,DELIVERED,369124.83
ORDER_000001461,CUSTOMER_000000461,2026-04-08T05:07:58,SHIPPED,347826.90
ORDER_000001462,CUSTOMER_000000462,2026-09-28T07:20:49,PLACED,171511.88
ORDER_000001463,CUSTOMER_000000463,2026-12-16T00:26:17,DELIVERED,357375.04
ORDER_000001464,CUSTOMER_000000464,2026-05-02T08:45:18,DELIVERED,148684.36
ORDER_000001465,CUSTOMER_000000465,2026-01-26T21:55:55,SHIPPED,212982.02
ORDER_000001466,CUSTOMER_000000466,2026-01-13T01:41:49,DELIVERED,432759.98
ORDER_000001467,CUSTOMER_000000467,2026-01-28T02:12:46,DELIVERED,387886.88
ORDER_000001468,CUSTOMER_000000468,2026-05-05T22:10:04,PLACED,150105.50
ORDER_000001469,CUSTOMER_000000469,2026-03-19T05:01:14,SHIPPED,361290.84
ORDER_000001470,CUSTOMER_000000470,2026-04-26T03:48:41,SHIPPED,382479.79
ORDER_000001471,CUSTOMER_000000471,2026-09-02T19:16:50,SHIPPED,749647.47
ORDER_000001472,CUSTOMER_000000472,2026-08-03T13:03:22,DELIVERED,214104.71
ORDER_000001473,CUSTOMER_000000473,2026-08-05T23:30:42,DELIVERED,379438.86
ORDER_000001474,CUSTOMER_000000474,2026-10-14T16:51:47,DELIVERED,105034.05
ORDER_000001475,CUSTOMER_000000475,2026-12-24T11:53:48,DELIVERED,389479.23
ORDER_000001476,CUSTOMER_000000476,2026-04-27T10:16:37,DELIVERED,252445.17
ORDER_000001477,CUSTOMER_000000477,2026-03-01T19:02:18,CANCELLED,151811.46
ORDER_000001478,CUSTOMER_000000478,2026-01-17T07:16:42,DELIVERED,224018.09
ORDER_000001479,CUSTOMER_000000479,2026-05-01T17:38:41,DELIVERED,453177.13
ORDER_000001480,CUSTOMER_000000480,2026-10-16T15:32:40,DELIVERED,510030.81
ORDER_000001481,CUSTOMER_000000481,2026-07-26T17:58:43,DELIVERED,36565.67
ORDER_000001482,CUSTOMER_000000482,2026-09-18T03:29:08,PLACED,385634.43
ORDER_000001483,CUSTOMER_000000483,2026-05-20T06:15:27,CONFIRMED,247863.44
ORDER_000001484,CUSTOMER_000000484,2026-08-29T17:51:16,CONFIRMED,274631.48
ORDER_000001485,CUSTOMER_000000485,2026-04-21T16:07:02,CONFIRMED,165307.70
ORDER_000001486,CUSTOMER_000000486,2026-11-28T07:09:32,DELIVERED,443965.87
ORDER_000001487,CUSTOMER_000000487,2026-03-04T19:22:49,DELIVERED,275933.35
ORDER_000001488,CUSTOMER_000000488,2026-07-03T04:14:17,CONFIRMED,252285.60
ORDER_000001489,CUSTOMER_000000489,2026-10-08T17:38:21,DELIVERED,700294.65
ORDER_000001490,CUSTOMER_000000490,2026-11-23T17:56:50,SHIPPED,231779.70
ORDER_000001491,CUSTOMER_000000491,2026-07-25T04:43:29,CONFIRMED,145041.60
ORDER_000001492,CUSTOMER_000000492,2026-09-24T08:24:15,DELIVERED,350681.64
ORDER_000001493,CUSTOMER_000000493,2026-06-03T13:16:28,DELIVERED,805039.70
ORDER_000001494,CUSTOMER_000000494,2026-07-12T15:19:03,CONFIRMED,161661.42
ORDER_000001495,CUSTOMER_000000495,2026-08-11T20:56:58,DELIVERED,138932.52
ORDER_000001496,CUSTOMER_000000496,2026-11-25T03:14:17,CONFIRMED,169171.39
ORDER_000001497,CUSTOMER_000000497,2026-04-27T05:43:55,DELIVERED,456470.73
ORDER_000001498,CUSTOMER_000000498,2026-02-01T21:35:11,DELIVERED,386807.38
ORDER_000001499,CUSTOMER_000000499,2026-06-17T09:13:14,SHIPPED,662399.02
ORDER_000001500,CUSTOMER_000000500,2026-03-24T23:16:19,SHIPPED,599106.58
ORDER_000001501,CUSTOMER_000000501,2026-10-13T18:33:25,SHIPPED,193917.28
ORDER_000001502,CUSTOMER_000000502,2026-10-04T21:12:24,DELIVERED,377737.05
ORDER_000001503,CUSTOMER_000000503,2026-06-11T02:08:53,DELIVERED,210896.08
ORDER_000001504,CUSTOMER_000000504,2026-07-11T16:06:22,DELIVERED,289845.49
ORDER_000001505,CUSTOMER_000000505,2026-09-25T18:19:02,DELIVERED,314415.75
ORDER_000001506,CUSTOMER_000000506,2026-03-25T02:07:57,SHIPPED,330632.85
ORDER_000001507,CUSTOMER_000000507,2026-02-25T17:13:57,DELIVERED,756461.36
ORDER_000001508,CUSTOMER_000000508,2026-07-08T13:53:15,DELIVERED,500946.47
ORDER_000001509,CUSTOMER_000000509,2026-11-05T13:32:17,CONFIRMED,470439.44
ORDER_000001510,CUSTOMER_000000510,2026-08-04T12:28:13,DELIVERED,107756.07
ORDER_000001511,CUSTOMER_000000511,2026-02-16T07:02:26,CONFIRMED,64596.70
ORDER_000001512,CUSTOMER_000000512,2026-12-31T18:00:18,DELIVERED,103122.33
ORDER_000001513,CUSTOMER_000000513,2026-09-30T19:59:45,DELIVERED,302217.41
ORDER_000001514,CUSTOMER_000000514,2026-06-24T09:54:39,CONFIRMED,253474.97
ORDER_000001515,CUSTOMER_000000515,2026-03-23T16:24:02,SHIPPED,277305.77
ORDER_000001516,CUSTOMER_000000516,2026-11-22T21:02:11,CANCELLED,503741.84
ORDER_000001517,CUSTOMER_000000517,2026-01-20T05:27:04,DELIVERED,133394.78
ORDER_000001518,CUSTOMER_000000518,2026-01-07T07:30:49,SHIPPED,341748.55
ORDER_000001519,CUSTOMER_000000519,2026-09-23T14:31:14,DELIVERED,160342.48
ORDER_000001520,CUSTOMER_000000520,2026-01-04T18:00:53,CONFIRMED,117479.12
ORDER_000001521,CUSTOMER_000000521,2026-04-08T18:10:04,SHIPPED,561868.73
ORDER_000001522,CUSTOMER_000000522,2026-11-22T04:41:35,DELIVERED,199607.98
ORDER_000001523,CUSTOMER_000000523,2026-09-03T05:55:42,DELIVERED,128024.20
ORDER_000001524,CUSTOMER_000000524,2026-05-04T00:08:25,SHIPPED,148923.82
ORDER_000001525,CUSTOMER_000000525,2026-08-26T20:36:11,DELIVERED,181019.04
ORDER_000001526,CUSTOMER_000000526,2026-12-05T09:07:50,DELIVERED,47289.51
ORDER_000001527,CUSTOMER_000000527,2026-01-13T21:07:14,DELIVERED,68981.62
ORDER_000001528,CUSTOMER_000000528,2026-04-02T23:25:35,CONFIRMED,273159.68
ORDER_000001529,CUSTOMER_000000529,2026-05-15T00:36:23,DELIVERED,112494.20
ORDER_000001530,CUSTOMER_000000530,2026-02-11T00:35:26,DELIVERED,219143.94
ORDER_000001531,CUSTOMER_000000531,2026-10-31T10:12:54,DELIVERED,391366.32
ORDER_000001532,CUSTOMER_000000532,2026-01-01T05:38:04,SHIPPED,519168.61
ORDER_000001533,CUSTOMER_000000533,2026-07-09T22:43:31,DELIVERED,487505.60
ORDER_000001534,CUSTOMER_000000534,2026-03-04T05:14:32,CONFIRMED,139512.35
ORDER_000001535,CUSTOMER_000000535,2026-07-06T21:27:29,CONFIRMED,152800.57
ORDER_000001536,CUSTOMER_000000536,2026-08-06T17:35:15,DELIVERED,91072.45
ORDER_000001537,CUSTOMER_000000537,2026-08-27T01:37:44,DELIVERED,343397.56
ORDER_000001538,CUSTOMER_000000538,2026-08-13T15:19:10,SHIPPED,177660.87
ORDER_000001539,CUSTOMER_000000539,2026-10-26T03:02:32,DELIVERED,348376.28
ORDER_000001540,CUSTOMER_000000540,2026-05-29T17:10:19,PLACED,514761.35
ORDER_000001541,CUSTOMER_000000541,2026-05-21T19:19:31,CONFIRMED,325692.89
ORDER_000001542,CUSTOMER_000000542,2026-12-20T08:27:46,SHIPPED,295174.33
ORDER_000001543,CUSTOMER_000000543,2026-06-26T21:51:18,DELIVERED,318962.39
ORDER_000001544,CUSTOMER_000000544,2026-12-08T13:07:17,DELIVERED,455356.62
ORDER_000001545,CUSTOMER_000000545,2026-01-09T06:57:16,DELIVERED,355131.03
ORDER_000001546,CUSTOMER_000000546,2026-10-05T18:34:09,SHIPPED,508473.15
ORDER_000001547,CUSTOMER_000000547,2026-01-12T00:05:36,CONFIRMED,87307.66
ORDER_000001548,CUSTOMER_000000548,2026-06-01T17:03:36,DELIVERED,201692.96
ORDER_000001549,CUSTOMER_000000549,2026-11-02T18:56:11,DELIVERED,880319.45
ORDER_000001550,CUSTOMER_000000550,2026-10-18T05:00:19,DELIVERED,325177.41
ORDER_000001551,CUSTOMER_000000551,2026-03-27T21:38:17,DELIVERED,452464.95
ORDER_000001552,CUSTOMER_000000552,2026-11-20T14:33:58,DELIVERED,272463.80
ORDER_000001553,CUSTOMER_000000553,2026-09-01T02:08:26,DELIVERED,543686.81
ORDER_000001554,CUSTOMER_000000554,2026-08-01T10:17:31,DELIVERED,325690.12
ORDER_000001555,CUSTOMER_000000555,2026-12-09T17:10:23,SHIPPED,205778.24
ORDER_000001556,CUSTOMER_000000556,2026-02-03T13:59:38,PLACED,393028.30
ORDER_000001557,CUSTOMER_000000557,2026-07-04T12:39:53,DELIVERED,47319.38
ORDER_000001558,CUSTOMER_000000558,2026-02-14T05:06:31,CONFIRMED,125632.43
ORDER_000001559,CUSTOMER_000000559,2026-09-21T21:24:19,CONFIRMED,51042.43
ORDER_000001560,CUSTOMER_000000560,2026-12-21T15:47:51,DELIVERED,486081.88
ORDER_000001561,CUSTOMER_000000561,2026-02-22T06:38:19,DELIVERED,141143.86
ORDER_000001562,CUSTOMER_000000562,2026-11-06T10:28:30,DELIVERED,189216.13
ORDER_000001563,CUSTOMER_000000563,2026-01-04T08:21:33,DELIVERED,124845.02
ORDER_000001564,CUSTOMER_000000564,2026-09-04T01:24:53,CONFIRMED,181989.00
ORDER_000001565,CUSTOMER_000000565,2026-09-28T06:27:45,DELIVERED,444912.13
ORDER_000001566,CUSTOMER_000000566,2026-08-02T04:30:22,PLACED,410917.75
ORDER_000001567,CUSTOMER_000000567,2026-12-11T02:04:25,DELIVERED,153748.03
ORDER_000001568,CUSTOMER_000000568,2026-01-31T15:15:11,DELIVERED,242246.05
ORDER_000001569,CUSTOMER_000000569,2026-05-31T22:29:23,PLACED,261754.01
ORDER_000001570,CUSTOMER_000000570,2026-12-19T08:26:49,DELIVERED,487187.48
ORDER_000001571,CUSTOMER_000000571,2026-02-27T10:53:27,DELIVERED,15566.06
ORDER_000001572,CUSTOMER_000000572,2026-03-05T11:28:06,CONFIRMED,235342.48
ORDER_000001573,CUSTOMER_000000573,2026-02-13T06:37:53,SHIPPED,287883.20
ORDER_000001574,CUSTOMER_000000574,2026-01-16T05:15:08,DELIVERED,297313.81
ORDER_000001575,CUSTOMER_000000575,2026-01-04T23:28:02,CONFIRMED,164135.19
ORDER_000001576,CUSTOMER_000000576,2026-06-03T12:48:23,PLACED,284504.86
ORDER_000001577,CUSTOMER_000000577,2026-09-29T09:39:17,DELIVERED,183162.07
ORDER_000001578,CUSTOMER_000000578,2026-06-20T18:12:07,SHIPPED,170538.98
ORDER_000001579,CUSTOMER_000000579,2026-07-25T18:28:06,DELIVERED,205777.52
ORDER_000001580,CUSTOMER_000000580,2026-08-11T07:12:32,DELIVERED,543990.49
ORDER_000001581,CUSTOMER_000000581,2026-08-02T02:06:54,CONFIRMED,167077.16
ORDER_000001582,CUSTOMER_000000582,2026-02-13T12:04:44,DELIVERED,225409.30
ORDER_000001583,CUSTOMER_000000583,2026-04-30T08:23:15,CONFIRMED,82117.01
ORDER_000001584,CUSTOMER_000000584,2026-09-03T10:15:47,SHIPPED,131814.89
ORDER_000001585,CUSTOMER_000000585,2026-02-12T13:15:47,DELIVERED,34176.30
ORDER_000001586,CUSTOMER_000000586,2026-08-30T09:34:10,DELIVERED,143046.89
ORDER_000001587,CUSTOMER_000000587,2026-04-24T15:53:45,DELIVERED,207611.78
ORDER_000001588,CUSTOMER_000000588,2026-12-03T04:56:58,CONFIRMED,415442.29
ORDER_000001589,CUSTOMER_000000589,2026-01-02T19:35:50,SHIPPED,384484.04
ORDER_000001590,CUSTOMER_000000590,2026-09-07T22:36:45,CONFIRMED,325526.05
ORDER_000001591,CUSTOMER_000000591,2026-04-27T19:59:02,DELIVERED,276424.39
ORDER_000001592,CUSTOMER_000000592,2026-11-13T10:03:59,SHIPPED,386123.43
ORDER_000001593,CUSTOMER_000000593,2026-06-07T18:20,DELIVERED,383880.70
ORDER_000001594,CUSTOMER_000000594,2026-09-23T21:18:38,DELIVERED,312728.94
ORDER_000001595,CUSTOMER_000000595,2026-10-04T08:41:21,DELIVERED,604266.32
ORDER_000001596,CUSTOMER_000000596,2026-03-04T15:38:58,SHIPPED,624819.59
ORDER_000001597,CUSTOMER_000000597,2026-12-18T14:33:49,DELIVERED,831812.44
ORDER_000001598,CUSTOMER_000000598,2026-02-02T21:16:45,DELIVERED,227592.72
ORDER_000001599,CUSTOMER_000000599,2026-11-24T09:28:44,CONFIRMED,140849.22
ORDER_000001600,CUSTOMER_000000600,2026-04-28T14:43:30,CONFIRMED,176332.05
ORDER_000001601,CUSTOMER_000000601,2026-05-10T09:17:21,DELIVERED,289663.76
ORDER_000001602,CUSTOMER_000000602,2026-12-21T11:48:20,DELIVERED,62399.19
ORDER_000001603,CUSTOMER_000000603,2026-10-20T20:47:14,PLACED,295832.50
ORDER_000001604,CUSTOMER_000000604,2026-03-22T01:38:14,CANCELLED,351069.34
ORDER_000001605,CUSTOMER_000000605,2026-11-23T03:33:29,CONFIRMED,273690.74
ORDER_000001606,CUSTOMER_000000606,2026-03-10T22:42:18,DELIVERED,366117.45
ORDER_000001607,CUSTOMER_000000607,2026-05-01T22:00:04,CANCELLED,365199.74
ORDER_000001608,CUSTOMER_000000608,2026-10-03T07:49:08,DELIVERED,303439.09
ORDER_000001609,CUSTOMER_000000609,2026-06-04T11:33:55,DELIVERED,245631.75
ORDER_000001610,CUSTOMER_000000610,2026-10-14T16:04:16,SHIPPED,85343.56
ORDER_000001611,CUSTOMER_000000611,2026-08-23T03:20:45,DELIVERED,268167.38
ORDER_000001612,CUSTOMER_000000612,2026-03-07T10:30:26,DELIVERED,359138.46
ORDER_000001613,CUSTOMER_000000613,2026-02-21T04:34:56,DELIVERED,111494.49
ORDER_000001614,CUSTOMER_000000614,2026-12-13T23:28:19,DELIVERED,134745.37
ORDER_000001615,CUSTOMER_000000615,2026-05-05T05:49:22,DELIVERED,466289.25
ORDER_000001616,CUSTOMER_000000616,2026-08-18T13:36:35,SHIPPED,376991.84
ORDER_000001617,CUSTOMER_000000617,2026-11-02T09:11:21,DELIVERED,283016.98
ORDER_000001618,CUSTOMER_000000618,2026-09-20T05:18:28,DELIVERED,459943.49
ORDER_000001619,CUSTOMER_000000619,2026-05-23T17:48:40,CONFIRMED,202226.30
ORDER_000001620,CUSTOMER_000000620,2026-01-02T13:58:18,DELIVERED,173605.63
ORDER_000001621,CUSTOMER_000000621,2026-12-16T16:06:58,PLACED,651024.00
ORDER_000001622,CUSTOMER_000000622,2026-06-02T22:23:14,CONFIRMED,118867.51
ORDER_000001623,CUSTOMER_000000623,2026-05-14T21:01:46,SHIPPED,814877.45
ORDER_000001624,CUSTOMER_000000624,2026-02-02T17:19:34,CONFIRMED,454146.07
ORDER_000001625,CUSTOMER_000000625,2026-01-12T04:12:25,CONFIRMED,172287.72
ORDER_000001626,CUSTOMER_000000626,2026-04-06T01:50:41,DELIVERED,403747.27
ORDER_000001627,CUSTOMER_000000627,2026-09-26T13:04:06,SHIPPED,519243.90
ORDER_000001628,CUSTOMER_000000628,2026-01-24T02:36:04,DELIVERED,94019.02
ORDER_000001629,CUSTOMER_000000629,2026-04-29T15:29:06,DELIVERED,259440.14
ORDER_000001630,CUSTOMER_000000630,2026-09-24T02:57:37,DELIVERED,512733.17
ORDER_000001631,CUSTOMER_000000631,2026-04-20T06:20:40,DELIVERED,168051.57
ORDER_000001632,CUSTOMER_000000632,2026-05-19T07:19:49,DELIVERED,84599.69
ORDER_000001633,CUSTOMER_000000633,2026-12-02T16:24:20,SHIPPED,557877.70
ORDER_000001634,CUSTOMER_000000634,2026-05-12T06:06:02,DELIVERED,70011.82
ORDER_000001635,CUSTOMER_000000635,2026-11-07T09:59:01,CONFIRMED,143357.07
ORDER_000001636,CUSTOMER_000000636,2026-06-25T14:28:05,CANCELLED,166165.32
ORDER_000001637,CUSTOMER_000000637,2026-04-26T23:10:27,SHIPPED,435609.56
ORDER_000001638,CUSTOMER_000000638,2026-04-29T00:38:22,PLACED,445177.71
ORDER_000001639,CUSTOMER_000000639,2026-01-23T20:01:06,DELIVERED,499438.34
ORDER_000001640,CUSTOMER_000000640,2026-12-01T00:39:35,CANCELLED,212812.67
ORDER_000001641,CUSTOMER_000000641,2026-09-07T11:40:11,DELIVERED,481653.74
ORDER_000001642,CUSTOMER_000000642,2026-01-07T10:01:18,CONFIRMED,292618.56
ORDER_000001643,CUSTOMER_000000643,2026-08-23T07:50:07,CONFIRMED,518584.51
ORDER_000001644,CUSTOMER_000000644,2026-05-25T22:41:21,DELIVERED,368677.65
ORDER_000001645,CUSTOMER_000000645,2026-02-06T01:41:11,CANCELLED,219976.11
ORDER_000001646,CUSTOMER_000000646,2026-08-05T17:34,DELIVERED,546190.11
ORDER_000001647,CUSTOMER_000000647,2026-04-19T06:01:22,SHIPPED,340639.58
ORDER_000001648,CUSTOMER_000000648,2026-12-01T22:00:27,DELIVERED,416787.99
ORDER_000001649,CUSTOMER_000000649,2026-06-27T08:46:38,DELIVERED,146427.59
ORDER_000001650,CUSTOMER_000000650,2026-01-01T05:19:22,DELIVERED,181304.54
ORDER_000001651,CUSTOMER_000000651,2026-03-13T12:27:32,DELIVERED,173277.80
ORDER_000001652,CUSTOMER_000000652,2026-04-05T06:01:43,DELIVERED,106530.40
ORDER_000001653,CUSTOMER_000000653,2026-10-23T17:39:41,CANCELLED,571200.63
ORDER_000001654,CUSTOMER_000000654,2026-05-24T23:59:50,CONFIRMED,359404.46
ORDER_000001655,CUSTOMER_000000655,2026-04-26T06:03:01,SHIPPED,77097.52
ORDER_000001656,CUSTOMER_000000656,2026-10-05T08:33:28,SHIPPED,454093.92
ORDER_000001657,CUSTOMER_000000657,2026-10-24T14:05:23,SHIPPED,429583.39
ORDER_000001658,CUSTOMER_000000658,2026-05-03T01:42,SHIPPED,68502.94
ORDER_000001659,CUSTOMER_000000659,2026-12-21T07:51:04,DELIVERED,179240.19
ORDER_000001660,CUSTOMER_000000660,2026-09-19T22:19:51,SHIPPED,300867.60
ORDER_000001661,CUSTOMER_000000661,2026-05-10T02:24:27,DELIVERED,539791.40
ORDER_000001662,CUSTOMER_000000662,2026-07-26T23:42:10,DELIVERED,650160.90
ORDER_000001663,CUSTOMER_000000663,2026-05-03T16:49:26,DELIVERED,289110.08
ORDER_000001664,CUSTOMER_000000664,2026-05-22T06:09:01,DELIVERED,346384.33
ORDER_000001665,CUSTOMER_000000665,2026-08-31T09:20:04,PLACED,340104.48
ORDER_000001666,CUSTOMER_000000666,2026-03-05T01:51:32,SHIPPED,580399.98
ORDER_000001667,CUSTOMER_000000667,2026-04-07T18:19:03,DELIVERED,221472.60
ORDER_000001668,CUSTOMER_000000668,2026-10-25T20:44:23,SHIPPED,510151.16
ORDER_000001669,CUSTOMER_000000669,2026-09-12T17:43:34,SHIPPED,312226.44
ORDER_000001670,CUSTOMER_000000670,2026-10-24T08:00:54,DELIVERED,148779.27
ORDER_000001671,CUSTOMER_000000671,2026-12-06T13:59:38,SHIPPED,462146.81
ORDER_000001672,CUSTOMER_000000672,2026-02-25T17:17:35,DELIVERED,121431.52
ORDER_000001673,CUSTOMER_000000673,2026-03-06T17:36:35,DELIVERED,303345.92
ORDER_000001674,CUSTOMER_000000674,2026-08-17T02:22:04,DELIVERED,342627.61
ORDER_000001675,CUSTOMER_000000675,2026-03-10T18:41:57,DELIVERED,15965.83
ORDER_000001676,CUSTOMER_000000676,2026-05-01T22:29:58,SHIPPED,544750.29
ORDER_000001677,CUSTOMER_000000677,2026-09-28T07:10:27,DELIVERED,296163.67
ORDER_000001678,CUSTOMER_000000678,2026-03-25T23:56:11,PLACED,452285.32
ORDER_000001679,CUSTOMER_000000679,2026-01-29T06:31:31,DELIVERED,240549.77
ORDER_000001680,CUSTOMER_000000680,2026-11-25T02:42:55,DELIVERED,375058.45
ORDER_000001681,CUSTOMER_000000681,2026-04-19T07:16:25,CANCELLED,35546.07
ORDER_000001682,CUSTOMER_000000682,2026-02-26T05:10:01,SHIPPED,592086.56
ORDER_000001683,CUSTOMER_000000683,2026-03-18T17:19:44,DELIVERED,497480.59
ORDER_000001684,CUSTOMER_000000684,2026-02-23T04:07:50,CONFIRMED,511995.16
ORDER_000001685,CUSTOMER_000000685,2026-08-25T04:23:21,DELIVERED,257078.83
ORDER_000001686,CUSTOMER_000000686,2026-04-28T13:37:39,DELIVERED,187383.15
ORDER_000001687,CUSTOMER_000000687,2026-09-24T05:18:27,CONFIRMED,167438.50
ORDER_000001688,CUSTOMER_000000688,2026-10-20T16:10:58,DELIVERED,206135.85
ORDER_000001689,CUSTOMER_000000689,2026-12-15T17:49:23,SHIPPED,673205.69
ORDER_000001690,CUSTOMER_000000690,2026-11-20T15:52:44,DELIVERED,540499.66
ORDER_000001691,CUSTOMER_000000691,2026-06-05T08:50:22,CONFIRMED,567164.85
ORDER_000001692,CUSTOMER_000000692,2026-12-17T12:46:56,DELIVERED,350233.22
ORDER_000001693,CUSTOMER_000000693,2026-03-12T05:39:29,DELIVERED,303667.62
ORDER_000001694,CUSTOMER_000000694,2026-03-12T01:15:01,DELIVERED,185589.48
ORDER_000001695,CUSTOMER_000000695,2026-06-08T13:29:34,DELIVERED,335673.54
ORDER_000001696,CUSTOMER_000000696,2026-08-13T04:01:27,CANCELLED,155679.70
ORDER_000001697,CUSTOMER_000000697,2026-08-28T08:41:53,DELIVERED,116865.43
ORDER_000001698,CUSTOMER_000000698,2026-12-27T17:26:30,CANCELLED,612956.00
ORDER_000001699,CUSTOMER_000000699,2026-02-13T06:00:30,DELIVERED,328511.80
ORDER_000001700,CUSTOMER_000000700,2026-12-03T05:02:46,DELIVERED,291646.81
ORDER_000001701,CUSTOMER_000000701,2026-01-02T05:37:27,SHIPPED,65025.53
ORDER_000001702,CUSTOMER_000000702,2026-01-29T07:21,DELIVERED,277833.80
ORDER_000001703,CUSTOMER_000000703,2026-01-05T08:31:45,CONFIRMED,251807.71
ORDER_000001704,CUSTOMER_000000704,2026-02-26T23:35:47,DELIVERED,416951.07
ORDER_000001705,CUSTOMER_000000705,2026-09-16T11:29:04,DELIVERED,382320.74
ORDER_000001706,CUSTOMER_000000706,2026-10-17T16:47:52,DELIVERED,282426.56
ORDER_000001707,CUSTOMER_000000707,2026-12-16T23:26:43,DELIVERED,606418.65
ORDER_000001708,CUSTOMER_000000708,2026-06-11T22:51:32,PLACED,42624.66
ORDER_000001709,CUSTOMER_000000709,2026-09-18T05:07:36,DELIVERED,243302.40
ORDER_000001710,CUSTOMER_000000710,2026-05-20T22:23:49,DELIVERED,190124.92
ORDER_000001711,CUSTOMER_000000711,2026-09-02T03:11:17,DELIVERED,5407.14
ORDER_000001712,CUSTOMER_000000712,2026-03-16T12:34:32,DELIVERED,342126.24
ORDER_000001713,CUSTOMER_000000713,2026-12-22T19:43:42,DELIVERED,353475.51
ORDER_000001714,CUSTOMER_000000714,2026-06-24T04:08:10,DELIVERED,375953.10
ORDER_000001715,CUSTOMER_000000715,2026-08-11T00:54:17,DELIVERED,224430.66
ORDER_000001716,CUSTOMER_000000716,2026-04-20T12:17:40,DELIVERED,72949.67
ORDER_000001717,CUSTOMER_000000717,2026-07-03T17:24:06,DELIVERED,241163.85
ORDER_000001718,CUSTOMER_000000718,2026-03-04T10:14:07,DELIVERED,464356.59
ORDER_000001719,CUSTOMER_000000719,2026-09-02T03:21,DELIVERED,147277.05
ORDER_000001720,CUSTOMER_000000720,2026-08-13T00:51:33,PLACED,356167.02
ORDER_000001721,CUSTOMER_000000721,2026-08-21T07:23:57,CONFIRMED,276261.33
ORDER_000001722,CUSTOMER_000000722,2026-07-10T11:53:30,PLACED,326668.78
ORDER_000001723,CUSTOMER_000000723,2026-06-28T02:02:35,DELIVERED,518824.08
ORDER_000001724,CUSTOMER_000000724,2026-12-11T18:16:50,DELIVERED,235846.32
ORDER_000001725,CUSTOMER_000000725,2026-11-26T23:55:35,DELIVERED,418190.10
ORDER_000001726,CUSTOMER_000000726,2026-10-14T18:45:21,PLACED,110138.41
ORDER_000001727,CUSTOMER_000000727,2026-03-09T22:21:25,DELIVERED,480239.25
ORDER_000001728,CUSTOMER_000000728,2026-05-28T13:30:19,DELIVERED,342345.12
ORDER_000001729,CUSTOMER_000000729,2026-10-29T16:12,CONFIRMED,226812.92
ORDER_000001730,CUSTOMER_000000730,2026-09-19T12:54:34,DELIVERED,202470.34
ORDER_000001731,CUSTOMER_000000731,2026-10-23T17:34:29,DELIVERED,124710.85
ORDER_000001732,CUSTOMER_000000732,2026-05-29T05:29:11,DELIVERED,164557.97
ORDER_000001733,CUSTOMER_000000733,2026-12-08T13:39:27,CONFIRMED,81005.58
ORDER_000001734,CUSTOMER_000000734,2026-10-31T04:02:44,SHIPPED,352919.55
ORDER_000001735,CUSTOMER_000000735,2026-07-14T17:52:12,SHIPPED,221706.36
ORDER_000001736,CUSTOMER_000000736,2026-07-20T04:04:59,DELIVERED,299533.39
ORDER_000001737,CUSTOMER_000000737,2026-01-05T03:00:11,DELIVERED,204710.86
ORDER_000001738,CUSTOMER_000000738,2026-01-24T19:45:38,SHIPPED,387340.35
ORDER_000001739,CUSTOMER_000000739,2026-08-13T11:48:18,DELIVERED,334183.10
ORDER_000001740,CUSTOMER_000000740,2026-03-01T22:18:39,DELIVERED,343419.71
ORDER_000001741,CUSTOMER_000000741,2026-01-24T09:28:42,DELIVERED,178370.70
ORDER_000001742,CUSTOMER_000000742,2026-05-02T14:29:34,SHIPPED,62795.20
ORDER_000001743,CUSTOMER_000000743,2026-08-21T06:07:29,DELIVERED,306285.68
ORDER_000001744,CUSTOMER_000000744,2026-07-31T21:49:32,DELIVERED,45481.32
ORDER_000001745,CUSTOMER_000000745,2026-11-13T18:08:10,DELIVERED,215805.43
ORDER_000001746,CUSTOMER_000000746,2026-02-21T13:58:39,DELIVERED,525635.26
ORDER_000001747,CUSTOMER_000000747,2026-12-03T11:58:52,DELIVERED,250465.06
ORDER_000001748,CUSTOMER_000000748,2026-08-31T09:13:52,SHIPPED,431645.12
ORDER_000001749,CUSTOMER_000000749,2026-11-13T12:42:26,SHIPPED,293322.63
ORDER_000001750,CUSTOMER_000000750,2026-09-15T00:21:27,DELIVERED,412847.77
ORDER_000001751,CUSTOMER_000000751,2026-04-11T17:14:48,SHIPPED,297519.28
ORDER_000001752,CUSTOMER_000000752,2026-08-14T10:58:59,CONFIRMED,145832.51
ORDER_000001753,CUSTOMER_000000753,2026-06-28T02:26:53,CONFIRMED,114654.89
ORDER_000001754,CUSTOMER_000000754,2026-02-11T13:26:08,DELIVERED,301822.66
ORDER_000001755,CUSTOMER_000000755,2026-10-05T05:02:28,DELIVERED,211008.74
ORDER_000001756,CUSTOMER_000000756,2026-06-26T05:12:25,SHIPPED,287112.70
ORDER_000001757,CUSTOMER_000000757,2026-12-31T02:00:20,DELIVERED,164818.54
ORDER_000001758,CUSTOMER_000000758,2026-04-04T18:13:33,DELIVERED,24886.31
ORDER_000001759,CUSTOMER_000000759,2026-08-03T00:00:54,PLACED,315026.22
ORDER_000001760,CUSTOMER_000000760,2026-04-18T19:19:47,DELIVERED,251611.08
ORDER_000001761,CUSTOMER_000000761,2026-05-31T04:40:48,DELIVERED,170066.34
ORDER_000001762,CUSTOMER_000000762,2026-09-24T01:41:50,DELIVERED,661812.52
ORDER_000001763,CUSTOMER_000000763,2026-08-07T03:45:02,CONFIRMED,428363.32
ORDER_000001764,CUSTOMER_000000764,2026-12-10T08:57:22,CONFIRMED,308366.58
ORDER_000001765,CUSTOMER_000000765,2026-03-08T14:24:38,DELIVERED,478062.74
ORDER_000001766,CUSTOMER_000000766,2026-09-08T09:39:26,DELIVERED,243996.23
ORDER_000001767,CUSTOMER_000000767,2026-07-18T19:49:56,DELIVERED,281729.26
ORDER_000001768,CUSTOMER_000000768,2026-01-27T00:42:15,SHIPPED,210954.66
ORDER_000001769,CUSTOMER_000000769,2026-02-12T08:44:49,PLACED,497179.97
ORDER_000001770,CUSTOMER_000000770,2026-12-12T00:20:46,DELIVERED,359470.25
ORDER_000001771,CUSTOMER_000000771,2026-04-03T21:24:31,DELIVERED,141078.22
ORDER_000001772,CUSTOMER_000000772,2026-10-10T18:40:23,CONFIRMED,113942.92
ORDER_000001773,CUSTOMER_000000773,2026-12-07T16:03:24,DELIVERED,320683.99
ORDER_000001774,CUSTOMER_000000774,2026-03-23T04:42:21,DELIVERED,559994.05
ORDER_000001775,CUSTOMER_000000775,2026-09-17T08:52:27,SHIPPED,152267.35
ORDER_000001776,CUSTOMER_000000776,2026-08-07T13:04:13,DELIVERED,174650.89
ORDER_000001777,CUSTOMER_000000777,2026-05-19T22:04:17,CONFIRMED,97955.05
ORDER_000001778,CUSTOMER_000000778,2026-09-24T20:54:51,DELIVERED,165194.08
ORDER_000001779,CUSTOMER_000000779,2026-08-28T07:49:37,SHIPPED,199203.72
ORDER_000001780,CUSTOMER_000000780,2026-01-04T14:54:46,PLACED,459583.99
ORDER_000001781,CUSTOMER_000000781,2026-09-24T16:56:31,DELIVERED,175833.51
ORDER_000001782,CUSTOMER_000000782,2026-07-22T11:39:30,DELIVERED,564477.52
ORDER_000001783,CUSTOMER_000000783,2026-11-29T23:38:18,CONFIRMED,582035.80
ORDER_000001784,CUSTOMER_000000784,2026-06-06T09:54:44,DELIVERED,424520.53
ORDER_000001785,CUSTOMER_000000785,2026-05-19T02:03:47,DELIVERED,153528.00
ORDER_000001786,CUSTOMER_000000786,2026-04-18T23:07:58,CANCELLED,202432.62
ORDER_000001787,CUSTOMER_000000787,2026-06-06T03:47:30,CONFIRMED,115008.54
ORDER_000001788,CUSTOMER_000000788,2026-03-18T06:36:33,DELIVERED,379720.81
ORDER_000001789,CUSTOMER_000000789,2026-10-27T15:33:39,DELIVERED,369183.39
ORDER_000001790,CUSTOMER_000000790,2026-02-17T05:14:53,CONFIRMED,76065.70
ORDER_000001791,CUSTOMER_000000791,2026-02-27T15:28:09,DELIVERED,213069.01
ORDER_000001792,CUSTOMER_000000792,2026-06-11T15:25:52,DELIVERED,583482.70
ORDER_000001793,CUSTOMER_000000793,2026-09-19T21:22:04,CONFIRMED,141414.94
ORDER_000001794,CUSTOMER_000000794,2026-06-06T13:02:17,DELIVERED,668240.79
ORDER_000001795,CUSTOMER_000000795,2026-11-17T07:42:27,DELIVERED,293394.02
ORDER_000001796,CUSTOMER_000000796,2026-06-13T21:05:40,DELIVERED,78192.70
ORDER_000001797,CUSTOMER_000000797,2026-06-15T08:12:17,DELIVERED,750921.21
ORDER_000001798,CUSTOMER_000000798,2026-11-24T00:28:13,SHIPPED,58571.40
ORDER_000001799,CUSTOMER_000000799,2026-03-09T14:45:17,CONFIRMED,245289.07
ORDER_000001800,CUSTOMER_000000800,2026-07-15T16:26:28,CANCELLED,337767.17
ORDER_000001801,CUSTOMER_000000801,2026-12-05T22:44:18,DELIVERED,451170.22
ORDER_000001802,CUSTOMER_000000802,2026-05-29T18:44:03,DELIVERED,248313.36
ORDER_000001803,CUSTOMER_000000803,2026-07-31T22:54:20,DELIVERED,281613.28
ORDER_000001804,CUSTOMER_000000804,2026-09-17T11:03:37,DELIVERED,209644.15
ORDER_000001805,CUSTOMER_000000805,2026-10-31T13:16:15,DELIVERED,111939.75
ORDER_000001806,CUSTOMER_000000806,2026-09-24T21:05:35,CANCELLED,271495.80
ORDER_000001807,CUSTOMER_000000807,2026-11-27T21:04:35,DELIVERED,408168.00
ORDER_000001808,CUSTOMER_000000808,2026-02-25T16:58:44,CONFIRMED,780132.60
ORDER_000001809,CUSTOMER_000000809,2026-12-31T06:03:42,DELIVERED,213726.53
ORDER_000001810,CUSTOMER_000000810,2026-07-29T16:43:08,DELIVERED,333903.47
ORDER_000001811,CUSTOMER_000000811,2026-07-20T18:39:19,SHIPPED,97262.86
ORDER_000001812,CUSTOMER_000000812,2026-11-13T08:09:09,PLACED,264048.46
ORDER_000001813,CUSTOMER_000000813,2026-11-08T22:44:21,DELIVERED,166754.15
ORDER_000001814,CUSTOMER_000000814,2026-12-24T19:36:41,DELIVERED,257321.58
ORDER_000001815,CUSTOMER_000000815,2026-07-06T20:18:58,CONFIRMED,419099.32
ORDER_000001816,CUSTOMER_000000816,2026-12-06T21:28:50,DELIVERED,315846.90
ORDER_000001817,CUSTOMER_000000817,2026-10-27T16:13:52,DELIVERED,176070.29
ORDER_000001818,CUSTOMER_000000818,2026-09-08T08:15:09,CANCELLED,99325.01
ORDER_000001819,CUSTOMER_000000819,2026-06-15T02:27:33,DELIVERED,226680.68
ORDER_000001820,CUSTOMER_000000820,2026-11-30T21:04:20,SHIPPED,251045.93
ORDER_000001821,CUSTOMER_000000821,2026-09-29T10:06:12,DELIVERED,510727.26
ORDER_000001822,CUSTOMER_000000822,2026-12-09T10:02:53,SHIPPED,86317.87
ORDER_000001823,CUSTOMER_000000823,2026-02-22T06:58:26,DELIVERED,409772.87
ORDER_000001824,CUSTOMER_000000824,2026-04-19T19:22:32,DELIVERED,232247.68
ORDER_000001825,CUSTOMER_000000825,2026-11-16T11:59:41,DELIVERED,479498.89
ORDER_000001826,CUSTOMER_000000826,2026-02-01T07:27:02,CONFIRMED,326027.25
ORDER_000001827,CUSTOMER_000000827,2026-06-23T10:58:01,DELIVERED,148021.57
ORDER_000001828,CUSTOMER_000000828,2026-09-02T15:47:57,DELIVERED,411273.76
ORDER_000001829,CUSTOMER_000000829,2026-07-20T01:05:16,DELIVERED,211792.06
ORDER_000001830,CUSTOMER_000000830,2026-12-07T17:05:57,SHIPPED,360050.16
ORDER_000001831,CUSTOMER_000000831,2026-08-21T18:30:03,CANCELLED,208646.51
ORDER_000001832,CUSTOMER_000000832,2026-11-13T00:57:31,SHIPPED,197960.86
ORDER_000001833,CUSTOMER_000000833,2026-05-12T02:08:01,SHIPPED,432845.11
ORDER_000001834,CUSTOMER_000000834,2026-06-14T01:58:44,DELIVERED,455816.30
ORDER_000001835,CUSTOMER_000000835,2026-05-09T07:07:50,CONFIRMED,265866.52
ORDER_000001836,CUSTOMER_000000836,2026-12-02T10:07:31,SHIPPED,239511.18
ORDER_000001837,CUSTOMER_000000837,2026-01-16T17:23:57,DELIVERED,432493.92
ORDER_000001838,CUSTOMER_000000838,2026-05-15T19:03:12,CONFIRMED,396775.32
ORDER_000001839,CUSTOMER_000000839,2026-10-09T09:52:18,CONFIRMED,475289.68
ORDER_000001840,CUSTOMER_000000840,2026-04-03T11:07:14,DELIVERED,440350.53
ORDER_000001841,CUSTOMER_000000841,2026-12-31T18:48:24,DELIVERED,286503.11
ORDER_000001842,CUSTOMER_000000842,2026-05-04T11:15:08,DELIVERED,359004.40
ORDER_000001843,CUSTOMER_000000843,2026-10-30T08:51:24,DELIVERED,248686.76
ORDER_000001844,CUSTOMER_000000844,2026-01-01T01:20:28,DELIVERED,393431.05
ORDER_000001845,CUSTOMER_000000845,2026-12-09T16:30:09,CONFIRMED,323343.51
ORDER_000001846,CUSTOMER_000000846,2026-12-26T21:23:53,DELIVERED,325864.90
ORDER_000001847,CUSTOMER_000000847,2026-03-18T07:39:53,SHIPPED,327052.12
ORDER_000001848,CUSTOMER_000000848,2026-02-14T01:51:57,SHIPPED,374394.47
ORDER_000001849,CUSTOMER_000000849,2026-07-25T03:26:38,CONFIRMED,186920.38
ORDER_000001850,CUSTOMER_000000850,2026-01-17T00:36:09,CONFIRMED,321713.85
ORDER_000001851,CUSTOMER_000000851,2026-11-25T13:37:53,DELIVERED,436745.92
ORDER_000001852,CUSTOMER_000000852,2026-04-15T08:50:13,DELIVERED,223706.45
ORDER_000001853,CUSTOMER_000000853,2026-12-29T19:54:29,DELIVERED,293823.22
ORDER_000001854,CUSTOMER_000000854,2026-09-25T00:00:59,DELIVERED,145960.49
ORDER_000001855,CUSTOMER_000000855,2026-03-12T01:57:49,DELIVERED,119192.43
ORDER_000001856,CUSTOMER_000000856,2026-09-25T01:02:46,CONFIRMED,83545.08
ORDER_000001857,CUSTOMER_000000857,2026-11-17T04:46:18,CANCELLED,110022.24
ORDER_000001858,CUSTOMER_000000858,2026-06-01T04:51:44,DELIVERED,384328.93
ORDER_000001859,CUSTOMER_000000859,2026-12-08T18:49:45,DELIVERED,117705.66
ORDER_000001860,CUSTOMER_000000860,2026-12-19T03:48:30,DELIVERED,179412.70
ORDER_000001861,CUSTOMER_000000861,2026-12-02T03:26:20,CANCELLED,102389.14
ORDER_000001862,CUSTOMER_000000862,2026-07-16T22:38:47,DELIVERED,355338.61
ORDER_000001863,CUSTOMER_000000863,2026-08-23T16:08:53,CANCELLED,110431.13
ORDER_000001864,CUSTOMER_000000864,2026-02-01T01:06:21,DELIVERED,271138.28
ORDER_000001865,CUSTOMER_000000865,2026-02-24T13:01:08,PLACED,405529.98
ORDER_000001866,CUSTOMER_000000866,2026-02-02T19:52:04,DELIVERED,676298.39
ORDER_000001867,CUSTOMER_000000867,2026-09-28T03:40:57,SHIPPED,587549.34
ORDER_000001868,CUSTOMER_000000868,2026-11-30T12:41:07,DELIVERED,336574.78
ORDER_000001869,CUSTOMER_000000869,2026-02-23T09:18:07,SHIPPED,295002.03
ORDER_000001870,CUSTOMER_000000870,2026-04-14T15:20:46,SHIPPED,226779.73
ORDER_000001871,CUSTOMER_000000871,2026-04-23T04:17:12,DELIVERED,229145.91
ORDER_000001872,CUSTOMER_000000872,2026-07-29T12:38:54,CONFIRMED,463415.40
ORDER_000001873,CUSTOMER_000000873,2026-07-26T01:05:47,CONFIRMED,404327.72
ORDER_000001874,CUSTOMER_000000874,2026-11-29T19:44:13,DELIVERED,345134.98
ORDER_000001875,CUSTOMER_000000875,2026-02-05T02:29:43,DELIVERED,233598.43
ORDER_000001876,CUSTOMER_000000876,2026-07-17T01:52:23,CONFIRMED,93463.84
ORDER_000001877,CUSTOMER_000000877,2026-12-26T00:55:44,DELIVERED,570861.35
ORDER_000001878,CUSTOMER_000000878,2026-02-07T09:25:33,DELIVERED,471034.06
ORDER_000001879,CUSTOMER_000000879,2026-12-03T21:26:17,CONFIRMED,40730.49
ORDER_000001880,CUSTOMER_000000880,2026-05-05T10:06:20,DELIVERED,374776.58
ORDER_000001881,CUSTOMER_000000881,2026-07-05T06:07:50,CONFIRMED,681280.76
ORDER_000001882,CUSTOMER_000000882,2026-12-27T03:49:45,SHIPPED,80354.04
ORDER_000001883,CUSTOMER_000000883,2026-05-13T17:33:44,CANCELLED,212586.91
ORDER_000001884,CUSTOMER_000000884,2026-03-13T22:10,DELIVERED,471802.54
ORDER_000001885,CUSTOMER_000000885,2026-04-09T11:57:48,PLACED,212810.96
ORDER_000001886,CUSTOMER_000000886,2026-02-09T03:01:15,DELIVERED,155508.41
ORDER_000001887,CUSTOMER_000000887,2026-09-03T10:48:42,DELIVERED,207815.75
ORDER_000001888,CUSTOMER_000000888,2026-12-26T02:52:35,PLACED,199719.44
ORDER_000001889,CUSTOMER_000000889,2026-11-28T08:34:27,DELIVERED,422931.17
ORDER_000001890,CUSTOMER_000000890,2026-06-22T11:14:01,DELIVERED,72425.61
ORDER_000001891,CUSTOMER_000000891,2026-01-02T06:34:53,DELIVERED,698506.95
ORDER_000001892,CUSTOMER_000000892,2026-09-11T12:30:30,DELIVERED,518987.71
ORDER_000001893,CUSTOMER_000000893,2026-09-09T11:38:21,CONFIRMED,68918.77
ORDER_000001894,CUSTOMER_000000894,2026-07-17T21:53:10,DELIVERED,364783.55
ORDER_000001895,CUSTOMER_000000895,2026-08-28T22:15:08,SHIPPED,98573.58
ORDER_000001896,CUSTOMER_000000896,2026-10-15T06:15:33,CONFIRMED,54488.48
ORDER_000001897,CUSTOMER_000000897,2026-08-25T12:02:44,DELIVERED,450460.05
ORDER_000001898,CUSTOMER_000000898,2026-08-10T19:42:08,DELIVERED,117382.02
ORDER_000001899,CUSTOMER_000000899,2026-04-02T09:40:58,PLACED,178180.75
ORDER_000001900,CUSTOMER_000000900,2026-04-26T05:25:43,DELIVERED,120749.24
ORDER_000001901,CUSTOMER_000000901,2026-07-22T22:13:13,DELIVERED,564063.51
ORDER_000001902,CUSTOMER_000000902,2026-12-18T12:16:40,CANCELLED,201289.56
ORDER_000001903,CUSTOMER_000000903,2026-07-17T07:18:17,DELIVERED,448959.62
ORDER_000001904,CUSTOMER_000000904,2026-05-05T12:11:37,SHIPPED,428882.00
ORDER_000001905,CUSTOMER_000000905,2026-06-19T00:41:14,DELIVERED,549236.82
ORDER_000001906,CUSTOMER_000000906,2026-11-28T15:23:25,DELIVERED,224389.24
ORDER_000001907,CUSTOMER_000000907,2026-10-11T09:05:49,DELIVERED,561502.55
ORDER_000001908,CUSTOMER_000000908,2026-11-02T07:06:40,DELIVERED,810291.00
ORDER_000001909,CUSTOMER_000000909,2026-11-14T21:36:54,DELIVERED,273393.31
ORDER_000001910,CUSTOMER_000000910,2026-01-20T10:29:55,DELIVERED,90561.04
ORDER_000001911,CUSTOMER_000000911,2026-07-23T02:26:04,DELIVERED,237742.60
ORDER_000001912,CUSTOMER_000000912,2026-10-02T04:44:58,DELIVERED,211556.14
ORDER_000001913,CUSTOMER_000000913,2026-12-01T20:24:47,DELIVERED,283842.40
ORDER_000001914,CUSTOMER_000000914,2026-10-18T03:54:59,PLACED,126145.79
ORDER_000001915,CUSTOMER_000000915,2026-01-24T01:52:06,SHIPPED,416862.69
ORDER_000001916,CUSTOMER_000000916,2026-11-28T00:33:32,DELIVERED,531779.65
ORDER_000001917,CUSTOMER_000000917,2026-11-27T00:26:21,DELIVERED,193441.33
ORDER_000001918,CUSTOMER_000000918,2026-07-22T08:37:02,CONFIRMED,502576.18
ORDER_000001919,CUSTOMER_000000919,2026-03-24T03:37:09,DELIVERED,523526.28
ORDER_000001920,CUSTOMER_000000920,2026-02-17T13:06:45,CANCELLED,154258.68
ORDER_000001921,CUSTOMER_000000921,2026-02-26T02:38:12,SHIPPED,393446.00
ORDER_000001922,CUSTOMER_000000922,2026-12-30T21:22:52,SHIPPED,163259.97
ORDER_000001923,CUSTOMER_000000923,2026-02-15T02:20:59,SHIPPED,94931.73
ORDER_000001924,CUSTOMER_000000924,2026-10-31T06:20:19,DELIVERED,421501.51
ORDER_000001925,CUSTOMER_000000925,2026-10-14T03:50:26,PLACED,357050.49
ORDER_000001926,CUSTOMER_000000926,2026-03-11T16:18:11,DELIVERED,495236.17
ORDER_000001927,CUSTOMER_000000927,2026-08-26T14:04:31,CANCELLED,625932.85
ORDER_000001928,CUSTOMER_000000928,2026-05-28T21:47:01,DELIVERED,236855.59
ORDER_000001929,CUSTOMER_000000929,2026-10-16T13:39:08,DELIVERED,97848.52
ORDER_000001930,CUSTOMER_000000930,2026-11-05T23:38:45,CONFIRMED,217655.10
ORDER_000001931,CUSTOMER_000000931,2026-11-09T09:05:24,DELIVERED,141911.05
ORDER_000001932,CUSTOMER_000000932,2026-03-24T03:02:29,CONFIRMED,211954.74
ORDER_000001933,CUSTOMER_000000933,2026-12-31T14:52:57,DELIVERED,183482.94
ORDER_000001934,CUSTOMER_000000934,2026-09-11T06:10:28,DELIVERED,286658.44
ORDER_000001935,CUSTOMER_000000935,2026-07-16T16:50:46,DELIVERED,313141.71
ORDER_000001936,CUSTOMER_000000936,2026-03-20T12:02:32,SHIPPED,333724.99
ORDER_000001937,CUSTOMER_000000937,2026-08-27T21:51:03,SHIPPED,193412.28
ORDER_000001938,CUSTOMER_000000938,2026-11-01T17:39:22,CONFIRMED,200327.84
ORDER_000001939,CUSTOMER_000000939,2026-10-04T19:35,CANCELLED,248472.44
ORDER_000001940,CUSTOMER_000000940,2026-11-05T04:31:12,DELIVERED,353716.01
ORDER_000001941,CUSTOMER_000000941,2026-01-26T01:01:13,DELIVERED,378509.10
ORDER_000001942,CUSTOMER_000000942,2026-09-15T01:39:28,SHIPPED,82840.25
ORDER_000001943,CUSTOMER_000000943,2026-04-28T08:51:20,CONFIRMED,221090.42
ORDER_000001944,CUSTOMER_000000944,2026-09-24T23:51:23,DELIVERED,148375.42
ORDER_000001945,CUSTOMER_000000945,2026-11-05T14:49:24,DELIVERED,151556.32
ORDER_000001946,CUSTOMER_000000946,2026-07-08T08:11:03,DELIVERED,453917.15
ORDER_000001947,CUSTOMER_000000947,2026-10-14T17:47:03,DELIVERED,199751.67
ORDER_000001948,CUSTOMER_000000948,2026-10-14T01:00:17,DELIVERED,205086.48
ORDER_000001949,CUSTOMER_000000949,2026-07-13T16:53:38,CONFIRMED,462590.19
ORDER_000001950,CUSTOMER_000000950,2026-06-30T19:32:36,DELIVERED,207033.04
ORDER_000001951,CUSTOMER_000000951,2026-01-13T18:50:22,DELIVERED,515935.84
ORDER_000001952,CUSTOMER_000000952,2026-02-27T17:20:22,CONFIRMED,326968.29
ORDER_000001953,CUSTOMER_000000953,2026-09-28T18:48:56,CONFIRMED,537499.65
ORDER_000001954,CUSTOMER_000000954,2026-05-06T17:50:42,DELIVERED,346349.73
ORDER_000001955,CUSTOMER_000000955,2026-12-29T22:21:30,DELIVERED,351908.49
ORDER_000001956,CUSTOMER_000000956,2026-07-16T20:04:19,DELIVERED,303555.48
ORDER_000001957,CUSTOMER_000000957,2026-02-18T22:21:18,DELIVERED,24820.37
ORDER_000001958,CUSTOMER_000000958,2026-05-23T21:01:38,DELIVERED,489608.74
ORDER_000001959,CUSTOMER_000000959,2026-11-17T10:21:49,DELIVERED,399033.16
ORDER_000001960,CUSTOMER_000000960,2026-06-20T22:36:22,SHIPPED,112637.38
ORDER_000001961,CUSTOMER_000000961,2026-10-22T06:01:38,CONFIRMED,125381.20
ORDER_000001962,CUSTOMER_000000962,2026-02-17T19:39:44,DELIVERED,90104.76
ORDER_000001963,CUSTOMER_000000963,2026-12-06T19:19:50,DELIVERED,136648.86
ORDER_000001964,CUSTOMER_000000964,2026-08-04T23:31:01,DELIVERED,233158.92
ORDER_000001965,CUSTOMER_000000965,2026-06-27T06:37:26,DELIVERED,276405.90
ORDER_000001966,CUSTOMER_000000966,2026-03-14T02:51:11,SHIPPED,434992.41
ORDER_000001967,CUSTOMER_000000967,2026-04-22T16:24:48,SHIPPED,239439.55
ORDER_000001968,CUSTOMER_000000968,2026-04-26T02:48:05,DELIVERED,550245.17
ORDER_000001969,CUSTOMER_000000969,2026-02-02T23:32:15,DELIVERED,124847.24
ORDER_000001970,CUSTOMER_000000970,2026-05-25T04:11:25,DELIVERED,273761.96
ORDER_000001971,CUSTOMER_000000971,2026-11-19T02:18:59,CANCELLED,549203.04
ORDER_000001972,CUSTOMER_000000972,2026-11-08T23:40:45,DELIVERED,443011.30
ORDER_000001973,CUSTOMER_000000973,2026-03-07T03:00:38,DELIVERED,295138.37
ORDER_000001974,CUSTOMER_000000974,2026-12-14T20:41:09,DELIVERED,389446.54
ORDER_000001975,CUSTOMER_000000975,2026-09-01T01:55:50,CANCELLED,112393.04
ORDER_000001976,CUSTOMER_000000976,2026-05-22T23:54:20,DELIVERED,360818.65
ORDER_000001977,CUSTOMER_000000977,2026-12-01T01:31:01,DELIVERED,241772.76
ORDER_000001978,CUSTOMER_000000978,2026-06-22T17:35:06,CANCELLED,352648.69
ORDER_000001979,CUSTOMER_000000979,2026-11-10T18:46:16,DELIVERED,481294.19
ORDER_000001980,CUSTOMER_000000980,2026-12-19T13:44:08,DELIVERED,197969.89
ORDER_000001981,CUSTOMER_000000981,2026-01-12T05:39:08,DELIVERED,473973.99
ORDER_000001982,CUSTOMER_000000982,2026-01-15T14:54:11,DELIVERED,234243.13
ORDER_000001983,CUSTOMER_000000983,2026-02-21T04:15:38,PLACED,409927.32
ORDER_000001984,CUSTOMER_000000984,2026-09-22T22:56:48,SHIPPED,510517.18
ORDER_000001985,CUSTOMER_000000985,2026-05-27T23:22:02,DELIVERED,526558.31
ORDER_000001986,CUSTOMER_000000986,2026-02-06T00:03:33,CONFIRMED,354024.09
ORDER_000001987,CUSTOMER_000000987,2026-10-10T19:00:56,DELIVERED,247581.24
ORDER_000001988,CUSTOMER_000000988,2026-07-07T05:52:08,DELIVERED,274815.05
ORDER_000001989,CUSTOMER_000000989,2026-05-03T21:37:58,DELIVERED,220576.60
ORDER_000001990,CUSTOMER_000000990,2026-06-12T05:33:06,DELIVERED,453435.72
ORDER_000001991,CUSTOMER_000000991,2026-07-19T20:39:35,SHIPPED,259527.14
ORDER_000001992,CUSTOMER_000000992,2026-06-15T16:55:27,DELIVERED,391941.97
ORDER_000001993,CUSTOMER_000000993,2026-03-08T02:49:08,DELIVERED,232444.21
ORDER_000001994,CUSTOMER_000000994,2026-09-30T18:01:26,CONFIRMED,195380.88
ORDER_000001995,CUSTOMER_000000995,2026-01-14T05:47:18,DELIVERED,543182.12
ORDER_000001996,CUSTOMER_000000996,2026-08-19T20:23:50,SHIPPED,23775.81
ORDER_000001997,CUSTOMER_000000997,2026-12-10T18:53:34,CONFIRMED,264774.48
ORDER_000001998,CUSTOMER_000000998,2026-12-24T12:52:26,SHIPPED,217587.58
ORDER_000001999,CUSTOMER_000000999,2026-10-09T08:14:17,DELIVERED,300747.56
ORDER_000002000,CUSTOMER_000001000,2026-07-29T09:28:08,CONFIRMED,277714.61
ORDER_000002001,CUSTOMER_000000001,2026-04-08T14:04:15,DELIVERED,208792.04
ORDER_000002002,CUSTOMER_000000002,2026-06-15T19:03:21,CONFIRMED,393173.64
ORDER_000002003,CUSTOMER_000000003,2026-03-29T17:50:39,DELIVERED,179640.88
ORDER_000002004,CUSTOMER_000000004,2026-05-14T11:19:03,DELIVERED,353063.28
ORDER_000002005,CUSTOMER_000000005,2026-02-27T05:21:02,CONFIRMED,215895.80
ORDER_000002006,CUSTOMER_000000006,2026-09-25T22:07:11,SHIPPED,374050.54
ORDER_000002007,CUSTOMER_000000007,2026-05-15T16:29:45,DELIVERED,232702.63
ORDER_000002008,CUSTOMER_000000008,2026-12-17T10:24:25,DELIVERED,659270.96
ORDER_000002009,CUSTOMER_000000009,2026-09-03T06:50:36,CONFIRMED,163298.35
ORDER_000002010,CUSTOMER_000000010,2026-05-03T05:19:26,DELIVERED,313840.82
ORDER_000002011,CUSTOMER_000000011,2026-05-18T05:53:36,PLACED,519468.06
ORDER_000002012,CUSTOMER_000000012,2026-09-12T08:53:44,PLACED,136376.28
ORDER_000002013,CUSTOMER_000000013,2026-11-07T13:14:42,PLACED,218507.91
ORDER_000002014,CUSTOMER_000000014,2026-02-01T18:47:33,DELIVERED,115157.79
ORDER_000002015,CUSTOMER_000000015,2026-04-25T19:21:08,CANCELLED,120199.36
ORDER_000002016,CUSTOMER_000000016,2026-07-21T23:19:15,DELIVERED,132811.94
ORDER_000002017,CUSTOMER_000000017,2026-10-02T03:39:12,SHIPPED,387516.01
ORDER_000002018,CUSTOMER_000000018,2026-10-03T01:27:15,DELIVERED,92522.91
ORDER_000002019,CUSTOMER_000000019,2026-11-25T05:31:26,DELIVERED,231298.58
ORDER_000002020,CUSTOMER_000000020,2026-04-02T15:53:27,CONFIRMED,86885.40
ORDER_000002021,CUSTOMER_000000021,2026-06-30T22:37:58,DELIVERED,456266.45
ORDER_000002022,CUSTOMER_000000022,2026-10-20T00:14:22,DELIVERED,70470.98
ORDER_000002023,CUSTOMER_000000023,2026-09-12T19:58:52,DELIVERED,24592.07
ORDER_000002024,CUSTOMER_000000024,2026-06-03T22:06:53,CANCELLED,201106.75
ORDER_000002025,CUSTOMER_000000025,2026-06-24T03:22:17,SHIPPED,576758.22
ORDER_000002026,CUSTOMER_000000026,2026-10-02T21:58:45,DELIVERED,315158.65
ORDER_000002027,CUSTOMER_000000027,2026-07-30T09:05:44,DELIVERED,702235.01
ORDER_000002028,CUSTOMER_000000028,2026-07-13T18:54:06,DELIVERED,820298.80
ORDER_000002029,CUSTOMER_000000029,2026-12-08T01:21:52,CANCELLED,233362.34
ORDER_000002030,CUSTOMER_000000030,2026-02-03T07:03:05,DELIVERED,162050.77
ORDER_000002031,CUSTOMER_000000031,2026-03-07T19:23:34,CONFIRMED,116393.72
ORDER_000002032,CUSTOMER_000000032,2026-04-04T23:56:02,DELIVERED,264737.11
ORDER_000002033,CUSTOMER_000000033,2026-05-06T19:08:45,DELIVERED,263299.30
ORDER_000002034,CUSTOMER_000000034,2026-10-30T15:04:46,SHIPPED,449607.94
ORDER_000002035,CUSTOMER_000000035,2026-03-03T02:57:32,DELIVERED,542311.01
ORDER_000002036,CUSTOMER_000000036,2026-07-11T11:06:07,DELIVERED,74425.83
ORDER_000002037,CUSTOMER_000000037,2026-04-08T01:19:45,DELIVERED,529175.09
ORDER_000002038,CUSTOMER_000000038,2026-10-19T15:00:41,DELIVERED,163061.62
ORDER_000002039,CUSTOMER_000000039,2026-12-25T01:39:46,DELIVERED,196851.62
ORDER_000002040,CUSTOMER_000000040,2026-03-18T08:51:55,DELIVERED,330686.62
ORDER_000002041,CUSTOMER_000000041,2026-03-06T00:55:23,DELIVERED,139127.95
ORDER_000002042,CUSTOMER_000000042,2026-08-24T03:59:05,DELIVERED,274228.84
ORDER_000002043,CUSTOMER_000000043,2026-01-04T13:14:17,CONFIRMED,205077.46
ORDER_000002044,CUSTOMER_000000044,2026-12-04T11:06:13,DELIVERED,208737.38
ORDER_000002045,CUSTOMER_000000045,2026-11-23T04:10:57,DELIVERED,64357.08
ORDER_000002046,CUSTOMER_000000046,2026-08-29T10:14:55,DELIVERED,153375.92
ORDER_000002047,CUSTOMER_000000047,2026-01-26T15:42:36,DELIVERED,43925.43
ORDER_000002048,CUSTOMER_000000048,2026-07-02T21:59:26,PLACED,98129.05
ORDER_000002049,CUSTOMER_000000049,2026-04-24T16:53:41,DELIVERED,685021.65
ORDER_000002050,CUSTOMER_000000050,2026-07-11T15:22:26,PLACED,380102.46
ORDER_000002051,CUSTOMER_000000051,2026-01-02T14:35,DELIVERED,444364.70
ORDER_000002052,CUSTOMER_000000052,2026-09-21T15:59:18,DELIVERED,184478.44
ORDER_000002053,CUSTOMER_000000053,2026-11-15T21:18:50,SHIPPED,274870.11
ORDER_000002054,CUSTOMER_000000054,2026-06-11T15:26:06,SHIPPED,420565.05
ORDER_000002055,CUSTOMER_000000055,2026-10-17T07:08:33,DELIVERED,356725.13
ORDER_000002056,CUSTOMER_000000056,2026-10-12T09:11:24,SHIPPED,205962.88
ORDER_000002057,CUSTOMER_000000057,2026-08-29T07:57:45,DELIVERED,571703.88
ORDER_000002058,CUSTOMER_000000058,2026-02-13T23:32:33,SHIPPED,757048.72
ORDER_000002059,CUSTOMER_000000059,2026-07-17T16:05:32,CONFIRMED,171693.82
ORDER_000002060,CUSTOMER_000000060,2026-07-05T13:27:22,DELIVERED,294253.88
ORDER_000002061,CUSTOMER_000000061,2026-11-25T14:49:04,PLACED,298527.42
ORDER_000002062,CUSTOMER_000000062,2026-03-04T16:48:46,CANCELLED,147102.69
ORDER_000002063,CUSTOMER_000000063,2026-05-09T00:19:34,SHIPPED,541229.44
ORDER_000002064,CUSTOMER_000000064,2026-06-26T00:12:16,DELIVERED,404120.58
ORDER_000002065,CUSTOMER_000000065,2026-10-07T22:49:10,DELIVERED,233367.38
ORDER_000002066,CUSTOMER_000000066,2026-08-27T18:44:07,DELIVERED,472478.98
ORDER_000002067,CUSTOMER_000000067,2026-11-17T09:23:48,CONFIRMED,467664.28
ORDER_000002068,CUSTOMER_000000068,2026-02-26T12:20:42,SHIPPED,309580.38
ORDER_000002069,CUSTOMER_000000069,2026-09-28T22:33:37,SHIPPED,464919.52
ORDER_000002070,CUSTOMER_000000070,2026-04-15T22:57:26,SHIPPED,125491.38
ORDER_000002071,CUSTOMER_000000071,2026-09-10T01:03:31,SHIPPED,381931.89
ORDER_000002072,CUSTOMER_000000072,2026-09-22T14:38:34,SHIPPED,249303.40
ORDER_000002073,CUSTOMER_000000073,2026-12-27T21:14:15,SHIPPED,391063.78
ORDER_000002074,CUSTOMER_000000074,2026-11-07T12:26:21,PLACED,304052.20
ORDER_000002075,CUSTOMER_000000075,2026-06-18T10:16:35,DELIVERED,303087.64
ORDER_000002076,CUSTOMER_000000076,2026-11-21T09:45:34,DELIVERED,184370.18
ORDER_000002077,CUSTOMER_000000077,2026-06-19T22:35:52,CONFIRMED,333862.61
ORDER_000002078,CUSTOMER_000000078,2026-10-25T06:25:38,PLACED,104992.24
ORDER_000002079,CUSTOMER_000000079,2026-01-28T15:18:18,PLACED,621557.50
ORDER_000002080,CUSTOMER_000000080,2026-06-15T17:16:07,SHIPPED,343338.86
ORDER_000002081,CUSTOMER_000000081,2026-04-25T20:40:57,DELIVERED,669686.16
ORDER_000002082,CUSTOMER_000000082,2026-02-04T03:19:11,DELIVERED,226493.60
ORDER_000002083,CUSTOMER_000000083,2026-11-30T01:02:21,DELIVERED,203404.82
ORDER_000002084,CUSTOMER_000000084,2026-06-13T17:13:22,SHIPPED,191925.74
ORDER_000002085,CUSTOMER_000000085,2026-04-13T00:29:58,PLACED,115297.23
ORDER_000002086,CUSTOMER_000000086,2026-06-14T22:15:22,DELIVERED,260203.00
ORDER_000002087,CUSTOMER_000000087,2026-12-16T10:59:08,CONFIRMED,384117.92
ORDER_000002088,CUSTOMER_000000088,2026-11-29T02:43:19,DELIVERED,412381.40
ORDER_000002089,CUSTOMER_000000089,2026-02-14T03:02:19,DELIVERED,244351.52
ORDER_000002090,CUSTOMER_000000090,2026-03-19T12:05:31,DELIVERED,167254.77
ORDER_000002091,CUSTOMER_000000091,2026-03-14T17:13:18,DELIVERED,349709.65
ORDER_000002092,CUSTOMER_000000092,2026-06-25T15:13:29,DELIVERED,470845.14
ORDER_000002093,CUSTOMER_000000093,2026-09-29T18:44:18,CANCELLED,210496.18
ORDER_000002094,CUSTOMER_000000094,2026-06-08T16:53:39,DELIVERED,429812.98
ORDER_000002095,CUSTOMER_000000095,2026-01-04T04:31:35,DELIVERED,77477.23
ORDER_000002096,CUSTOMER_000000096,2026-12-07T03:15:36,DELIVERED,288316.95
ORDER_000002097,CUSTOMER_000000097,2026-02-24T07:26:40,DELIVERED,420742.74
ORDER_000002098,CUSTOMER_000000098,2026-08-01T03:55:23,DELIVERED,64015.86
ORDER_000002099,CUSTOMER_000000099,2026-05-06T09:33:27,DELIVERED,249851.77
ORDER_000002100,CUSTOMER_000000100,2026-06-29T05:24:56,DELIVERED,342394.79
ORDER_000002101,CUSTOMER_000000101,2026-07-10T11:49:35,CANCELLED,117417.55
ORDER_000002102,CUSTOMER_000000102,2026-08-12T01:44:34,DELIVERED,119065.14
ORDER_000002103,CUSTOMER_000000103,2026-08-31T08:11:56,SHIPPED,240560.90
ORDER_000002104,CUSTOMER_000000104,2026-08-13T16:48:35,DELIVERED,259001.82
ORDER_000002105,CUSTOMER_000000105,2026-04-28T01:27:26,CONFIRMED,196395.56
ORDER_000002106,CUSTOMER_000000106,2026-03-16T21:17:20,CONFIRMED,350496.29
ORDER_000002107,CUSTOMER_000000107,2026-12-29T08:00:31,DELIVERED,389670.69
ORDER_000002108,CUSTOMER_000000108,2026-02-28T23:58:11,DELIVERED,71819.63
ORDER_000002109,CUSTOMER_000000109,2026-02-23T22:58:27,DELIVERED,139345.29
ORDER_000002110,CUSTOMER_000000110,2026-10-09T22:01:18,DELIVERED,613829.26
ORDER_000002111,CUSTOMER_000000111,2026-09-19T23:52:54,DELIVERED,263813.71
ORDER_000002112,CUSTOMER_000000112,2026-04-21T14:22:09,CONFIRMED,380755.84
ORDER_000002113,CUSTOMER_000000113,2026-10-20T13:44:14,SHIPPED,253647.46
ORDER_000002114,CUSTOMER_000000114,2026-04-25T18:32:16,SHIPPED,378261.66
ORDER_000002115,CUSTOMER_000000115,2026-05-28T12:56:02,CONFIRMED,621768.93
ORDER_000002116,CUSTOMER_000000116,2026-06-24T08:27:28,DELIVERED,109307.19
ORDER_000002117,CUSTOMER_000000117,2026-03-29T13:16:33,SHIPPED,192708.37
ORDER_000002118,CUSTOMER_000000118,2026-08-10T00:03:06,DELIVERED,451450.36
ORDER_000002119,CUSTOMER_000000119,2026-03-27T10:11:39,DELIVERED,395655.26
ORDER_000002120,CUSTOMER_000000120,2026-03-26T05:55:21,DELIVERED,110826.26
ORDER_000002121,CUSTOMER_000000121,2026-08-12T03:50:22,SHIPPED,23043.04
ORDER_000002122,CUSTOMER_000000122,2026-04-06T13:08:12,CONFIRMED,533109.41
ORDER_000002123,CUSTOMER_000000123,2026-11-27T20:05:03,DELIVERED,265203.56
ORDER_000002124,CUSTOMER_000000124,2026-12-31T08:37:13,DELIVERED,148371.02
ORDER_000002125,CUSTOMER_000000125,2026-10-24T08:54:32,DELIVERED,110502.55
ORDER_000002126,CUSTOMER_000000126,2026-10-28T06:56:55,SHIPPED,179406.32
ORDER_000002127,CUSTOMER_000000127,2026-07-06T20:28:43,PLACED,221916.25
ORDER_000002128,CUSTOMER_000000128,2026-11-07T13:16:43,DELIVERED,394340.18
ORDER_000002129,CUSTOMER_000000129,2026-10-10T11:04:30,DELIVERED,161811.54
ORDER_000002130,CUSTOMER_000000130,2026-04-24T21:23,DELIVERED,302551.94
ORDER_000002131,CUSTOMER_000000131,2026-06-15T16:57:46,DELIVERED,529527.46
ORDER_000002132,CUSTOMER_000000132,2026-09-27T20:30:06,PLACED,412941.70
ORDER_000002133,CUSTOMER_000000133,2026-09-10T08:19:41,CONFIRMED,596349.11
ORDER_000002134,CUSTOMER_000000134,2026-07-10T11:39:36,DELIVERED,434319.85
ORDER_000002135,CUSTOMER_000000135,2026-11-18T18:47:36,SHIPPED,217825.48
ORDER_000002136,CUSTOMER_000000136,2026-10-27T10:17:30,CANCELLED,121716.62
ORDER_000002137,CUSTOMER_000000137,2026-06-03T02:38:34,DELIVERED,140922.10
ORDER_000002138,CUSTOMER_000000138,2026-01-13T16:16:23,DELIVERED,166121.68
ORDER_000002139,CUSTOMER_000000139,2026-03-07T21:18:28,CONFIRMED,62658.56
ORDER_000002140,CUSTOMER_000000140,2026-04-07T21:05:32,DELIVERED,715637.75
ORDER_000002141,CUSTOMER_000000141,2026-12-19T23:29:21,DELIVERED,428585.49
ORDER_000002142,CUSTOMER_000000142,2026-10-15T09:22:49,DELIVERED,146573.40
ORDER_000002143,CUSTOMER_000000143,2026-08-01T11:14:18,DELIVERED,181736.37
ORDER_000002144,CUSTOMER_000000144,2026-02-16T21:37:11,DELIVERED,173902.17
ORDER_000002145,CUSTOMER_000000145,2026-07-15T21:17:35,CONFIRMED,323797.41
ORDER_000002146,CUSTOMER_000000146,2026-08-20T06:53:41,DELIVERED,754349.02
ORDER_000002147,CUSTOMER_000000147,2026-11-04T15:44:32,CONFIRMED,526949.03
ORDER_000002148,CUSTOMER_000000148,2026-12-07T22:54:20,CONFIRMED,116497.79
ORDER_000002149,CUSTOMER_000000149,2026-04-23T10:18:04,DELIVERED,394129.34
ORDER_000002150,CUSTOMER_000000150,2026-11-30T13:48:39,SHIPPED,252075.69
ORDER_000002151,CUSTOMER_000000151,2026-04-23T15:32:51,DELIVERED,516132.07
ORDER_000002152,CUSTOMER_000000152,2026-12-27T08:07:51,CONFIRMED,392567.31
ORDER_000002153,CUSTOMER_000000153,2026-12-18T16:24:36,DELIVERED,363114.90
ORDER_000002154,CUSTOMER_000000154,2026-08-17T08:27:33,DELIVERED,56677.01
ORDER_000002155,CUSTOMER_000000155,2026-08-23T07:59:45,DELIVERED,206133.02
ORDER_000002156,CUSTOMER_000000156,2026-08-21T22:58:56,DELIVERED,260048.94
ORDER_000002157,CUSTOMER_000000157,2026-12-20T15:11:04,DELIVERED,119226.51
ORDER_000002158,CUSTOMER_000000158,2026-08-15T10:06:13,CONFIRMED,521095.07
ORDER_000002159,CUSTOMER_000000159,2026-02-16T11:54:31,DELIVERED,172007.92
ORDER_000002160,CUSTOMER_000000160,2026-06-24T06:15:40,DELIVERED,101859.03
ORDER_000002161,CUSTOMER_000000161,2026-07-04T08:11:08,CONFIRMED,300748.25
ORDER_000002162,CUSTOMER_000000162,2026-05-11T11:43:13,DELIVERED,72464.48
ORDER_000002163,CUSTOMER_000000163,2026-12-18T20:55:38,DELIVERED,270630.20
ORDER_000002164,CUSTOMER_000000164,2026-10-07T10:55:23,DELIVERED,294710.92
ORDER_000002165,CUSTOMER_000000165,2026-12-16T15:43:24,DELIVERED,341189.30
ORDER_000002166,CUSTOMER_000000166,2026-12-17T05:29:30,DELIVERED,280697.84
ORDER_000002167,CUSTOMER_000000167,2026-05-30T20:33:47,DELIVERED,441724.56
ORDER_000002168,CUSTOMER_000000168,2026-09-20T00:35:12,CONFIRMED,174263.46
ORDER_000002169,CUSTOMER_000000169,2026-02-01T13:58:14,CANCELLED,245977.25
ORDER_000002170,CUSTOMER_000000170,2026-07-11T08:47:12,SHIPPED,100797.70
ORDER_000002171,CUSTOMER_000000171,2026-05-15T07:11:39,DELIVERED,443350.42
ORDER_000002172,CUSTOMER_000000172,2026-07-08T14:59:57,CANCELLED,206616.84
ORDER_000002173,CUSTOMER_000000173,2026-02-05T03:28:24,DELIVERED,479852.41
ORDER_000002174,CUSTOMER_000000174,2026-10-22T01:42:28,PLACED,198467.42
ORDER_000002175,CUSTOMER_000000175,2026-07-07T20:13:38,DELIVERED,486955.56
ORDER_000002176,CUSTOMER_000000176,2026-08-23T19:56:43,SHIPPED,82387.16
ORDER_000002177,CUSTOMER_000000177,2026-01-20T08:58:14,DELIVERED,191300.10
ORDER_000002178,CUSTOMER_000000178,2026-06-05T01:02:49,CANCELLED,519411.84
ORDER_000002179,CUSTOMER_000000179,2026-11-19T06:49:32,DELIVERED,91415.88
ORDER_000002180,CUSTOMER_000000180,2026-10-10T00:03:42,DELIVERED,64952.99
ORDER_000002181,CUSTOMER_000000181,2026-11-07T20:26:46,DELIVERED,57037.13
ORDER_000002182,CUSTOMER_000000182,2026-03-15T12:00:20,DELIVERED,415501.23
ORDER_000002183,CUSTOMER_000000183,2026-02-23T08:26:49,DELIVERED,308759.01
ORDER_000002184,CUSTOMER_000000184,2026-04-06T21:32:20,SHIPPED,84487.87
ORDER_000002185,CUSTOMER_000000185,2026-07-28T13:41:39,DELIVERED,241363.13
ORDER_000002186,CUSTOMER_000000186,2026-09-06T22:56:58,DELIVERED,462091.40
ORDER_000002187,CUSTOMER_000000187,2026-09-04T02:25:47,CONFIRMED,251588.25
ORDER_000002188,CUSTOMER_000000188,2026-08-28T14:42:35,CONFIRMED,153540.96
ORDER_000002189,CUSTOMER_000000189,2026-06-08T19:51:39,DELIVERED,423541.45
ORDER_000002190,CUSTOMER_000000190,2026-06-05T16:59:42,DELIVERED,237137.17
ORDER_000002191,CUSTOMER_000000191,2026-04-10T19:57:10,CANCELLED,411572.42
ORDER_000002192,CUSTOMER_000000192,2026-07-02T12:03:52,DELIVERED,149490.63
ORDER_000002193,CUSTOMER_000000193,2026-12-10T14:43:16,DELIVERED,487990.14
ORDER_000002194,CUSTOMER_000000194,2026-10-31T08:08:32,DELIVERED,373665.90
ORDER_000002195,CUSTOMER_000000195,2026-03-04T03:01:28,DELIVERED,9225.52
ORDER_000002196,CUSTOMER_000000196,2026-10-12T17:05:37,DELIVERED,111678.25
ORDER_000002197,CUSTOMER_000000197,2026-04-15T19:58:27,DELIVERED,158999.72
ORDER_000002198,CUSTOMER_000000198,2026-04-11T02:16:21,DELIVERED,411744.60
ORDER_000002199,CUSTOMER_000000199,2026-09-18T15:09:36,DELIVERED,191811.06
ORDER_000002200,CUSTOMER_000000200,2026-11-23T16:52:05,DELIVERED,485407.26
ORDER_000002201,CUSTOMER_000000201,2026-11-01T03:04:03,SHIPPED,798085.73
ORDER_000002202,CUSTOMER_000000202,2026-06-08T15:23:08,CONFIRMED,566966.33
ORDER_000002203,CUSTOMER_000000203,2026-11-04T23:33:17,DELIVERED,292313.40
ORDER_000002204,CUSTOMER_000000204,2026-07-17T05:03:38,SHIPPED,435461.76
ORDER_000002205,CUSTOMER_000000205,2026-04-15T13:42:27,DELIVERED,518909.56
ORDER_000002206,CUSTOMER_000000206,2026-06-26T13:43:41,CONFIRMED,387294.18
ORDER_000002207,CUSTOMER_000000207,2026-04-28T10:49:32,DELIVERED,265250.89
ORDER_000002208,CUSTOMER_000000208,2026-05-11T19:50:41,DELIVERED,134095.08
ORDER_000002209,CUSTOMER_000000209,2026-09-08T07:41:21,PLACED,221096.04
ORDER_000002210,CUSTOMER_000000210,2026-05-12T22:54:12,DELIVERED,89716.21
ORDER_000002211,CUSTOMER_000000211,2026-03-25T00:10:45,SHIPPED,369249.32
ORDER_000002212,CUSTOMER_000000212,2026-09-16T01:32:14,SHIPPED,252319.55
ORDER_000002213,CUSTOMER_000000213,2026-03-30T15:02:15,PLACED,441982.82
ORDER_000002214,CUSTOMER_000000214,2026-05-25T18:16:24,DELIVERED,232157.25
ORDER_000002215,CUSTOMER_000000215,2026-06-09T16:36:03,DELIVERED,165245.13
ORDER_000002216,CUSTOMER_000000216,2026-01-31T19:59:15,DELIVERED,368557.00
ORDER_000002217,CUSTOMER_000000217,2026-03-08T10:46:32,DELIVERED,136931.35
ORDER_000002218,CUSTOMER_000000218,2026-04-03T04:46:59,DELIVERED,265165.38
ORDER_000002219,CUSTOMER_000000219,2026-01-19T23:48:48,DELIVERED,55784.31
ORDER_000002220,CUSTOMER_000000220,2026-05-21T19:59:04,DELIVERED,464704.60
ORDER_000002221,CUSTOMER_000000221,2026-11-20T12:56:28,DELIVERED,275184.24
ORDER_000002222,CUSTOMER_000000222,2026-01-30T02:35:22,CONFIRMED,455444.53
ORDER_000002223,CUSTOMER_000000223,2026-03-12T11:23:22,DELIVERED,356583.40
ORDER_000002224,CUSTOMER_000000224,2026-06-10T04:32:45,DELIVERED,361431.53
ORDER_000002225,CUSTOMER_000000225,2026-01-31T11:05:42,CONFIRMED,115068.87
ORDER_000002226,CUSTOMER_000000226,2026-01-16T18:51:48,DELIVERED,232240.83
ORDER_000002227,CUSTOMER_000000227,2026-11-05T17:09:24,PLACED,452326.23
ORDER_000002228,CUSTOMER_000000228,2026-08-18T15:03:31,CANCELLED,507346.70
ORDER_000002229,CUSTOMER_000000229,2026-07-23T21:09:10,SHIPPED,292369.62
ORDER_000002230,CUSTOMER_000000230,2026-03-10T22:53:37,DELIVERED,245770.81
ORDER_000002231,CUSTOMER_000000231,2026-07-25T15:28:46,CANCELLED,452458.80
ORDER_000002232,CUSTOMER_000000232,2026-05-31T02:07:33,DELIVERED,111223.34
ORDER_000002233,CUSTOMER_000000233,2026-04-26T11:42:37,SHIPPED,278093.92
ORDER_000002234,CUSTOMER_000000234,2026-07-22T15:45:58,DELIVERED,163498.83
ORDER_000002235,CUSTOMER_000000235,2026-12-10T06:53:16,CONFIRMED,168680.48
ORDER_000002236,CUSTOMER_000000236,2026-05-12T10:11:28,CONFIRMED,202295.85
ORDER_000002237,CUSTOMER_000000237,2026-10-09T00:03:58,SHIPPED,451607.07
ORDER_000002238,CUSTOMER_000000238,2026-08-07T04:04:37,CONFIRMED,325980.10
ORDER_000002239,CUSTOMER_000000239,2026-06-12T23:04:40,DELIVERED,317102.15
ORDER_000002240,CUSTOMER_000000240,2026-09-15T14:45:33,DELIVERED,231457.40
ORDER_000002241,CUSTOMER_000000241,2026-02-22T21:21:35,CONFIRMED,243536.08
ORDER_000002242,CUSTOMER_000000242,2026-10-09T19:46:09,CANCELLED,260264.15
ORDER_000002243,CUSTOMER_000000243,2026-03-13T03:05:17,DELIVERED,193898.36
ORDER_000002244,CUSTOMER_000000244,2026-01-02T19:15:13,DELIVERED,327568.10
ORDER_000002245,CUSTOMER_000000245,2026-09-23T23:03,CONFIRMED,94558.36
ORDER_000002246,CUSTOMER_000000246,2026-07-05T06:14:22,DELIVERED,293805.10
ORDER_000002247,CUSTOMER_000000247,2026-11-17T08:16:53,DELIVERED,158053.09
ORDER_000002248,CUSTOMER_000000248,2026-02-20T04:32:23,PLACED,150723.61
ORDER_000002249,CUSTOMER_000000249,2026-02-07T07:46:50,DELIVERED,64177.05
ORDER_000002250,CUSTOMER_000000250,2026-02-23T07:32:27,DELIVERED,89524.10
ORDER_000002251,CUSTOMER_000000251,2026-09-18T15:22:37,DELIVERED,408147.10
ORDER_000002252,CUSTOMER_000000252,2026-06-15T03:43:02,SHIPPED,430585.78
ORDER_000002253,CUSTOMER_000000253,2026-12-02T18:43:08,CANCELLED,213846.52
ORDER_000002254,CUSTOMER_000000254,2026-06-12T16:27:44,CONFIRMED,185914.80
ORDER_000002255,CUSTOMER_000000255,2026-07-04T12:07:46,CONFIRMED,318785.40
ORDER_000002256,CUSTOMER_000000256,2026-11-21T08:09:25,CANCELLED,29830.25
ORDER_000002257,CUSTOMER_000000257,2026-06-29T18:13:48,DELIVERED,290507.76
ORDER_000002258,CUSTOMER_000000258,2026-08-08T11:26:48,DELIVERED,192690.21
ORDER_000002259,CUSTOMER_000000259,2026-05-14T20:12:36,DELIVERED,691301.60
ORDER_000002260,CUSTOMER_000000260,2026-09-01T02:29:29,DELIVERED,175791.02
ORDER_000002261,CUSTOMER_000000261,2026-06-27T03:54:14,PLACED,443197.92
ORDER_000002262,CUSTOMER_000000262,2026-05-28T07:08:39,DELIVERED,158949.86
ORDER_000002263,CUSTOMER_000000263,2026-03-28T21:56:46,CONFIRMED,82438.78
ORDER_000002264,CUSTOMER_000000264,2026-10-08T16:42:41,DELIVERED,334428.80
ORDER_000002265,CUSTOMER_000000265,2026-10-01T08:47:50,DELIVERED,358658.19
ORDER_000002266,CUSTOMER_000000266,2026-08-05T01:55:59,DELIVERED,447703.76
ORDER_000002267,CUSTOMER_000000267,2026-01-30T08:51:15,SHIPPED,391427.38
ORDER_000002268,CUSTOMER_000000268,2026-11-18T05:44:02,DELIVERED,527982.61
ORDER_000002269,CUSTOMER_000000269,2026-06-26T20:54:16,SHIPPED,71969.63
ORDER_000002270,CUSTOMER_000000270,2026-04-06T02:21:29,DELIVERED,328539.26
ORDER_000002271,CUSTOMER_000000271,2026-05-28T21:04:01,DELIVERED,213550.18
ORDER_000002272,CUSTOMER_000000272,2026-02-04T08:41:52,SHIPPED,667208.48
ORDER_000002273,CUSTOMER_000000273,2026-04-16T16:39:15,DELIVERED,177850.46
ORDER_000002274,CUSTOMER_000000274,2026-04-07T16:35:12,DELIVERED,265239.25
ORDER_000002275,CUSTOMER_000000275,2026-09-16T06:39:59,DELIVERED,382740.82
ORDER_000002276,CUSTOMER_000000276,2026-03-28T10:46:11,PLACED,44060.29
ORDER_000002277,CUSTOMER_000000277,2026-11-13T06:37:21,SHIPPED,285830.50
ORDER_000002278,CUSTOMER_000000278,2026-04-15T10:34:44,DELIVERED,371943.90
ORDER_000002279,CUSTOMER_000000279,2026-09-07T08:52:37,CONFIRMED,88245.42
ORDER_000002280,CUSTOMER_000000280,2026-06-17T01:08:15,CONFIRMED,364948.08
ORDER_000002281,CUSTOMER_000000281,2026-07-29T04:53:29,DELIVERED,250724.35
ORDER_000002282,CUSTOMER_000000282,2026-02-12T13:42:25,DELIVERED,418016.58
ORDER_000002283,CUSTOMER_000000283,2026-02-25T06:51:07,SHIPPED,449201.99
ORDER_000002284,CUSTOMER_000000284,2026-10-30T12:55:57,SHIPPED,431423.34
ORDER_000002285,CUSTOMER_000000285,2026-06-05T03:50:06,DELIVERED,130032.96
ORDER_000002286,CUSTOMER_000000286,2026-07-16T09:12:32,DELIVERED,286918.31
ORDER_000002287,CUSTOMER_000000287,2026-09-25T02:37:08,CONFIRMED,349955.96
ORDER_000002288,CUSTOMER_000000288,2026-04-16T08:33:28,DELIVERED,136443.67
ORDER_000002289,CUSTOMER_000000289,2026-06-29T01:13:50,DELIVERED,80304.81
ORDER_000002290,CUSTOMER_000000290,2026-06-23T21:59:16,SHIPPED,65559.63
ORDER_000002291,CUSTOMER_000000291,2026-07-02T21:49:14,DELIVERED,616337.16
ORDER_000002292,CUSTOMER_000000292,2026-09-13T08:22:07,DELIVERED,212779.40
ORDER_000002293,CUSTOMER_000000293,2026-05-10T15:16:32,DELIVERED,265711.88
ORDER_000002294,CUSTOMER_000000294,2026-11-25T07:24:31,SHIPPED,314112.93
ORDER_000002295,CUSTOMER_000000295,2026-12-08T04:48:41,SHIPPED,180008.24
ORDER_000002296,CUSTOMER_000000296,2026-12-09T11:31:13,DELIVERED,289319.11
ORDER_000002297,CUSTOMER_000000297,2026-11-05T07:30:49,DELIVERED,106094.74
ORDER_000002298,CUSTOMER_000000298,2026-07-27T19:49:30,DELIVERED,177330.57
ORDER_000002299,CUSTOMER_000000299,2026-10-12T08:07:39,DELIVERED,142734.26
ORDER_000002300,CUSTOMER_000000300,2026-05-21T15:17:24,DELIVERED,103389.15
ORDER_000002301,CUSTOMER_000000301,2026-09-03T16:24:52,DELIVERED,93677.16
ORDER_000002302,CUSTOMER_000000302,2026-06-12T09:14:54,CONFIRMED,726397.29
ORDER_000002303,CUSTOMER_000000303,2026-07-24T08:06:30,CONFIRMED,168836.86
ORDER_000002304,CUSTOMER_000000304,2026-10-04T17:09:51,CONFIRMED,420477.84
ORDER_000002305,CUSTOMER_000000305,2026-07-26T12:23:32,SHIPPED,550887.10
ORDER_000002306,CUSTOMER_000000306,2026-12-05T20:08:42,CONFIRMED,521027.38
ORDER_000002307,CUSTOMER_000000307,2026-10-16T08:16:18,DELIVERED,480383.97
ORDER_000002308,CUSTOMER_000000308,2026-01-03T03:37:39,CONFIRMED,205997.75
ORDER_000002309,CUSTOMER_000000309,2026-04-22T05:19:40,PLACED,323691.10
ORDER_000002310,CUSTOMER_000000310,2026-09-01T18:25:41,SHIPPED,92057.85
ORDER_000002311,CUSTOMER_000000311,2026-04-22T05:43:49,SHIPPED,757626.95
ORDER_000002312,CUSTOMER_000000312,2026-09-18T01:18:30,DELIVERED,343436.10
ORDER_000002313,CUSTOMER_000000313,2026-03-22T12:27:51,DELIVERED,70120.74
ORDER_000002314,CUSTOMER_000000314,2026-01-24T01:26:33,DELIVERED,336156.41
ORDER_000002315,CUSTOMER_000000315,2026-05-01T01:37:36,DELIVERED,118229.56
ORDER_000002316,CUSTOMER_000000316,2026-05-12T06:57:37,CONFIRMED,477360.03
ORDER_000002317,CUSTOMER_000000317,2026-08-30T20:13:30,CONFIRMED,161535.57
ORDER_000002318,CUSTOMER_000000318,2026-04-11T13:44:15,CANCELLED,121777.51
ORDER_000002319,CUSTOMER_000000319,2026-10-19T01:52:28,DELIVERED,320254.93
ORDER_000002320,CUSTOMER_000000320,2026-05-08T23:35:52,SHIPPED,182055.56
ORDER_000002321,CUSTOMER_000000321,2026-08-24T16:59:43,DELIVERED,163576.40
ORDER_000002322,CUSTOMER_000000322,2026-03-19T19:03:29,DELIVERED,644440.34
ORDER_000002323,CUSTOMER_000000323,2026-01-27T20:44:46,CONFIRMED,177083.03
ORDER_000002324,CUSTOMER_000000324,2026-11-01T20:38:47,SHIPPED,214000.11
ORDER_000002325,CUSTOMER_000000325,2026-03-05T16:36:19,CANCELLED,242651.06
ORDER_000002326,CUSTOMER_000000326,2026-11-14T06:31:49,DELIVERED,679737.19
ORDER_000002327,CUSTOMER_000000327,2026-02-14T23:41:52,SHIPPED,308422.41
ORDER_000002328,CUSTOMER_000000328,2026-06-02T22:40:38,DELIVERED,700602.92
ORDER_000002329,CUSTOMER_000000329,2026-03-17T23:52:27,DELIVERED,167330.68
ORDER_000002330,CUSTOMER_000000330,2026-08-01T03:21:17,DELIVERED,289059.75
ORDER_000002331,CUSTOMER_000000331,2026-10-21T16:08:30,DELIVERED,220516.77
ORDER_000002332,CUSTOMER_000000332,2026-02-15T01:51:43,DELIVERED,160221.72
ORDER_000002333,CUSTOMER_000000333,2026-02-24T20:23:12,CANCELLED,100471.94
ORDER_000002334,CUSTOMER_000000334,2026-09-09T20:29:36,CONFIRMED,273847.34
ORDER_000002335,CUSTOMER_000000335,2026-11-14T14:43:14,DELIVERED,558458.16
ORDER_000002336,CUSTOMER_000000336,2026-08-22T06:47:34,DELIVERED,281340.51
ORDER_000002337,CUSTOMER_000000337,2026-11-01T03:31:51,DELIVERED,71181.02
ORDER_000002338,CUSTOMER_000000338,2026-06-25T06:05:54,CANCELLED,239770.50
ORDER_000002339,CUSTOMER_000000339,2026-01-19T18:58:47,SHIPPED,249005.08
ORDER_000002340,CUSTOMER_000000340,2026-08-15T07:09:53,SHIPPED,390944.12
ORDER_000002341,CUSTOMER_000000341,2026-12-28T16:34:16,DELIVERED,113869.59
ORDER_000002342,CUSTOMER_000000342,2026-12-11T08:25:38,DELIVERED,355932.80
ORDER_000002343,CUSTOMER_000000343,2026-06-26T10:54:59,DELIVERED,363707.98
ORDER_000002344,CUSTOMER_000000344,2026-12-11T08:43:20,DELIVERED,263426.01
ORDER_000002345,CUSTOMER_000000345,2026-02-14T17:57:36,PLACED,231387.93
ORDER_000002346,CUSTOMER_000000346,2026-08-06T15:39:14,DELIVERED,384367.61
ORDER_000002347,CUSTOMER_000000347,2026-10-20T08:50:35,PLACED,325462.24
ORDER_000002348,CUSTOMER_000000348,2026-12-11T08:39:19,DELIVERED,732136.64
ORDER_000002349,CUSTOMER_000000349,2026-03-15T09:00:05,SHIPPED,368445.00
ORDER_000002350,CUSTOMER_000000350,2026-08-31T07:46:09,DELIVERED,274922.54
ORDER_000002351,CUSTOMER_000000351,2026-01-21T18:24:40,CONFIRMED,531549.07
ORDER_000002352,CUSTOMER_000000352,2026-01-27T22:31:51,DELIVERED,686508.47
ORDER_000002353,CUSTOMER_000000353,2026-07-14T23:29,CONFIRMED,563895.80
ORDER_000002354,CUSTOMER_000000354,2026-11-10T07:33:29,SHIPPED,140970.99
ORDER_000002355,CUSTOMER_000000355,2026-09-08T22:16:15,PLACED,144694.69
ORDER_000002356,CUSTOMER_000000356,2026-06-21T08:58:04,DELIVERED,359213.28
ORDER_000002357,CUSTOMER_000000357,2026-04-01T18:23:18,DELIVERED,422165.09
ORDER_000002358,CUSTOMER_000000358,2026-10-15T00:07:03,PLACED,183908.23
ORDER_000002359,CUSTOMER_000000359,2026-01-27T13:08:17,PLACED,260566.72
ORDER_000002360,CUSTOMER_000000360,2026-08-10T12:17:15,DELIVERED,299322.99
ORDER_000002361,CUSTOMER_000000361,2026-07-06T23:17:36,CONFIRMED,499465.61
ORDER_000002362,CUSTOMER_000000362,2026-09-25T21:25:50,DELIVERED,423237.58
ORDER_000002363,CUSTOMER_000000363,2026-07-31T21:16:57,DELIVERED,226940.21
ORDER_000002364,CUSTOMER_000000364,2026-08-02T18:56:32,DELIVERED,55689.12
ORDER_000002365,CUSTOMER_000000365,2026-06-09T00:24:13,DELIVERED,513828.33
ORDER_000002366,CUSTOMER_000000366,2026-06-19T07:25:29,SHIPPED,226134.02
ORDER_000002367,CUSTOMER_000000367,2026-05-21T06:43:11,DELIVERED,132047.34
ORDER_000002368,CUSTOMER_000000368,2026-03-21T08:08:54,DELIVERED,340857.81
ORDER_000002369,CUSTOMER_000000369,2026-11-19T13:18:15,DELIVERED,532547.29
ORDER_000002370,CUSTOMER_000000370,2026-03-30T00:38:23,CONFIRMED,362549.19
ORDER_000002371,CUSTOMER_000000371,2026-09-22T05:03:24,DELIVERED,437812.34
ORDER_000002372,CUSTOMER_000000372,2026-11-29T14:13:35,SHIPPED,401943.02
ORDER_000002373,CUSTOMER_000000373,2026-06-07T20:04:36,CANCELLED,249560.87
ORDER_000002374,CUSTOMER_000000374,2026-11-13T08:07:28,DELIVERED,405769.63
ORDER_000002375,CUSTOMER_000000375,2026-09-21T01:12:33,DELIVERED,409935.86
ORDER_000002376,CUSTOMER_000000376,2026-08-17T00:49:05,SHIPPED,305578.15
ORDER_000002377,CUSTOMER_000000377,2026-09-30T22:19:19,DELIVERED,498181.65
ORDER_000002378,CUSTOMER_000000378,2026-04-06T13:40,SHIPPED,602265.71
ORDER_000002379,CUSTOMER_000000379,2026-05-09T23:07:47,DELIVERED,224968.09
ORDER_000002380,CUSTOMER_000000380,2026-10-13T10:09:53,DELIVERED,351282.11
ORDER_000002381,CUSTOMER_000000381,2026-01-04T18:30:47,DELIVERED,411014.39
ORDER_000002382,CUSTOMER_000000382,2026-06-14T06:20:36,CONFIRMED,117814.53
ORDER_000002383,CUSTOMER_000000383,2026-10-01T08:37:15,DELIVERED,481435.15
ORDER_000002384,CUSTOMER_000000384,2026-08-24T11:51:45,PLACED,212956.72
ORDER_000002385,CUSTOMER_000000385,2026-06-14T23:59:42,DELIVERED,290814.14
ORDER_000002386,CUSTOMER_000000386,2026-08-13T12:54:49,DELIVERED,737732.02
ORDER_000002387,CUSTOMER_000000387,2026-03-28T00:29:37,CONFIRMED,369333.56
ORDER_000002388,CUSTOMER_000000388,2026-06-22T16:14:57,DELIVERED,90161.03
ORDER_000002389,CUSTOMER_000000389,2026-08-31T04:47:22,SHIPPED,488955.66
ORDER_000002390,CUSTOMER_000000390,2026-07-26T19:48:45,CONFIRMED,116255.23
ORDER_000002391,CUSTOMER_000000391,2026-01-03T11:56:10,CONFIRMED,71531.85
ORDER_000002392,CUSTOMER_000000392,2026-10-16T05:44:09,DELIVERED,174883.07
ORDER_000002393,CUSTOMER_000000393,2026-02-06T22:38:41,DELIVERED,228712.18
ORDER_000002394,CUSTOMER_000000394,2026-12-30T20:59:35,SHIPPED,121291.50
ORDER_000002395,CUSTOMER_000000395,2026-01-28T06:08:31,DELIVERED,182140.53
ORDER_000002396,CUSTOMER_000000396,2026-01-24T12:54:03,CANCELLED,287411.92
ORDER_000002397,CUSTOMER_000000397,2026-05-17T21:22:10,CANCELLED,398080.15
ORDER_000002398,CUSTOMER_000000398,2026-07-28T02:01:01,CONFIRMED,213443.80
ORDER_000002399,CUSTOMER_000000399,2026-03-01T05:25:28,SHIPPED,499680.40
ORDER_000002400,CUSTOMER_000000400,2026-09-26T15:26:52,SHIPPED,131051.10
ORDER_000002401,CUSTOMER_000000401,2026-05-02T02:13:04,DELIVERED,95829.94
ORDER_000002402,CUSTOMER_000000402,2026-11-12T23:39:47,DELIVERED,307141.92
ORDER_000002403,CUSTOMER_000000403,2026-06-02T13:56:46,SHIPPED,61817.44
ORDER_000002404,CUSTOMER_000000404,2026-02-26T13:42:22,DELIVERED,191608.37
ORDER_000002405,CUSTOMER_000000405,2026-04-10T00:17:43,DELIVERED,330332.55
ORDER_000002406,CUSTOMER_000000406,2026-09-13T05:29:29,DELIVERED,112502.92
ORDER_000002407,CUSTOMER_000000407,2026-08-04T02:42:59,DELIVERED,687274.29
ORDER_000002408,CUSTOMER_000000408,2026-07-07T22:03:32,DELIVERED,537920.77
ORDER_000002409,CUSTOMER_000000409,2026-01-15T01:53:23,CONFIRMED,714872.00
ORDER_000002410,CUSTOMER_000000410,2026-01-24T16:25:08,DELIVERED,112497.00
ORDER_000002411,CUSTOMER_000000411,2026-03-30T23:02:29,DELIVERED,563464.90
ORDER_000002412,CUSTOMER_000000412,2026-11-08T05:27,SHIPPED,233346.96
ORDER_000002413,CUSTOMER_000000413,2026-07-19T05:23:42,DELIVERED,168968.34
ORDER_000002414,CUSTOMER_000000414,2026-04-28T01:48:13,CONFIRMED,102475.74
ORDER_000002415,CUSTOMER_000000415,2026-07-31T15:30,DELIVERED,377498.99
ORDER_000002416,CUSTOMER_000000416,2026-06-28T00:22:26,CONFIRMED,208293.71
ORDER_000002417,CUSTOMER_000000417,2026-11-28T06:35,DELIVERED,533289.35
ORDER_000002418,CUSTOMER_000000418,2026-05-14T13:30:29,SHIPPED,270874.20
ORDER_000002419,CUSTOMER_000000419,2026-02-18T06:22:29,DELIVERED,75732.22
ORDER_000002420,CUSTOMER_000000420,2026-02-09T08:59:46,DELIVERED,597327.76
ORDER_000002421,CUSTOMER_000000421,2026-02-14T23:31:04,DELIVERED,388015.86
ORDER_000002422,CUSTOMER_000000422,2026-07-06T21:24:34,SHIPPED,468199.29
ORDER_000002423,CUSTOMER_000000423,2026-05-20T00:36:32,DELIVERED,60794.33
ORDER_000002424,CUSTOMER_000000424,2026-04-26T07:21:56,DELIVERED,555776.71
ORDER_000002425,CUSTOMER_000000425,2026-10-18T11:43:49,DELIVERED,303828.62
ORDER_000002426,CUSTOMER_000000426,2026-06-08T05:14:15,DELIVERED,102597.05
ORDER_000002427,CUSTOMER_000000427,2026-03-08T22:08:07,CANCELLED,669128.00
ORDER_000002428,CUSTOMER_000000428,2026-09-20T12:06:41,DELIVERED,501897.68
ORDER_000002429,CUSTOMER_000000429,2026-10-11T17:12:14,DELIVERED,335436.28
ORDER_000002430,CUSTOMER_000000430,2026-06-11T03:54:44,DELIVERED,487509.84
ORDER_000002431,CUSTOMER_000000431,2026-07-03T18:08:40,DELIVERED,97718.26
ORDER_000002432,CUSTOMER_000000432,2026-09-30T04:49:54,SHIPPED,396008.46
ORDER_000002433,CUSTOMER_000000433,2026-01-07T07:17:02,DELIVERED,310491.28
ORDER_000002434,CUSTOMER_000000434,2026-07-01T20:28:13,DELIVERED,377869.49
ORDER_000002435,CUSTOMER_000000435,2026-01-29T15:46:19,CONFIRMED,166225.50
ORDER_000002436,CUSTOMER_000000436,2026-08-18T09:29:43,DELIVERED,667158.36
ORDER_000002437,CUSTOMER_000000437,2026-07-13T15:27:49,SHIPPED,192348.27
ORDER_000002438,CUSTOMER_000000438,2026-09-15T18:31:39,CANCELLED,149061.38
ORDER_000002439,CUSTOMER_000000439,2026-10-09T01:58:39,DELIVERED,772189.10
ORDER_000002440,CUSTOMER_000000440,2026-02-11T14:05:49,DELIVERED,721653.75
ORDER_000002441,CUSTOMER_000000441,2026-11-14T16:16:35,SHIPPED,164763.79
ORDER_000002442,CUSTOMER_000000442,2026-10-24T15:14:16,CANCELLED,303331.27
ORDER_000002443,CUSTOMER_000000443,2026-07-22T02:30:53,DELIVERED,514014.58
ORDER_000002444,CUSTOMER_000000444,2026-01-09T19:46:18,CONFIRMED,295434.55
ORDER_000002445,CUSTOMER_000000445,2026-11-19T01:38:03,DELIVERED,263043.11
ORDER_000002446,CUSTOMER_000000446,2026-03-30T23:16:56,DELIVERED,224619.91
ORDER_000002447,CUSTOMER_000000447,2026-02-02T23:41:45,DELIVERED,130154.96
ORDER_000002448,CUSTOMER_000000448,2026-06-22T02:28:41,CONFIRMED,339222.60
ORDER_000002449,CUSTOMER_000000449,2026-09-22T09:23:57,DELIVERED,297865.83
ORDER_000002450,CUSTOMER_000000450,2026-11-03T07:18:36,DELIVERED,146832.52
ORDER_000002451,CUSTOMER_000000451,2026-09-30T07:06:25,DELIVERED,196047.15
ORDER_000002452,CUSTOMER_000000452,2026-06-06T07:49:07,DELIVERED,132080.86
ORDER_000002453,CUSTOMER_000000453,2026-11-26T22:56:32,CONFIRMED,340927.54
ORDER_000002454,CUSTOMER_000000454,2026-09-19T01:53:04,DELIVERED,310781.82
ORDER_000002455,CUSTOMER_000000455,2026-12-28T16:10:30,DELIVERED,360397.46
ORDER_000002456,CUSTOMER_000000456,2026-08-20T05:57:02,DELIVERED,583260.43
ORDER_000002457,CUSTOMER_000000457,2026-07-07T19:17:52,DELIVERED,399104.81
ORDER_000002458,CUSTOMER_000000458,2026-05-02T04:55:27,CONFIRMED,86111.69
ORDER_000002459,CUSTOMER_000000459,2026-10-27T13:20:52,CONFIRMED,28695.68
ORDER_000002460,CUSTOMER_000000460,2026-04-03T12:42:54,DELIVERED,180670.88
ORDER_000002461,CUSTOMER_000000461,2026-03-20T01:05:53,SHIPPED,348092.91
ORDER_000002462,CUSTOMER_000000462,2026-09-11T13:42:03,CANCELLED,441832.17
ORDER_000002463,CUSTOMER_000000463,2026-09-06T08:40:12,DELIVERED,55920.17
ORDER_000002464,CUSTOMER_000000464,2026-08-30T06:39:55,DELIVERED,268782.74
ORDER_000002465,CUSTOMER_000000465,2026-03-30T09:04:10,DELIVERED,220695.62
ORDER_000002466,CUSTOMER_000000466,2026-02-25T05:35:33,DELIVERED,350862.84
ORDER_000002467,CUSTOMER_000000467,2026-02-26T09:22:19,DELIVERED,424772.54
ORDER_000002468,CUSTOMER_000000468,2026-03-22T11:01:14,CONFIRMED,164784.00
ORDER_000002469,CUSTOMER_000000469,2026-09-02T20:42:50,CONFIRMED,128197.82
ORDER_000002470,CUSTOMER_000000470,2026-04-02T15:56:13,DELIVERED,614494.00
ORDER_000002471,CUSTOMER_000000471,2026-03-22T21:56:17,DELIVERED,438734.79
ORDER_000002472,CUSTOMER_000000472,2026-02-06T02:05:24,SHIPPED,422384.34
ORDER_000002473,CUSTOMER_000000473,2026-02-06T21:38:35,DELIVERED,686711.63
ORDER_000002474,CUSTOMER_000000474,2026-11-16T04:26:19,SHIPPED,150325.03
ORDER_000002475,CUSTOMER_000000475,2026-09-15T15:24:17,DELIVERED,99582.79
ORDER_000002476,CUSTOMER_000000476,2026-04-26T21:33:08,DELIVERED,468144.19
ORDER_000002477,CUSTOMER_000000477,2026-03-16T16:23:15,CONFIRMED,405085.08
ORDER_000002478,CUSTOMER_000000478,2026-02-17T08:43:28,DELIVERED,17616.98
ORDER_000002479,CUSTOMER_000000479,2026-12-21T07:02:49,CONFIRMED,355063.29
ORDER_000002480,CUSTOMER_000000480,2026-03-03T01:25,CONFIRMED,154448.48
ORDER_000002481,CUSTOMER_000000481,2026-11-13T06:43:46,DELIVERED,195714.28
ORDER_000002482,CUSTOMER_000000482,2026-06-28T07:49:02,CONFIRMED,242348.43
ORDER_000002483,CUSTOMER_000000483,2026-10-28T03:16:24,DELIVERED,145608.74
ORDER_000002484,CUSTOMER_000000484,2026-12-06T05:45:48,DELIVERED,346165.35
ORDER_000002485,CUSTOMER_000000485,2026-07-08T22:07,DELIVERED,386643.36
ORDER_000002486,CUSTOMER_000000486,2026-05-21T09:31:38,DELIVERED,177192.81
ORDER_000002487,CUSTOMER_000000487,2026-12-21T18:36:32,DELIVERED,218152.97
ORDER_000002488,CUSTOMER_000000488,2026-08-31T01:28:56,DELIVERED,313436.58
ORDER_000002489,CUSTOMER_000000489,2026-03-09T06:07:35,DELIVERED,224094.28
ORDER_000002490,CUSTOMER_000000490,2026-07-12T05:52:20,CANCELLED,423944.46
ORDER_000002491,CUSTOMER_000000491,2026-05-20T19:12:31,DELIVERED,497104.84
ORDER_000002492,CUSTOMER_000000492,2026-07-30T09:12:08,SHIPPED,527631.61
ORDER_000002493,CUSTOMER_000000493,2026-01-07T01:08:40,DELIVERED,64271.83
ORDER_000002494,CUSTOMER_000000494,2026-04-15T05:06:46,DELIVERED,497907.50
ORDER_000002495,CUSTOMER_000000495,2026-10-04T09:58:41,SHIPPED,172494.20
ORDER_000002496,CUSTOMER_000000496,2026-08-19T10:02:48,DELIVERED,91551.01
ORDER_000002497,CUSTOMER_000000497,2026-10-02T12:33:35,DELIVERED,219046.86
ORDER_000002498,CUSTOMER_000000498,2026-08-31T22:33:22,DELIVERED,394077.59
ORDER_000002499,CUSTOMER_000000499,2026-10-03T17:35:05,CANCELLED,326511.18
ORDER_000002500,CUSTOMER_000000500,2026-08-12T05:07:54,SHIPPED,270115.93
ORDER_000002501,CUSTOMER_000000501,2026-12-21T10:51:25,SHIPPED,746971.70
ORDER_000002502,CUSTOMER_000000502,2026-06-01T10:04:13,DELIVERED,307645.38
ORDER_000002503,CUSTOMER_000000503,2026-07-01T03:58:23,PLACED,215355.02
ORDER_000002504,CUSTOMER_000000504,2026-03-08T01:34:27,CONFIRMED,598217.33
ORDER_000002505,CUSTOMER_000000505,2026-11-28T10:56:02,CONFIRMED,204704.60
ORDER_000002506,CUSTOMER_000000506,2026-07-16T00:35:03,DELIVERED,87938.89
ORDER_000002507,CUSTOMER_000000507,2026-07-08T21:38:56,DELIVERED,218714.54
ORDER_000002508,CUSTOMER_000000508,2026-04-24T11:16:37,SHIPPED,409559.96
ORDER_000002509,CUSTOMER_000000509,2026-05-20T14:47:13,CONFIRMED,434678.93
ORDER_000002510,CUSTOMER_000000510,2026-01-24T09:40:32,PLACED,140622.24
ORDER_000002511,CUSTOMER_000000511,2026-09-23T06:22:15,DELIVERED,163776.26
ORDER_000002512,CUSTOMER_000000512,2026-07-15T18:42:31,SHIPPED,406876.53
ORDER_000002513,CUSTOMER_000000513,2026-10-28T06:12:49,CONFIRMED,150434.48
ORDER_000002514,CUSTOMER_000000514,2026-08-17T17:15:52,DELIVERED,41796.78
ORDER_000002515,CUSTOMER_000000515,2026-03-03T19:30:17,DELIVERED,178058.67
ORDER_000002516,CUSTOMER_000000516,2026-12-08T03:27:47,PLACED,122789.76
ORDER_000002517,CUSTOMER_000000517,2026-12-11T04:02:07,DELIVERED,268883.00
ORDER_000002518,CUSTOMER_000000518,2026-09-27T12:35:33,CONFIRMED,252634.52
ORDER_000002519,CUSTOMER_000000519,2026-10-15T11:36:48,PLACED,348906.44
ORDER_000002520,CUSTOMER_000000520,2026-02-02T12:33,DELIVERED,459316.84
ORDER_000002521,CUSTOMER_000000521,2026-02-10T11:52:05,DELIVERED,369508.12
ORDER_000002522,CUSTOMER_000000522,2026-10-11T18:57:58,CONFIRMED,224467.61
ORDER_000002523,CUSTOMER_000000523,2026-06-22T01:26:12,CANCELLED,559557.23
ORDER_000002524,CUSTOMER_000000524,2026-05-18T18:14:01,SHIPPED,254195.77
ORDER_000002525,CUSTOMER_000000525,2026-10-12T11:53:15,SHIPPED,460969.68
ORDER_000002526,CUSTOMER_000000526,2026-05-23T18:34:32,CONFIRMED,195044.85
ORDER_000002527,CUSTOMER_000000527,2026-08-11T05:27:30,DELIVERED,125412.28
ORDER_000002528,CUSTOMER_000000528,2026-11-22T12:51:41,DELIVERED,318425.00
ORDER_000002529,CUSTOMER_000000529,2026-01-12T06:09:03,DELIVERED,135002.69
ORDER_000002530,CUSTOMER_000000530,2026-03-12T03:31:54,SHIPPED,303437.55
ORDER_000002531,CUSTOMER_000000531,2026-11-27T07:28:08,SHIPPED,496469.40
ORDER_000002532,CUSTOMER_000000532,2026-03-21T23:38:02,DELIVERED,152719.52
ORDER_000002533,CUSTOMER_000000533,2026-02-15T10:13:28,DELIVERED,423401.33
ORDER_000002534,CUSTOMER_000000534,2026-09-29T02:49:10,DELIVERED,262090.18
ORDER_000002535,CUSTOMER_000000535,2026-10-14T11:42:28,CONFIRMED,251808.20
ORDER_000002536,CUSTOMER_000000536,2026-08-01T17:35:34,CANCELLED,200627.01
ORDER_000002537,CUSTOMER_000000537,2026-10-11T10:32:02,DELIVERED,178758.36
ORDER_000002538,CUSTOMER_000000538,2026-01-26T20:24:17,DELIVERED,144511.47
ORDER_000002539,CUSTOMER_000000539,2026-04-21T10:36:47,CONFIRMED,399415.75
ORDER_000002540,CUSTOMER_000000540,2026-06-20T18:30:38,SHIPPED,133420.56
ORDER_000002541,CUSTOMER_000000541,2026-06-28T12:42:06,CONFIRMED,511438.07
ORDER_000002542,CUSTOMER_000000542,2026-05-12T04:08:17,CONFIRMED,146780.70
ORDER_000002543,CUSTOMER_000000543,2026-10-04T05:37:38,CANCELLED,274606.84
ORDER_000002544,CUSTOMER_000000544,2026-10-03T07:06:27,DELIVERED,217619.27
ORDER_000002545,CUSTOMER_000000545,2026-02-11T22:46:57,PLACED,535771.05
ORDER_000002546,CUSTOMER_000000546,2026-02-26T12:09:42,DELIVERED,64932.64
ORDER_000002547,CUSTOMER_000000547,2026-01-08T08:38:33,DELIVERED,161512.92
ORDER_000002548,CUSTOMER_000000548,2026-08-29T05:10:14,SHIPPED,90619.61
ORDER_000002549,CUSTOMER_000000549,2026-03-13T13:11:17,DELIVERED,153485.92
ORDER_000002550,CUSTOMER_000000550,2026-08-31T17:26:28,DELIVERED,110997.50
ORDER_000002551,CUSTOMER_000000551,2026-02-27T14:04:48,CANCELLED,361154.87
ORDER_000002552,CUSTOMER_000000552,2026-02-21T10:32:44,CANCELLED,524320.85
ORDER_000002553,CUSTOMER_000000553,2026-02-16T18:26:01,DELIVERED,511072.32
ORDER_000002554,CUSTOMER_000000554,2026-01-26T16:26:49,DELIVERED,220070.18
ORDER_000002555,CUSTOMER_000000555,2026-10-10T09:26:33,DELIVERED,207438.92
ORDER_000002556,CUSTOMER_000000556,2026-10-28T06:10:01,SHIPPED,196256.70
ORDER_000002557,CUSTOMER_000000557,2026-04-07T17:29:38,DELIVERED,256633.90
ORDER_000002558,CUSTOMER_000000558,2026-12-16T16:46:33,CANCELLED,208367.90
ORDER_000002559,CUSTOMER_000000559,2026-09-29T04:17:12,CANCELLED,109451.34
ORDER_000002560,CUSTOMER_000000560,2026-07-23T00:22:45,DELIVERED,54198.26
ORDER_000002561,CUSTOMER_000000561,2026-02-22T08:37:03,CONFIRMED,337137.27
ORDER_000002562,CUSTOMER_000000562,2026-04-14T14:22:48,CONFIRMED,219720.28
ORDER_000002563,CUSTOMER_000000563,2026-10-20T15:52:43,DELIVERED,125722.70
ORDER_000002564,CUSTOMER_000000564,2026-05-05T05:31:28,DELIVERED,94386.20
ORDER_000002565,CUSTOMER_000000565,2026-09-08T13:50:12,DELIVERED,201783.86
ORDER_000002566,CUSTOMER_000000566,2026-02-04T06:27:34,CONFIRMED,219922.98
ORDER_000002567,CUSTOMER_000000567,2026-10-26T07:28:57,SHIPPED,303288.54
ORDER_000002568,CUSTOMER_000000568,2026-04-14T17:46:02,DELIVERED,104656.51
ORDER_000002569,CUSTOMER_000000569,2026-01-29T08:50:14,DELIVERED,225701.82
ORDER_000002570,CUSTOMER_000000570,2026-08-23T12:56:56,DELIVERED,105308.17
ORDER_000002571,CUSTOMER_000000571,2026-10-19T09:51:46,DELIVERED,497115.82
ORDER_000002572,CUSTOMER_000000572,2026-11-30T12:29:34,CANCELLED,146611.71
ORDER_000002573,CUSTOMER_000000573,2026-01-16T12:00:19,DELIVERED,422335.34
ORDER_000002574,CUSTOMER_000000574,2026-08-23T19:28:19,DELIVERED,385990.49
ORDER_000002575,CUSTOMER_000000575,2026-11-21T02:48:37,DELIVERED,57880.13
ORDER_000002576,CUSTOMER_000000576,2026-05-26T08:55:58,DELIVERED,406758.92
ORDER_000002577,CUSTOMER_000000577,2026-12-15T13:53:20,CONFIRMED,90730.61
ORDER_000002578,CUSTOMER_000000578,2026-01-29T02:41:12,DELIVERED,182454.81
ORDER_000002579,CUSTOMER_000000579,2026-01-31T12:35:43,DELIVERED,324116.82
ORDER_000002580,CUSTOMER_000000580,2026-05-14T04:11:28,DELIVERED,183081.10
ORDER_000002581,CUSTOMER_000000581,2026-02-26T08:12:05,DELIVERED,418130.70
ORDER_000002582,CUSTOMER_000000582,2026-04-27T10:55:34,DELIVERED,110259.65
ORDER_000002583,CUSTOMER_000000583,2026-09-14T19:19:47,DELIVERED,93523.25
ORDER_000002584,CUSTOMER_000000584,2026-10-06T07:38:37,DELIVERED,371497.96
ORDER_000002585,CUSTOMER_000000585,2026-09-09T07:14:10,DELIVERED,549781.20
ORDER_000002586,CUSTOMER_000000586,2026-12-14T00:22:38,DELIVERED,184200.64
ORDER_000002587,CUSTOMER_000000587,2026-05-12T22:53:27,DELIVERED,233641.04
ORDER_000002588,CUSTOMER_000000588,2026-12-31T22:50:19,DELIVERED,78215.76
ORDER_000002589,CUSTOMER_000000589,2026-05-18T10:18,CONFIRMED,278217.46
ORDER_000002590,CUSTOMER_000000590,2026-05-18T01:10:40,SHIPPED,43062.45
ORDER_000002591,CUSTOMER_000000591,2026-02-03T05:26:54,SHIPPED,396496.98
ORDER_000002592,CUSTOMER_000000592,2026-03-31T04:24:37,SHIPPED,130602.09
ORDER_000002593,CUSTOMER_000000593,2026-07-22T21:15:11,SHIPPED,624869.19
ORDER_000002594,CUSTOMER_000000594,2026-11-10T08:24:29,DELIVERED,361906.48
ORDER_000002595,CUSTOMER_000000595,2026-03-03T10:57:02,DELIVERED,103885.81
ORDER_000002596,CUSTOMER_000000596,2026-01-29T10:11:17,DELIVERED,205318.52
ORDER_000002597,CUSTOMER_000000597,2026-10-19T19:24:52,SHIPPED,503829.29
ORDER_000002598,CUSTOMER_000000598,2026-11-20T16:33:58,CANCELLED,128574.63
ORDER_000002599,CUSTOMER_000000599,2026-04-16T05:15:13,DELIVERED,170788.76
ORDER_000002600,CUSTOMER_000000600,2026-01-10T23:54:43,CONFIRMED,284511.68
ORDER_000002601,CUSTOMER_000000601,2026-11-01T10:54:25,CANCELLED,139841.40
ORDER_000002602,CUSTOMER_000000602,2026-12-23T22:21:08,DELIVERED,56436.61
ORDER_000002603,CUSTOMER_000000603,2026-04-04T06:40:46,DELIVERED,83598.34
ORDER_000002604,CUSTOMER_000000604,2026-10-25T20:55:43,SHIPPED,388582.40
ORDER_000002605,CUSTOMER_000000605,2026-11-19T15:52:44,DELIVERED,186381.55
ORDER_000002606,CUSTOMER_000000606,2026-02-18T15:11:38,DELIVERED,516168.28
ORDER_000002607,CUSTOMER_000000607,2026-11-02T19:17:24,PLACED,273698.83
ORDER_000002608,CUSTOMER_000000608,2026-11-09T13:03:37,DELIVERED,410630.50
ORDER_000002609,CUSTOMER_000000609,2026-10-17T20:21:52,CANCELLED,70472.74
ORDER_000002610,CUSTOMER_000000610,2026-11-05T07:01:13,DELIVERED,307437.26
ORDER_000002611,CUSTOMER_000000611,2026-02-14T18:13:24,DELIVERED,69871.87
ORDER_000002612,CUSTOMER_000000612,2026-03-09T11:53:19,DELIVERED,462732.75
ORDER_000002613,CUSTOMER_000000613,2026-07-31T12:35:50,DELIVERED,171295.22
ORDER_000002614,CUSTOMER_000000614,2026-10-31T02:28:27,SHIPPED,442369.86
ORDER_000002615,CUSTOMER_000000615,2026-02-19T17:52:57,SHIPPED,238154.01
ORDER_000002616,CUSTOMER_000000616,2026-11-09T18:09:41,CONFIRMED,457684.80
ORDER_000002617,CUSTOMER_000000617,2026-07-05T20:46:22,DELIVERED,228690.42
ORDER_000002618,CUSTOMER_000000618,2026-12-05T06:13:26,CONFIRMED,228093.26
ORDER_000002619,CUSTOMER_000000619,2026-11-02T06:49:05,SHIPPED,96768.17
ORDER_000002620,CUSTOMER_000000620,2026-03-25T19:45:28,CONFIRMED,124601.97
ORDER_000002621,CUSTOMER_000000621,2026-01-12T20:55:09,DELIVERED,303775.42
ORDER_000002622,CUSTOMER_000000622,2026-07-02T02:09:01,DELIVERED,38610.23
ORDER_000002623,CUSTOMER_000000623,2026-01-23T09:52:11,DELIVERED,448447.47
ORDER_000002624,CUSTOMER_000000624,2026-04-11T18:33:21,DELIVERED,227442.44
ORDER_000002625,CUSTOMER_000000625,2026-08-05T19:33:51,CONFIRMED,148703.82
ORDER_000002626,CUSTOMER_000000626,2026-12-17T05:38:32,DELIVERED,485190.45
ORDER_000002627,CUSTOMER_000000627,2026-10-06T13:52:11,DELIVERED,77747.96
ORDER_000002628,CUSTOMER_000000628,2026-04-30T11:51:45,DELIVERED,117965.84
ORDER_000002629,CUSTOMER_000000629,2026-06-15T05:32:18,DELIVERED,121845.97
ORDER_000002630,CUSTOMER_000000630,2026-10-12T16:32:34,DELIVERED,197179.29
ORDER_000002631,CUSTOMER_000000631,2026-11-23T15:31:42,DELIVERED,429854.14
ORDER_000002632,CUSTOMER_000000632,2026-06-23T16:38:32,DELIVERED,29064.70
ORDER_000002633,CUSTOMER_000000633,2026-03-15T21:28:09,DELIVERED,188938.26
ORDER_000002634,CUSTOMER_000000634,2026-10-20T12:21:45,DELIVERED,223718.14
ORDER_000002635,CUSTOMER_000000635,2026-03-13T04:37:01,DELIVERED,109430.40
ORDER_000002636,CUSTOMER_000000636,2026-08-31T22:09:18,DELIVERED,103104.20
ORDER_000002637,CUSTOMER_000000637,2026-05-02T16:16:31,DELIVERED,163033.15
ORDER_000002638,CUSTOMER_000000638,2026-06-15T17:12:30,SHIPPED,57593.95
ORDER_000002639,CUSTOMER_000000639,2026-11-01T10:53:07,DELIVERED,112305.84
ORDER_000002640,CUSTOMER_000000640,2026-04-07T04:10:13,DELIVERED,244027.57
ORDER_000002641,CUSTOMER_000000641,2026-03-29T19:59:34,DELIVERED,102821.57
ORDER_000002642,CUSTOMER_000000642,2026-08-17T00:08:15,DELIVERED,115025.65
ORDER_000002643,CUSTOMER_000000643,2026-01-22T16:32:20,DELIVERED,106338.94
ORDER_000002644,CUSTOMER_000000644,2026-02-10T11:02:07,DELIVERED,283213.87
ORDER_000002645,CUSTOMER_000000645,2026-03-28T03:07:10,DELIVERED,285707.50
ORDER_000002646,CUSTOMER_000000646,2026-04-26T09:24:27,DELIVERED,221801.00
ORDER_000002647,CUSTOMER_000000647,2026-02-06T00:38:26,SHIPPED,472664.22
ORDER_000002648,CUSTOMER_000000648,2026-09-11T17:54:57,DELIVERED,528207.41
ORDER_000002649,CUSTOMER_000000649,2026-03-12T10:29:28,SHIPPED,278186.24
ORDER_000002650,CUSTOMER_000000650,2026-11-07T08:01:10,DELIVERED,470765.34
ORDER_000002651,CUSTOMER_000000651,2026-09-06T03:44:58,SHIPPED,359573.98
ORDER_000002652,CUSTOMER_000000652,2026-05-20T12:45:42,DELIVERED,34177.88
ORDER_000002653,CUSTOMER_000000653,2026-11-29T03:44:31,DELIVERED,109803.89
ORDER_000002654,CUSTOMER_000000654,2026-08-05T17:38:30,CANCELLED,159919.18
ORDER_000002655,CUSTOMER_000000655,2026-12-06T19:49:23,DELIVERED,357592.78
ORDER_000002656,CUSTOMER_000000656,2026-08-15T13:02:09,SHIPPED,232157.84
ORDER_000002657,CUSTOMER_000000657,2026-02-20T00:55:56,CANCELLED,320807.92
ORDER_000002658,CUSTOMER_000000658,2026-07-06T21:37:47,DELIVERED,131662.46
ORDER_000002659,CUSTOMER_000000659,2026-12-04T13:56:27,DELIVERED,380636.59
ORDER_000002660,CUSTOMER_000000660,2026-05-12T12:43:37,SHIPPED,89199.16
ORDER_000002661,CUSTOMER_000000661,2026-07-17T09:10:58,CONFIRMED,356942.24
ORDER_000002662,CUSTOMER_000000662,2026-07-06T21:20:02,PLACED,237943.99
ORDER_000002663,CUSTOMER_000000663,2026-08-09T04:16:44,DELIVERED,419431.60
ORDER_000002664,CUSTOMER_000000664,2026-12-02T07:51:49,CONFIRMED,523343.06
ORDER_000002665,CUSTOMER_000000665,2026-10-29T15:28,DELIVERED,293456.81
ORDER_000002666,CUSTOMER_000000666,2026-01-06T20:59:07,CONFIRMED,474094.74
ORDER_000002667,CUSTOMER_000000667,2026-05-03T04:52:25,DELIVERED,262936.35
ORDER_000002668,CUSTOMER_000000668,2026-07-03T02:36:34,PLACED,461315.33
ORDER_000002669,CUSTOMER_000000669,2026-08-13T01:49:24,DELIVERED,189206.77
ORDER_000002670,CUSTOMER_000000670,2026-07-12T21:05:04,SHIPPED,240293.64
ORDER_000002671,CUSTOMER_000000671,2026-08-16T19:34:58,DELIVERED,320290.87
ORDER_000002672,CUSTOMER_000000672,2026-01-20T07:37:12,DELIVERED,203844.55
ORDER_000002673,CUSTOMER_000000673,2026-06-02T18:22:18,DELIVERED,255842.54
ORDER_000002674,CUSTOMER_000000674,2026-04-14T17:52:30,DELIVERED,368545.37
ORDER_000002675,CUSTOMER_000000675,2026-10-22T11:03:17,CONFIRMED,557781.18
ORDER_000002676,CUSTOMER_000000676,2026-04-10T21:22:27,SHIPPED,509904.71
ORDER_000002677,CUSTOMER_000000677,2026-11-10T11:56:54,DELIVERED,123692.55
ORDER_000002678,CUSTOMER_000000678,2026-08-01T16:24:55,DELIVERED,436785.20
ORDER_000002679,CUSTOMER_000000679,2026-08-22T06:07:16,SHIPPED,224363.60
ORDER_000002680,CUSTOMER_000000680,2026-02-17T11:44:38,DELIVERED,295280.41
ORDER_000002681,CUSTOMER_000000681,2026-03-29T05:27:41,SHIPPED,356841.66
ORDER_000002682,CUSTOMER_000000682,2026-02-03T10:13:36,CANCELLED,386098.00
ORDER_000002683,CUSTOMER_000000683,2026-06-01T17:36:43,DELIVERED,617014.90
ORDER_000002684,CUSTOMER_000000684,2026-10-27T17:58:25,SHIPPED,363241.40
ORDER_000002685,CUSTOMER_000000685,2026-06-18T03:42:16,CANCELLED,329045.84
ORDER_000002686,CUSTOMER_000000686,2026-11-02T15:06:26,DELIVERED,350602.39
ORDER_000002687,CUSTOMER_000000687,2026-09-15T00:33:25,CONFIRMED,90642.86
ORDER_000002688,CUSTOMER_000000688,2026-01-20T23:15:29,DELIVERED,822052.30
ORDER_000002689,CUSTOMER_000000689,2026-09-11T13:55:50,PLACED,296491.84
ORDER_000002690,CUSTOMER_000000690,2026-07-01T15:27:32,CONFIRMED,284876.93
ORDER_000002691,CUSTOMER_000000691,2026-11-19T03:58:34,DELIVERED,354364.17
ORDER_000002692,CUSTOMER_000000692,2026-08-06T04:38:02,DELIVERED,544809.90
ORDER_000002693,CUSTOMER_000000693,2026-02-07T12:01:09,SHIPPED,420164.70
ORDER_000002694,CUSTOMER_000000694,2026-11-25T17:03:45,DELIVERED,308350.25
ORDER_000002695,CUSTOMER_000000695,2026-12-23T04:03:38,DELIVERED,228467.14
ORDER_000002696,CUSTOMER_000000696,2026-09-20T02:15,CONFIRMED,365575.53
ORDER_000002697,CUSTOMER_000000697,2026-06-09T01:49:59,DELIVERED,165460.33
ORDER_000002698,CUSTOMER_000000698,2026-06-15T11:09:03,DELIVERED,153305.75
ORDER_000002699,CUSTOMER_000000699,2026-02-14T06:25,DELIVERED,455003.50
ORDER_000002700,CUSTOMER_000000700,2026-03-03T15:43:57,DELIVERED,271941.38
ORDER_000002701,CUSTOMER_000000701,2026-03-16T08:36:48,DELIVERED,640414.11
ORDER_000002702,CUSTOMER_000000702,2026-12-03T10:55:04,DELIVERED,264528.53
ORDER_000002703,CUSTOMER_000000703,2026-08-15T23:47:09,PLACED,153848.64
ORDER_000002704,CUSTOMER_000000704,2026-10-01T17:02:03,CONFIRMED,235682.27
ORDER_000002705,CUSTOMER_000000705,2026-10-15T18:39:56,DELIVERED,74929.31
ORDER_000002706,CUSTOMER_000000706,2026-07-18T20:30:04,SHIPPED,675761.47
ORDER_000002707,CUSTOMER_000000707,2026-06-26T07:53:10,DELIVERED,269686.58
ORDER_000002708,CUSTOMER_000000708,2026-11-23T18:55:57,DELIVERED,587934.12
ORDER_000002709,CUSTOMER_000000709,2026-07-26T05:05:08,PLACED,124152.81
ORDER_000002710,CUSTOMER_000000710,2026-01-06T10:54:31,CONFIRMED,545101.22
ORDER_000002711,CUSTOMER_000000711,2026-02-26T23:55:24,CANCELLED,463343.49
ORDER_000002712,CUSTOMER_000000712,2026-03-06T01:02:18,DELIVERED,161511.83
ORDER_000002713,CUSTOMER_000000713,2026-02-16T10:41:45,PLACED,196896.79
ORDER_000002714,CUSTOMER_000000714,2026-09-02T21:34:10,DELIVERED,138728.17
ORDER_000002715,CUSTOMER_000000715,2026-04-19T10:29:12,DELIVERED,123727.58
ORDER_000002716,CUSTOMER_000000716,2026-05-29T17:59:21,DELIVERED,204143.37
ORDER_000002717,CUSTOMER_000000717,2026-12-22T10:21:32,DELIVERED,315013.01
ORDER_000002718,CUSTOMER_000000718,2026-08-22T13:41:16,DELIVERED,59093.58
ORDER_000002719,CUSTOMER_000000719,2026-06-30T03:08:27,CONFIRMED,208176.73
ORDER_000002720,CUSTOMER_000000720,2026-12-04T21:32:27,SHIPPED,247840.56
ORDER_000002721,CUSTOMER_000000721,2026-07-09T22:03:44,DELIVERED,491384.60
ORDER_000002722,CUSTOMER_000000722,2026-01-09T00:39:58,SHIPPED,491264.49
ORDER_000002723,CUSTOMER_000000723,2026-08-04T23:00:06,DELIVERED,120550.73
ORDER_000002724,CUSTOMER_000000724,2026-12-23T17:25:35,CONFIRMED,394045.44
ORDER_000002725,CUSTOMER_000000725,2026-09-04T15:48:18,DELIVERED,478010.40
ORDER_000002726,CUSTOMER_000000726,2026-03-18T07:02:29,DELIVERED,691149.65
ORDER_000002727,CUSTOMER_000000727,2026-07-25T11:15:31,DELIVERED,312501.33
ORDER_000002728,CUSTOMER_000000728,2026-12-26T08:28:29,CONFIRMED,109472.81
ORDER_000002729,CUSTOMER_000000729,2026-03-16T11:30:50,DELIVERED,157611.54
ORDER_000002730,CUSTOMER_000000730,2026-06-29T23:39:51,DELIVERED,237708.64
ORDER_000002731,CUSTOMER_000000731,2026-09-01T18:30:11,DELIVERED,427310.26
ORDER_000002732,CUSTOMER_000000732,2026-01-12T11:16:46,PLACED,262502.07
ORDER_000002733,CUSTOMER_000000733,2026-02-15T19:22:52,DELIVERED,451380.65
ORDER_000002734,CUSTOMER_000000734,2026-03-01T01:33:12,PLACED,514430.34
ORDER_000002735,CUSTOMER_000000735,2026-06-20T12:39:40,DELIVERED,461575.84
ORDER_000002736,CUSTOMER_000000736,2026-11-06T22:37:29,DELIVERED,243265.34
ORDER_000002737,CUSTOMER_000000737,2026-07-03T23:42:49,SHIPPED,259689.54
ORDER_000002738,CUSTOMER_000000738,2026-11-27T05:06:50,DELIVERED,114745.75
ORDER_000002739,CUSTOMER_000000739,2026-10-19T11:55:57,DELIVERED,166131.56
ORDER_000002740,CUSTOMER_000000740,2026-04-05T11:48:38,SHIPPED,451022.01
ORDER_000002741,CUSTOMER_000000741,2026-07-06T04:54:50,SHIPPED,400183.88
ORDER_000002742,CUSTOMER_000000742,2026-04-06T10:34:51,CONFIRMED,337848.89
ORDER_000002743,CUSTOMER_000000743,2026-01-01T13:26:35,DELIVERED,383871.30
ORDER_000002744,CUSTOMER_000000744,2026-03-15T16:34:53,DELIVERED,405415.75
ORDER_000002745,CUSTOMER_000000745,2026-11-26T18:41:46,CANCELLED,108363.48
ORDER_000002746,CUSTOMER_000000746,2026-08-25T08:18:52,DELIVERED,150392.79
ORDER_000002747,CUSTOMER_000000747,2026-10-01T10:25:12,DELIVERED,85501.21
ORDER_000002748,CUSTOMER_000000748,2026-06-23T08:38:28,DELIVERED,356375.16
ORDER_000002749,CUSTOMER_000000749,2026-11-08T11:46:32,DELIVERED,115980.92
ORDER_000002750,CUSTOMER_000000750,2026-02-16T17:34:02,DELIVERED,346508.53
ORDER_000002751,CUSTOMER_000000751,2026-06-01T05:42:46,SHIPPED,174089.24
ORDER_000002752,CUSTOMER_000000752,2026-02-22T07:56:46,DELIVERED,128578.72
ORDER_000002753,CUSTOMER_000000753,2026-03-13T18:13:51,DELIVERED,443446.08
ORDER_000002754,CUSTOMER_000000754,2026-07-28T23:24:23,SHIPPED,191282.71
ORDER_000002755,CUSTOMER_000000755,2026-03-18T17:33:13,DELIVERED,172441.18
ORDER_000002756,CUSTOMER_000000756,2026-01-20T22:26:17,SHIPPED,303909.94
ORDER_000002757,CUSTOMER_000000757,2026-02-24T02:23:57,CONFIRMED,219787.20
ORDER_000002758,CUSTOMER_000000758,2026-11-29T07:10:23,SHIPPED,173722.72
ORDER_000002759,CUSTOMER_000000759,2026-10-16T11:28:12,DELIVERED,97781.79
ORDER_000002760,CUSTOMER_000000760,2026-12-15T03:18:03,SHIPPED,213097.16
ORDER_000002761,CUSTOMER_000000761,2026-10-16T15:34:20,CONFIRMED,476166.56
ORDER_000002762,CUSTOMER_000000762,2026-12-20T09:29:25,CANCELLED,122925.03
ORDER_000002763,CUSTOMER_000000763,2026-10-14T07:52:29,DELIVERED,54738.85
ORDER_000002764,CUSTOMER_000000764,2026-12-31T09:08:20,DELIVERED,388756.86
ORDER_000002765,CUSTOMER_000000765,2026-11-03T19:10:32,SHIPPED,224252.64
ORDER_000002766,CUSTOMER_000000766,2026-09-25T09:32:17,DELIVERED,658318.49
ORDER_000002767,CUSTOMER_000000767,2026-01-26T23:03:30,DELIVERED,429741.88
ORDER_000002768,CUSTOMER_000000768,2026-04-26T18:21:38,CONFIRMED,191372.23
ORDER_000002769,CUSTOMER_000000769,2026-08-01T02:34:20,CANCELLED,375347.22
ORDER_000002770,CUSTOMER_000000770,2026-05-03T19:24:41,DELIVERED,282936.45
ORDER_000002771,CUSTOMER_000000771,2026-11-02T20:30:13,DELIVERED,470109.33
ORDER_000002772,CUSTOMER_000000772,2026-09-08T19:59:22,DELIVERED,247505.34
ORDER_000002773,CUSTOMER_000000773,2026-09-07T12:13:56,DELIVERED,376918.20
ORDER_000002774,CUSTOMER_000000774,2026-03-13T18:45:17,SHIPPED,343417.26
ORDER_000002775,CUSTOMER_000000775,2026-04-18T01:12:41,DELIVERED,465262.65
ORDER_000002776,CUSTOMER_000000776,2026-04-27T10:35:06,CANCELLED,594350.64
ORDER_000002777,CUSTOMER_000000777,2026-12-31T19:28:18,CONFIRMED,75806.26
ORDER_000002778,CUSTOMER_000000778,2026-01-27T15:07:28,DELIVERED,86102.51
ORDER_000002779,CUSTOMER_000000779,2026-03-10T17:59:47,DELIVERED,118784.79
ORDER_000002780,CUSTOMER_000000780,2026-03-11T05:40:52,PLACED,114098.75
ORDER_000002781,CUSTOMER_000000781,2026-06-24T04:19:12,DELIVERED,356500.97
ORDER_000002782,CUSTOMER_000000782,2026-09-08T11:55:17,DELIVERED,350170.58
ORDER_000002783,CUSTOMER_000000783,2026-07-16T17:02:49,SHIPPED,333904.91
ORDER_000002784,CUSTOMER_000000784,2026-10-14T02:21:23,DELIVERED,160136.12
ORDER_000002785,CUSTOMER_000000785,2026-10-28T06:08:11,DELIVERED,445328.50
ORDER_000002786,CUSTOMER_000000786,2026-12-25T14:34:43,DELIVERED,693185.04
ORDER_000002787,CUSTOMER_000000787,2026-03-20T02:05:40,DELIVERED,247976.60
ORDER_000002788,CUSTOMER_000000788,2026-01-26T03:55:42,DELIVERED,165265.13
ORDER_000002789,CUSTOMER_000000789,2026-05-21T05:11:14,DELIVERED,194847.85
ORDER_000002790,CUSTOMER_000000790,2026-08-31T13:36:47,DELIVERED,141837.90
ORDER_000002791,CUSTOMER_000000791,2026-07-19T23:23:45,SHIPPED,670106.19
ORDER_000002792,CUSTOMER_000000792,2026-09-06T18:17:29,DELIVERED,360408.35
ORDER_000002793,CUSTOMER_000000793,2026-07-17T03:14:44,SHIPPED,243536.04
ORDER_000002794,CUSTOMER_000000794,2026-06-08T19:52:48,CONFIRMED,236543.36
ORDER_000002795,CUSTOMER_000000795,2026-07-16T10:29:28,DELIVERED,344738.49
ORDER_000002796,CUSTOMER_000000796,2026-09-01T13:34:53,DELIVERED,124921.08
ORDER_000002797,CUSTOMER_000000797,2026-06-19T20:16:58,DELIVERED,468515.34
ORDER_000002798,CUSTOMER_000000798,2026-04-17T16:48:14,DELIVERED,570025.29
ORDER_000002799,CUSTOMER_000000799,2026-04-23T07:00:22,PLACED,349739.30
ORDER_000002800,CUSTOMER_000000800,2026-03-25T03:56:43,DELIVERED,418877.93
ORDER_000002801,CUSTOMER_000000801,2026-02-28T23:23:10,DELIVERED,223041.34
ORDER_000002802,CUSTOMER_000000802,2026-06-20T01:02:35,DELIVERED,462770.05
ORDER_000002803,CUSTOMER_000000803,2026-02-01T06:18:36,DELIVERED,219810.68
ORDER_000002804,CUSTOMER_000000804,2026-12-20T15:30:33,DELIVERED,330708.33
ORDER_000002805,CUSTOMER_000000805,2026-10-13T20:04:06,DELIVERED,189919.22
ORDER_000002806,CUSTOMER_000000806,2026-04-15T02:08:44,SHIPPED,325123.77
ORDER_000002807,CUSTOMER_000000807,2026-03-17T06:28:05,DELIVERED,558146.12
ORDER_000002808,CUSTOMER_000000808,2026-08-18T03:37:31,DELIVERED,214949.46
ORDER_000002809,CUSTOMER_000000809,2026-07-03T00:13:56,DELIVERED,437300.28
ORDER_000002810,CUSTOMER_000000810,2026-10-13T01:29:06,SHIPPED,85593.52
ORDER_000002811,CUSTOMER_000000811,2026-09-14T05:23:10,DELIVERED,145228.23
ORDER_000002812,CUSTOMER_000000812,2026-03-19T16:23:19,SHIPPED,176760.39
ORDER_000002813,CUSTOMER_000000813,2026-01-14T01:05:30,DELIVERED,674421.67
ORDER_000002814,CUSTOMER_000000814,2026-10-05T11:14:24,DELIVERED,212700.03
ORDER_000002815,CUSTOMER_000000815,2026-02-12T01:34:53,CONFIRMED,169521.12
ORDER_000002816,CUSTOMER_000000816,2026-10-18T04:20:56,DELIVERED,280770.00
ORDER_000002817,CUSTOMER_000000817,2026-12-04T00:31:04,DELIVERED,332854.51
ORDER_000002818,CUSTOMER_000000818,2026-04-11T10:25:39,DELIVERED,628410.05
ORDER_000002819,CUSTOMER_000000819,2026-08-16T10:20:54,DELIVERED,616714.91
ORDER_000002820,CUSTOMER_000000820,2026-03-19T00:29:07,DELIVERED,321803.14
ORDER_000002821,CUSTOMER_000000821,2026-03-21T19:54:51,SHIPPED,199947.49
ORDER_000002822,CUSTOMER_000000822,2026-05-13T10:25:48,DELIVERED,166520.70
ORDER_000002823,CUSTOMER_000000823,2026-05-05T15:36:44,DELIVERED,80425.68
ORDER_000002824,CUSTOMER_000000824,2026-04-04T16:22:21,DELIVERED,272471.23
ORDER_000002825,CUSTOMER_000000825,2026-05-31T20:58:09,DELIVERED,331223.80
ORDER_000002826,CUSTOMER_000000826,2026-06-09T00:17:24,CONFIRMED,467761.17
ORDER_000002827,CUSTOMER_000000827,2026-04-09T08:38:09,DELIVERED,732101.13
ORDER_000002828,CUSTOMER_000000828,2026-09-15T15:57:27,DELIVERED,545522.70
ORDER_000002829,CUSTOMER_000000829,2026-11-02T17:01:56,DELIVERED,417464.15
ORDER_000002830,CUSTOMER_000000830,2026-04-10T12:22:30,DELIVERED,315737.85
ORDER_000002831,CUSTOMER_000000831,2026-07-22T23:26:54,DELIVERED,473583.74
ORDER_000002832,CUSTOMER_000000832,2026-07-29T22:11:01,CONFIRMED,65574.36
ORDER_000002833,CUSTOMER_000000833,2026-12-03T09:22:03,DELIVERED,96943.96
ORDER_000002834,CUSTOMER_000000834,2026-11-07T23:04:03,SHIPPED,352206.12
ORDER_000002835,CUSTOMER_000000835,2026-01-11T02:28:29,PLACED,450556.58
ORDER_000002836,CUSTOMER_000000836,2026-05-27T04:35:16,SHIPPED,94958.45
ORDER_000002837,CUSTOMER_000000837,2026-03-20T13:41:19,DELIVERED,397660.71
ORDER_000002838,CUSTOMER_000000838,2026-10-24T05:48:49,CONFIRMED,514773.03
ORDER_000002839,CUSTOMER_000000839,2026-03-26T17:19:24,CONFIRMED,476857.74
ORDER_000002840,CUSTOMER_000000840,2026-01-24T13:45:04,SHIPPED,301734.75
ORDER_000002841,CUSTOMER_000000841,2026-05-12T03:48:21,DELIVERED,85514.81
ORDER_000002842,CUSTOMER_000000842,2026-03-08T02:20:46,DELIVERED,140999.18
ORDER_000002843,CUSTOMER_000000843,2026-11-19T13:58:35,DELIVERED,415263.06
ORDER_000002844,CUSTOMER_000000844,2026-05-01T23:33:23,DELIVERED,412878.91
ORDER_000002845,CUSTOMER_000000845,2026-09-29T12:06:38,DELIVERED,406965.15
ORDER_000002846,CUSTOMER_000000846,2026-02-04T23:45:18,DELIVERED,279055.74
ORDER_000002847,CUSTOMER_000000847,2026-12-28T02:26:31,CONFIRMED,591004.48
ORDER_000002848,CUSTOMER_000000848,2026-08-10T16:30:25,SHIPPED,185110.28
ORDER_000002849,CUSTOMER_000000849,2026-10-21T14:27:08,DELIVERED,125902.81
ORDER_000002850,CUSTOMER_000000850,2026-06-21T20:51:56,DELIVERED,453816.00
ORDER_000002851,CUSTOMER_000000851,2026-10-21T07:10:42,SHIPPED,334976.46
ORDER_000002852,CUSTOMER_000000852,2026-04-11T03:47:54,DELIVERED,358398.50
ORDER_000002853,CUSTOMER_000000853,2026-01-17T07:59:46,DELIVERED,153893.68
ORDER_000002854,CUSTOMER_000000854,2026-09-14T08:29:29,DELIVERED,179347.77
ORDER_000002855,CUSTOMER_000000855,2026-11-26T21:00:56,CONFIRMED,382909.64
ORDER_000002856,CUSTOMER_000000856,2026-01-11T13:11:11,SHIPPED,181594.64
ORDER_000002857,CUSTOMER_000000857,2026-06-18T22:11:54,DELIVERED,60253.06
ORDER_000002858,CUSTOMER_000000858,2026-10-04T13:59:20,DELIVERED,280955.50
ORDER_000002859,CUSTOMER_000000859,2026-12-04T05:39:07,DELIVERED,528879.53
ORDER_000002860,CUSTOMER_000000860,2026-10-18T02:48:14,CONFIRMED,386902.78
ORDER_000002861,CUSTOMER_000000861,2026-02-01T01:07:12,CONFIRMED,368262.84
ORDER_000002862,CUSTOMER_000000862,2026-02-16T21:01:59,PLACED,556331.32
ORDER_000002863,CUSTOMER_000000863,2026-08-17T13:46:13,SHIPPED,184864.63
ORDER_000002864,CUSTOMER_000000864,2026-12-23T15:23:51,CANCELLED,303555.95
ORDER_000002865,CUSTOMER_000000865,2026-12-08T04:15:02,DELIVERED,60448.08
ORDER_000002866,CUSTOMER_000000866,2026-07-19T18:22:36,SHIPPED,447741.56
ORDER_000002867,CUSTOMER_000000867,2026-07-07T13:26:31,CANCELLED,124812.55
ORDER_000002868,CUSTOMER_000000868,2026-11-02T22:39:19,DELIVERED,224958.29
ORDER_000002869,CUSTOMER_000000869,2026-09-20T10:56:45,DELIVERED,44153.35
ORDER_000002870,CUSTOMER_000000870,2026-08-17T11:05:55,DELIVERED,433214.24
ORDER_000002871,CUSTOMER_000000871,2026-04-30T01:05:52,CONFIRMED,271316.96
ORDER_000002872,CUSTOMER_000000872,2026-01-17T05:52:11,DELIVERED,144551.14
ORDER_000002873,CUSTOMER_000000873,2026-02-04T06:48:53,SHIPPED,294000.69
ORDER_000002874,CUSTOMER_000000874,2026-02-09T21:33:27,PLACED,416546.14
ORDER_000002875,CUSTOMER_000000875,2026-01-08T14:22:59,DELIVERED,221315.06
ORDER_000002876,CUSTOMER_000000876,2026-02-21T00:16:51,DELIVERED,311648.52
ORDER_000002877,CUSTOMER_000000877,2026-05-13T00:48:53,DELIVERED,384693.66
ORDER_000002878,CUSTOMER_000000878,2026-04-30T15:58:21,CONFIRMED,298972.68
ORDER_000002879,CUSTOMER_000000879,2026-08-21T07:58:36,SHIPPED,501191.49
ORDER_000002880,CUSTOMER_000000880,2026-09-08T11:42:04,DELIVERED,168810.46
ORDER_000002881,CUSTOMER_000000881,2026-05-16T22:23:40,SHIPPED,313631.08
ORDER_000002882,CUSTOMER_000000882,2026-03-06T02:46:19,DELIVERED,570613.60
ORDER_000002883,CUSTOMER_000000883,2026-12-25T17:25:52,SHIPPED,135298.57
ORDER_000002884,CUSTOMER_000000884,2026-04-17T11:08:36,SHIPPED,526135.92
ORDER_000002885,CUSTOMER_000000885,2026-04-04T13:56:55,DELIVERED,238109.18
ORDER_000002886,CUSTOMER_000000886,2026-06-16T15:56:39,DELIVERED,188722.70
ORDER_000002887,CUSTOMER_000000887,2026-08-01T11:37:40,SHIPPED,511989.60
ORDER_000002888,CUSTOMER_000000888,2026-06-11T10:29:31,DELIVERED,213177.33
ORDER_000002889,CUSTOMER_000000889,2026-04-01T09:12:20,DELIVERED,335603.44
ORDER_000002890,CUSTOMER_000000890,2026-01-24T00:29:03,CONFIRMED,203291.84
ORDER_000002891,CUSTOMER_000000891,2026-02-16T09:51:43,DELIVERED,429010.64
ORDER_000002892,CUSTOMER_000000892,2026-07-30T16:28:03,PLACED,103570.68
ORDER_000002893,CUSTOMER_000000893,2026-02-27T04:22:54,DELIVERED,634850.90
ORDER_000002894,CUSTOMER_000000894,2026-04-01T11:29:02,CONFIRMED,230419.12
ORDER_000002895,CUSTOMER_000000895,2026-04-10T15:08:51,DELIVERED,46029.95
ORDER_000002896,CUSTOMER_000000896,2026-01-31T20:01:25,DELIVERED,299325.24
ORDER_000002897,CUSTOMER_000000897,2026-11-12T06:09:25,DELIVERED,522720.44
ORDER_000002898,CUSTOMER_000000898,2026-10-01T07:05:30,DELIVERED,439394.72
ORDER_000002899,CUSTOMER_000000899,2026-01-24T03:03:24,DELIVERED,360403.11
ORDER_000002900,CUSTOMER_000000900,2026-07-26T23:07:02,DELIVERED,531881.31
ORDER_000002901,CUSTOMER_000000901,2026-03-12T07:00:40,DELIVERED,146496.80
ORDER_000002902,CUSTOMER_000000902,2026-11-04T07:15:55,CONFIRMED,76180.72
ORDER_000002903,CUSTOMER_000000903,2026-12-21T02:54:33,DELIVERED,386562.19
ORDER_000002904,CUSTOMER_000000904,2026-03-31T17:00:56,PLACED,202245.38
ORDER_000002905,CUSTOMER_000000905,2026-01-13T16:35:35,DELIVERED,479374.10
ORDER_000002906,CUSTOMER_000000906,2026-08-03T03:49:55,DELIVERED,142903.59
ORDER_000002907,CUSTOMER_000000907,2026-07-19T05:10:15,DELIVERED,254537.28
ORDER_000002908,CUSTOMER_000000908,2026-03-01T08:50:14,DELIVERED,396236.13
ORDER_000002909,CUSTOMER_000000909,2026-05-31T04:20:32,DELIVERED,202821.83
ORDER_000002910,CUSTOMER_000000910,2026-10-01T02:48:54,DELIVERED,147822.76
ORDER_000002911,CUSTOMER_000000911,2026-10-10T02:11:19,DELIVERED,195643.20
ORDER_000002912,CUSTOMER_000000912,2026-01-18T07:51:40,DELIVERED,144421.96
ORDER_000002913,CUSTOMER_000000913,2026-01-25T00:53:35,DELIVERED,206910.88
ORDER_000002914,CUSTOMER_000000914,2026-09-17T11:38:16,DELIVERED,267875.55
ORDER_000002915,CUSTOMER_000000915,2026-07-28T12:44:29,CANCELLED,436203.65
ORDER_000002916,CUSTOMER_000000916,2026-03-03T21:59:38,SHIPPED,103577.69
ORDER_000002917,CUSTOMER_000000917,2026-05-09T07:53:22,SHIPPED,321263.48
ORDER_000002918,CUSTOMER_000000918,2026-05-09T14:28:11,DELIVERED,94560.58
ORDER_000002919,CUSTOMER_000000919,2026-11-24T14:18:28,CONFIRMED,164890.89
ORDER_000002920,CUSTOMER_000000920,2026-07-21T12:01:47,SHIPPED,313099.02
ORDER_000002921,CUSTOMER_000000921,2026-06-21T01:47:08,DELIVERED,339334.62
ORDER_000002922,CUSTOMER_000000922,2026-10-31T17:12:42,SHIPPED,547174.52
ORDER_000002923,CUSTOMER_000000923,2026-06-22T06:49:54,DELIVERED,262920.43
ORDER_000002924,CUSTOMER_000000924,2026-07-31T19:00:08,CONFIRMED,516961.62
ORDER_000002925,CUSTOMER_000000925,2026-03-16T04:47:15,CANCELLED,171942.36
ORDER_000002926,CUSTOMER_000000926,2026-12-19T05:09:58,DELIVERED,220907.05
ORDER_000002927,CUSTOMER_000000927,2026-12-27T14:36:19,CONFIRMED,36285.25
ORDER_000002928,CUSTOMER_000000928,2026-02-05T00:49:45,DELIVERED,277673.76
ORDER_000002929,CUSTOMER_000000929,2026-05-17T07:58:50,CONFIRMED,466602.95
ORDER_000002930,CUSTOMER_000000930,2026-02-18T05:02:20,DELIVERED,348924.81
ORDER_000002931,CUSTOMER_000000931,2026-06-10T06:23:30,DELIVERED,61993.79
ORDER_000002932,CUSTOMER_000000932,2026-08-26T05:18:33,SHIPPED,407796.34
ORDER_000002933,CUSTOMER_000000933,2026-02-01T18:10:32,CANCELLED,113902.25
ORDER_000002934,CUSTOMER_000000934,2026-08-31T01:59:51,CONFIRMED,225246.95
ORDER_000002935,CUSTOMER_000000935,2026-10-08T18:16:05,DELIVERED,483245.06
ORDER_000002936,CUSTOMER_000000936,2026-09-24T14:52:10,CONFIRMED,321087.00
ORDER_000002937,CUSTOMER_000000937,2026-05-10T02:53:19,DELIVERED,120605.76
ORDER_000002938,CUSTOMER_000000938,2026-09-12T21:27:59,DELIVERED,532105.08
ORDER_000002939,CUSTOMER_000000939,2026-12-22T07:22:41,DELIVERED,481883.32
ORDER_000002940,CUSTOMER_000000940,2026-02-09T03:09:25,PLACED,641734.16
ORDER_000002941,CUSTOMER_000000941,2026-07-05T22:47:42,DELIVERED,208655.15
ORDER_000002942,CUSTOMER_000000942,2026-10-13T22:23:40,SHIPPED,719536.55
ORDER_000002943,CUSTOMER_000000943,2026-08-31T08:11:48,DELIVERED,40663.26
ORDER_000002944,CUSTOMER_000000944,2026-08-02T01:18:34,CONFIRMED,402066.27
ORDER_000002945,CUSTOMER_000000945,2026-02-21T20:42:58,DELIVERED,593437.72
ORDER_000002946,CUSTOMER_000000946,2026-08-04T09:35:43,CONFIRMED,410415.79
ORDER_000002947,CUSTOMER_000000947,2026-01-18T17:33:28,DELIVERED,267461.56
ORDER_000002948,CUSTOMER_000000948,2026-07-04T07:43:42,DELIVERED,240831.73
ORDER_000002949,CUSTOMER_000000949,2026-04-05T18:29:20,CANCELLED,306091.07
ORDER_000002950,CUSTOMER_000000950,2026-08-14T14:11:41,DELIVERED,269074.47
ORDER_000002951,CUSTOMER_000000951,2026-05-04T06:37:57,DELIVERED,151963.04
ORDER_000002952,CUSTOMER_000000952,2026-07-02T02:28:11,DELIVERED,321043.56
ORDER_000002953,CUSTOMER_000000953,2026-10-24T13:56:21,CANCELLED,304148.35
ORDER_000002954,CUSTOMER_000000954,2026-03-03T14:59:39,DELIVERED,223166.86
ORDER_000002955,CUSTOMER_000000955,2026-05-17T07:39:25,DELIVERED,294467.77
ORDER_000002956,CUSTOMER_000000956,2026-08-16T14:13:43,DELIVERED,331879.65
ORDER_000002957,CUSTOMER_000000957,2026-02-16T14:50:34,SHIPPED,196303.91
ORDER_000002958,CUSTOMER_000000958,2026-01-22T05:59:22,SHIPPED,98691.33
ORDER_000002959,CUSTOMER_000000959,2026-12-23T11:25:34,DELIVERED,268974.79
ORDER_000002960,CUSTOMER_000000960,2026-04-17T06:57:38,DELIVERED,144146.51
ORDER_000002961,CUSTOMER_000000961,2026-12-26T21:15:06,CONFIRMED,419057.17
ORDER_000002962,CUSTOMER_000000962,2026-01-14T11:32:20,PLACED,443935.91
ORDER_000002963,CUSTOMER_000000963,2026-09-17T23:19:33,DELIVERED,364465.24
ORDER_000002964,CUSTOMER_000000964,2026-07-11T01:18:23,CONFIRMED,156399.92
ORDER_000002965,CUSTOMER_000000965,2026-02-10T23:06:18,DELIVERED,392089.87
ORDER_000002966,CUSTOMER_000000966,2026-04-06T10:04:58,DELIVERED,166293.56
ORDER_000002967,CUSTOMER_000000967,2026-02-24T06:21:03,DELIVERED,482780.75
ORDER_000002968,CUSTOMER_000000968,2026-01-05T07:08:06,DELIVERED,189955.05
ORDER_000002969,CUSTOMER_000000969,2026-11-14T23:18:31,DELIVERED,92963.02
ORDER_000002970,CUSTOMER_000000970,2026-05-08T15:33:09,DELIVERED,306596.01
ORDER_000002971,CUSTOMER_000000971,2026-04-13T02:03:41,DELIVERED,135246.52
ORDER_000002972,CUSTOMER_000000972,2026-12-23T22:54:32,DELIVERED,228372.72
ORDER_000002973,CUSTOMER_000000973,2026-11-24T07:23:15,DELIVERED,185593.41
ORDER_000002974,CUSTOMER_000000974,2026-05-18T11:17:42,DELIVERED,374990.12
ORDER_000002975,CUSTOMER_000000975,2026-07-24T02:23:47,DELIVERED,163993.70
ORDER_000002976,CUSTOMER_000000976,2026-11-24T02:46:15,DELIVERED,204873.25
ORDER_000002977,CUSTOMER_000000977,2026-06-05T12:38:13,DELIVERED,483066.38
ORDER_000002978,CUSTOMER_000000978,2026-11-10T02:45:22,DELIVERED,188448.16
ORDER_000002979,CUSTOMER_000000979,2026-05-14T04:48:15,DELIVERED,345919.93
ORDER_000002980,CUSTOMER_000000980,2026-05-21T01:46:07,DELIVERED,618330.03
ORDER_000002981,CUSTOMER_000000981,2026-02-13T18:20,DELIVERED,167952.48
ORDER_000002982,CUSTOMER_000000982,2026-02-17T19:43:06,DELIVERED,40480.42
ORDER_000002983,CUSTOMER_000000983,2026-08-22T12:24:35,DELIVERED,418103.90
ORDER_000002984,CUSTOMER_000000984,2026-11-12T06:31:14,DELIVERED,257331.60
ORDER_000002985,CUSTOMER_000000985,2026-08-08T04:11:12,DELIVERED,344453.01
ORDER_000002986,CUSTOMER_000000986,2026-07-18T10:33:20,DELIVERED,275817.04
ORDER_000002987,CUSTOMER_000000987,2026-01-11T18:45:37,DELIVERED,151384.40
ORDER_000002988,CUSTOMER_000000988,2026-05-27T13:28:34,CANCELLED,518541.92
ORDER_000002989,CUSTOMER_000000989,2026-10-15T23:50:42,DELIVERED,300007.90
ORDER_000002990,CUSTOMER_000000990,2026-12-06T20:44:56,SHIPPED,522408.05
ORDER_000002991,CUSTOMER_000000991,2026-08-02T07:58:08,DELIVERED,381105.77
ORDER_000002992,CUSTOMER_000000992,2026-08-08T13:09:12,DELIVERED,447177.29
ORDER_000002993,CUSTOMER_000000993,2026-03-22T03:42:49,DELIVERED,597265.92
ORDER_000002994,CUSTOMER_000000994,2026-05-24T14:01:46,CANCELLED,349501.40
ORDER_000002995,CUSTOMER_000000995,2026-04-17T18:13:22,CANCELLED,173833.43
ORDER_000002996,CUSTOMER_000000996,2026-07-24T06:22:35,DELIVERED,272785.77
ORDER_000002997,CUSTOMER_000000997,2026-07-08T02:12:39,SHIPPED,114639.68
ORDER_000002998,CUSTOMER_000000998,2026-06-19T14:17:34,CONFIRMED,296589.60
ORDER_000002999,CUSTOMER_000000999,2026-01-16T20:03:35,DELIVERED,268424.62
ORDER_000003000,CUSTOMER_000001000,2026-08-20T21:09:47,CONFIRMED,129554.88
ORDER_000003001,CUSTOMER_000000001,2026-01-20T22:03:35,CONFIRMED,373781.44
ORDER_000003002,CUSTOMER_000000002,2026-04-29T21:36:32,DELIVERED,478373.20
ORDER_000003003,CUSTOMER_000000003,2026-03-07T09:17:45,DELIVERED,696586.81
ORDER_000003004,CUSTOMER_000000004,2026-06-03T20:51:08,SHIPPED,530722.02
ORDER_000003005,CUSTOMER_000000005,2026-03-26T16:06:22,DELIVERED,195610.26
ORDER_000003006,CUSTOMER_000000006,2026-09-26T22:45:42,DELIVERED,382255.65
ORDER_000003007,CUSTOMER_000000007,2026-04-23T01:05:04,SHIPPED,328441.19
ORDER_000003008,CUSTOMER_000000008,2026-02-24T01:31:05,CONFIRMED,267839.84
ORDER_000003009,CUSTOMER_000000009,2026-02-14T18:07:20,DELIVERED,544111.86
ORDER_000003010,CUSTOMER_000000010,2026-04-09T10:12:54,DELIVERED,772251.74
ORDER_000003011,CUSTOMER_000000011,2026-01-23T09:17:02,CONFIRMED,337476.87
ORDER_000003012,CUSTOMER_000000012,2026-11-10T05:47:35,SHIPPED,283007.98
ORDER_000003013,CUSTOMER_000000013,2026-07-27T01:40:25,PLACED,301197.46
ORDER_000003014,CUSTOMER_000000014,2026-01-13T04:37:49,DELIVERED,618182.96
ORDER_000003015,CUSTOMER_000000015,2026-08-10T20:32:08,PLACED,823335.56
ORDER_000003016,CUSTOMER_000000016,2026-06-12T11:02:09,DELIVERED,182378.90
ORDER_000003017,CUSTOMER_000000017,2026-03-08T18:39:59,DELIVERED,496195.48
ORDER_000003018,CUSTOMER_000000018,2026-02-26T01:05:55,CONFIRMED,716350.99
ORDER_000003019,CUSTOMER_000000019,2026-02-23T12:54,SHIPPED,587454.97
ORDER_000003020,CUSTOMER_000000020,2026-04-11T22:19:31,DELIVERED,254832.41
ORDER_000003021,CUSTOMER_000000021,2026-04-15T01:31:39,DELIVERED,1024878.27
ORDER_000003022,CUSTOMER_000000022,2026-07-09T16:36:53,DELIVERED,506327.74
ORDER_000003023,CUSTOMER_000000023,2026-07-07T22:29:58,CANCELLED,162708.06
ORDER_000003024,CUSTOMER_000000024,2026-06-17T04:23:19,DELIVERED,326647.60
ORDER_000003025,CUSTOMER_000000025,2026-08-31T00:10:33,DELIVERED,252265.98
ORDER_000003026,CUSTOMER_000000026,2026-07-05T07:25:14,PLACED,407052.34
ORDER_000003027,CUSTOMER_000000027,2026-09-26T15:28:37,DELIVERED,306391.16
ORDER_000003028,CUSTOMER_000000028,2026-10-05T16:06:32,CONFIRMED,155484.44
ORDER_000003029,CUSTOMER_000000029,2026-02-26T02:27:16,SHIPPED,751865.45
ORDER_000003030,CUSTOMER_000000030,2026-10-04T12:44:12,DELIVERED,532528.62
ORDER_000003031,CUSTOMER_000000031,2026-08-12T16:14:34,SHIPPED,254402.14
ORDER_000003032,CUSTOMER_000000032,2026-03-02T01:52:17,PLACED,329980.91
ORDER_000003033,CUSTOMER_000000033,2026-12-18T09:30:03,SHIPPED,530373.95
ORDER_000003034,CUSTOMER_000000034,2026-03-05T14:35:10,CONFIRMED,345999.00
ORDER_000003035,CUSTOMER_000000035,2026-06-13T01:12:41,CANCELLED,385601.54
ORDER_000003036,CUSTOMER_000000036,2026-06-29T18:05:23,DELIVERED,161821.26
ORDER_000003037,CUSTOMER_000000037,2026-12-06T03:36:40,DELIVERED,681071.26
ORDER_000003038,CUSTOMER_000000038,2026-06-20T00:34:27,SHIPPED,266852.51
ORDER_000003039,CUSTOMER_000000039,2026-08-18T04:21:29,DELIVERED,354400.51
ORDER_000003040,CUSTOMER_000000040,2026-11-22T06:34:16,SHIPPED,292328.99
ORDER_000003041,CUSTOMER_000000041,2026-01-02T21:15:34,CONFIRMED,1021032.26
ORDER_000003042,CUSTOMER_000000042,2026-04-03T21:03:01,DELIVERED,188893.88
ORDER_000003043,CUSTOMER_000000043,2026-10-19T13:54:12,CONFIRMED,646817.31
ORDER_000003044,CUSTOMER_000000044,2026-04-27T22:07:42,CONFIRMED,827025.51
ORDER_000003045,CUSTOMER_000000045,2026-03-08T14:20:59,DELIVERED,352629.31
ORDER_000003046,CUSTOMER_000000046,2026-08-18T16:06:05,DELIVERED,558909.56
ORDER_000003047,CUSTOMER_000000047,2026-03-16T23:23:54,DELIVERED,347457.69
ORDER_000003048,CUSTOMER_000000048,2026-04-07T08:13:47,SHIPPED,388248.73
ORDER_000003049,CUSTOMER_000000049,2026-06-23T09:04:07,DELIVERED,293060.33
ORDER_000003050,CUSTOMER_000000050,2026-05-03T12:26:42,PLACED,152439.51
ORDER_000003051,CUSTOMER_000000051,2026-07-20T06:40:15,CONFIRMED,325703.40
ORDER_000003052,CUSTOMER_000000052,2026-07-10T13:04:23,CANCELLED,901727.20
ORDER_000003053,CUSTOMER_000000053,2026-05-02T10:30:23,DELIVERED,509719.75
ORDER_000003054,CUSTOMER_000000054,2026-09-11T05:44:50,CONFIRMED,815252.65
ORDER_000003055,CUSTOMER_000000055,2026-02-11T10:01:45,DELIVERED,502743.61
ORDER_000003056,CUSTOMER_000000056,2026-12-09T23:23:30,DELIVERED,457292.11
ORDER_000003057,CUSTOMER_000000057,2026-06-17T21:00:47,PLACED,349878.40
ORDER_000003058,CUSTOMER_000000058,2026-03-22T16:36:02,SHIPPED,299735.25
ORDER_000003059,CUSTOMER_000000059,2026-05-02T14:44:13,CONFIRMED,898276.22
ORDER_000003060,CUSTOMER_000000060,2026-07-08T19:12:18,CONFIRMED,337650.94
ORDER_000003061,CUSTOMER_000000061,2026-02-24T04:28:14,DELIVERED,588775.58
ORDER_000003062,CUSTOMER_000000062,2026-08-31T08:28:52,DELIVERED,470955.94
ORDER_000003063,CUSTOMER_000000063,2026-09-13T19:07:25,SHIPPED,437748.04
ORDER_000003064,CUSTOMER_000000064,2026-09-20T06:10:22,DELIVERED,586315.50
ORDER_000003065,CUSTOMER_000000065,2026-05-06T19:29:37,DELIVERED,257890.96
ORDER_000003066,CUSTOMER_000000066,2026-05-09T07:57:26,SHIPPED,710042.09
ORDER_000003067,CUSTOMER_000000067,2026-02-13T12:39:44,SHIPPED,243062.23
ORDER_000003068,CUSTOMER_000000068,2026-07-08T13:59:13,DELIVERED,313736.96
ORDER_000003069,CUSTOMER_000000069,2026-11-17T00:55:05,DELIVERED,518202.60
ORDER_000003070,CUSTOMER_000000070,2026-03-27T06:53:45,DELIVERED,534899.40
ORDER_000003071,CUSTOMER_000000071,2026-04-18T13:07:12,SHIPPED,485637.45
ORDER_000003072,CUSTOMER_000000072,2026-02-26T07:59:07,CONFIRMED,541435.47
ORDER_000003073,CUSTOMER_000000073,2026-07-27T23:21:57,DELIVERED,528691.05
ORDER_000003074,CUSTOMER_000000074,2026-08-13T04:35:50,DELIVERED,522312.95
ORDER_000003075,CUSTOMER_000000075,2026-07-27T12:35:07,CONFIRMED,616897.42
ORDER_000003076,CUSTOMER_000000076,2026-05-31T15:56:17,DELIVERED,282365.59
ORDER_000003077,CUSTOMER_000000077,2026-10-28T17:44:18,SHIPPED,528948.49
ORDER_000003078,CUSTOMER_000000078,2026-08-28T19:09:39,DELIVERED,577278.04
ORDER_000003079,CUSTOMER_000000079,2026-10-20T20:13:29,DELIVERED,272768.73
ORDER_000003080,CUSTOMER_000000080,2026-06-16T20:36:59,DELIVERED,162885.60
ORDER_000003081,CUSTOMER_000000081,2026-07-24T07:05:05,DELIVERED,551513.88
ORDER_000003082,CUSTOMER_000000082,2026-11-24T11:25:24,DELIVERED,749372.70
ORDER_000003083,CUSTOMER_000000083,2026-06-24T03:05:22,CONFIRMED,741652.66
ORDER_000003084,CUSTOMER_000000084,2026-11-09T03:21:30,SHIPPED,449419.13
ORDER_000003085,CUSTOMER_000000085,2026-10-14T01:08:31,CONFIRMED,558488.52
ORDER_000003086,CUSTOMER_000000086,2026-02-08T16:09:37,DELIVERED,724229.99
ORDER_000003087,CUSTOMER_000000087,2026-09-23T05:41:07,DELIVERED,487291.52
ORDER_000003088,CUSTOMER_000000088,2026-05-16T16:40:29,DELIVERED,293956.59
ORDER_000003089,CUSTOMER_000000089,2026-04-22T21:06:01,DELIVERED,624422.09
ORDER_000003090,CUSTOMER_000000090,2026-09-22T18:24:48,DELIVERED,399916.12
ORDER_000003091,CUSTOMER_000000091,2026-05-05T07:51:44,CONFIRMED,278189.99
ORDER_000003092,CUSTOMER_000000092,2026-03-12T10:36:20,DELIVERED,248406.16
ORDER_000003093,CUSTOMER_000000093,2026-02-21T21:00:15,DELIVERED,378302.57
ORDER_000003094,CUSTOMER_000000094,2026-06-06T20:30:01,DELIVERED,425360.35
ORDER_000003095,CUSTOMER_000000095,2026-01-30T03:52:45,CONFIRMED,249144.30
ORDER_000003096,CUSTOMER_000000096,2026-11-18T18:07:11,DELIVERED,839097.30
ORDER_000003097,CUSTOMER_000000097,2026-02-22T12:45:24,SHIPPED,719611.13
ORDER_000003098,CUSTOMER_000000098,2026-09-16T13:19:48,DELIVERED,355823.82
ORDER_000003099,CUSTOMER_000000099,2026-03-19T23:41:24,DELIVERED,431123.74
ORDER_000003100,CUSTOMER_000000100,2026-12-30T20:44:55,SHIPPED,603443.45
ORDER_000003101,CUSTOMER_000000101,2026-06-06T16:10:56,DELIVERED,225923.76
ORDER_000003102,CUSTOMER_000000102,2026-06-14T00:26:53,CONFIRMED,367963.98
ORDER_000003103,CUSTOMER_000000103,2026-04-15T00:12:16,DELIVERED,349641.64
ORDER_000003104,CUSTOMER_000000104,2026-09-03T13:01:11,DELIVERED,310575.39
ORDER_000003105,CUSTOMER_000000105,2026-04-03T14:06:57,DELIVERED,636105.50
ORDER_000003106,CUSTOMER_000000106,2026-11-14T00:38:24,DELIVERED,334884.02
ORDER_000003107,CUSTOMER_000000107,2026-03-24T08:14:39,DELIVERED,470460.43
ORDER_000003108,CUSTOMER_000000108,2026-07-27T09:25:05,DELIVERED,391653.02
ORDER_000003109,CUSTOMER_000000109,2026-02-14T01:52:41,CONFIRMED,722868.32
ORDER_000003110,CUSTOMER_000000110,2026-05-25T05:10:49,DELIVERED,422720.41
ORDER_000003111,CUSTOMER_000000111,2026-03-21T12:07:42,DELIVERED,241855.89
ORDER_000003112,CUSTOMER_000000112,2026-03-21T21:23:57,DELIVERED,389320.02
ORDER_000003113,CUSTOMER_000000113,2026-07-23T12:12:42,DELIVERED,536485.78
ORDER_000003114,CUSTOMER_000000114,2026-01-10T17:13:17,DELIVERED,294082.91
ORDER_000003115,CUSTOMER_000000115,2026-06-03T02:06:55,CONFIRMED,500634.81
ORDER_000003116,CUSTOMER_000000116,2026-07-31T05:22:25,DELIVERED,444640.60
ORDER_000003117,CUSTOMER_000000117,2026-10-24T02:30:57,SHIPPED,437913.68
ORDER_000003118,CUSTOMER_000000118,2026-02-17T11:20:33,DELIVERED,381640.40
ORDER_000003119,CUSTOMER_000000119,2026-12-03T18:31:20,CONFIRMED,353340.97
ORDER_000003120,CUSTOMER_000000120,2026-07-30T12:12:42,DELIVERED,83368.88
ORDER_000003121,CUSTOMER_000000121,2026-08-31T12:31:29,PLACED,379606.67
ORDER_000003122,CUSTOMER_000000122,2026-05-29T02:14:21,DELIVERED,889245.98
ORDER_000003123,CUSTOMER_000000123,2026-01-29T11:23,DELIVERED,779191.28
ORDER_000003124,CUSTOMER_000000124,2026-07-10T03:13:18,SHIPPED,300105.08
ORDER_000003125,CUSTOMER_000000125,2026-03-27T00:38:29,DELIVERED,635287.82
ORDER_000003126,CUSTOMER_000000126,2026-08-13T16:44:55,DELIVERED,292394.99
ORDER_000003127,CUSTOMER_000000127,2026-05-21T03:42:46,DELIVERED,399940.34
ORDER_000003128,CUSTOMER_000000128,2026-01-23T20:09:34,CANCELLED,206523.96
ORDER_000003129,CUSTOMER_000000129,2026-02-08T10:02:37,SHIPPED,381431.14
ORDER_000003130,CUSTOMER_000000130,2026-04-12T01:54:16,SHIPPED,340963.19
ORDER_000003131,CUSTOMER_000000131,2026-11-15T09:58:20,SHIPPED,81210.51
ORDER_000003132,CUSTOMER_000000132,2026-07-16T18:34:25,CONFIRMED,674513.65
ORDER_000003133,CUSTOMER_000000133,2026-11-02T14:24:23,DELIVERED,257644.54
ORDER_000003134,CUSTOMER_000000134,2026-08-16T22:16:37,DELIVERED,819434.23
ORDER_000003135,CUSTOMER_000000135,2026-02-13T19:11:39,DELIVERED,440183.76
ORDER_000003136,CUSTOMER_000000136,2026-01-01T15:01:01,DELIVERED,522258.80
ORDER_000003137,CUSTOMER_000000137,2026-12-05T07:21:18,DELIVERED,755985.13
ORDER_000003138,CUSTOMER_000000138,2026-09-23T01:24:28,SHIPPED,424632.43
ORDER_000003139,CUSTOMER_000000139,2026-08-07T02:10:18,DELIVERED,317563.18
ORDER_000003140,CUSTOMER_000000140,2026-05-03T00:58:49,CONFIRMED,638591.24
ORDER_000003141,CUSTOMER_000000141,2026-07-04T09:17:16,DELIVERED,424531.96
ORDER_000003142,CUSTOMER_000000142,2026-09-21T13:20:49,DELIVERED,857597.99
ORDER_000003143,CUSTOMER_000000143,2026-11-13T09:44:02,CONFIRMED,243232.14
ORDER_000003144,CUSTOMER_000000144,2026-12-09T05:45:55,DELIVERED,394426.98
ORDER_000003145,CUSTOMER_000000145,2026-05-20T16:04:35,DELIVERED,724908.04
ORDER_000003146,CUSTOMER_000000146,2026-03-09T08:07:58,DELIVERED,571137.12
ORDER_000003147,CUSTOMER_000000147,2026-05-14T13:11:10,DELIVERED,623648.28
ORDER_000003148,CUSTOMER_000000148,2026-07-03T07:32:23,SHIPPED,391097.06
ORDER_000003149,CUSTOMER_000000149,2026-04-12T02:44:05,SHIPPED,806201.99
ORDER_000003150,CUSTOMER_000000150,2026-10-17T06:45:25,DELIVERED,295835.36
ORDER_000003151,CUSTOMER_000000151,2026-01-22T18:51:34,SHIPPED,375166.44
ORDER_000003152,CUSTOMER_000000152,2026-10-26T08:22:57,DELIVERED,345420.44
ORDER_000003153,CUSTOMER_000000153,2026-05-16T00:38:59,PLACED,386106.25
ORDER_000003154,CUSTOMER_000000154,2026-10-13T07:28:23,DELIVERED,542490.05
ORDER_000003155,CUSTOMER_000000155,2026-03-26T21:12:32,DELIVERED,357790.90
ORDER_000003156,CUSTOMER_000000156,2026-09-30T18:53:22,DELIVERED,520114.04
ORDER_000003157,CUSTOMER_000000157,2026-06-28T11:20:22,SHIPPED,128899.14
ORDER_000003158,CUSTOMER_000000158,2026-04-24T06:08:13,CONFIRMED,298605.67
ORDER_000003159,CUSTOMER_000000159,2026-07-16T11:04:54,DELIVERED,537699.20
ORDER_000003160,CUSTOMER_000000160,2026-08-02T02:01:21,DELIVERED,284016.39
ORDER_000003161,CUSTOMER_000000161,2026-11-22T14:03:14,CANCELLED,735194.95
ORDER_000003162,CUSTOMER_000000162,2026-07-13T21:07:11,DELIVERED,301431.34
ORDER_000003163,CUSTOMER_000000163,2026-05-24T23:10:28,DELIVERED,809674.20
ORDER_000003164,CUSTOMER_000000164,2026-03-08T05:00:11,CONFIRMED,150885.68
ORDER_000003165,CUSTOMER_000000165,2026-12-17T17:15:34,DELIVERED,817186.83
ORDER_000003166,CUSTOMER_000000166,2026-01-10T00:47:19,DELIVERED,670048.11
ORDER_000003167,CUSTOMER_000000167,2026-09-29T04:45:52,DELIVERED,763854.92
ORDER_000003168,CUSTOMER_000000168,2026-09-15T10:28:25,DELIVERED,307168.20
ORDER_000003169,CUSTOMER_000000169,2026-07-02T14:30:55,SHIPPED,383035.77
ORDER_000003170,CUSTOMER_000000170,2026-01-17T04:29:15,CONFIRMED,507424.87
ORDER_000003171,CUSTOMER_000000171,2026-02-04T05:22:57,PLACED,207752.03
ORDER_000003172,CUSTOMER_000000172,2026-03-22T13:32:39,DELIVERED,330635.21
ORDER_000003173,CUSTOMER_000000173,2026-06-04T06:38:46,DELIVERED,575648.53
ORDER_000003174,CUSTOMER_000000174,2026-11-08T12:30:49,DELIVERED,560146.41
ORDER_000003175,CUSTOMER_000000175,2026-05-07T12:14:56,DELIVERED,441745.03
ORDER_000003176,CUSTOMER_000000176,2026-01-07T15:50:19,DELIVERED,133522.82
ORDER_000003177,CUSTOMER_000000177,2026-10-27T14:51:56,DELIVERED,255437.17
ORDER_000003178,CUSTOMER_000000178,2026-06-27T03:36:07,DELIVERED,247856.21
ORDER_000003179,CUSTOMER_000000179,2026-12-07T00:35:38,SHIPPED,190529.83
ORDER_000003180,CUSTOMER_000000180,2026-08-20T01:46:01,SHIPPED,481159.94
ORDER_000003181,CUSTOMER_000000181,2026-07-15T13:17:57,DELIVERED,336460.83
ORDER_000003182,CUSTOMER_000000182,2026-11-02T06:01:34,SHIPPED,449358.90
ORDER_000003183,CUSTOMER_000000183,2026-12-15T22:52:36,DELIVERED,945228.30
ORDER_000003184,CUSTOMER_000000184,2026-05-22T11:57:21,DELIVERED,110999.52
ORDER_000003185,CUSTOMER_000000185,2026-04-11T01:56:51,DELIVERED,252538.59
ORDER_000003186,CUSTOMER_000000186,2026-11-11T13:23:46,SHIPPED,571135.07
ORDER_000003187,CUSTOMER_000000187,2026-02-03T09:48:53,PLACED,475049.18
ORDER_000003188,CUSTOMER_000000188,2026-07-20T13:45:06,DELIVERED,48307.70
ORDER_000003189,CUSTOMER_000000189,2026-04-02T15:10:21,DELIVERED,765350.05
ORDER_000003190,CUSTOMER_000000190,2026-07-25T19:22:40,PLACED,402156.64
ORDER_000003191,CUSTOMER_000000191,2026-01-02T00:24:41,DELIVERED,530656.47
ORDER_000003192,CUSTOMER_000000192,2026-10-02T14:43:30,DELIVERED,370395.76
ORDER_000003193,CUSTOMER_000000193,2026-04-22T12:50:35,SHIPPED,567789.22
ORDER_000003194,CUSTOMER_000000194,2026-12-26T04:15:43,DELIVERED,552684.43
ORDER_000003195,CUSTOMER_000000195,2026-11-01T09:21:54,CONFIRMED,687755.52
ORDER_000003196,CUSTOMER_000000196,2026-06-08T03:13:26,CONFIRMED,203592.58
ORDER_000003197,CUSTOMER_000000197,2026-01-13T22:29,DELIVERED,208176.86
ORDER_000003198,CUSTOMER_000000198,2026-03-05T10:50:06,DELIVERED,652487.08
ORDER_000003199,CUSTOMER_000000199,2026-03-07T16:50:27,CONFIRMED,647646.49
ORDER_000003200,CUSTOMER_000000200,2026-01-05T08:02:05,CONFIRMED,351263.42
ORDER_000003201,CUSTOMER_000000201,2026-05-23T15:38:41,DELIVERED,529519.85
ORDER_000003202,CUSTOMER_000000202,2026-02-05T23:00:46,PLACED,436222.76
ORDER_000003203,CUSTOMER_000000203,2026-11-07T12:22:59,DELIVERED,290823.35
ORDER_000003204,CUSTOMER_000000204,2026-04-10T17:16:41,DELIVERED,479806.43
ORDER_000003205,CUSTOMER_000000205,2026-07-21T03:55:18,SHIPPED,125047.86
ORDER_000003206,CUSTOMER_000000206,2026-11-12T19:59:55,DELIVERED,442465.23
ORDER_000003207,CUSTOMER_000000207,2026-10-24T06:14:35,PLACED,688028.80
ORDER_000003208,CUSTOMER_000000208,2026-09-13T00:54:27,DELIVERED,330767.51
ORDER_000003209,CUSTOMER_000000209,2026-12-08T00:53:14,CANCELLED,76554.91
ORDER_000003210,CUSTOMER_000000210,2026-08-09T00:15,CONFIRMED,152734.04
ORDER_000003211,CUSTOMER_000000211,2026-06-04T20:12:39,CONFIRMED,498769.92
ORDER_000003212,CUSTOMER_000000212,2026-01-16T21:22:05,CONFIRMED,268012.52
ORDER_000003213,CUSTOMER_000000213,2026-04-21T10:34:15,DELIVERED,594005.11
ORDER_000003214,CUSTOMER_000000214,2026-08-21T23:06:47,CANCELLED,558075.32
ORDER_000003215,CUSTOMER_000000215,2026-04-03T19:17:33,DELIVERED,191194.13
ORDER_000003216,CUSTOMER_000000216,2026-12-11T03:09:36,SHIPPED,691813.43
ORDER_000003217,CUSTOMER_000000217,2026-01-24T20:09:01,DELIVERED,223565.71
ORDER_000003218,CUSTOMER_000000218,2026-02-25T11:16:34,DELIVERED,538207.11
ORDER_000003219,CUSTOMER_000000219,2026-11-08T18:28:03,DELIVERED,781437.95
ORDER_000003220,CUSTOMER_000000220,2026-09-28T12:19:09,DELIVERED,553561.66
ORDER_000003221,CUSTOMER_000000221,2026-02-02T01:41:58,DELIVERED,334306.78
ORDER_000003222,CUSTOMER_000000222,2026-12-03T14:32:25,DELIVERED,463504.93
ORDER_000003223,CUSTOMER_000000223,2026-04-17T02:51:30,DELIVERED,72030.18
ORDER_000003224,CUSTOMER_000000224,2026-10-19T08:21:36,DELIVERED,213222.28
ORDER_000003225,CUSTOMER_000000225,2026-06-29T22:09:19,DELIVERED,258348.51
ORDER_000003226,CUSTOMER_000000226,2026-06-30T01:01:36,CONFIRMED,415257.97
ORDER_000003227,CUSTOMER_000000227,2026-12-15T18:21:26,DELIVERED,464124.38
ORDER_000003228,CUSTOMER_000000228,2026-02-23T23:14:42,DELIVERED,383206.98
ORDER_000003229,CUSTOMER_000000229,2026-08-10T00:25:42,DELIVERED,639086.09
ORDER_000003230,CUSTOMER_000000230,2026-02-12T15:53:19,CONFIRMED,744052.66
ORDER_000003231,CUSTOMER_000000231,2026-01-08T17:50:47,SHIPPED,274322.59
ORDER_000003232,CUSTOMER_000000232,2026-08-11T11:10:14,DELIVERED,415840.73
ORDER_000003233,CUSTOMER_000000233,2026-02-11T19:46,CANCELLED,626517.85
ORDER_000003234,CUSTOMER_000000234,2026-06-22T12:11:31,PLACED,472200.08
ORDER_000003235,CUSTOMER_000000235,2026-04-13T01:47:35,SHIPPED,182188.61
ORDER_000003236,CUSTOMER_000000236,2026-03-18T09:29:22,DELIVERED,253388.47
ORDER_000003237,CUSTOMER_000000237,2026-07-05T04:46:34,DELIVERED,805094.71
ORDER_000003238,CUSTOMER_000000238,2026-11-02T00:37:27,DELIVERED,724489.55
ORDER_000003239,CUSTOMER_000000239,2026-03-12T03:41,DELIVERED,179105.62
ORDER_000003240,CUSTOMER_000000240,2026-11-05T08:32:56,PLACED,365327.35
ORDER_000003241,CUSTOMER_000000241,2026-12-31T03:59:25,CANCELLED,310361.35
ORDER_000003242,CUSTOMER_000000242,2026-07-19T12:53:38,SHIPPED,302190.32
ORDER_000003243,CUSTOMER_000000243,2026-01-07T17:49:11,SHIPPED,869621.26
ORDER_000003244,CUSTOMER_000000244,2026-10-19T09:33:27,SHIPPED,523858.12
ORDER_000003245,CUSTOMER_000000245,2026-07-25T09:14:53,SHIPPED,702376.90
ORDER_000003246,CUSTOMER_000000246,2026-10-21T14:46:51,CONFIRMED,597271.42
ORDER_000003247,CUSTOMER_000000247,2026-03-05T17:31:09,DELIVERED,703075.33
ORDER_000003248,CUSTOMER_000000248,2026-02-18T22:32:48,SHIPPED,614868.24
ORDER_000003249,CUSTOMER_000000249,2026-07-28T06:25:33,DELIVERED,338006.16
ORDER_000003250,CUSTOMER_000000250,2026-07-19T02:29:52,PLACED,680281.35
ORDER_000003251,CUSTOMER_000000251,2026-12-30T15:19,PLACED,485743.93
ORDER_000003252,CUSTOMER_000000252,2026-04-11T23:02:31,DELIVERED,155694.12
ORDER_000003253,CUSTOMER_000000253,2026-04-11T20:19:19,DELIVERED,400074.92
ORDER_000003254,CUSTOMER_000000254,2026-09-30T04:42:34,PLACED,698198.20
ORDER_000003255,CUSTOMER_000000255,2026-02-10T11:58:06,SHIPPED,550076.49
ORDER_000003256,CUSTOMER_000000256,2026-08-22T06:59:36,DELIVERED,154644.35
ORDER_000003257,CUSTOMER_000000257,2026-06-04T18:12:46,DELIVERED,829888.63
ORDER_000003258,CUSTOMER_000000258,2026-05-22T09:27:49,PLACED,185323.94
ORDER_000003259,CUSTOMER_000000259,2026-02-12T00:59:39,DELIVERED,508563.98
ORDER_000003260,CUSTOMER_000000260,2026-06-09T23:21:03,SHIPPED,721362.45
ORDER_000003261,CUSTOMER_000000261,2026-02-04T00:41:42,DELIVERED,832179.89
ORDER_000003262,CUSTOMER_000000262,2026-12-13T11:11:45,CONFIRMED,383689.00
ORDER_000003263,CUSTOMER_000000263,2026-04-21T04:35:41,DELIVERED,332941.05
ORDER_000003264,CUSTOMER_000000264,2026-04-21T12:02:26,CONFIRMED,403285.66
ORDER_000003265,CUSTOMER_000000265,2026-10-01T01:38:53,DELIVERED,409120.63
ORDER_000003266,CUSTOMER_000000266,2026-03-06T13:57:54,DELIVERED,623406.09
ORDER_000003267,CUSTOMER_000000267,2026-02-05T19:57:04,CANCELLED,277638.13
ORDER_000003268,CUSTOMER_000000268,2026-10-25T05:11:57,SHIPPED,294160.11
ORDER_000003269,CUSTOMER_000000269,2026-02-21T04:09:25,DELIVERED,545437.13
ORDER_000003270,CUSTOMER_000000270,2026-08-28T11:06:31,SHIPPED,457373.83
ORDER_000003271,CUSTOMER_000000271,2026-11-23T21:04:43,DELIVERED,511462.07
ORDER_000003272,CUSTOMER_000000272,2026-12-25T15:31:41,CONFIRMED,93295.55
ORDER_000003273,CUSTOMER_000000273,2026-01-31T22:03:05,DELIVERED,275599.85
ORDER_000003274,CUSTOMER_000000274,2026-11-22T07:36:36,DELIVERED,582808.48
ORDER_000003275,CUSTOMER_000000275,2026-04-26T15:10:57,DELIVERED,780738.14
ORDER_000003276,CUSTOMER_000000276,2026-06-15T19:17:14,DELIVERED,256109.60
ORDER_000003277,CUSTOMER_000000277,2026-07-20T16:32:47,CANCELLED,626186.36
ORDER_000003278,CUSTOMER_000000278,2026-10-23T23:04:38,DELIVERED,106196.68
ORDER_000003279,CUSTOMER_000000279,2026-06-19T13:40:38,CONFIRMED,472934.04
ORDER_000003280,CUSTOMER_000000280,2026-07-21T20:58:59,DELIVERED,364168.05
ORDER_000003281,CUSTOMER_000000281,2026-12-30T13:29:33,CONFIRMED,617248.34
ORDER_000003282,CUSTOMER_000000282,2026-08-04T20:20:24,DELIVERED,222888.83
ORDER_000003283,CUSTOMER_000000283,2026-09-27T17:58:04,CONFIRMED,237215.16
ORDER_000003284,CUSTOMER_000000284,2026-06-15T08:24:23,DELIVERED,218834.15
ORDER_000003285,CUSTOMER_000000285,2026-02-27T08:41:08,SHIPPED,239984.77
ORDER_000003286,CUSTOMER_000000286,2026-08-04T01:36:45,DELIVERED,955131.63
ORDER_000003287,CUSTOMER_000000287,2026-07-21T02:23:46,DELIVERED,308001.24
ORDER_000003288,CUSTOMER_000000288,2026-10-05T21:32:44,PLACED,214354.86
ORDER_000003289,CUSTOMER_000000289,2026-08-26T23:42:59,DELIVERED,380462.51
ORDER_000003290,CUSTOMER_000000290,2026-08-20T14:54:16,DELIVERED,510050.32
ORDER_000003291,CUSTOMER_000000291,2026-01-17T09:54:02,DELIVERED,331973.03
ORDER_000003292,CUSTOMER_000000292,2026-09-19T04:19:02,DELIVERED,114347.42
ORDER_000003293,CUSTOMER_000000293,2026-10-26T05:02:10,DELIVERED,562652.77
ORDER_000003294,CUSTOMER_000000294,2026-11-14T05:02:21,DELIVERED,386553.13
ORDER_000003295,CUSTOMER_000000295,2026-11-11T18:22:16,PLACED,661381.74
ORDER_000003296,CUSTOMER_000000296,2026-05-10T02:46:27,CONFIRMED,165939.33
ORDER_000003297,CUSTOMER_000000297,2026-02-08T22:22:09,CONFIRMED,189195.49
ORDER_000003298,CUSTOMER_000000298,2026-05-20T13:33:57,DELIVERED,264597.04
ORDER_000003299,CUSTOMER_000000299,2026-05-20T00:10:23,DELIVERED,296820.08
ORDER_000003300,CUSTOMER_000000300,2026-10-08T06:32:15,DELIVERED,614321.01
ORDER_000003301,CUSTOMER_000000301,2026-06-29T20:29:57,DELIVERED,299308.48
ORDER_000003302,CUSTOMER_000000302,2026-10-28T03:38:26,DELIVERED,359802.54
ORDER_000003303,CUSTOMER_000000303,2026-07-01T14:47:52,CONFIRMED,703790.84
ORDER_000003304,CUSTOMER_000000304,2026-10-20T08:36:27,DELIVERED,769517.06
ORDER_000003305,CUSTOMER_000000305,2026-05-31T11:48,DELIVERED,513388.60
ORDER_000003306,CUSTOMER_000000306,2026-07-15T04:00:45,CONFIRMED,452442.34
ORDER_000003307,CUSTOMER_000000307,2026-03-04T14:04:07,CONFIRMED,403774.90
ORDER_000003308,CUSTOMER_000000308,2026-10-26T00:06:20,DELIVERED,483986.98
ORDER_000003309,CUSTOMER_000000309,2026-10-17T05:27:12,DELIVERED,221561.25
ORDER_000003310,CUSTOMER_000000310,2026-12-22T17:25:30,DELIVERED,229747.53
ORDER_000003311,CUSTOMER_000000311,2026-07-09T14:09:09,DELIVERED,1040912.10
ORDER_000003312,CUSTOMER_000000312,2026-05-11T20:18:22,DELIVERED,591092.58
ORDER_000003313,CUSTOMER_000000313,2026-11-08T21:02:26,CONFIRMED,877196.62
ORDER_000003314,CUSTOMER_000000314,2026-03-16T04:52:22,SHIPPED,461380.06
ORDER_000003315,CUSTOMER_000000315,2026-05-22T02:24:49,SHIPPED,585818.54
ORDER_000003316,CUSTOMER_000000316,2026-11-30T04:15:39,SHIPPED,114977.95
ORDER_000003317,CUSTOMER_000000317,2026-11-24T19:31:14,CONFIRMED,548892.49
ORDER_000003318,CUSTOMER_000000318,2026-11-18T19:57:12,CANCELLED,434220.07
ORDER_000003319,CUSTOMER_000000319,2026-08-28T17:46:28,DELIVERED,570246.52
ORDER_000003320,CUSTOMER_000000320,2026-10-14T15:47:11,DELIVERED,181545.07
ORDER_000003321,CUSTOMER_000000321,2026-07-30T01:34:36,SHIPPED,287812.58
ORDER_000003322,CUSTOMER_000000322,2026-04-01T14:53:42,DELIVERED,632095.75
ORDER_000003323,CUSTOMER_000000323,2026-02-24T02:30:30,DELIVERED,350558.33
ORDER_000003324,CUSTOMER_000000324,2026-05-31T00:51:12,DELIVERED,279526.01
ORDER_000003325,CUSTOMER_000000325,2026-08-01T09:59:11,DELIVERED,556029.52
ORDER_000003326,CUSTOMER_000000326,2026-01-01T13:52:03,DELIVERED,180658.32
ORDER_000003327,CUSTOMER_000000327,2026-10-29T22:28:31,SHIPPED,787766.37
ORDER_000003328,CUSTOMER_000000328,2026-10-27T09:15:15,SHIPPED,576743.04
ORDER_000003329,CUSTOMER_000000329,2026-08-06T13:11:05,DELIVERED,549329.35
ORDER_000003330,CUSTOMER_000000330,2026-05-10T15:38:24,DELIVERED,181572.73
ORDER_000003331,CUSTOMER_000000331,2026-12-04T05:08:54,DELIVERED,282550.16
ORDER_000003332,CUSTOMER_000000332,2026-02-26T04:11:20,DELIVERED,701334.73
ORDER_000003333,CUSTOMER_000000333,2026-01-11T12:49:01,DELIVERED,658659.26
ORDER_000003334,CUSTOMER_000000334,2026-10-28T12:13:52,CANCELLED,797893.44
ORDER_000003335,CUSTOMER_000000335,2026-08-08T18:15:08,SHIPPED,380067.30
ORDER_000003336,CUSTOMER_000000336,2026-04-20T12:52:01,DELIVERED,847532.61
ORDER_000003337,CUSTOMER_000000337,2026-08-08T09:59:19,DELIVERED,178507.73
ORDER_000003338,CUSTOMER_000000338,2026-07-06T01:39:34,CONFIRMED,432449.58
ORDER_000003339,CUSTOMER_000000339,2026-02-03T16:00:57,DELIVERED,740025.35
ORDER_000003340,CUSTOMER_000000340,2026-04-10T11:15:55,DELIVERED,332155.73
ORDER_000003341,CUSTOMER_000000341,2026-01-03T11:56:12,DELIVERED,567308.68
ORDER_000003342,CUSTOMER_000000342,2026-09-20T14:11:27,DELIVERED,568042.52
ORDER_000003343,CUSTOMER_000000343,2026-12-27T07:55:46,DELIVERED,602061.83
ORDER_000003344,CUSTOMER_000000344,2026-05-15T18:16:51,DELIVERED,569003.70
ORDER_000003345,CUSTOMER_000000345,2026-09-13T07:02:29,CONFIRMED,566092.60
ORDER_000003346,CUSTOMER_000000346,2026-02-11T14:03:02,DELIVERED,274605.31
ORDER_000003347,CUSTOMER_000000347,2026-12-28T05:55:43,DELIVERED,784068.24
ORDER_000003348,CUSTOMER_000000348,2026-05-20T15:04,DELIVERED,424904.70
ORDER_000003349,CUSTOMER_000000349,2026-11-14T06:36:49,SHIPPED,690910.34
ORDER_000003350,CUSTOMER_000000350,2026-07-28T04:03:52,DELIVERED,607239.33
ORDER_000003351,CUSTOMER_000000351,2026-07-21T04:22:52,DELIVERED,224965.69
ORDER_000003352,CUSTOMER_000000352,2026-03-07T21:40:08,DELIVERED,560472.78
ORDER_000003353,CUSTOMER_000000353,2026-03-17T09:34:01,DELIVERED,346084.93
ORDER_000003354,CUSTOMER_000000354,2026-09-10T17:21:18,DELIVERED,425338.33
ORDER_000003355,CUSTOMER_000000355,2026-03-31T16:58:15,DELIVERED,388759.70
ORDER_000003356,CUSTOMER_000000356,2026-06-15T13:12:10,SHIPPED,226090.80
ORDER_000003357,CUSTOMER_000000357,2026-04-15T10:47:13,DELIVERED,524299.61
ORDER_000003358,CUSTOMER_000000358,2026-03-15T03:05:36,SHIPPED,487297.22
ORDER_000003359,CUSTOMER_000000359,2026-01-09T08:25:57,DELIVERED,491027.32
ORDER_000003360,CUSTOMER_000000360,2026-07-09T12:34:04,CONFIRMED,608484.46
ORDER_000003361,CUSTOMER_000000361,2026-10-26T06:07:19,DELIVERED,142458.87
ORDER_000003362,CUSTOMER_000000362,2026-07-10T11:25:47,DELIVERED,417337.53
ORDER_000003363,CUSTOMER_000000363,2026-08-08T19:53:23,DELIVERED,255329.12
ORDER_000003364,CUSTOMER_000000364,2026-06-30T05:58:24,CONFIRMED,301629.27
ORDER_000003365,CUSTOMER_000000365,2026-10-29T12:54:31,DELIVERED,945414.90
ORDER_000003366,CUSTOMER_000000366,2026-11-06T22:02:56,CONFIRMED,209779.23
ORDER_000003367,CUSTOMER_000000367,2026-11-03T05:20:10,CONFIRMED,421333.63
ORDER_000003368,CUSTOMER_000000368,2026-11-25T01:27:02,DELIVERED,426448.62
ORDER_000003369,CUSTOMER_000000369,2026-10-15T20:59:55,SHIPPED,233295.28
ORDER_000003370,CUSTOMER_000000370,2026-01-26T11:56:22,DELIVERED,635508.64
ORDER_000003371,CUSTOMER_000000371,2026-06-04T17:59:48,DELIVERED,715866.84
ORDER_000003372,CUSTOMER_000000372,2026-08-16T12:31:29,DELIVERED,443079.80
ORDER_000003373,CUSTOMER_000000373,2026-02-03T07:10:12,DELIVERED,363723.57
ORDER_000003374,CUSTOMER_000000374,2026-03-10T06:50:30,CONFIRMED,426735.00
ORDER_000003375,CUSTOMER_000000375,2026-03-27T13:57:07,DELIVERED,661069.18
ORDER_000003376,CUSTOMER_000000376,2026-07-26T02:40:32,DELIVERED,329865.86
ORDER_000003377,CUSTOMER_000000377,2026-04-04T20:36:40,CONFIRMED,197980.63
ORDER_000003378,CUSTOMER_000000378,2026-07-23T04:58:35,DELIVERED,224470.44
ORDER_000003379,CUSTOMER_000000379,2026-08-02T12:29:05,DELIVERED,276622.44
ORDER_000003380,CUSTOMER_000000380,2026-05-14T11:28:47,DELIVERED,800981.83
ORDER_000003381,CUSTOMER_000000381,2026-07-07T07:25:07,DELIVERED,491733.17
ORDER_000003382,CUSTOMER_000000382,2026-09-24T22:21:38,PLACED,809508.12
ORDER_000003383,CUSTOMER_000000383,2026-11-05T00:22:34,PLACED,321298.52
ORDER_000003384,CUSTOMER_000000384,2026-05-30T00:48:05,SHIPPED,521331.33
ORDER_000003385,CUSTOMER_000000385,2026-09-26T13:21:50,DELIVERED,215796.78
ORDER_000003386,CUSTOMER_000000386,2026-11-27T07:44:30,DELIVERED,457113.37
ORDER_000003387,CUSTOMER_000000387,2026-05-09T04:54:02,DELIVERED,308890.96
ORDER_000003388,CUSTOMER_000000388,2026-12-02T18:03:31,PLACED,575604.59
ORDER_000003389,CUSTOMER_000000389,2026-07-11T22:43:42,DELIVERED,446216.06
ORDER_000003390,CUSTOMER_000000390,2026-09-12T16:39:05,DELIVERED,608162.43
ORDER_000003391,CUSTOMER_000000391,2026-12-22T18:07:16,DELIVERED,541940.82
ORDER_000003392,CUSTOMER_000000392,2026-07-03T15:01:04,CONFIRMED,443940.64
ORDER_000003393,CUSTOMER_000000393,2026-02-28T09:36:20,CONFIRMED,201193.49
ORDER_000003394,CUSTOMER_000000394,2026-06-29T01:17:25,DELIVERED,269476.63
ORDER_000003395,CUSTOMER_000000395,2026-08-14T17:00:22,DELIVERED,228604.18
ORDER_000003396,CUSTOMER_000000396,2026-08-31T10:16:55,CANCELLED,407468.21
ORDER_000003397,CUSTOMER_000000397,2026-08-16T16:49:52,DELIVERED,412136.25
ORDER_000003398,CUSTOMER_000000398,2026-04-07T05:49:20,DELIVERED,422625.36
ORDER_000003399,CUSTOMER_000000399,2026-06-19T08:08:21,DELIVERED,443501.99
ORDER_000003400,CUSTOMER_000000400,2026-04-17T18:22:02,DELIVERED,640868.47
ORDER_000003401,CUSTOMER_000000401,2026-03-26T02:28:56,CONFIRMED,363481.42
ORDER_000003402,CUSTOMER_000000402,2026-04-01T18:15:29,DELIVERED,661728.60
ORDER_000003403,CUSTOMER_000000403,2026-04-23T20:21:36,SHIPPED,155074.75
ORDER_000003404,CUSTOMER_000000404,2026-04-04T22:56:10,DELIVERED,566342.90
ORDER_000003405,CUSTOMER_000000405,2026-09-26T06:34:04,SHIPPED,485663.50
ORDER_000003406,CUSTOMER_000000406,2026-05-19T11:22,SHIPPED,441529.69
ORDER_000003407,CUSTOMER_000000407,2026-04-18T01:50:34,DELIVERED,415430.38
ORDER_000003408,CUSTOMER_000000408,2026-08-02T23:03:15,DELIVERED,250910.78
ORDER_000003409,CUSTOMER_000000409,2026-11-15T07:27:24,DELIVERED,833096.10
ORDER_000003410,CUSTOMER_000000410,2026-11-15T21:46:05,DELIVERED,191510.06
ORDER_000003411,CUSTOMER_000000411,2026-11-14T17:17:10,DELIVERED,395446.92
ORDER_000003412,CUSTOMER_000000412,2026-03-30T11:47:55,SHIPPED,1106116.35
ORDER_000003413,CUSTOMER_000000413,2026-04-07T04:27:26,DELIVERED,305677.66
ORDER_000003414,CUSTOMER_000000414,2026-05-21T23:58:38,DELIVERED,164593.63
ORDER_000003415,CUSTOMER_000000415,2026-08-08T03:11:54,CONFIRMED,289042.74
ORDER_000003416,CUSTOMER_000000416,2026-12-06T08:20:23,DELIVERED,554077.15
ORDER_000003417,CUSTOMER_000000417,2026-06-18T23:03:19,CONFIRMED,448172.37
ORDER_000003418,CUSTOMER_000000418,2026-12-02T08:02:19,PLACED,419811.26
ORDER_000003419,CUSTOMER_000000419,2026-10-11T01:54:30,DELIVERED,498538.25
ORDER_000003420,CUSTOMER_000000420,2026-12-18T11:56:27,DELIVERED,217744.01
ORDER_000003421,CUSTOMER_000000421,2026-09-15T16:18:43,SHIPPED,439880.84
ORDER_000003422,CUSTOMER_000000422,2026-05-07T15:30:09,DELIVERED,355571.17
ORDER_000003423,CUSTOMER_000000423,2026-01-17T23:11:27,CONFIRMED,314033.51
ORDER_000003424,CUSTOMER_000000424,2026-10-19T12:02:47,DELIVERED,850993.61
ORDER_000003425,CUSTOMER_000000425,2026-07-19T11:50:19,DELIVERED,254462.38
ORDER_000003426,CUSTOMER_000000426,2026-06-16T10:52:23,DELIVERED,347388.99
ORDER_000003427,CUSTOMER_000000427,2026-05-02T07:06:23,DELIVERED,422397.53
ORDER_000003428,CUSTOMER_000000428,2026-04-13T19:59:57,DELIVERED,275655.22
ORDER_000003429,CUSTOMER_000000429,2026-01-15T22:40:33,DELIVERED,692454.00
ORDER_000003430,CUSTOMER_000000430,2026-03-18T05:52:36,DELIVERED,307385.55
ORDER_000003431,CUSTOMER_000000431,2026-01-04T23:00:15,CONFIRMED,384245.84
ORDER_000003432,CUSTOMER_000000432,2026-09-24T05:23:58,DELIVERED,305591.41
ORDER_000003433,CUSTOMER_000000433,2026-06-25T18:20:25,DELIVERED,369210.56
ORDER_000003434,CUSTOMER_000000434,2026-05-18T22:20:38,DELIVERED,781277.46
ORDER_000003435,CUSTOMER_000000435,2026-03-26T18:49:42,DELIVERED,429499.93
ORDER_000003436,CUSTOMER_000000436,2026-04-01T20:27:35,PLACED,494488.55
ORDER_000003437,CUSTOMER_000000437,2026-04-09T09:46:41,PLACED,141603.89
ORDER_000003438,CUSTOMER_000000438,2026-02-06T03:21:33,CONFIRMED,505375.83
ORDER_000003439,CUSTOMER_000000439,2026-07-17T22:06:31,DELIVERED,353890.43
ORDER_000003440,CUSTOMER_000000440,2026-10-29T02:09:03,CANCELLED,514710.19
ORDER_000003441,CUSTOMER_000000441,2026-07-06T06:09:12,CONFIRMED,672748.11
ORDER_000003442,CUSTOMER_000000442,2026-06-20T20:35:19,SHIPPED,135186.56
ORDER_000003443,CUSTOMER_000000443,2026-06-15T14:22,DELIVERED,374993.58
ORDER_000003444,CUSTOMER_000000444,2026-08-23T17:21:57,DELIVERED,354886.10
ORDER_000003445,CUSTOMER_000000445,2026-01-20T15:17:51,DELIVERED,1196861.15
ORDER_000003446,CUSTOMER_000000446,2026-09-12T07:44:22,CONFIRMED,80530.06
ORDER_000003447,CUSTOMER_000000447,2026-11-04T13:45:06,SHIPPED,216567.81
ORDER_000003448,CUSTOMER_000000448,2026-08-18T18:31:28,DELIVERED,250938.11
ORDER_000003449,CUSTOMER_000000449,2026-04-01T16:02:54,DELIVERED,182848.82
ORDER_000003450,CUSTOMER_000000450,2026-10-28T09:56:28,DELIVERED,474291.65
ORDER_000003451,CUSTOMER_000000451,2026-09-20T04:55:48,CONFIRMED,153951.45
ORDER_000003452,CUSTOMER_000000452,2026-08-04T18:23:13,CONFIRMED,570207.47
ORDER_000003453,CUSTOMER_000000453,2026-02-25T22:58:12,DELIVERED,506240.43
ORDER_000003454,CUSTOMER_000000454,2026-01-23T09:11:24,DELIVERED,454535.67
ORDER_000003455,CUSTOMER_000000455,2026-05-23T06:13:32,CONFIRMED,430991.82
ORDER_000003456,CUSTOMER_000000456,2026-09-09T12:37:21,DELIVERED,432883.25
ORDER_000003457,CUSTOMER_000000457,2026-04-20T23:24:33,DELIVERED,219721.29
ORDER_000003458,CUSTOMER_000000458,2026-11-17T16:11:28,DELIVERED,542181.40
ORDER_000003459,CUSTOMER_000000459,2026-06-27T19:19:07,DELIVERED,217251.92
ORDER_000003460,CUSTOMER_000000460,2026-03-09T03:08:38,DELIVERED,203366.70
ORDER_000003461,CUSTOMER_000000461,2026-06-14T07:00:29,DELIVERED,365292.98
ORDER_000003462,CUSTOMER_000000462,2026-10-28T16:43:10,DELIVERED,332534.96
ORDER_000003463,CUSTOMER_000000463,2026-06-11T10:48:56,DELIVERED,392514.03
ORDER_000003464,CUSTOMER_000000464,2026-06-08T01:07:48,CONFIRMED,527771.47
ORDER_000003465,CUSTOMER_000000465,2026-12-15T15:13:05,PLACED,383703.47
ORDER_000003466,CUSTOMER_000000466,2026-12-02T03:08:52,DELIVERED,231477.95
ORDER_000003467,CUSTOMER_000000467,2026-05-01T00:40:51,DELIVERED,464209.96
ORDER_000003468,CUSTOMER_000000468,2026-06-02T06:41:03,SHIPPED,296345.67
ORDER_000003469,CUSTOMER_000000469,2026-09-29T16:49:09,SHIPPED,495763.19
ORDER_000003470,CUSTOMER_000000470,2026-01-20T02:13:37,DELIVERED,312352.13
ORDER_000003471,CUSTOMER_000000471,2026-02-11T16:59:07,DELIVERED,409823.83
ORDER_000003472,CUSTOMER_000000472,2026-12-07T11:37:32,CONFIRMED,179445.55
ORDER_000003473,CUSTOMER_000000473,2026-02-24T16:01:03,DELIVERED,494325.36
ORDER_000003474,CUSTOMER_000000474,2026-04-11T22:17:04,DELIVERED,495075.49
ORDER_000003475,CUSTOMER_000000475,2026-02-18T09:32:19,CONFIRMED,433349.66
ORDER_000003476,CUSTOMER_000000476,2026-01-19T16:20:22,DELIVERED,144550.33
ORDER_000003477,CUSTOMER_000000477,2026-02-21T11:10:32,DELIVERED,251672.36
ORDER_000003478,CUSTOMER_000000478,2026-07-07T01:21:21,DELIVERED,828284.56
ORDER_000003479,CUSTOMER_000000479,2026-09-23T23:52:41,DELIVERED,342043.01
ORDER_000003480,CUSTOMER_000000480,2026-07-03T22:28,DELIVERED,509240.49
ORDER_000003481,CUSTOMER_000000481,2026-01-03T15:39:01,DELIVERED,607024.82
ORDER_000003482,CUSTOMER_000000482,2026-10-04T20:12:18,PLACED,600285.61
ORDER_000003483,CUSTOMER_000000483,2026-10-03T01:32:21,DELIVERED,418368.83
ORDER_000003484,CUSTOMER_000000484,2026-03-02T20:42:16,SHIPPED,390019.05
ORDER_000003485,CUSTOMER_000000485,2026-07-20T16:44:46,DELIVERED,453247.98
ORDER_000003486,CUSTOMER_000000486,2026-07-20T10:24:05,DELIVERED,522937.21
ORDER_000003487,CUSTOMER_000000487,2026-01-09T18:45:38,CANCELLED,636390.80
ORDER_000003488,CUSTOMER_000000488,2026-11-19T19:35:20,CANCELLED,596978.43
ORDER_000003489,CUSTOMER_000000489,2026-08-18T22:57:40,DELIVERED,229517.83
ORDER_000003490,CUSTOMER_000000490,2026-11-29T21:30:05,DELIVERED,415481.65
ORDER_000003491,CUSTOMER_000000491,2026-12-02T22:25:17,DELIVERED,793627.41
ORDER_000003492,CUSTOMER_000000492,2026-06-10T12:33:53,SHIPPED,553092.37
ORDER_000003493,CUSTOMER_000000493,2026-02-24T05:29:33,CONFIRMED,538462.79
ORDER_000003494,CUSTOMER_000000494,2026-02-18T17:46:07,DELIVERED,522978.46
ORDER_000003495,CUSTOMER_000000495,2026-05-22T17:44:56,DELIVERED,152395.14
ORDER_000003496,CUSTOMER_000000496,2026-07-17T08:13:32,SHIPPED,448827.82
ORDER_000003497,CUSTOMER_000000497,2026-06-06T13:12:32,DELIVERED,451726.03
ORDER_000003498,CUSTOMER_000000498,2026-09-24T06:22:05,CANCELLED,230344.62
ORDER_000003499,CUSTOMER_000000499,2026-02-07T00:35:33,DELIVERED,513605.85
ORDER_000003500,CUSTOMER_000000500,2026-01-25T07:09:17,DELIVERED,583210.66
ORDER_000003501,CUSTOMER_000000501,2026-11-07T23:29:51,SHIPPED,595410.67
ORDER_000003502,CUSTOMER_000000502,2026-08-09T23:12:18,CONFIRMED,446958.77
ORDER_000003503,CUSTOMER_000000503,2026-10-23T11:57:07,DELIVERED,658529.95
ORDER_000003504,CUSTOMER_000000504,2026-09-04T22:13:50,SHIPPED,240682.96
ORDER_000003505,CUSTOMER_000000505,2026-03-27T04:42:40,DELIVERED,891167.96
ORDER_000003506,CUSTOMER_000000506,2026-02-23T04:08:40,DELIVERED,299728.83
ORDER_000003507,CUSTOMER_000000507,2026-04-19T19:10:31,DELIVERED,493033.02
ORDER_000003508,CUSTOMER_000000508,2026-12-13T20:17:27,DELIVERED,382676.17
ORDER_000003509,CUSTOMER_000000509,2026-02-05T15:58:49,CONFIRMED,371367.58
ORDER_000003510,CUSTOMER_000000510,2026-12-06T09:26:53,DELIVERED,388707.30
ORDER_000003511,CUSTOMER_000000511,2026-12-18T18:36:06,DELIVERED,513893.26
ORDER_000003512,CUSTOMER_000000512,2026-02-18T16:03:04,DELIVERED,576239.05
ORDER_000003513,CUSTOMER_000000513,2026-11-26T12:17:37,CONFIRMED,644361.29
ORDER_000003514,CUSTOMER_000000514,2026-02-20T14:11:08,DELIVERED,489838.62
ORDER_000003515,CUSTOMER_000000515,2026-02-09T16:25:19,DELIVERED,400632.91
ORDER_000003516,CUSTOMER_000000516,2026-11-26T22:16:14,DELIVERED,260951.96
ORDER_000003517,CUSTOMER_000000517,2026-04-23T04:28:41,DELIVERED,409681.16
ORDER_000003518,CUSTOMER_000000518,2026-02-14T02:37:07,DELIVERED,311550.35
ORDER_000003519,CUSTOMER_000000519,2026-11-28T15:57:01,DELIVERED,158226.90
ORDER_000003520,CUSTOMER_000000520,2026-01-29T07:05:05,DELIVERED,175904.98
ORDER_000003521,CUSTOMER_000000521,2026-05-19T06:15:43,DELIVERED,396285.09
ORDER_000003522,CUSTOMER_000000522,2026-06-05T05:30:40,DELIVERED,508183.23
ORDER_000003523,CUSTOMER_000000523,2026-09-13T05:45:06,DELIVERED,319786.62
ORDER_000003524,CUSTOMER_000000524,2026-01-03T12:47:14,DELIVERED,304525.04
ORDER_000003525,CUSTOMER_000000525,2026-07-09T02:54:44,DELIVERED,156407.57
ORDER_000003526,CUSTOMER_000000526,2026-06-08T10:51:58,CANCELLED,295239.18
ORDER_000003527,CUSTOMER_000000527,2026-01-04T14:29:26,DELIVERED,244120.54
ORDER_000003528,CUSTOMER_000000528,2026-04-27T19:06:37,CONFIRMED,547415.15
ORDER_000003529,CUSTOMER_000000529,2026-06-09T04:25:43,SHIPPED,648337.68
ORDER_000003530,CUSTOMER_000000530,2026-09-08T13:34:01,DELIVERED,358164.57
ORDER_000003531,CUSTOMER_000000531,2026-03-28T03:31:13,PLACED,488487.56
ORDER_000003532,CUSTOMER_000000532,2026-09-02T09:24:21,DELIVERED,429356.47
ORDER_000003533,CUSTOMER_000000533,2026-09-17T03:44:22,DELIVERED,401751.32
ORDER_000003534,CUSTOMER_000000534,2026-11-14T00:24:42,DELIVERED,735546.73
ORDER_000003535,CUSTOMER_000000535,2026-02-25T08:03:26,DELIVERED,631704.12
ORDER_000003536,CUSTOMER_000000536,2026-11-24T09:18:54,DELIVERED,696840.00
ORDER_000003537,CUSTOMER_000000537,2026-09-26T13:54:40,DELIVERED,240685.74
ORDER_000003538,CUSTOMER_000000538,2026-03-04T09:46:28,DELIVERED,266934.10
ORDER_000003539,CUSTOMER_000000539,2026-10-17T12:19:41,DELIVERED,310509.70
ORDER_000003540,CUSTOMER_000000540,2026-08-12T03:36:32,SHIPPED,321970.36
ORDER_000003541,CUSTOMER_000000541,2026-09-26T13:39:17,DELIVERED,473414.04
ORDER_000003542,CUSTOMER_000000542,2026-10-15T12:24:11,DELIVERED,133399.60
ORDER_000003543,CUSTOMER_000000543,2026-05-01T06:28:12,DELIVERED,689550.89
ORDER_000003544,CUSTOMER_000000544,2026-02-02T12:20:47,DELIVERED,250655.74
ORDER_000003545,CUSTOMER_000000545,2026-06-24T05:22:50,DELIVERED,369244.96
ORDER_000003546,CUSTOMER_000000546,2026-04-16T16:43:43,DELIVERED,208133.55
ORDER_000003547,CUSTOMER_000000547,2026-07-15T06:10:23,CONFIRMED,657824.60
ORDER_000003548,CUSTOMER_000000548,2026-04-28T02:53:38,DELIVERED,428263.85
ORDER_000003549,CUSTOMER_000000549,2026-04-28T10:54:32,CONFIRMED,473963.32
ORDER_000003550,CUSTOMER_000000550,2026-09-07T04:45:34,CANCELLED,674241.68
ORDER_000003551,CUSTOMER_000000551,2026-08-17T06:00:55,SHIPPED,297455.39
ORDER_000003552,CUSTOMER_000000552,2026-01-26T14:55:06,DELIVERED,294489.75
ORDER_000003553,CUSTOMER_000000553,2026-09-14T14:21:18,DELIVERED,369973.41
ORDER_000003554,CUSTOMER_000000554,2026-06-13T10:49:02,DELIVERED,501621.86
ORDER_000003555,CUSTOMER_000000555,2026-10-03T18:54:10,CANCELLED,367392.05
ORDER_000003556,CUSTOMER_000000556,2026-02-11T14:41:29,SHIPPED,375562.91
ORDER_000003557,CUSTOMER_000000557,2026-02-27T06:29:52,CONFIRMED,282477.05
ORDER_000003558,CUSTOMER_000000558,2026-10-09T06:06:38,PLACED,713871.23
ORDER_000003559,CUSTOMER_000000559,2026-05-01T13:12:19,DELIVERED,380875.90
ORDER_000003560,CUSTOMER_000000560,2026-10-25T21:31:21,CANCELLED,808622.47
ORDER_000003561,CUSTOMER_000000561,2026-05-04T18:15:15,SHIPPED,908404.05
ORDER_000003562,CUSTOMER_000000562,2026-10-02T23:57:54,DELIVERED,483546.29
ORDER_000003563,CUSTOMER_000000563,2026-07-12T01:47:10,DELIVERED,283661.01
ORDER_000003564,CUSTOMER_000000564,2026-06-19T17:56:20,DELIVERED,512077.97
ORDER_000003565,CUSTOMER_000000565,2026-07-13T02:19:37,DELIVERED,184208.32
ORDER_000003566,CUSTOMER_000000566,2026-11-05T15:37:56,DELIVERED,407009.19
ORDER_000003567,CUSTOMER_000000567,2026-06-13T15:15:45,SHIPPED,281665.14
ORDER_000003568,CUSTOMER_000000568,2026-12-23T19:29:51,DELIVERED,129192.36
ORDER_000003569,CUSTOMER_000000569,2026-02-27T15:50:18,CONFIRMED,203386.77
ORDER_000003570,CUSTOMER_000000570,2026-05-10T07:03:01,DELIVERED,586084.99
ORDER_000003571,CUSTOMER_000000571,2026-12-07T14:24:44,DELIVERED,661986.23
ORDER_000003572,CUSTOMER_000000572,2026-06-11T23:52:53,DELIVERED,284448.08
ORDER_000003573,CUSTOMER_000000573,2026-10-16T00:48:58,SHIPPED,343975.61
ORDER_000003574,CUSTOMER_000000574,2026-08-13T19:03:44,CONFIRMED,798151.50
ORDER_000003575,CUSTOMER_000000575,2026-02-11T03:45:48,PLACED,234337.52
ORDER_000003576,CUSTOMER_000000576,2026-08-26T07:24:30,DELIVERED,514146.14
ORDER_000003577,CUSTOMER_000000577,2026-02-08T08:33:49,CONFIRMED,507252.00
ORDER_000003578,CUSTOMER_000000578,2026-11-04T06:21:26,DELIVERED,627533.30
ORDER_000003579,CUSTOMER_000000579,2026-01-25T05:44:01,DELIVERED,193896.52
ORDER_000003580,CUSTOMER_000000580,2026-07-21T21:47:09,CANCELLED,627567.78
ORDER_000003581,CUSTOMER_000000581,2026-11-23T05:32:07,DELIVERED,616901.53
ORDER_000003582,CUSTOMER_000000582,2026-11-21T16:24:37,CONFIRMED,299609.56
ORDER_000003583,CUSTOMER_000000583,2026-01-09T18:04:27,DELIVERED,532745.36
ORDER_000003584,CUSTOMER_000000584,2026-01-19T09:21:55,CANCELLED,434957.32
ORDER_000003585,CUSTOMER_000000585,2026-05-18T12:23:19,DELIVERED,298675.84
ORDER_000003586,CUSTOMER_000000586,2026-09-11T19:55:21,DELIVERED,734915.38
ORDER_000003587,CUSTOMER_000000587,2026-07-04T15:37:11,CONFIRMED,941118.74
ORDER_000003588,CUSTOMER_000000588,2026-08-13T19:37:29,DELIVERED,349577.40
ORDER_000003589,CUSTOMER_000000589,2026-12-18T03:59:48,DELIVERED,754970.54
ORDER_000003590,CUSTOMER_000000590,2026-03-12T14:41:59,DELIVERED,233750.04
ORDER_000003591,CUSTOMER_000000591,2026-07-28T15:44:51,DELIVERED,787481.95
ORDER_000003592,CUSTOMER_000000592,2026-10-15T03:30:40,SHIPPED,588935.39
ORDER_000003593,CUSTOMER_000000593,2026-01-09T12:08:30,CONFIRMED,395232.93
ORDER_000003594,CUSTOMER_000000594,2026-07-02T00:42:34,DELIVERED,420483.01
ORDER_000003595,CUSTOMER_000000595,2026-07-01T08:46:41,SHIPPED,428086.36
ORDER_000003596,CUSTOMER_000000596,2026-04-18T20:29:33,DELIVERED,285601.02
ORDER_000003597,CUSTOMER_000000597,2026-03-13T14:51:09,DELIVERED,303976.69
ORDER_000003598,CUSTOMER_000000598,2026-10-03T13:00:43,DELIVERED,283643.90
ORDER_000003599,CUSTOMER_000000599,2026-01-29T04:51:13,DELIVERED,556621.13
ORDER_000003600,CUSTOMER_000000600,2026-07-22T16:28,CONFIRMED,327646.24
ORDER_000003601,CUSTOMER_000000601,2026-09-20T15:12:54,SHIPPED,205997.48
ORDER_000003602,CUSTOMER_000000602,2026-12-02T09:07:54,SHIPPED,517047.69
ORDER_000003603,CUSTOMER_000000603,2026-02-27T06:44:13,DELIVERED,279533.71
ORDER_000003604,CUSTOMER_000000604,2026-12-18T16:34,DELIVERED,947264.72
ORDER_000003605,CUSTOMER_000000605,2026-08-20T21:55:04,CONFIRMED,412336.53
ORDER_000003606,CUSTOMER_000000606,2026-12-17T18:55:29,PLACED,317688.28
ORDER_000003607,CUSTOMER_000000607,2026-05-27T15:49:52,DELIVERED,377328.90
ORDER_000003608,CUSTOMER_000000608,2026-06-05T05:11:48,CONFIRMED,463527.38
ORDER_000003609,CUSTOMER_000000609,2026-03-30T07:55:44,DELIVERED,258033.93
ORDER_000003610,CUSTOMER_000000610,2026-06-09T10:30:07,PLACED,292949.35
ORDER_000003611,CUSTOMER_000000611,2026-05-01T03:19:12,DELIVERED,205585.87
ORDER_000003612,CUSTOMER_000000612,2026-07-26T04:50,DELIVERED,287684.84
ORDER_000003613,CUSTOMER_000000613,2026-02-10T09:37:57,DELIVERED,478201.98
ORDER_000003614,CUSTOMER_000000614,2026-06-07T04:30:09,SHIPPED,537548.83
ORDER_000003615,CUSTOMER_000000615,2026-09-25T15:04:05,DELIVERED,758107.43
ORDER_000003616,CUSTOMER_000000616,2026-02-20T04:50:45,DELIVERED,136836.47
ORDER_000003617,CUSTOMER_000000617,2026-09-05T17:42:54,SHIPPED,441594.83
ORDER_000003618,CUSTOMER_000000618,2026-08-31T06:57:08,DELIVERED,365320.72
ORDER_000003619,CUSTOMER_000000619,2026-03-12T06:30:43,DELIVERED,261595.98
ORDER_000003620,CUSTOMER_000000620,2026-10-20T19:56:14,DELIVERED,584630.56
ORDER_000003621,CUSTOMER_000000621,2026-01-21T15:23:05,DELIVERED,506253.23
ORDER_000003622,CUSTOMER_000000622,2026-04-23T23:06:18,DELIVERED,469049.02
ORDER_000003623,CUSTOMER_000000623,2026-06-25T05:45:42,DELIVERED,805016.94
ORDER_000003624,CUSTOMER_000000624,2026-10-03T15:26:26,DELIVERED,232117.43
ORDER_000003625,CUSTOMER_000000625,2026-01-10T17:58:28,DELIVERED,256697.57
ORDER_000003626,CUSTOMER_000000626,2026-03-08T17:29:55,DELIVERED,227436.70
ORDER_000003627,CUSTOMER_000000627,2026-01-29T10:11:42,DELIVERED,446785.13
ORDER_000003628,CUSTOMER_000000628,2026-02-07T14:20:11,DELIVERED,273720.99
ORDER_000003629,CUSTOMER_000000629,2026-03-31T08:35:51,PLACED,497913.57
ORDER_000003630,CUSTOMER_000000630,2026-10-12T22:54:50,SHIPPED,396920.42
ORDER_000003631,CUSTOMER_000000631,2026-10-02T07:51:37,PLACED,476667.84
ORDER_000003632,CUSTOMER_000000632,2026-08-03T09:15:30,CONFIRMED,591915.84
ORDER_000003633,CUSTOMER_000000633,2026-02-27T08:13:57,DELIVERED,275059.48
ORDER_000003634,CUSTOMER_000000634,2026-12-07T07:22:09,DELIVERED,143123.43
ORDER_000003635,CUSTOMER_000000635,2026-03-24T20:41:56,SHIPPED,539058.02
ORDER_000003636,CUSTOMER_000000636,2026-12-05T15:40:21,SHIPPED,267816.60
ORDER_000003637,CUSTOMER_000000637,2026-12-21T22:32:10,CONFIRMED,232348.75
ORDER_000003638,CUSTOMER_000000638,2026-01-04T22:24:44,DELIVERED,64947.67
ORDER_000003639,CUSTOMER_000000639,2026-03-14T10:11:07,DELIVERED,405322.95
ORDER_000003640,CUSTOMER_000000640,2026-08-16T04:39:23,DELIVERED,350196.75
ORDER_000003641,CUSTOMER_000000641,2026-03-12T21:05:40,DELIVERED,392766.00
ORDER_000003642,CUSTOMER_000000642,2026-12-23T07:27:30,DELIVERED,259957.34
ORDER_000003643,CUSTOMER_000000643,2026-06-29T06:36:09,SHIPPED,292932.65
ORDER_000003644,CUSTOMER_000000644,2026-03-31T07:00:35,DELIVERED,248652.52
ORDER_000003645,CUSTOMER_000000645,2026-05-31T01:49:11,DELIVERED,352669.59
ORDER_000003646,CUSTOMER_000000646,2026-10-13T18:50:10,SHIPPED,424117.62
ORDER_000003647,CUSTOMER_000000647,2026-05-03T07:21:11,DELIVERED,385487.79
ORDER_000003648,CUSTOMER_000000648,2026-07-24T04:51:21,DELIVERED,366349.24
ORDER_000003649,CUSTOMER_000000649,2026-04-26T09:26:32,DELIVERED,158639.74
ORDER_000003650,CUSTOMER_000000650,2026-07-16T23:45:16,DELIVERED,460203.58
ORDER_000003651,CUSTOMER_000000651,2026-08-03T12:11:12,CANCELLED,1183781.38
ORDER_000003652,CUSTOMER_000000652,2026-04-03T09:09:42,DELIVERED,377695.39
ORDER_000003653,CUSTOMER_000000653,2026-06-10T13:44:21,DELIVERED,683179.62
ORDER_000003654,CUSTOMER_000000654,2026-07-29T22:54:47,SHIPPED,284732.59
ORDER_000003655,CUSTOMER_000000655,2026-03-31T01:09:50,DELIVERED,339556.96
ORDER_000003656,CUSTOMER_000000656,2026-12-12T23:10:28,DELIVERED,442065.11
ORDER_000003657,CUSTOMER_000000657,2026-01-08T04:31:40,PLACED,71343.44
ORDER_000003658,CUSTOMER_000000658,2026-08-18T08:41:12,DELIVERED,1025503.21
ORDER_000003659,CUSTOMER_000000659,2026-12-26T10:21:19,DELIVERED,570085.62
ORDER_000003660,CUSTOMER_000000660,2026-05-25T14:38:52,SHIPPED,199436.63
ORDER_000003661,CUSTOMER_000000661,2026-04-11T14:25:33,SHIPPED,346809.55
ORDER_000003662,CUSTOMER_000000662,2026-08-27T17:19:16,DELIVERED,529021.15
ORDER_000003663,CUSTOMER_000000663,2026-09-08T17:45:03,SHIPPED,524682.15
ORDER_000003664,CUSTOMER_000000664,2026-08-24T04:13:04,DELIVERED,513025.01
ORDER_000003665,CUSTOMER_000000665,2026-12-07T05:46:02,DELIVERED,606323.42
ORDER_000003666,CUSTOMER_000000666,2026-09-19T22:00:36,DELIVERED,353265.59
ORDER_000003667,CUSTOMER_000000667,2026-02-13T19:58:39,CONFIRMED,584841.79
ORDER_000003668,CUSTOMER_000000668,2026-08-31T20:42:34,DELIVERED,750022.78
ORDER_000003669,CUSTOMER_000000669,2026-04-18T20:21:14,DELIVERED,524653.43
ORDER_000003670,CUSTOMER_000000670,2026-02-23T17:28:13,DELIVERED,644221.28
ORDER_000003671,CUSTOMER_000000671,2026-04-18T04:12:10,CONFIRMED,716968.96
ORDER_000003672,CUSTOMER_000000672,2026-10-28T12:29:16,DELIVERED,300861.15
ORDER_000003673,CUSTOMER_000000673,2026-01-29T17:34:59,SHIPPED,801219.55
ORDER_000003674,CUSTOMER_000000674,2026-02-08T09:21:52,SHIPPED,841310.90
ORDER_000003675,CUSTOMER_000000675,2026-10-28T16:42:43,DELIVERED,687775.02
ORDER_000003676,CUSTOMER_000000676,2026-02-11T05:07:22,CANCELLED,245334.61
ORDER_000003677,CUSTOMER_000000677,2026-11-06T15:00:47,CANCELLED,595445.90
ORDER_000003678,CUSTOMER_000000678,2026-10-21T12:59:12,CONFIRMED,574753.38
ORDER_000003679,CUSTOMER_000000679,2026-03-03T04:19:50,CONFIRMED,742525.03
ORDER_000003680,CUSTOMER_000000680,2026-02-09T08:13:01,DELIVERED,257140.23
ORDER_000003681,CUSTOMER_000000681,2026-11-15T11:32:15,CANCELLED,461359.20
ORDER_000003682,CUSTOMER_000000682,2026-07-20T16:10:50,DELIVERED,233246.08
ORDER_000003683,CUSTOMER_000000683,2026-03-03T05:56:17,DELIVERED,384513.30
ORDER_000003684,CUSTOMER_000000684,2026-07-19T02:18:47,DELIVERED,206071.25
ORDER_000003685,CUSTOMER_000000685,2026-08-26T22:30:07,SHIPPED,384476.31
ORDER_000003686,CUSTOMER_000000686,2026-12-25T13:00:28,SHIPPED,550547.65
ORDER_000003687,CUSTOMER_000000687,2026-03-20T21:36:02,DELIVERED,125222.18
ORDER_000003688,CUSTOMER_000000688,2026-05-18T01:19:25,CONFIRMED,147038.12
ORDER_000003689,CUSTOMER_000000689,2026-03-25T00:02:27,DELIVERED,194898.83
ORDER_000003690,CUSTOMER_000000690,2026-01-18T01:09:22,CONFIRMED,540295.06
ORDER_000003691,CUSTOMER_000000691,2026-09-16T09:50:50,SHIPPED,217792.20
ORDER_000003692,CUSTOMER_000000692,2026-12-09T05:10:18,CONFIRMED,429044.02
ORDER_000003693,CUSTOMER_000000693,2026-12-28T06:16:51,DELIVERED,571931.21
ORDER_000003694,CUSTOMER_000000694,2026-12-05T21:32:08,SHIPPED,303413.80
ORDER_000003695,CUSTOMER_000000695,2026-07-05T02:56:32,DELIVERED,161212.58
ORDER_000003696,CUSTOMER_000000696,2026-12-09T23:23:49,CANCELLED,861998.09
ORDER_000003697,CUSTOMER_000000697,2026-08-04T08:17:25,DELIVERED,299750.92
ORDER_000003698,CUSTOMER_000000698,2026-09-22T18:20:44,DELIVERED,472039.43
ORDER_000003699,CUSTOMER_000000699,2026-10-16T04:32:30,DELIVERED,519354.34
ORDER_000003700,CUSTOMER_000000700,2026-09-09T10:24:39,DELIVERED,317229.37
ORDER_000003701,CUSTOMER_000000701,2026-03-07T19:34:49,SHIPPED,391800.90
ORDER_000003702,CUSTOMER_000000702,2026-11-06T02:48:31,CONFIRMED,268580.27
ORDER_000003703,CUSTOMER_000000703,2026-07-11T04:00:29,DELIVERED,607297.16
ORDER_000003704,CUSTOMER_000000704,2026-09-11T01:53:44,CONFIRMED,498145.01
ORDER_000003705,CUSTOMER_000000705,2026-10-30T15:00:22,DELIVERED,612268.30
ORDER_000003706,CUSTOMER_000000706,2026-11-17T02:06:29,CONFIRMED,133735.70
ORDER_000003707,CUSTOMER_000000707,2026-06-11T16:15:37,DELIVERED,408115.44
ORDER_000003708,CUSTOMER_000000708,2026-05-21T04:24:44,DELIVERED,432740.11
ORDER_000003709,CUSTOMER_000000709,2026-07-23T20:33:56,DELIVERED,652013.80
ORDER_000003710,CUSTOMER_000000710,2026-08-05T03:24:37,SHIPPED,267890.62
ORDER_000003711,CUSTOMER_000000711,2026-10-20T03:29:09,CANCELLED,193638.88
ORDER_000003712,CUSTOMER_000000712,2026-02-02T13:44:55,CONFIRMED,136566.57
ORDER_000003713,CUSTOMER_000000713,2026-11-05T16:09:17,CONFIRMED,681365.18
ORDER_000003714,CUSTOMER_000000714,2026-08-03T05:50:14,DELIVERED,625825.28
ORDER_000003715,CUSTOMER_000000715,2026-09-06T13:01:46,CONFIRMED,342094.71
ORDER_000003716,CUSTOMER_000000716,2026-08-10T01:41:55,DELIVERED,315897.09
ORDER_000003717,CUSTOMER_000000717,2026-08-30T07:17:46,DELIVERED,293699.02
ORDER_000003718,CUSTOMER_000000718,2026-06-30T01:22:45,CONFIRMED,247340.97
ORDER_000003719,CUSTOMER_000000719,2026-11-11T05:57:37,DELIVERED,755937.69
ORDER_000003720,CUSTOMER_000000720,2026-06-19T05:54:02,DELIVERED,240963.53
ORDER_000003721,CUSTOMER_000000721,2026-08-11T13:41:37,DELIVERED,499879.79
ORDER_000003722,CUSTOMER_000000722,2026-05-19T01:16:24,SHIPPED,247431.83
ORDER_000003723,CUSTOMER_000000723,2026-06-15T03:27:23,DELIVERED,423174.70
ORDER_000003724,CUSTOMER_000000724,2026-02-17T05:27:26,SHIPPED,263833.60
ORDER_000003725,CUSTOMER_000000725,2026-09-17T07:39:20,SHIPPED,253976.04
ORDER_000003726,CUSTOMER_000000726,2026-01-27T20:36:56,DELIVERED,798971.50
ORDER_000003727,CUSTOMER_000000727,2026-10-10T15:55:41,DELIVERED,732250.15
ORDER_000003728,CUSTOMER_000000728,2026-09-22T10:57:14,CANCELLED,522643.88
ORDER_000003729,CUSTOMER_000000729,2026-06-07T20:18:10,CANCELLED,680011.15
ORDER_000003730,CUSTOMER_000000730,2026-01-26T17:14:36,DELIVERED,971698.20
ORDER_000003731,CUSTOMER_000000731,2026-11-01T21:33:04,SHIPPED,720106.24
ORDER_000003732,CUSTOMER_000000732,2026-11-12T07:39:36,SHIPPED,847672.68
ORDER_000003733,CUSTOMER_000000733,2026-11-09T09:32:16,CONFIRMED,209929.38
ORDER_000003734,CUSTOMER_000000734,2026-08-23T10:32:09,DELIVERED,287088.13
ORDER_000003735,CUSTOMER_000000735,2026-05-04T22:40:44,SHIPPED,347636.28
ORDER_000003736,CUSTOMER_000000736,2026-02-27T12:40:24,DELIVERED,718676.54
ORDER_000003737,CUSTOMER_000000737,2026-10-19T13:42:34,SHIPPED,464923.95
ORDER_000003738,CUSTOMER_000000738,2026-07-01T14:59:53,DELIVERED,544611.00
ORDER_000003739,CUSTOMER_000000739,2026-06-23T15:53:14,DELIVERED,469512.32
ORDER_000003740,CUSTOMER_000000740,2026-12-20T08:09:33,DELIVERED,178682.47
ORDER_000003741,CUSTOMER_000000741,2026-09-25T02:47:15,SHIPPED,328945.62
ORDER_000003742,CUSTOMER_000000742,2026-05-14T23:32:21,CONFIRMED,515410.52
ORDER_000003743,CUSTOMER_000000743,2026-01-13T03:28:19,PLACED,721124.66
ORDER_000003744,CUSTOMER_000000744,2026-07-04T15:13:50,SHIPPED,444483.67
ORDER_000003745,CUSTOMER_000000745,2026-06-18T19:27:55,SHIPPED,368719.39
ORDER_000003746,CUSTOMER_000000746,2026-01-24T07:33:55,DELIVERED,425306.75
ORDER_000003747,CUSTOMER_000000747,2026-06-08T15:32:53,DELIVERED,179379.82
ORDER_000003748,CUSTOMER_000000748,2026-01-26T13:18:44,DELIVERED,365180.51
ORDER_000003749,CUSTOMER_000000749,2026-06-17T08:21:54,DELIVERED,233219.26
ORDER_000003750,CUSTOMER_000000750,2026-10-16T07:25:33,SHIPPED,461082.87
ORDER_000003751,CUSTOMER_000000751,2026-09-23T15:11:32,DELIVERED,258594.64
ORDER_000003752,CUSTOMER_000000752,2026-01-30T23:56:23,DELIVERED,636244.82
ORDER_000003753,CUSTOMER_000000753,2026-09-13T17:28:01,PLACED,441885.56
ORDER_000003754,CUSTOMER_000000754,2026-02-05T03:37:11,SHIPPED,272298.02
ORDER_000003755,CUSTOMER_000000755,2026-08-30T08:26:34,PLACED,409092.59
ORDER_000003756,CUSTOMER_000000756,2026-02-15T06:59:31,DELIVERED,625022.92
ORDER_000003757,CUSTOMER_000000757,2026-08-21T21:15:49,DELIVERED,968299.17
ORDER_000003758,CUSTOMER_000000758,2026-09-18T11:28:52,PLACED,649175.05
ORDER_000003759,CUSTOMER_000000759,2026-08-06T22:37:14,DELIVERED,686893.82
ORDER_000003760,CUSTOMER_000000760,2026-08-08T00:26:34,DELIVERED,396081.83
ORDER_000003761,CUSTOMER_000000761,2026-07-12T17:46:28,SHIPPED,463012.66
ORDER_000003762,CUSTOMER_000000762,2026-03-01T16:21:26,DELIVERED,137371.06
ORDER_000003763,CUSTOMER_000000763,2026-06-09T20:22:30,CONFIRMED,412959.26
ORDER_000003764,CUSTOMER_000000764,2026-04-25T20:28:26,SHIPPED,492017.09
ORDER_000003765,CUSTOMER_000000765,2026-12-28T22:59:33,DELIVERED,383274.37
ORDER_000003766,CUSTOMER_000000766,2026-04-05T15:27:41,DELIVERED,130244.01
ORDER_000003767,CUSTOMER_000000767,2026-08-25T16:45:35,DELIVERED,198659.61
ORDER_000003768,CUSTOMER_000000768,2026-01-14T07:54:36,CANCELLED,191455.84
ORDER_000003769,CUSTOMER_000000769,2026-03-01T01:27:22,DELIVERED,551030.22
ORDER_000003770,CUSTOMER_000000770,2026-01-28T00:27:59,CONFIRMED,493214.51
ORDER_000003771,CUSTOMER_000000771,2026-05-04T09:00:25,DELIVERED,244804.02
ORDER_000003772,CUSTOMER_000000772,2026-12-07T09:14:43,DELIVERED,240212.20
ORDER_000003773,CUSTOMER_000000773,2026-01-07T17:47:40,DELIVERED,469925.26
ORDER_000003774,CUSTOMER_000000774,2026-10-19T15:31:40,DELIVERED,488824.91
ORDER_000003775,CUSTOMER_000000775,2026-10-19T05:18:59,DELIVERED,672693.21
ORDER_000003776,CUSTOMER_000000776,2026-04-27T16:55:17,DELIVERED,499351.53
ORDER_000003777,CUSTOMER_000000777,2026-03-19T12:41:12,DELIVERED,383519.81
ORDER_000003778,CUSTOMER_000000778,2026-09-20T21:30:13,PLACED,681563.67
ORDER_000003779,CUSTOMER_000000779,2026-01-01T15:32:17,DELIVERED,296949.46
ORDER_000003780,CUSTOMER_000000780,2026-09-19T19:37:22,DELIVERED,282962.16
ORDER_000003781,CUSTOMER_000000781,2026-04-07T00:57:45,DELIVERED,577446.08
ORDER_000003782,CUSTOMER_000000782,2026-01-03T01:04:50,DELIVERED,137574.66
ORDER_000003783,CUSTOMER_000000783,2026-08-26T06:18:41,CONFIRMED,349285.49
ORDER_000003784,CUSTOMER_000000784,2026-11-24T18:51:41,SHIPPED,805047.28
ORDER_000003785,CUSTOMER_000000785,2026-11-09T11:59:08,DELIVERED,678943.34
ORDER_000003786,CUSTOMER_000000786,2026-11-20T02:16:17,DELIVERED,716335.22
ORDER_000003787,CUSTOMER_000000787,2026-11-29T16:28:13,CONFIRMED,710423.97
ORDER_000003788,CUSTOMER_000000788,2026-03-07T03:17:53,DELIVERED,377368.25
ORDER_000003789,CUSTOMER_000000789,2026-02-06T21:49:48,DELIVERED,565311.52
ORDER_000003790,CUSTOMER_000000790,2026-12-05T10:50:19,DELIVERED,134678.96
ORDER_000003791,CUSTOMER_000000791,2026-12-04T12:40:49,DELIVERED,539709.49
ORDER_000003792,CUSTOMER_000000792,2026-05-28T20:27:51,CANCELLED,157738.13
ORDER_000003793,CUSTOMER_000000793,2026-09-20T19:23:35,PLACED,424925.56
ORDER_000003794,CUSTOMER_000000794,2026-01-27T18:16:26,DELIVERED,446775.23
ORDER_000003795,CUSTOMER_000000795,2026-05-27T03:44:39,SHIPPED,348535.85
ORDER_000003796,CUSTOMER_000000796,2026-05-20T21:15:42,DELIVERED,476701.43
ORDER_000003797,CUSTOMER_000000797,2026-04-06T02:27:27,DELIVERED,652669.76
ORDER_000003798,CUSTOMER_000000798,2026-08-17T06:08:43,PLACED,436205.64
ORDER_000003799,CUSTOMER_000000799,2026-05-21T09:05:24,DELIVERED,199199.56
ORDER_000003800,CUSTOMER_000000800,2026-07-03T02:39:14,DELIVERED,242138.40
ORDER_000003801,CUSTOMER_000000801,2026-05-30T18:24:35,DELIVERED,131302.74
ORDER_000003802,CUSTOMER_000000802,2026-04-15T05:00:48,DELIVERED,616916.96
ORDER_000003803,CUSTOMER_000000803,2026-08-17T19:02:07,SHIPPED,309251.96
ORDER_000003804,CUSTOMER_000000804,2026-05-07T23:52,SHIPPED,337803.19
ORDER_000003805,CUSTOMER_000000805,2026-08-11T15:12:25,DELIVERED,807965.00
ORDER_000003806,CUSTOMER_000000806,2026-08-13T02:30:47,SHIPPED,127750.78
ORDER_000003807,CUSTOMER_000000807,2026-03-31T22:15:34,SHIPPED,225308.70
ORDER_000003808,CUSTOMER_000000808,2026-07-06T19:10:24,SHIPPED,956713.91
ORDER_000003809,CUSTOMER_000000809,2026-02-03T04:29:06,SHIPPED,764661.54
ORDER_000003810,CUSTOMER_000000810,2026-08-02T04:08:34,DELIVERED,473444.58
ORDER_000003811,CUSTOMER_000000811,2026-11-10T10:26:55,DELIVERED,720398.27
ORDER_000003812,CUSTOMER_000000812,2026-01-31T08:11:28,DELIVERED,456049.52
ORDER_000003813,CUSTOMER_000000813,2026-11-14T19:29:55,DELIVERED,487047.32
ORDER_000003814,CUSTOMER_000000814,2026-05-15T05:12:03,CONFIRMED,443340.64
ORDER_000003815,CUSTOMER_000000815,2026-06-17T07:56:23,SHIPPED,800572.34
ORDER_000003816,CUSTOMER_000000816,2026-05-16T07:53:20,DELIVERED,291056.76
ORDER_000003817,CUSTOMER_000000817,2026-05-09T21:56:41,SHIPPED,467470.87
ORDER_000003818,CUSTOMER_000000818,2026-11-02T13:52:07,CONFIRMED,404173.94
ORDER_000003819,CUSTOMER_000000819,2026-02-09T20:14:05,DELIVERED,229533.64
ORDER_000003820,CUSTOMER_000000820,2026-02-10T05:43:08,CONFIRMED,680319.15
ORDER_000003821,CUSTOMER_000000821,2026-10-18T07:05:05,DELIVERED,254933.53
ORDER_000003822,CUSTOMER_000000822,2026-10-26T07:18:09,DELIVERED,548586.56
ORDER_000003823,CUSTOMER_000000823,2026-07-18T23:13:50,DELIVERED,427105.44
ORDER_000003824,CUSTOMER_000000824,2026-07-11T07:22:57,DELIVERED,364451.91
ORDER_000003825,CUSTOMER_000000825,2026-02-21T21:19:43,CANCELLED,443132.50
ORDER_000003826,CUSTOMER_000000826,2026-01-19T02:18:56,CONFIRMED,699645.30
ORDER_000003827,CUSTOMER_000000827,2026-11-24T08:59:42,SHIPPED,247187.91
ORDER_000003828,CUSTOMER_000000828,2026-01-29T02:02:12,DELIVERED,427810.55
ORDER_000003829,CUSTOMER_000000829,2026-04-19T05:18:46,CONFIRMED,471649.92
ORDER_000003830,CUSTOMER_000000830,2026-04-30T17:01:42,SHIPPED,338185.36
ORDER_000003831,CUSTOMER_000000831,2026-08-10T04:20:10,DELIVERED,593825.48
ORDER_000003832,CUSTOMER_000000832,2026-10-18T07:55:45,DELIVERED,816568.70
ORDER_000003833,CUSTOMER_000000833,2026-12-22T06:27:39,DELIVERED,239296.37
ORDER_000003834,CUSTOMER_000000834,2026-03-09T00:22:35,DELIVERED,430250.96
ORDER_000003835,CUSTOMER_000000835,2026-11-16T21:23:35,DELIVERED,375171.01
ORDER_000003836,CUSTOMER_000000836,2026-05-23T10:48:47,DELIVERED,610544.39
ORDER_000003837,CUSTOMER_000000837,2026-04-08T03:10:55,DELIVERED,756312.40
ORDER_000003838,CUSTOMER_000000838,2026-03-14T19:22:38,CANCELLED,441469.47
ORDER_000003839,CUSTOMER_000000839,2026-02-01T08:45:39,DELIVERED,121523.11
ORDER_000003840,CUSTOMER_000000840,2026-12-22T02:27:13,DELIVERED,535306.28
ORDER_000003841,CUSTOMER_000000841,2026-05-24T10:36:49,DELIVERED,116924.95
ORDER_000003842,CUSTOMER_000000842,2026-09-09T11:13:19,DELIVERED,438413.03
ORDER_000003843,CUSTOMER_000000843,2026-11-01T02:24:04,DELIVERED,539287.66
ORDER_000003844,CUSTOMER_000000844,2026-11-25T21:42:04,CONFIRMED,365660.63
ORDER_000003845,CUSTOMER_000000845,2026-07-06T22:42:53,PLACED,216360.40
ORDER_000003846,CUSTOMER_000000846,2026-06-05T04:29:44,DELIVERED,493054.61
ORDER_000003847,CUSTOMER_000000847,2026-12-24T18:48:54,DELIVERED,319464.26
ORDER_000003848,CUSTOMER_000000848,2026-05-05T15:48:15,DELIVERED,128094.98
ORDER_000003849,CUSTOMER_000000849,2026-03-08T05:29:58,CANCELLED,346232.39
ORDER_000003850,CUSTOMER_000000850,2026-02-02T05:45:10,CONFIRMED,705608.89
ORDER_000003851,CUSTOMER_000000851,2026-07-23T22:37:05,SHIPPED,784606.23
ORDER_000003852,CUSTOMER_000000852,2026-10-19T07:54:49,DELIVERED,419735.88
ORDER_000003853,CUSTOMER_000000853,2026-07-18T06:57:42,DELIVERED,666679.39
ORDER_000003854,CUSTOMER_000000854,2026-04-18T01:42:53,DELIVERED,499252.24
ORDER_000003855,CUSTOMER_000000855,2026-08-08T13:50:21,DELIVERED,632727.78
ORDER_000003856,CUSTOMER_000000856,2026-07-09T08:44:06,DELIVERED,513185.46
ORDER_000003857,CUSTOMER_000000857,2026-03-13T08:02:06,CONFIRMED,470234.36
ORDER_000003858,CUSTOMER_000000858,2026-02-08T17:11:05,CONFIRMED,546387.18
ORDER_000003859,CUSTOMER_000000859,2026-08-31T01:12:52,CONFIRMED,547100.47
ORDER_000003860,CUSTOMER_000000860,2026-01-25T13:33:14,DELIVERED,487268.84
ORDER_000003861,CUSTOMER_000000861,2026-08-07T03:40:31,CONFIRMED,353720.50
ORDER_000003862,CUSTOMER_000000862,2026-08-25T23:35:39,DELIVERED,665568.60
ORDER_000003863,CUSTOMER_000000863,2026-11-08T02:01:11,DELIVERED,490896.86
ORDER_000003864,CUSTOMER_000000864,2026-07-27T00:10:43,SHIPPED,364095.22
ORDER_000003865,CUSTOMER_000000865,2026-12-28T10:42:08,CONFIRMED,312151.90
ORDER_000003866,CUSTOMER_000000866,2026-07-01T14:44:16,DELIVERED,723904.23
ORDER_000003867,CUSTOMER_000000867,2026-10-26T08:03:07,SHIPPED,281114.08
ORDER_000003868,CUSTOMER_000000868,2026-12-29T00:02:47,DELIVERED,197966.78
ORDER_000003869,CUSTOMER_000000869,2026-11-22T14:55:59,DELIVERED,323199.75
ORDER_000003870,CUSTOMER_000000870,2026-10-24T05:09:32,SHIPPED,289432.56
ORDER_000003871,CUSTOMER_000000871,2026-09-18T18:38:06,CONFIRMED,619953.17
ORDER_000003872,CUSTOMER_000000872,2026-11-07T17:06:34,DELIVERED,413571.19
ORDER_000003873,CUSTOMER_000000873,2026-11-03T20:14:53,DELIVERED,431619.07
ORDER_000003874,CUSTOMER_000000874,2026-01-10T00:16:56,CONFIRMED,273689.85
ORDER_000003875,CUSTOMER_000000875,2026-12-01T09:49:09,DELIVERED,456161.91
ORDER_000003876,CUSTOMER_000000876,2026-04-12T11:33:11,DELIVERED,480503.56
ORDER_000003877,CUSTOMER_000000877,2026-07-27T03:22:57,DELIVERED,336769.72
ORDER_000003878,CUSTOMER_000000878,2026-11-22T01:06:13,DELIVERED,290813.61
ORDER_000003879,CUSTOMER_000000879,2026-05-22T16:13:48,DELIVERED,864558.63
ORDER_000003880,CUSTOMER_000000880,2026-02-10T08:08:30,DELIVERED,195232.73
ORDER_000003881,CUSTOMER_000000881,2026-05-19T08:34:47,DELIVERED,137766.57
ORDER_000003882,CUSTOMER_000000882,2026-03-24T05:24:05,SHIPPED,297359.75
ORDER_000003883,CUSTOMER_000000883,2026-02-09T12:14:21,SHIPPED,679433.57
ORDER_000003884,CUSTOMER_000000884,2026-09-11T07:59:15,DELIVERED,705409.13
ORDER_000003885,CUSTOMER_000000885,2026-02-23T15:26:45,SHIPPED,334591.75
ORDER_000003886,CUSTOMER_000000886,2026-05-29T09:14:09,PLACED,298896.44
ORDER_000003887,CUSTOMER_000000887,2026-09-04T03:53:50,DELIVERED,190354.67
ORDER_000003888,CUSTOMER_000000888,2026-06-30T14:31:40,SHIPPED,592894.49
ORDER_000003889,CUSTOMER_000000889,2026-05-06T18:11:56,CONFIRMED,197481.97
ORDER_000003890,CUSTOMER_000000890,2026-11-30T03:23:58,DELIVERED,278422.92
ORDER_000003891,CUSTOMER_000000891,2026-10-12T13:49:22,DELIVERED,567843.16
ORDER_000003892,CUSTOMER_000000892,2026-10-22T23:41:36,CONFIRMED,247794.11
ORDER_000003893,CUSTOMER_000000893,2026-06-03T15:44:12,DELIVERED,273849.95
ORDER_000003894,CUSTOMER_000000894,2026-10-30T17:46:52,DELIVERED,307333.52
ORDER_000003895,CUSTOMER_000000895,2026-09-15T14:38:36,DELIVERED,685709.61
ORDER_000003896,CUSTOMER_000000896,2026-01-10T01:28:58,DELIVERED,257958.20
ORDER_000003897,CUSTOMER_000000897,2026-07-22T12:16:01,DELIVERED,586750.59
ORDER_000003898,CUSTOMER_000000898,2026-12-23T06:23:10,DELIVERED,305799.16
ORDER_000003899,CUSTOMER_000000899,2026-02-01T15:49:37,DELIVERED,590037.04
ORDER_000003900,CUSTOMER_000000900,2026-07-19T10:11:38,PLACED,253203.91
ORDER_000003901,CUSTOMER_000000901,2026-04-30T21:33:37,CONFIRMED,216616.02
ORDER_000003902,CUSTOMER_000000902,2026-07-20T07:29:17,DELIVERED,511159.37
ORDER_000003903,CUSTOMER_000000903,2026-11-10T14:24:13,DELIVERED,606095.79
ORDER_000003904,CUSTOMER_000000904,2026-05-16T11:00:19,DELIVERED,194726.81
ORDER_000003905,CUSTOMER_000000905,2026-01-10T14:27:57,DELIVERED,213277.60
ORDER_000003906,CUSTOMER_000000906,2026-11-26T06:12:30,CANCELLED,1045678.86
ORDER_000003907,CUSTOMER_000000907,2026-09-20T05:36:45,DELIVERED,349972.97
ORDER_000003908,CUSTOMER_000000908,2026-08-11T00:45:34,DELIVERED,388576.86
ORDER_000003909,CUSTOMER_000000909,2026-07-23T14:25:06,PLACED,667878.15
ORDER_000003910,CUSTOMER_000000910,2026-05-29T12:17,DELIVERED,493454.17
ORDER_000003911,CUSTOMER_000000911,2026-02-22T09:46:49,PLACED,381819.86
ORDER_000003912,CUSTOMER_000000912,2026-10-02T20:49:57,CONFIRMED,935017.56
ORDER_000003913,CUSTOMER_000000913,2026-01-06T17:18:46,CONFIRMED,631239.05
ORDER_000003914,CUSTOMER_000000914,2026-06-07T07:22:26,CONFIRMED,370173.88
ORDER_000003915,CUSTOMER_000000915,2026-04-02T12:33:17,DELIVERED,334252.07
ORDER_000003916,CUSTOMER_000000916,2026-08-13T05:57:35,DELIVERED,364923.70
ORDER_000003917,CUSTOMER_000000917,2026-11-08T16:30:02,SHIPPED,588456.06
ORDER_000003918,CUSTOMER_000000918,2026-09-30T02:20:52,CONFIRMED,462951.68
ORDER_000003919,CUSTOMER_000000919,2026-11-11T11:21:32,DELIVERED,340279.91
ORDER_000003920,CUSTOMER_000000920,2026-04-02T18:29:31,DELIVERED,292878.20
ORDER_000003921,CUSTOMER_000000921,2026-11-06T17:22:56,SHIPPED,436125.50
ORDER_000003922,CUSTOMER_000000922,2026-08-02T14:49:25,DELIVERED,91900.32
ORDER_000003923,CUSTOMER_000000923,2026-11-24T17:41:55,DELIVERED,249772.99
ORDER_000003924,CUSTOMER_000000924,2026-01-01T07:30:51,DELIVERED,162679.63
ORDER_000003925,CUSTOMER_000000925,2026-12-21T10:14:21,PLACED,654948.82
ORDER_000003926,CUSTOMER_000000926,2026-08-14T11:37:59,DELIVERED,300488.27
ORDER_000003927,CUSTOMER_000000927,2026-05-29T13:35:33,DELIVERED,255293.59
ORDER_000003928,CUSTOMER_000000928,2026-12-30T18:51:30,DELIVERED,484650.00
ORDER_000003929,CUSTOMER_000000929,2026-04-14T21:36:13,PLACED,512368.86
ORDER_000003930,CUSTOMER_000000930,2026-03-25T19:12:35,SHIPPED,442250.60
ORDER_000003931,CUSTOMER_000000931,2026-07-17T01:22:16,DELIVERED,196223.81
ORDER_000003932,CUSTOMER_000000932,2026-01-15T08:23,DELIVERED,782416.44
ORDER_000003933,CUSTOMER_000000933,2026-04-03T11:21:06,DELIVERED,774414.10
ORDER_000003934,CUSTOMER_000000934,2026-08-09T06:15:46,DELIVERED,610104.69
ORDER_000003935,CUSTOMER_000000935,2026-10-16T04:42:20,CONFIRMED,587535.14
ORDER_000003936,CUSTOMER_000000936,2026-09-16T10:28:54,DELIVERED,595279.39
ORDER_000003937,CUSTOMER_000000937,2026-06-17T02:53:32,DELIVERED,485304.44
ORDER_000003938,CUSTOMER_000000938,2026-10-26T13:51:54,SHIPPED,253700.32
ORDER_000003939,CUSTOMER_000000939,2026-10-19T13:09:09,DELIVERED,297398.23
ORDER_000003940,CUSTOMER_000000940,2026-09-20T11:23:19,PLACED,286001.19
ORDER_000003941,CUSTOMER_000000941,2026-07-19T15:51:57,DELIVERED,416988.39
ORDER_000003942,CUSTOMER_000000942,2026-10-08T23:02:41,CONFIRMED,378953.72
ORDER_000003943,CUSTOMER_000000943,2026-12-25T06:31:42,CONFIRMED,595571.16
ORDER_000003944,CUSTOMER_000000944,2026-11-04T20:13:32,SHIPPED,78070.38
ORDER_000003945,CUSTOMER_000000945,2026-05-25T20:31:37,DELIVERED,263318.58
ORDER_000003946,CUSTOMER_000000946,2026-09-20T21:56:09,DELIVERED,778391.36
ORDER_000003947,CUSTOMER_000000947,2026-12-17T02:11:52,DELIVERED,398671.24
ORDER_000003948,CUSTOMER_000000948,2026-07-03T19:14:16,PLACED,374249.87
ORDER_000003949,CUSTOMER_000000949,2026-02-24T01:59:08,DELIVERED,539251.45
ORDER_000003950,CUSTOMER_000000950,2026-09-24T18:23:41,DELIVERED,364049.36
ORDER_000003951,CUSTOMER_000000951,2026-10-16T05:04:11,DELIVERED,503461.50
ORDER_000003952,CUSTOMER_000000952,2026-07-24T15:42:07,DELIVERED,505335.93
ORDER_000003953,CUSTOMER_000000953,2026-04-03T05:29:38,CONFIRMED,352184.48
ORDER_000003954,CUSTOMER_000000954,2026-06-10T18:57:22,DELIVERED,307300.74
ORDER_000003955,CUSTOMER_000000955,2026-01-14T17:05:08,DELIVERED,485587.37
ORDER_000003956,CUSTOMER_000000956,2026-07-19T06:55:16,DELIVERED,465910.15
ORDER_000003957,CUSTOMER_000000957,2026-05-17T19:19,DELIVERED,298409.02
ORDER_000003958,CUSTOMER_000000958,2026-01-31T19:35:17,DELIVERED,175342.33
ORDER_000003959,CUSTOMER_000000959,2026-07-25T16:21:46,DELIVERED,317546.41
ORDER_000003960,CUSTOMER_000000960,2026-10-10T14:48:02,DELIVERED,1075124.98
ORDER_000003961,CUSTOMER_000000961,2026-08-17T14:24:21,DELIVERED,508138.79
ORDER_000003962,CUSTOMER_000000962,2026-08-09T16:36:14,DELIVERED,412172.85
ORDER_000003963,CUSTOMER_000000963,2026-07-30T09:49:10,DELIVERED,302959.05
ORDER_000003964,CUSTOMER_000000964,2026-08-21T10:01,DELIVERED,576614.54
ORDER_000003965,CUSTOMER_000000965,2026-01-26T20:02:16,DELIVERED,696919.47
ORDER_000003966,CUSTOMER_000000966,2026-06-05T00:09:09,DELIVERED,263506.94
ORDER_000003967,CUSTOMER_000000967,2026-11-11T10:58:47,DELIVERED,514353.82
ORDER_000003968,CUSTOMER_000000968,2026-12-05T09:44:25,DELIVERED,247507.84
ORDER_000003969,CUSTOMER_000000969,2026-06-19T14:21:26,DELIVERED,661773.52
ORDER_000003970,CUSTOMER_000000970,2026-10-16T06:45:19,DELIVERED,257743.52
ORDER_000003971,CUSTOMER_000000971,2026-04-02T17:43:14,DELIVERED,591831.70
ORDER_000003972,CUSTOMER_000000972,2026-09-21T18:37:15,SHIPPED,673221.64
ORDER_000003973,CUSTOMER_000000973,2026-05-03T13:10:01,SHIPPED,330338.26
ORDER_000003974,CUSTOMER_000000974,2026-10-24T19:29:08,SHIPPED,244796.96
ORDER_000003975,CUSTOMER_000000975,2026-09-06T15:22,DELIVERED,563380.16
ORDER_000003976,CUSTOMER_000000976,2026-05-23T05:39:30,DELIVERED,364880.20
ORDER_000003977,CUSTOMER_000000977,2026-08-17T05:11:29,DELIVERED,613830.08
ORDER_000003978,CUSTOMER_000000978,2026-10-05T23:00:54,DELIVERED,407560.91
ORDER_000003979,CUSTOMER_000000979,2026-12-12T17:50:17,DELIVERED,399589.62
ORDER_000003980,CUSTOMER_000000980,2026-06-29T10:24:56,SHIPPED,315770.02
ORDER_000003981,CUSTOMER_000000981,2026-07-12T05:50:58,DELIVERED,808872.87
ORDER_000003982,CUSTOMER_000000982,2026-03-18T16:51:49,DELIVERED,308712.94
ORDER_000003983,CUSTOMER_000000983,2026-09-01T19:59:46,DELIVERED,479661.26
ORDER_000003984,CUSTOMER_000000984,2026-05-06T09:34:19,DELIVERED,242678.63
ORDER_000003985,CUSTOMER_000000985,2026-07-24T17:54:38,CONFIRMED,639585.59
ORDER_000003986,CUSTOMER_000000986,2026-12-09T20:51:38,CONFIRMED,743807.20
ORDER_000003987,CUSTOMER_000000987,2026-04-19T18:16:33,DELIVERED,561358.70
ORDER_000003988,CUSTOMER_000000988,2026-12-15T02:56:08,DELIVERED,798066.73
ORDER_000003989,CUSTOMER_000000989,2026-06-04T09:11:19,SHIPPED,442793.51
ORDER_000003990,CUSTOMER_000000990,2026-12-16T05:54:50,DELIVERED,107334.62
ORDER_000003991,CUSTOMER_000000991,2026-07-16T15:19:01,DELIVERED,736139.12
ORDER_000003992,CUSTOMER_000000992,2026-06-24T15:01:57,DELIVERED,251290.73
ORDER_000003993,CUSTOMER_000000993,2026-04-23T06:18:49,DELIVERED,877580.20
ORDER_000003994,CUSTOMER_000000994,2026-01-08T06:21:18,CANCELLED,608131.72
ORDER_000003995,CUSTOMER_000000995,2026-11-15T02:36:35,DELIVERED,242846.45
ORDER_000003996,CUSTOMER_000000996,2026-09-13T11:21:46,DELIVERED,317851.18
ORDER_000003997,CUSTOMER_000000997,2026-01-07T18:56:23,DELIVERED,209431.65
ORDER_000003998,CUSTOMER_000000998,2026-06-25T07:44:18,DELIVERED,295927.89
ORDER_000003999,CUSTOMER_000000999,2026-04-16T23:33:07,SHIPPED,201596.14
ORDER_000004000,CUSTOMER_000001000,2026-10-14T01:12:28,SHIPPED,154202.17
ORDER_000004001,CUSTOMER_000000001,2026-02-06T03:59:57,SHIPPED,771740.06
ORDER_000004002,CUSTOMER_000000002,2026-08-08T01:04:01,DELIVERED,280295.31
ORDER_000004003,CUSTOMER_000000003,2026-09-28T19:51:41,DELIVERED,324212.39
ORDER_000004004,CUSTOMER_000000004,2026-07-24T01:57:08,DELIVERED,790515.95
ORDER_000004005,CUSTOMER_000000005,2026-01-16T14:33:57,SHIPPED,382115.13
ORDER_000004006,CUSTOMER_000000006,2026-08-24T13:33:37,DELIVERED,340080.43
ORDER_000004007,CUSTOMER_000000007,2026-03-18T14:14:26,SHIPPED,400614.43
ORDER_000004008,CUSTOMER_000000008,2026-06-08T18:25:12,PLACED,295615.29
ORDER_000004009,CUSTOMER_000000009,2026-02-27T06:39:25,DELIVERED,451483.16
ORDER_000004010,CUSTOMER_000000010,2026-08-09T23:18:14,PLACED,662391.90
ORDER_000004011,CUSTOMER_000000011,2026-12-05T13:57:19,DELIVERED,650219.35
ORDER_000004012,CUSTOMER_000000012,2026-08-29T12:49:45,CONFIRMED,1016025.50
ORDER_000004013,CUSTOMER_000000013,2026-10-06T10:26:23,PLACED,131863.98
ORDER_000004014,CUSTOMER_000000014,2026-03-20T01:18:48,CONFIRMED,524539.98
ORDER_000004015,CUSTOMER_000000015,2026-02-19T14:35:40,DELIVERED,794763.65
ORDER_000004016,CUSTOMER_000000016,2026-07-26T19:32:59,DELIVERED,274711.15
ORDER_000004017,CUSTOMER_000000017,2026-11-04T02:21:08,DELIVERED,795643.99
ORDER_000004018,CUSTOMER_000000018,2026-07-19T16:15:11,DELIVERED,179765.49
ORDER_000004019,CUSTOMER_000000019,2026-06-24T05:14:20,DELIVERED,285277.65
ORDER_000004020,CUSTOMER_000000020,2026-08-06T16:09:13,DELIVERED,691952.55
ORDER_000004021,CUSTOMER_000000021,2026-08-01T14:02:40,DELIVERED,441816.53
ORDER_000004022,CUSTOMER_000000022,2026-02-09T01:04:50,DELIVERED,156204.13
ORDER_000004023,CUSTOMER_000000023,2026-05-04T04:05:56,SHIPPED,323387.48
ORDER_000004024,CUSTOMER_000000024,2026-12-04T07:17:21,CONFIRMED,89577.54
ORDER_000004025,CUSTOMER_000000025,2026-08-12T06:59:30,DELIVERED,502357.13
ORDER_000004026,CUSTOMER_000000026,2026-01-28T17:46:21,CONFIRMED,435305.10
ORDER_000004027,CUSTOMER_000000027,2026-02-20T06:05:47,DELIVERED,166591.86
ORDER_000004028,CUSTOMER_000000028,2026-12-28T16:00:26,DELIVERED,502541.07
ORDER_000004029,CUSTOMER_000000029,2026-07-26T20:31,SHIPPED,493823.12
ORDER_000004030,CUSTOMER_000000030,2026-05-31T02:48:45,DELIVERED,228340.55
ORDER_000004031,CUSTOMER_000000031,2026-04-01T16:29:59,DELIVERED,529886.88
ORDER_000004032,CUSTOMER_000000032,2026-09-06T04:01:34,SHIPPED,392422.09
ORDER_000004033,CUSTOMER_000000033,2026-01-24T07:20:59,DELIVERED,333909.16
ORDER_000004034,CUSTOMER_000000034,2026-10-26T12:57:34,DELIVERED,933578.31
ORDER_000004035,CUSTOMER_000000035,2026-10-03T22:11:49,DELIVERED,572164.70
ORDER_000004036,CUSTOMER_000000036,2026-06-03T20:01:45,DELIVERED,1006370.38
ORDER_000004037,CUSTOMER_000000037,2026-11-28T14:14:22,DELIVERED,189967.64
ORDER_000004038,CUSTOMER_000000038,2026-08-28T05:15:29,CONFIRMED,476849.04
ORDER_000004039,CUSTOMER_000000039,2026-04-22T14:38:57,DELIVERED,629443.26
ORDER_000004040,CUSTOMER_000000040,2026-05-20T08:39:10,DELIVERED,668952.03
ORDER_000004041,CUSTOMER_000000041,2026-07-05T11:27:23,CANCELLED,125445.21
ORDER_000004042,CUSTOMER_000000042,2026-01-23T03:38:46,CANCELLED,426070.65
ORDER_000004043,CUSTOMER_000000043,2026-11-29T11:09:33,DELIVERED,790258.54
ORDER_000004044,CUSTOMER_000000044,2026-01-29T01:01:05,DELIVERED,437308.76
ORDER_000004045,CUSTOMER_000000045,2026-06-15T22:33:41,DELIVERED,658694.97
ORDER_000004046,CUSTOMER_000000046,2026-09-19T13:08:26,DELIVERED,658989.84
ORDER_000004047,CUSTOMER_000000047,2026-09-01T11:02:26,SHIPPED,360245.02
ORDER_000004048,CUSTOMER_000000048,2026-02-28T06:04:12,CONFIRMED,946106.59
ORDER_000004049,CUSTOMER_000000049,2026-12-07T16:12:48,DELIVERED,325774.02
ORDER_000004050,CUSTOMER_000000050,2026-01-11T12:39:47,SHIPPED,250035.61
ORDER_000004051,CUSTOMER_000000051,2026-05-11T00:58:13,DELIVERED,460690.90
ORDER_000004052,CUSTOMER_000000052,2026-05-02T23:10:16,DELIVERED,326388.50
ORDER_000004053,CUSTOMER_000000053,2026-08-14T18:21:52,DELIVERED,472256.54
ORDER_000004054,CUSTOMER_000000054,2026-10-21T04:25:26,CONFIRMED,534407.78
ORDER_000004055,CUSTOMER_000000055,2026-05-24T12:09:32,CONFIRMED,393909.26
ORDER_000004056,CUSTOMER_000000056,2026-12-26T01:53:20,CONFIRMED,521542.59
ORDER_000004057,CUSTOMER_000000057,2026-05-16T17:44:09,CONFIRMED,703071.89
ORDER_000004058,CUSTOMER_000000058,2026-11-30T06:16:51,DELIVERED,460219.32
ORDER_000004059,CUSTOMER_000000059,2026-03-04T23:11:41,CONFIRMED,109717.77
ORDER_000004060,CUSTOMER_000000060,2026-04-08T22:50:44,DELIVERED,431515.93
ORDER_000004061,CUSTOMER_000000061,2026-10-11T06:04:24,DELIVERED,703317.07
ORDER_000004062,CUSTOMER_000000062,2026-11-01T00:37:01,DELIVERED,724028.37
ORDER_000004063,CUSTOMER_000000063,2026-08-05T05:41:35,DELIVERED,209326.91
ORDER_000004064,CUSTOMER_000000064,2026-07-10T10:22:50,DELIVERED,641596.90
ORDER_000004065,CUSTOMER_000000065,2026-05-17T20:16:03,DELIVERED,518279.71
ORDER_000004066,CUSTOMER_000000066,2026-05-24T12:58:16,DELIVERED,417666.62
ORDER_000004067,CUSTOMER_000000067,2026-10-17T16:16:33,DELIVERED,205413.42
ORDER_000004068,CUSTOMER_000000068,2026-03-17T21:51:37,DELIVERED,550371.99
ORDER_000004069,CUSTOMER_000000069,2026-07-04T21:49:25,SHIPPED,268224.27
ORDER_000004070,CUSTOMER_000000070,2026-04-20T19:44:33,DELIVERED,824390.81
ORDER_000004071,CUSTOMER_000000071,2026-01-21T02:19:33,SHIPPED,278487.12
ORDER_000004072,CUSTOMER_000000072,2026-08-02T10:11:04,DELIVERED,454900.50
ORDER_000004073,CUSTOMER_000000073,2026-04-01T08:35:09,DELIVERED,575975.66
ORDER_000004074,CUSTOMER_000000074,2026-04-14T15:57:32,DELIVERED,603203.62
ORDER_000004075,CUSTOMER_000000075,2026-03-13T15:50:51,DELIVERED,497614.51
ORDER_000004076,CUSTOMER_000000076,2026-10-04T15:24:16,SHIPPED,643663.61
ORDER_000004077,CUSTOMER_000000077,2026-01-04T13:04:05,DELIVERED,295988.88
ORDER_000004078,CUSTOMER_000000078,2026-07-14T05:31:12,SHIPPED,284901.18
ORDER_000004079,CUSTOMER_000000079,2026-10-31T18:38:57,CONFIRMED,525850.32
ORDER_000004080,CUSTOMER_000000080,2026-01-15T19:45:27,DELIVERED,123080.71
ORDER_000004081,CUSTOMER_000000081,2026-05-19T22:17:25,PLACED,448736.94
ORDER_000004082,CUSTOMER_000000082,2026-05-23T10:09:17,CONFIRMED,253906.28
ORDER_000004083,CUSTOMER_000000083,2026-04-19T08:00:12,DELIVERED,401666.48
ORDER_000004084,CUSTOMER_000000084,2026-01-05T02:04:20,DELIVERED,478760.79
ORDER_000004085,CUSTOMER_000000085,2026-10-25T12:08:44,CANCELLED,711613.87
ORDER_000004086,CUSTOMER_000000086,2026-10-24T18:03:05,PLACED,98266.01
ORDER_000004087,CUSTOMER_000000087,2026-02-18T16:22:47,DELIVERED,612030.25
ORDER_000004088,CUSTOMER_000000088,2026-02-21T13:16:51,DELIVERED,1227527.75
ORDER_000004089,CUSTOMER_000000089,2026-05-11T04:58:18,DELIVERED,497971.79
ORDER_000004090,CUSTOMER_000000090,2026-09-02T00:38:46,CONFIRMED,342848.41
ORDER_000004091,CUSTOMER_000000091,2026-01-08T23:57:22,DELIVERED,482188.54
ORDER_000004092,CUSTOMER_000000092,2026-01-03T07:57:37,SHIPPED,767024.60
ORDER_000004093,CUSTOMER_000000093,2026-03-14T22:27:19,DELIVERED,472449.82
ORDER_000004094,CUSTOMER_000000094,2026-05-05T08:04:48,DELIVERED,217300.26
ORDER_000004095,CUSTOMER_000000095,2026-12-07T12:33:12,SHIPPED,627015.08
ORDER_000004096,CUSTOMER_000000096,2026-08-03T15:09:08,SHIPPED,456230.09
ORDER_000004097,CUSTOMER_000000097,2026-10-05T22:46:14,SHIPPED,319275.49
ORDER_000004098,CUSTOMER_000000098,2026-03-07T19:59:15,DELIVERED,522303.38
ORDER_000004099,CUSTOMER_000000099,2026-04-23T20:06:41,DELIVERED,165568.35
ORDER_000004100,CUSTOMER_000000100,2026-01-15T07:57:06,DELIVERED,692704.01
ORDER_000004101,CUSTOMER_000000101,2026-10-05T17:11:13,SHIPPED,493970.48
ORDER_000004102,CUSTOMER_000000102,2026-10-09T03:00:11,CANCELLED,529784.00
ORDER_000004103,CUSTOMER_000000103,2026-07-22T18:42:32,DELIVERED,270993.12
ORDER_000004104,CUSTOMER_000000104,2026-12-07T07:39:51,DELIVERED,595927.93
ORDER_000004105,CUSTOMER_000000105,2026-08-09T01:01:37,DELIVERED,505045.62
ORDER_000004106,CUSTOMER_000000106,2026-06-20T01:00:06,CONFIRMED,417725.81
ORDER_000004107,CUSTOMER_000000107,2026-11-20T18:45:13,DELIVERED,228319.66
ORDER_000004108,CUSTOMER_000000108,2026-09-08T07:26:58,DELIVERED,487903.30
ORDER_000004109,CUSTOMER_000000109,2026-11-21T00:46:07,SHIPPED,326199.88
ORDER_000004110,CUSTOMER_000000110,2026-11-18T04:53:20,CANCELLED,611117.81
ORDER_000004111,CUSTOMER_000000111,2026-07-06T06:38:33,DELIVERED,460916.26
ORDER_000004112,CUSTOMER_000000112,2026-02-20T06:15:54,DELIVERED,166224.24
ORDER_000004113,CUSTOMER_000000113,2026-10-04T01:14:16,SHIPPED,217137.60
ORDER_000004114,CUSTOMER_000000114,2026-07-25T00:44:52,DELIVERED,227016.00
ORDER_000004115,CUSTOMER_000000115,2026-04-30T04:20:10,DELIVERED,181242.07
ORDER_000004116,CUSTOMER_000000116,2026-12-21T14:08:07,CANCELLED,354387.96
ORDER_000004117,CUSTOMER_000000117,2026-05-12T13:19:06,CONFIRMED,453643.11
ORDER_000004118,CUSTOMER_000000118,2026-06-09T20:11,CONFIRMED,170947.78
ORDER_000004119,CUSTOMER_000000119,2026-05-23T17:11:01,SHIPPED,231906.43
ORDER_000004120,CUSTOMER_000000120,2026-01-11T17:06:08,DELIVERED,641798.25
ORDER_000004121,CUSTOMER_000000121,2026-07-21T03:31:10,DELIVERED,319171.23
ORDER_000004122,CUSTOMER_000000122,2026-11-04T07:13:30,DELIVERED,793810.80
ORDER_000004123,CUSTOMER_000000123,2026-10-31T09:54:22,DELIVERED,625996.96
ORDER_000004124,CUSTOMER_000000124,2026-10-03T14:46:01,DELIVERED,429637.66
ORDER_000004125,CUSTOMER_000000125,2026-08-19T16:09:11,DELIVERED,525133.00
ORDER_000004126,CUSTOMER_000000126,2026-11-08T16:26:48,DELIVERED,426904.42
ORDER_000004127,CUSTOMER_000000127,2026-12-24T08:03:07,CANCELLED,674711.22
ORDER_000004128,CUSTOMER_000000128,2026-03-06T12:45:54,DELIVERED,172806.72
ORDER_000004129,CUSTOMER_000000129,2026-06-20T14:53:59,CONFIRMED,339083.21
ORDER_000004130,CUSTOMER_000000130,2026-04-09T11:13:27,SHIPPED,901407.26
ORDER_000004131,CUSTOMER_000000131,2026-04-24T19:25:41,CANCELLED,459021.47
ORDER_000004132,CUSTOMER_000000132,2026-09-22T04:18:57,DELIVERED,464823.97
ORDER_000004133,CUSTOMER_000000133,2026-11-03T22:53:33,DELIVERED,817418.50
ORDER_000004134,CUSTOMER_000000134,2026-10-18T15:53:51,DELIVERED,474456.80
ORDER_000004135,CUSTOMER_000000135,2026-11-11T21:43:25,CONFIRMED,565456.96
ORDER_000004136,CUSTOMER_000000136,2026-04-04T23:19:50,SHIPPED,277921.60
ORDER_000004137,CUSTOMER_000000137,2026-02-17T16:03:40,DELIVERED,432708.57
ORDER_000004138,CUSTOMER_000000138,2026-11-09T03:52:21,CONFIRMED,536533.02
ORDER_000004139,CUSTOMER_000000139,2026-09-27T22:43:07,DELIVERED,308462.29
ORDER_000004140,CUSTOMER_000000140,2026-12-13T01:52:28,SHIPPED,651473.83
ORDER_000004141,CUSTOMER_000000141,2026-07-02T21:11:09,SHIPPED,323553.62
ORDER_000004142,CUSTOMER_000000142,2026-04-03T21:57:20,SHIPPED,407473.19
ORDER_000004143,CUSTOMER_000000143,2026-01-30T22:23:31,SHIPPED,517329.59
ORDER_000004144,CUSTOMER_000000144,2026-02-22T21:07:28,DELIVERED,652045.15
ORDER_000004145,CUSTOMER_000000145,2026-04-29T05:40:42,CONFIRMED,566565.84
ORDER_000004146,CUSTOMER_000000146,2026-07-14T23:27:41,DELIVERED,401179.80
ORDER_000004147,CUSTOMER_000000147,2026-10-14T08:26:03,DELIVERED,220441.05
ORDER_000004148,CUSTOMER_000000148,2026-12-07T12:11:03,CANCELLED,654894.95
ORDER_000004149,CUSTOMER_000000149,2026-01-17T03:14:28,CONFIRMED,204414.83
ORDER_000004150,CUSTOMER_000000150,2026-10-06T02:57:46,SHIPPED,553973.54
ORDER_000004151,CUSTOMER_000000151,2026-04-13T03:34:49,CONFIRMED,498938.05
ORDER_000004152,CUSTOMER_000000152,2026-03-05T17:26:16,DELIVERED,268810.97
ORDER_000004153,CUSTOMER_000000153,2026-09-04T23:02:04,SHIPPED,299765.01
ORDER_000004154,CUSTOMER_000000154,2026-03-18T08:05:46,DELIVERED,368458.41
ORDER_000004155,CUSTOMER_000000155,2026-09-28T14:33:16,CONFIRMED,720299.95
ORDER_000004156,CUSTOMER_000000156,2026-03-01T21:39:27,CANCELLED,212127.16
ORDER_000004157,CUSTOMER_000000157,2026-07-28T00:42:39,DELIVERED,206003.63
ORDER_000004158,CUSTOMER_000000158,2026-10-17T05:03:50,DELIVERED,372731.87
ORDER_000004159,CUSTOMER_000000159,2026-04-02T18:27:23,DELIVERED,175194.76
ORDER_000004160,CUSTOMER_000000160,2026-03-05T02:36:11,DELIVERED,306372.84
ORDER_000004161,CUSTOMER_000000161,2026-11-27T17:59:18,SHIPPED,508369.84
ORDER_000004162,CUSTOMER_000000162,2026-08-10T23:56:39,CONFIRMED,469194.31
ORDER_000004163,CUSTOMER_000000163,2026-11-05T21:40:18,SHIPPED,360856.51
ORDER_000004164,CUSTOMER_000000164,2026-01-02T16:24:19,DELIVERED,552954.76
ORDER_000004165,CUSTOMER_000000165,2026-03-02T05:31:54,DELIVERED,601147.09
ORDER_000004166,CUSTOMER_000000166,2026-06-27T20:10:12,DELIVERED,1197502.18
ORDER_000004167,CUSTOMER_000000167,2026-01-04T07:07:17,SHIPPED,520617.32
ORDER_000004168,CUSTOMER_000000168,2026-02-20T13:31:50,SHIPPED,518985.38
ORDER_000004169,CUSTOMER_000000169,2026-06-10T12:18:57,DELIVERED,598281.34
ORDER_000004170,CUSTOMER_000000170,2026-08-05T01:38:17,DELIVERED,436090.40
ORDER_000004171,CUSTOMER_000000171,2026-11-10T05:47:30,DELIVERED,291303.98
ORDER_000004172,CUSTOMER_000000172,2026-02-06T04:58:04,DELIVERED,789306.84
ORDER_000004173,CUSTOMER_000000173,2026-11-01T21:59:35,SHIPPED,636554.03
ORDER_000004174,CUSTOMER_000000174,2026-09-25T06:14:35,DELIVERED,671239.08
ORDER_000004175,CUSTOMER_000000175,2026-01-15T17:59:36,CONFIRMED,200909.84
ORDER_000004176,CUSTOMER_000000176,2026-04-07T15:56:35,PLACED,451874.25
ORDER_000004177,CUSTOMER_000000177,2026-11-20T08:07:07,PLACED,356490.03
ORDER_000004178,CUSTOMER_000000178,2026-09-23T05:27:41,SHIPPED,825974.17
ORDER_000004179,CUSTOMER_000000179,2026-05-31T03:30:28,DELIVERED,161222.38
ORDER_000004180,CUSTOMER_000000180,2026-09-03T18:54:05,DELIVERED,112793.94
ORDER_000004181,CUSTOMER_000000181,2026-03-01T16:25:57,DELIVERED,527024.37
ORDER_000004182,CUSTOMER_000000182,2026-09-08T21:29:54,DELIVERED,868474.63
ORDER_000004183,CUSTOMER_000000183,2026-02-12T08:47:45,SHIPPED,244750.72
ORDER_000004184,CUSTOMER_000000184,2026-03-08T00:43:11,DELIVERED,458238.63
ORDER_000004185,CUSTOMER_000000185,2026-03-28T10:52:32,SHIPPED,87628.77
ORDER_000004186,CUSTOMER_000000186,2026-08-16T06:06:20,SHIPPED,277045.30
ORDER_000004187,CUSTOMER_000000187,2026-08-11T22:51:13,CONFIRMED,489486.50
ORDER_000004188,CUSTOMER_000000188,2026-01-03T02:54:13,CANCELLED,859899.96
ORDER_000004189,CUSTOMER_000000189,2026-08-07T06:46:32,CONFIRMED,406103.35
ORDER_000004190,CUSTOMER_000000190,2026-05-20T01:19:43,SHIPPED,690150.55
ORDER_000004191,CUSTOMER_000000191,2026-11-29T22:07:38,DELIVERED,298165.02
ORDER_000004192,CUSTOMER_000000192,2026-06-18T20:34:24,DELIVERED,580057.92
ORDER_000004193,CUSTOMER_000000193,2026-02-04T10:16:44,DELIVERED,379489.79
ORDER_000004194,CUSTOMER_000000194,2026-10-22T21:04:42,CONFIRMED,435213.90
ORDER_000004195,CUSTOMER_000000195,2026-04-06T05:31:48,DELIVERED,390213.72
ORDER_000004196,CUSTOMER_000000196,2026-04-11T08:52:20,CANCELLED,604684.64
ORDER_000004197,CUSTOMER_000000197,2026-01-03T13:15:03,SHIPPED,538561.32
ORDER_000004198,CUSTOMER_000000198,2026-11-04T06:35:52,CANCELLED,645662.83
ORDER_000004199,CUSTOMER_000000199,2026-01-20T10:23:05,SHIPPED,667221.78
ORDER_000004200,CUSTOMER_000000200,2026-09-22T22:13:37,CONFIRMED,455537.39
ORDER_000004201,CUSTOMER_000000201,2026-11-14T14:19:45,DELIVERED,399034.86
ORDER_000004202,CUSTOMER_000000202,2026-03-05T23:36:55,DELIVERED,295870.04
ORDER_000004203,CUSTOMER_000000203,2026-06-19T01:33:46,DELIVERED,347631.22
ORDER_000004204,CUSTOMER_000000204,2026-08-31T11:42:34,DELIVERED,612982.91
ORDER_000004205,CUSTOMER_000000205,2026-06-23T20:28:25,DELIVERED,449760.83
ORDER_000004206,CUSTOMER_000000206,2026-09-05T16:39:07,DELIVERED,501873.57
ORDER_000004207,CUSTOMER_000000207,2026-09-01T21:14:39,DELIVERED,166568.17
ORDER_000004208,CUSTOMER_000000208,2026-05-27T22:34:33,CONFIRMED,797676.95
ORDER_000004209,CUSTOMER_000000209,2026-08-10T00:27:08,DELIVERED,163238.22
ORDER_000004210,CUSTOMER_000000210,2026-06-01T01:54:20,DELIVERED,313362.76
ORDER_000004211,CUSTOMER_000000211,2026-12-08T17:12:21,CONFIRMED,384483.38
ORDER_000004212,CUSTOMER_000000212,2026-01-13T05:34:39,DELIVERED,232632.74
ORDER_000004213,CUSTOMER_000000213,2026-10-11T13:08:37,CANCELLED,360373.72
ORDER_000004214,CUSTOMER_000000214,2026-05-28T23:15:40,CONFIRMED,285554.35
ORDER_000004215,CUSTOMER_000000215,2026-03-14T18:32:12,DELIVERED,546220.87
ORDER_000004216,CUSTOMER_000000216,2026-03-09T07:11:23,SHIPPED,620458.88
ORDER_000004217,CUSTOMER_000000217,2026-09-11T04:56:49,DELIVERED,738944.47
ORDER_000004218,CUSTOMER_000000218,2026-02-18T22:57:53,SHIPPED,536391.87
ORDER_000004219,CUSTOMER_000000219,2026-09-21T21:06:35,DELIVERED,458364.35
ORDER_000004220,CUSTOMER_000000220,2026-01-04T20:20:22,DELIVERED,692969.93
ORDER_000004221,CUSTOMER_000000221,2026-03-29T08:12:54,CANCELLED,280613.03
ORDER_000004222,CUSTOMER_000000222,2026-06-22T08:03:16,CONFIRMED,330636.97
ORDER_000004223,CUSTOMER_000000223,2026-11-12T20:08:20,DELIVERED,606614.27
ORDER_000004224,CUSTOMER_000000224,2026-04-07T15:40:28,CANCELLED,113345.85
ORDER_000004225,CUSTOMER_000000225,2026-12-15T12:28:56,CONFIRMED,545941.56
ORDER_000004226,CUSTOMER_000000226,2026-04-09T07:57:35,CONFIRMED,605034.17
ORDER_000004227,CUSTOMER_000000227,2026-01-18T16:43:19,PLACED,494495.94
ORDER_000004228,CUSTOMER_000000228,2026-02-07T08:36:01,DELIVERED,397016.38
ORDER_000004229,CUSTOMER_000000229,2026-09-15T05:56:26,DELIVERED,432963.00
ORDER_000004230,CUSTOMER_000000230,2026-11-17T11:15:33,DELIVERED,493471.80
ORDER_000004231,CUSTOMER_000000231,2026-10-15T15:01:35,DELIVERED,357454.57
ORDER_000004232,CUSTOMER_000000232,2026-08-22T03:16:24,DELIVERED,181239.51
ORDER_000004233,CUSTOMER_000000233,2026-09-01T15:17:39,DELIVERED,705140.44
ORDER_000004234,CUSTOMER_000000234,2026-10-26T15:45:12,DELIVERED,63393.00
ORDER_000004235,CUSTOMER_000000235,2026-01-03T04:28:33,DELIVERED,412478.49
ORDER_000004236,CUSTOMER_000000236,2026-10-25T04:31:52,DELIVERED,473084.14
ORDER_000004237,CUSTOMER_000000237,2026-01-08T16:18:59,CONFIRMED,147931.97
ORDER_000004238,CUSTOMER_000000238,2026-01-16T21:51:14,DELIVERED,269648.60
ORDER_000004239,CUSTOMER_000000239,2026-03-31T07:02:19,DELIVERED,224363.95
ORDER_000004240,CUSTOMER_000000240,2026-01-02T10:26:25,DELIVERED,501456.52
ORDER_000004241,CUSTOMER_000000241,2026-08-19T10:52:59,SHIPPED,486970.93
ORDER_000004242,CUSTOMER_000000242,2026-07-04T02:11:55,DELIVERED,140766.92
ORDER_000004243,CUSTOMER_000000243,2026-11-16T18:48:10,DELIVERED,477535.64
ORDER_000004244,CUSTOMER_000000244,2026-05-04T09:42:48,DELIVERED,706383.74
ORDER_000004245,CUSTOMER_000000245,2026-10-01T01:34:52,PLACED,207543.23
ORDER_000004246,CUSTOMER_000000246,2026-07-03T15:51:35,SHIPPED,422423.20
ORDER_000004247,CUSTOMER_000000247,2026-12-10T01:45:56,DELIVERED,500230.94
ORDER_000004248,CUSTOMER_000000248,2026-03-02T10:47:08,CONFIRMED,433699.13
ORDER_000004249,CUSTOMER_000000249,2026-12-12T09:35,SHIPPED,294320.81
ORDER_000004250,CUSTOMER_000000250,2026-11-06T11:18:44,DELIVERED,360123.36
ORDER_000004251,CUSTOMER_000000251,2026-09-10T20:54,DELIVERED,468406.49
ORDER_000004252,CUSTOMER_000000252,2026-03-02T18:33:07,DELIVERED,349786.18
ORDER_000004253,CUSTOMER_000000253,2026-04-01T13:05:27,DELIVERED,411711.87
ORDER_000004254,CUSTOMER_000000254,2026-04-07T08:01:18,DELIVERED,353898.53
ORDER_000004255,CUSTOMER_000000255,2026-12-07T20:28:37,CONFIRMED,777255.94
ORDER_000004256,CUSTOMER_000000256,2026-03-01T08:45:32,DELIVERED,499994.88
ORDER_000004257,CUSTOMER_000000257,2026-04-18T06:55:58,DELIVERED,244015.21
ORDER_000004258,CUSTOMER_000000258,2026-09-11T07:48:30,DELIVERED,688955.69
ORDER_000004259,CUSTOMER_000000259,2026-04-18T05:03:06,DELIVERED,380478.42
ORDER_000004260,CUSTOMER_000000260,2026-11-01T22:26:16,PLACED,194797.73
ORDER_000004261,CUSTOMER_000000261,2026-10-11T16:00:09,DELIVERED,583312.52
ORDER_000004262,CUSTOMER_000000262,2026-05-06T19:05:12,SHIPPED,399066.54
ORDER_000004263,CUSTOMER_000000263,2026-10-17T05:32:44,DELIVERED,705592.91
ORDER_000004264,CUSTOMER_000000264,2026-09-01T13:06:30,SHIPPED,281892.07
ORDER_000004265,CUSTOMER_000000265,2026-10-18T10:08:40,SHIPPED,97932.78
ORDER_000004266,CUSTOMER_000000266,2026-04-02T15:14:45,CONFIRMED,283085.18
ORDER_000004267,CUSTOMER_000000267,2026-06-03T00:24:50,DELIVERED,482997.93
ORDER_000004268,CUSTOMER_000000268,2026-09-04T21:14:05,DELIVERED,145094.94
ORDER_000004269,CUSTOMER_000000269,2026-11-03T22:17:08,SHIPPED,225911.17
ORDER_000004270,CUSTOMER_000000270,2026-12-02T00:23:48,CONFIRMED,269138.38
ORDER_000004271,CUSTOMER_000000271,2026-09-07T02:40:32,DELIVERED,745964.71
ORDER_000004272,CUSTOMER_000000272,2026-09-17T06:08:43,DELIVERED,337866.84
ORDER_000004273,CUSTOMER_000000273,2026-12-06T18:09:21,CONFIRMED,120717.73
ORDER_000004274,CUSTOMER_000000274,2026-07-11T23:16:31,DELIVERED,211065.41
ORDER_000004275,CUSTOMER_000000275,2026-10-20T08:53:47,DELIVERED,516881.25
ORDER_000004276,CUSTOMER_000000276,2026-06-17T04:02:29,DELIVERED,369741.33
ORDER_000004277,CUSTOMER_000000277,2026-03-14T17:03:54,DELIVERED,680319.94
ORDER_000004278,CUSTOMER_000000278,2026-05-24T07:23:14,DELIVERED,816025.06
ORDER_000004279,CUSTOMER_000000279,2026-10-12T11:21:04,DELIVERED,865218.09
ORDER_000004280,CUSTOMER_000000280,2026-05-28T05:36:02,DELIVERED,567243.18
ORDER_000004281,CUSTOMER_000000281,2026-12-16T14:39:27,DELIVERED,303716.51
ORDER_000004282,CUSTOMER_000000282,2026-01-26T11:02:36,DELIVERED,492016.98
ORDER_000004283,CUSTOMER_000000283,2026-04-04T04:17:05,DELIVERED,534194.35
ORDER_000004284,CUSTOMER_000000284,2026-04-11T03:43:49,SHIPPED,347151.56
ORDER_000004285,CUSTOMER_000000285,2026-07-08T23:23:44,DELIVERED,277865.21
ORDER_000004286,CUSTOMER_000000286,2026-04-18T18:56:31,DELIVERED,637401.20
ORDER_000004287,CUSTOMER_000000287,2026-12-18T17:09:55,DELIVERED,470937.07
ORDER_000004288,CUSTOMER_000000288,2026-03-22T20:01:17,CANCELLED,395163.62
ORDER_000004289,CUSTOMER_000000289,2026-04-23T21:11:26,DELIVERED,820808.13
ORDER_000004290,CUSTOMER_000000290,2026-12-12T22:11:23,DELIVERED,783474.09
ORDER_000004291,CUSTOMER_000000291,2026-10-20T13:33:26,CONFIRMED,235299.96
ORDER_000004292,CUSTOMER_000000292,2026-03-21T13:17:49,CONFIRMED,386930.76
ORDER_000004293,CUSTOMER_000000293,2026-11-14T08:00:14,DELIVERED,363770.45
ORDER_000004294,CUSTOMER_000000294,2026-09-14T23:19:58,DELIVERED,492148.54
ORDER_000004295,CUSTOMER_000000295,2026-11-15T06:09:31,DELIVERED,493552.73
ORDER_000004296,CUSTOMER_000000296,2026-10-26T06:15:55,SHIPPED,239538.07
ORDER_000004297,CUSTOMER_000000297,2026-11-22T17:26:30,SHIPPED,369438.37
ORDER_000004298,CUSTOMER_000000298,2026-06-08T10:41:32,DELIVERED,272411.55
ORDER_000004299,CUSTOMER_000000299,2026-07-05T11:34:18,CONFIRMED,351099.16
ORDER_000004300,CUSTOMER_000000300,2026-03-11T13:03:58,DELIVERED,472305.44
ORDER_000004301,CUSTOMER_000000301,2026-07-08T20:22:43,DELIVERED,599748.62
ORDER_000004302,CUSTOMER_000000302,2026-05-01T06:51:37,CONFIRMED,243955.22
ORDER_000004303,CUSTOMER_000000303,2026-06-28T12:11:20,DELIVERED,395288.94
ORDER_000004304,CUSTOMER_000000304,2026-05-31T05:12:30,DELIVERED,779085.12
ORDER_000004305,CUSTOMER_000000305,2026-05-27T22:45:31,CONFIRMED,644922.17
ORDER_000004306,CUSTOMER_000000306,2026-09-12T03:13:11,DELIVERED,345812.95
ORDER_000004307,CUSTOMER_000000307,2026-05-04T20:25:12,DELIVERED,465868.47
ORDER_000004308,CUSTOMER_000000308,2026-11-11T06:40:22,CANCELLED,616245.08
ORDER_000004309,CUSTOMER_000000309,2026-11-24T02:53:41,CANCELLED,639199.35
ORDER_000004310,CUSTOMER_000000310,2026-01-25T01:55:03,DELIVERED,470658.85
ORDER_000004311,CUSTOMER_000000311,2026-05-15T06:40:45,CONFIRMED,349954.57
ORDER_000004312,CUSTOMER_000000312,2026-06-24T15:56:43,DELIVERED,263906.91
ORDER_000004313,CUSTOMER_000000313,2026-08-24T08:27:32,CONFIRMED,171487.72
ORDER_000004314,CUSTOMER_000000314,2026-02-11T02:43:43,DELIVERED,411412.64
ORDER_000004315,CUSTOMER_000000315,2026-02-04T00:16:03,DELIVERED,217733.98
ORDER_000004316,CUSTOMER_000000316,2026-11-22T20:01:26,SHIPPED,254816.49
ORDER_000004317,CUSTOMER_000000317,2026-05-23T17:43:27,DELIVERED,393576.38
ORDER_000004318,CUSTOMER_000000318,2026-01-01T19:33:53,CONFIRMED,486019.17
ORDER_000004319,CUSTOMER_000000319,2026-06-14T22:43:44,DELIVERED,561102.75
ORDER_000004320,CUSTOMER_000000320,2026-03-29T11:00:32,CONFIRMED,571914.47
ORDER_000004321,CUSTOMER_000000321,2026-04-22T23:03:15,DELIVERED,419892.95
ORDER_000004322,CUSTOMER_000000322,2026-05-04T03:51:54,CONFIRMED,777800.47
ORDER_000004323,CUSTOMER_000000323,2026-08-01T00:10:20,DELIVERED,413506.28
ORDER_000004324,CUSTOMER_000000324,2026-01-19T00:23:58,CONFIRMED,396046.47
ORDER_000004325,CUSTOMER_000000325,2026-01-04T18:42:48,DELIVERED,242734.40
ORDER_000004326,CUSTOMER_000000326,2026-06-11T07:47:41,DELIVERED,266799.59
ORDER_000004327,CUSTOMER_000000327,2026-03-19T06:13:18,CONFIRMED,498141.60
ORDER_000004328,CUSTOMER_000000328,2026-03-25T19:25:42,DELIVERED,532747.24
ORDER_000004329,CUSTOMER_000000329,2026-12-24T22:55:14,DELIVERED,902092.74
ORDER_000004330,CUSTOMER_000000330,2026-08-18T00:41:35,DELIVERED,647943.02
ORDER_000004331,CUSTOMER_000000331,2026-05-28T05:29:50,DELIVERED,254041.18
ORDER_000004332,CUSTOMER_000000332,2026-11-08T16:04:35,DELIVERED,696371.90
ORDER_000004333,CUSTOMER_000000333,2026-05-01T06:14:04,SHIPPED,167839.13
ORDER_000004334,CUSTOMER_000000334,2026-10-10T19:15:27,CANCELLED,305220.32
ORDER_000004335,CUSTOMER_000000335,2026-01-27T07:30:12,DELIVERED,373180.19
ORDER_000004336,CUSTOMER_000000336,2026-10-15T13:32:37,DELIVERED,1020079.13
ORDER_000004337,CUSTOMER_000000337,2026-01-08T03:26:01,CONFIRMED,277479.68
ORDER_000004338,CUSTOMER_000000338,2026-09-06T11:12:37,PLACED,221437.07
ORDER_000004339,CUSTOMER_000000339,2026-11-28T13:45:48,DELIVERED,276486.52
ORDER_000004340,CUSTOMER_000000340,2026-12-05T21:38:17,CONFIRMED,644761.96
ORDER_000004341,CUSTOMER_000000341,2026-01-21T04:47:15,SHIPPED,283082.17
ORDER_000004342,CUSTOMER_000000342,2026-01-16T22:31:14,DELIVERED,476069.44
ORDER_000004343,CUSTOMER_000000343,2026-02-28T19:19:04,DELIVERED,564662.93
ORDER_000004344,CUSTOMER_000000344,2026-12-13T15:23:25,SHIPPED,484885.25
ORDER_000004345,CUSTOMER_000000345,2026-01-24T17:50:28,PLACED,514461.38
ORDER_000004346,CUSTOMER_000000346,2026-02-01T06:01:08,DELIVERED,122712.84
ORDER_000004347,CUSTOMER_000000347,2026-03-11T14:49:05,SHIPPED,263796.82
ORDER_000004348,CUSTOMER_000000348,2026-02-02T07:10:28,DELIVERED,546164.03
ORDER_000004349,CUSTOMER_000000349,2026-05-11T19:00:55,CONFIRMED,419656.55
ORDER_000004350,CUSTOMER_000000350,2026-08-06T17:10:06,SHIPPED,224635.31
ORDER_000004351,CUSTOMER_000000351,2026-10-10T22:24:15,PLACED,343138.92
ORDER_000004352,CUSTOMER_000000352,2026-11-24T07:52:31,SHIPPED,319223.12
ORDER_000004353,CUSTOMER_000000353,2026-06-27T16:26:02,DELIVERED,491353.08
ORDER_000004354,CUSTOMER_000000354,2026-09-23T19:53:38,SHIPPED,290461.99
ORDER_000004355,CUSTOMER_000000355,2026-10-12T14:10:11,DELIVERED,461614.08
ORDER_000004356,CUSTOMER_000000356,2026-05-21T21:28:11,SHIPPED,401939.15
ORDER_000004357,CUSTOMER_000000357,2026-09-01T17:56:55,DELIVERED,736217.78
ORDER_000004358,CUSTOMER_000000358,2026-07-09T22:27:42,DELIVERED,494329.76
ORDER_000004359,CUSTOMER_000000359,2026-10-14T20:58:08,DELIVERED,322520.36
ORDER_000004360,CUSTOMER_000000360,2026-12-03T17:13:01,SHIPPED,281921.21
ORDER_000004361,CUSTOMER_000000361,2026-04-03T17:58:05,PLACED,712522.87
ORDER_000004362,CUSTOMER_000000362,2026-09-12T22:25:20,DELIVERED,498298.60
ORDER_000004363,CUSTOMER_000000363,2026-10-31T03:38:08,DELIVERED,401280.00
ORDER_000004364,CUSTOMER_000000364,2026-07-30T11:55:09,DELIVERED,465922.84
ORDER_000004365,CUSTOMER_000000365,2026-07-23T03:22:09,SHIPPED,142367.07
ORDER_000004366,CUSTOMER_000000366,2026-05-22T15:23:48,SHIPPED,727663.32
ORDER_000004367,CUSTOMER_000000367,2026-04-25T22:54:26,DELIVERED,514410.58
ORDER_000004368,CUSTOMER_000000368,2026-06-07T13:22:05,SHIPPED,901128.94
ORDER_000004369,CUSTOMER_000000369,2026-03-19T10:35:05,DELIVERED,691947.97
ORDER_000004370,CUSTOMER_000000370,2026-08-10T08:13:48,DELIVERED,399403.39
ORDER_000004371,CUSTOMER_000000371,2026-07-20T14:15:37,CANCELLED,551031.58
ORDER_000004372,CUSTOMER_000000372,2026-11-18T02:46:05,CONFIRMED,261764.72
ORDER_000004373,CUSTOMER_000000373,2026-05-23T05:46:31,DELIVERED,340119.63
ORDER_000004374,CUSTOMER_000000374,2026-03-24T18:52:29,SHIPPED,641025.12
ORDER_000004375,CUSTOMER_000000375,2026-11-11T16:35:46,DELIVERED,151086.02
ORDER_000004376,CUSTOMER_000000376,2026-04-26T15:25:38,DELIVERED,422232.49
ORDER_000004377,CUSTOMER_000000377,2026-01-06T07:00:34,DELIVERED,202863.37
ORDER_000004378,CUSTOMER_000000378,2026-04-07T05:02:59,DELIVERED,607341.91
ORDER_000004379,CUSTOMER_000000379,2026-12-14T01:52:38,DELIVERED,849760.40
ORDER_000004380,CUSTOMER_000000380,2026-10-14T12:55:59,DELIVERED,365560.48
ORDER_000004381,CUSTOMER_000000381,2026-10-22T11:25:35,DELIVERED,472216.77
ORDER_000004382,CUSTOMER_000000382,2026-12-06T16:39:50,CONFIRMED,681752.07
ORDER_000004383,CUSTOMER_000000383,2026-12-14T13:24:02,DELIVERED,451772.80
ORDER_000004384,CUSTOMER_000000384,2026-06-14T05:43:55,SHIPPED,712819.69
ORDER_000004385,CUSTOMER_000000385,2026-11-15T04:56:07,CONFIRMED,433359.25
ORDER_000004386,CUSTOMER_000000386,2026-04-27T17:27:20,DELIVERED,607194.64
ORDER_000004387,CUSTOMER_000000387,2026-08-29T04:44:04,PLACED,415111.51
ORDER_000004388,CUSTOMER_000000388,2026-03-09T06:55:46,DELIVERED,650817.97
ORDER_000004389,CUSTOMER_000000389,2026-10-24T03:55:19,SHIPPED,511580.70
ORDER_000004390,CUSTOMER_000000390,2026-08-06T09:54:51,DELIVERED,438241.70
ORDER_000004391,CUSTOMER_000000391,2026-08-23T19:34:25,DELIVERED,358020.04
ORDER_000004392,CUSTOMER_000000392,2026-02-13T21:11:49,SHIPPED,415070.91
ORDER_000004393,CUSTOMER_000000393,2026-02-07T12:33:42,DELIVERED,397423.89
ORDER_000004394,CUSTOMER_000000394,2026-01-24T13:53:26,PLACED,308174.16
ORDER_000004395,CUSTOMER_000000395,2026-07-29T14:11:12,DELIVERED,205528.75
ORDER_000004396,CUSTOMER_000000396,2026-03-05T10:34:24,SHIPPED,431411.12
ORDER_000004397,CUSTOMER_000000397,2026-10-20T01:37:47,CANCELLED,490591.71
ORDER_000004398,CUSTOMER_000000398,2026-12-17T00:42:03,DELIVERED,498514.48
ORDER_000004399,CUSTOMER_000000399,2026-06-13T18:52:21,CONFIRMED,138881.54
ORDER_000004400,CUSTOMER_000000400,2026-11-27T13:10:12,SHIPPED,208876.39
ORDER_000004401,CUSTOMER_000000401,2026-06-15T21:29:54,CONFIRMED,384489.29
ORDER_000004402,CUSTOMER_000000402,2026-09-11T14:30:07,DELIVERED,363423.92
ORDER_000004403,CUSTOMER_000000403,2026-01-06T02:36:15,DELIVERED,542480.46
ORDER_000004404,CUSTOMER_000000404,2026-03-09T15:17:55,SHIPPED,337783.88
ORDER_000004405,CUSTOMER_000000405,2026-11-07T02:58:26,SHIPPED,511289.15
ORDER_000004406,CUSTOMER_000000406,2026-07-14T15:41:01,CONFIRMED,333476.86
ORDER_000004407,CUSTOMER_000000407,2026-12-23T05:19:58,DELIVERED,765761.47
ORDER_000004408,CUSTOMER_000000408,2026-01-07T19:40:19,SHIPPED,726139.48
ORDER_000004409,CUSTOMER_000000409,2026-11-29T02:31:09,PLACED,556081.66
ORDER_000004410,CUSTOMER_000000410,2026-03-29T18:15:17,DELIVERED,918598.57
ORDER_000004411,CUSTOMER_000000411,2026-10-29T19:56:15,DELIVERED,602354.51
ORDER_000004412,CUSTOMER_000000412,2026-04-09T08:45:34,SHIPPED,187482.52
ORDER_000004413,CUSTOMER_000000413,2026-04-10T13:55:28,SHIPPED,355356.84
ORDER_000004414,CUSTOMER_000000414,2026-05-18T21:56:07,SHIPPED,293563.24
ORDER_000004415,CUSTOMER_000000415,2026-07-27T13:53:32,CANCELLED,65574.70
ORDER_000004416,CUSTOMER_000000416,2026-04-05T23:31:04,DELIVERED,154215.92
ORDER_000004417,CUSTOMER_000000417,2026-02-24T08:48:06,SHIPPED,289293.06
ORDER_000004418,CUSTOMER_000000418,2026-06-17T20:18:09,DELIVERED,286718.01
ORDER_000004419,CUSTOMER_000000419,2026-12-28T12:24:57,CONFIRMED,538951.12
ORDER_000004420,CUSTOMER_000000420,2026-02-09T04:04:02,DELIVERED,631446.11
ORDER_000004421,CUSTOMER_000000421,2026-01-25T01:37:15,DELIVERED,533976.68
ORDER_000004422,CUSTOMER_000000422,2026-10-18T09:40:07,DELIVERED,723665.00
ORDER_000004423,CUSTOMER_000000423,2026-07-20T23:50:49,SHIPPED,348746.98
ORDER_000004424,CUSTOMER_000000424,2026-10-10T17:11:48,DELIVERED,434114.39
ORDER_000004425,CUSTOMER_000000425,2026-12-07T21:44:56,DELIVERED,402304.26
ORDER_000004426,CUSTOMER_000000426,2026-02-03T22:21:20,DELIVERED,627022.18
ORDER_000004427,CUSTOMER_000000427,2026-04-21T05:58:02,DELIVERED,635461.41
ORDER_000004428,CUSTOMER_000000428,2026-02-27T18:54:14,SHIPPED,37940.01
ORDER_000004429,CUSTOMER_000000429,2026-02-23T17:21:40,DELIVERED,478585.78
ORDER_000004430,CUSTOMER_000000430,2026-03-13T11:12:03,DELIVERED,316948.61
ORDER_000004431,CUSTOMER_000000431,2026-12-26T08:06:06,DELIVERED,406152.04
ORDER_000004432,CUSTOMER_000000432,2026-09-02T16:58:12,DELIVERED,812735.40
ORDER_000004433,CUSTOMER_000000433,2026-03-30T08:58:05,CONFIRMED,297962.63
ORDER_000004434,CUSTOMER_000000434,2026-01-19T21:14:19,DELIVERED,450087.09
ORDER_000004435,CUSTOMER_000000435,2026-05-30T07:24:21,CONFIRMED,501070.85
ORDER_000004436,CUSTOMER_000000436,2026-01-21T12:04:12,CANCELLED,348953.29
ORDER_000004437,CUSTOMER_000000437,2026-02-09T13:27:37,DELIVERED,244274.95
ORDER_000004438,CUSTOMER_000000438,2026-11-25T21:42:50,PLACED,134626.56
ORDER_000004439,CUSTOMER_000000439,2026-03-02T08:31:47,DELIVERED,601192.60
ORDER_000004440,CUSTOMER_000000440,2026-08-23T01:09:09,DELIVERED,353413.78
ORDER_000004441,CUSTOMER_000000441,2026-11-29T12:19:57,DELIVERED,253920.25
ORDER_000004442,CUSTOMER_000000442,2026-02-21T05:06:05,DELIVERED,368587.78
ORDER_000004443,CUSTOMER_000000443,2026-08-22T10:13:43,CANCELLED,378911.21
ORDER_000004444,CUSTOMER_000000444,2026-10-09T05:37:22,DELIVERED,340668.94
ORDER_000004445,CUSTOMER_000000445,2026-05-08T05:06:45,SHIPPED,344471.46
ORDER_000004446,CUSTOMER_000000446,2026-09-07T23:57:38,DELIVERED,365347.46
ORDER_000004447,CUSTOMER_000000447,2026-11-16T18:22:37,CONFIRMED,377146.53
ORDER_000004448,CUSTOMER_000000448,2026-08-14T17:40:18,DELIVERED,345150.92
ORDER_000004449,CUSTOMER_000000449,2026-08-19T19:12:41,SHIPPED,190853.54
ORDER_000004450,CUSTOMER_000000450,2026-05-02T13:59:11,CANCELLED,562168.36
ORDER_000004451,CUSTOMER_000000451,2026-03-11T10:19:30,DELIVERED,326257.63
ORDER_000004452,CUSTOMER_000000452,2026-09-04T21:58:19,SHIPPED,747432.28
ORDER_000004453,CUSTOMER_000000453,2026-02-19T03:59:31,CANCELLED,114805.84
ORDER_000004454,CUSTOMER_000000454,2026-12-13T11:02:53,SHIPPED,330777.29
ORDER_000004455,CUSTOMER_000000455,2026-01-21T20:51:31,DELIVERED,125134.36
ORDER_000004456,CUSTOMER_000000456,2026-01-27T17:14:52,DELIVERED,451938.72
ORDER_000004457,CUSTOMER_000000457,2026-11-23T20:02:55,CANCELLED,127823.65
ORDER_000004458,CUSTOMER_000000458,2026-05-24T04:55:14,DELIVERED,622680.52
ORDER_000004459,CUSTOMER_000000459,2026-09-26T08:21:44,SHIPPED,346665.17
ORDER_000004460,CUSTOMER_000000460,2026-06-19T17:57:42,DELIVERED,602034.78
ORDER_000004461,CUSTOMER_000000461,2026-10-14T05:47:22,CONFIRMED,604056.09
ORDER_000004462,CUSTOMER_000000462,2026-10-12T02:42:16,DELIVERED,203002.27
ORDER_000004463,CUSTOMER_000000463,2026-11-28T03:07:49,DELIVERED,318007.70
ORDER_000004464,CUSTOMER_000000464,2026-08-14T08:20:04,DELIVERED,317723.76
ORDER_000004465,CUSTOMER_000000465,2026-06-20T07:39:01,SHIPPED,322723.34
ORDER_000004466,CUSTOMER_000000466,2026-01-04T12:54:44,DELIVERED,833818.71
ORDER_000004467,CUSTOMER_000000467,2026-03-29T14:35:54,DELIVERED,246678.34
ORDER_000004468,CUSTOMER_000000468,2026-06-09T17:25:39,SHIPPED,609895.18
ORDER_000004469,CUSTOMER_000000469,2026-09-27T11:03:25,CONFIRMED,45127.36
ORDER_000004470,CUSTOMER_000000470,2026-05-24T21:20:37,SHIPPED,238640.25
ORDER_000004471,CUSTOMER_000000471,2026-02-02T14:38:26,DELIVERED,1041623.64
ORDER_000004472,CUSTOMER_000000472,2026-09-01T02:07:29,CONFIRMED,718639.33
ORDER_000004473,CUSTOMER_000000473,2026-10-05T10:52:22,CANCELLED,390469.46
ORDER_000004474,CUSTOMER_000000474,2026-05-19T18:58:10,DELIVERED,456418.49
ORDER_000004475,CUSTOMER_000000475,2026-02-16T02:03:07,SHIPPED,270474.60
ORDER_000004476,CUSTOMER_000000476,2026-12-03T20:37:34,DELIVERED,629050.52
ORDER_000004477,CUSTOMER_000000477,2026-10-06T12:39:46,DELIVERED,245019.32
ORDER_000004478,CUSTOMER_000000478,2026-01-27T01:49:41,DELIVERED,505588.86
ORDER_000004479,CUSTOMER_000000479,2026-11-14T05:40:44,DELIVERED,340896.91
ORDER_000004480,CUSTOMER_000000480,2026-05-03T13:59:06,DELIVERED,314893.26
ORDER_000004481,CUSTOMER_000000481,2026-08-21T11:57:11,SHIPPED,663010.26
ORDER_000004482,CUSTOMER_000000482,2026-08-24T14:57:03,CONFIRMED,475498.72
ORDER_000004483,CUSTOMER_000000483,2026-08-11T21:04:41,SHIPPED,451796.90
ORDER_000004484,CUSTOMER_000000484,2026-09-05T00:08:42,SHIPPED,312027.53
ORDER_000004485,CUSTOMER_000000485,2026-05-04T17:43:14,DELIVERED,265474.60
ORDER_000004486,CUSTOMER_000000486,2026-09-19T23:23:55,SHIPPED,360251.07
ORDER_000004487,CUSTOMER_000000487,2026-07-28T12:27:31,CONFIRMED,551447.69
ORDER_000004488,CUSTOMER_000000488,2026-02-13T08:18:25,DELIVERED,459050.70
ORDER_000004489,CUSTOMER_000000489,2026-05-12T09:46:48,DELIVERED,850056.70
ORDER_000004490,CUSTOMER_000000490,2026-11-01T03:38:59,DELIVERED,789316.03
ORDER_000004491,CUSTOMER_000000491,2026-04-11T15:37:51,DELIVERED,335341.32
ORDER_000004492,CUSTOMER_000000492,2026-12-25T23:35:58,PLACED,545076.48
ORDER_000004493,CUSTOMER_000000493,2026-08-25T02:52:40,SHIPPED,386587.05
ORDER_000004494,CUSTOMER_000000494,2026-05-23T00:22:57,DELIVERED,464147.78
ORDER_000004495,CUSTOMER_000000495,2026-01-31T13:11:21,DELIVERED,265626.92
ORDER_000004496,CUSTOMER_000000496,2026-10-19T08:14:13,SHIPPED,404068.70
ORDER_000004497,CUSTOMER_000000497,2026-07-22T06:46:02,CANCELLED,446109.42
ORDER_000004498,CUSTOMER_000000498,2026-01-11T09:38:39,DELIVERED,575504.57
ORDER_000004499,CUSTOMER_000000499,2026-11-15T07:46:16,DELIVERED,144808.16
ORDER_000004500,CUSTOMER_000000500,2026-06-20T14:15:08,DELIVERED,399927.60
ORDER_000004501,CUSTOMER_000000501,2026-10-24T16:19:35,DELIVERED,777854.64
ORDER_000004502,CUSTOMER_000000502,2026-10-10T05:10:27,PLACED,355438.38
ORDER_000004503,CUSTOMER_000000503,2026-07-31T02:39:34,DELIVERED,313988.60
ORDER_000004504,CUSTOMER_000000504,2026-11-30T03:13:05,DELIVERED,158660.70
ORDER_000004505,CUSTOMER_000000505,2026-03-05T12:01:46,SHIPPED,345173.77
ORDER_000004506,CUSTOMER_000000506,2026-10-04T02:16:33,DELIVERED,463148.29
ORDER_000004507,CUSTOMER_000000507,2026-04-16T06:38:40,CONFIRMED,813224.63
ORDER_000004508,CUSTOMER_000000508,2026-12-27T02:32:03,SHIPPED,459563.26
ORDER_000004509,CUSTOMER_000000509,2026-08-15T01:28:20,DELIVERED,495279.63
ORDER_000004510,CUSTOMER_000000510,2026-10-01T18:34:15,DELIVERED,166944.69
ORDER_000004511,CUSTOMER_000000511,2026-01-02T09:42:07,CONFIRMED,44880.93
ORDER_000004512,CUSTOMER_000000512,2026-04-22T18:04:31,DELIVERED,546854.31
ORDER_000004513,CUSTOMER_000000513,2026-03-31T12:32:56,PLACED,468047.27
ORDER_000004514,CUSTOMER_000000514,2026-05-06T21:37:51,SHIPPED,355409.30
ORDER_000004515,CUSTOMER_000000515,2026-04-22T14:35:44,DELIVERED,251196.69
ORDER_000004516,CUSTOMER_000000516,2026-01-24T15:21:44,DELIVERED,300660.45
ORDER_000004517,CUSTOMER_000000517,2026-12-16T12:15:40,DELIVERED,198578.02
ORDER_000004518,CUSTOMER_000000518,2026-05-08T12:52:03,DELIVERED,625982.00
ORDER_000004519,CUSTOMER_000000519,2026-01-14T17:40:22,SHIPPED,221886.17
ORDER_000004520,CUSTOMER_000000520,2026-11-07T12:41:08,DELIVERED,251042.44
ORDER_000004521,CUSTOMER_000000521,2026-09-12T20:52:02,CONFIRMED,504142.38
ORDER_000004522,CUSTOMER_000000522,2026-08-15T04:15:54,DELIVERED,248979.73
ORDER_000004523,CUSTOMER_000000523,2026-12-26T18:04:12,DELIVERED,470868.38
ORDER_000004524,CUSTOMER_000000524,2026-06-19T21:42:37,DELIVERED,260635.75
ORDER_000004525,CUSTOMER_000000525,2026-09-05T11:59:10,DELIVERED,644059.40
ORDER_000004526,CUSTOMER_000000526,2026-08-12T03:05:53,SHIPPED,55478.39
ORDER_000004527,CUSTOMER_000000527,2026-06-28T15:37:07,DELIVERED,398676.72
ORDER_000004528,CUSTOMER_000000528,2026-04-18T02:44:24,DELIVERED,672779.10
ORDER_000004529,CUSTOMER_000000529,2026-03-11T08:25:52,DELIVERED,423213.38
ORDER_000004530,CUSTOMER_000000530,2026-10-18T03:05,DELIVERED,242046.17
ORDER_000004531,CUSTOMER_000000531,2026-08-06T00:46:55,DELIVERED,504423.35
ORDER_000004532,CUSTOMER_000000532,2026-07-03T23:48:02,DELIVERED,505542.35
ORDER_000004533,CUSTOMER_000000533,2026-01-16T04:20:21,DELIVERED,386275.49
ORDER_000004534,CUSTOMER_000000534,2026-05-20T02:44:47,DELIVERED,254577.83
ORDER_000004535,CUSTOMER_000000535,2026-01-06T14:17:17,SHIPPED,427591.89
ORDER_000004536,CUSTOMER_000000536,2026-05-19T19:36,DELIVERED,467182.86
ORDER_000004537,CUSTOMER_000000537,2026-05-09T07:35:24,DELIVERED,282917.88
ORDER_000004538,CUSTOMER_000000538,2026-11-27T13:42:57,CONFIRMED,565090.18
ORDER_000004539,CUSTOMER_000000539,2026-01-01T20:05:51,PLACED,491058.32
ORDER_000004540,CUSTOMER_000000540,2026-12-16T00:36:05,SHIPPED,444210.94
ORDER_000004541,CUSTOMER_000000541,2026-11-24T06:28:21,SHIPPED,326364.38
ORDER_000004542,CUSTOMER_000000542,2026-12-05T21:42:49,DELIVERED,231448.62
ORDER_000004543,CUSTOMER_000000543,2026-04-19T16:59:15,DELIVERED,359200.70
ORDER_000004544,CUSTOMER_000000544,2026-04-20T12:12:09,DELIVERED,282137.00
ORDER_000004545,CUSTOMER_000000545,2026-04-30T15:17:51,DELIVERED,369959.09
ORDER_000004546,CUSTOMER_000000546,2026-08-28T11:34:43,DELIVERED,443107.30
ORDER_000004547,CUSTOMER_000000547,2026-07-03T06:26:43,CONFIRMED,404940.60
ORDER_000004548,CUSTOMER_000000548,2026-06-03T01:04:57,DELIVERED,744712.33
ORDER_000004549,CUSTOMER_000000549,2026-06-27T13:11:54,DELIVERED,577993.44
ORDER_000004550,CUSTOMER_000000550,2026-03-24T15:28:31,DELIVERED,281459.23
ORDER_000004551,CUSTOMER_000000551,2026-09-13T15:19:35,DELIVERED,445700.96
ORDER_000004552,CUSTOMER_000000552,2026-02-11T17:31:05,DELIVERED,713964.71
ORDER_000004553,CUSTOMER_000000553,2026-09-26T06:43:39,DELIVERED,542092.62
ORDER_000004554,CUSTOMER_000000554,2026-11-10T20:45:26,CONFIRMED,664755.64
ORDER_000004555,CUSTOMER_000000555,2026-10-03T21:15:13,CONFIRMED,444487.41
ORDER_000004556,CUSTOMER_000000556,2026-11-01T05:37:13,DELIVERED,833855.17
ORDER_000004557,CUSTOMER_000000557,2026-02-15T08:43:23,DELIVERED,547095.67
ORDER_000004558,CUSTOMER_000000558,2026-02-05T22:25:36,PLACED,677494.78
ORDER_000004559,CUSTOMER_000000559,2026-04-24T22:23:44,SHIPPED,128494.31
ORDER_000004560,CUSTOMER_000000560,2026-06-04T03:01:34,DELIVERED,773966.95
ORDER_000004561,CUSTOMER_000000561,2026-03-25T23:27:06,DELIVERED,404893.33
ORDER_000004562,CUSTOMER_000000562,2026-09-24T00:33:01,DELIVERED,608323.66
ORDER_000004563,CUSTOMER_000000563,2026-09-24T02:10:49,DELIVERED,214943.73
ORDER_000004564,CUSTOMER_000000564,2026-05-09T15:49:24,DELIVERED,467366.76
ORDER_000004565,CUSTOMER_000000565,2026-08-08T10:14:11,PLACED,307192.65
ORDER_000004566,CUSTOMER_000000566,2026-10-04T11:27:26,SHIPPED,344600.79
ORDER_000004567,CUSTOMER_000000567,2026-08-08T18:08:38,DELIVERED,428941.72
ORDER_000004568,CUSTOMER_000000568,2026-07-08T08:54,SHIPPED,304327.20
ORDER_000004569,CUSTOMER_000000569,2026-07-14T11:06:16,DELIVERED,443439.11
ORDER_000004570,CUSTOMER_000000570,2026-04-29T07:33:18,CANCELLED,366580.20
ORDER_000004571,CUSTOMER_000000571,2026-02-20T16:12:01,DELIVERED,766936.68
ORDER_000004572,CUSTOMER_000000572,2026-07-12T17:07:12,CONFIRMED,695227.86
ORDER_000004573,CUSTOMER_000000573,2026-12-24T02:04:13,DELIVERED,525422.82
ORDER_000004574,CUSTOMER_000000574,2026-02-02T06:17:26,DELIVERED,507154.71
ORDER_000004575,CUSTOMER_000000575,2026-12-23T18:46:58,DELIVERED,137525.82
ORDER_000004576,CUSTOMER_000000576,2026-08-19T04:40:52,DELIVERED,158505.52
ORDER_000004577,CUSTOMER_000000577,2026-05-27T11:44:35,DELIVERED,93752.92
ORDER_000004578,CUSTOMER_000000578,2026-07-21T12:46:19,CANCELLED,623883.16
ORDER_000004579,CUSTOMER_000000579,2026-03-20T11:17:33,CANCELLED,412233.92
ORDER_000004580,CUSTOMER_000000580,2026-10-05T07:45:13,SHIPPED,204081.19
ORDER_000004581,CUSTOMER_000000581,2026-12-30T02:41:41,PLACED,523845.25
ORDER_000004582,CUSTOMER_000000582,2026-11-07T17:33:51,DELIVERED,237090.46
ORDER_000004583,CUSTOMER_000000583,2026-12-26T10:05:50,DELIVERED,127246.10
ORDER_000004584,CUSTOMER_000000584,2026-11-04T06:11:34,DELIVERED,147032.93
ORDER_000004585,CUSTOMER_000000585,2026-01-31T21:03:10,DELIVERED,279539.29
ORDER_000004586,CUSTOMER_000000586,2026-10-22T11:09:38,SHIPPED,243358.68
ORDER_000004587,CUSTOMER_000000587,2026-06-04T15:49:38,CONFIRMED,383412.13
ORDER_000004588,CUSTOMER_000000588,2026-11-16T07:24:01,DELIVERED,915879.03
ORDER_000004589,CUSTOMER_000000589,2026-11-04T21:30:25,DELIVERED,466275.92
ORDER_000004590,CUSTOMER_000000590,2026-07-18T21:07:51,DELIVERED,631615.82
ORDER_000004591,CUSTOMER_000000591,2026-03-02T16:00:53,DELIVERED,457404.43
ORDER_000004592,CUSTOMER_000000592,2026-07-17T08:06:09,SHIPPED,377630.52
ORDER_000004593,CUSTOMER_000000593,2026-10-11T04:09:38,DELIVERED,578195.12
ORDER_000004594,CUSTOMER_000000594,2026-05-28T05:39:10,SHIPPED,574667.44
ORDER_000004595,CUSTOMER_000000595,2026-04-15T21:16:27,DELIVERED,605904.59
ORDER_000004596,CUSTOMER_000000596,2026-01-09T19:44:30,CONFIRMED,755572.25
ORDER_000004597,CUSTOMER_000000597,2026-08-26T15:13:26,DELIVERED,678467.53
ORDER_000004598,CUSTOMER_000000598,2026-07-15T14:34:45,CANCELLED,140282.54
ORDER_000004599,CUSTOMER_000000599,2026-10-23T06:49:51,CANCELLED,655934.39
ORDER_000004600,CUSTOMER_000000600,2026-02-12T18:26:51,DELIVERED,167321.85
ORDER_000004601,CUSTOMER_000000601,2026-09-03T10:25:08,DELIVERED,776125.01
ORDER_000004602,CUSTOMER_000000602,2026-03-25T08:46:09,DELIVERED,343544.04
ORDER_000004603,CUSTOMER_000000603,2026-01-03T02:09:12,SHIPPED,557764.59
ORDER_000004604,CUSTOMER_000000604,2026-03-07T20:14:36,DELIVERED,370274.14
ORDER_000004605,CUSTOMER_000000605,2026-01-30T22:54:31,DELIVERED,446608.64
ORDER_000004606,CUSTOMER_000000606,2026-01-15T09:46:55,DELIVERED,266707.16
ORDER_000004607,CUSTOMER_000000607,2026-05-04T04:20:43,DELIVERED,368383.19
ORDER_000004608,CUSTOMER_000000608,2026-09-15T22:08:07,SHIPPED,256409.92
ORDER_000004609,CUSTOMER_000000609,2026-01-23T10:21:19,SHIPPED,211768.30
ORDER_000004610,CUSTOMER_000000610,2026-01-10T05:47:08,DELIVERED,521425.84
ORDER_000004611,CUSTOMER_000000611,2026-03-04T01:36,DELIVERED,450534.46
ORDER_000004612,CUSTOMER_000000612,2026-12-24T08:55:56,DELIVERED,440188.54
ORDER_000004613,CUSTOMER_000000613,2026-04-16T20:02:40,PLACED,849927.82
ORDER_000004614,CUSTOMER_000000614,2026-11-11T07:23:07,DELIVERED,649200.67
ORDER_000004615,CUSTOMER_000000615,2026-05-26T07:46:25,DELIVERED,792780.23
ORDER_000004616,CUSTOMER_000000616,2026-06-07T20:52:28,DELIVERED,447683.54
ORDER_000004617,CUSTOMER_000000617,2026-06-02T17:56:08,DELIVERED,304113.55
ORDER_000004618,CUSTOMER_000000618,2026-06-24T17:45:06,CONFIRMED,355722.65
ORDER_000004619,CUSTOMER_000000619,2026-09-24T15:46:43,DELIVERED,534620.67
ORDER_000004620,CUSTOMER_000000620,2026-08-08T00:38:36,DELIVERED,1038986.80
ORDER_000004621,CUSTOMER_000000621,2026-07-28T15:59:51,CONFIRMED,274422.62
ORDER_000004622,CUSTOMER_000000622,2026-12-12T02:52:20,DELIVERED,200443.37
ORDER_000004623,CUSTOMER_000000623,2026-08-23T07:59:23,DELIVERED,615004.96
ORDER_000004624,CUSTOMER_000000624,2026-08-17T08:52:13,DELIVERED,346719.68
ORDER_000004625,CUSTOMER_000000625,2026-04-28T11:44:53,CONFIRMED,191600.29
ORDER_000004626,CUSTOMER_000000626,2026-05-09T09:10:25,CONFIRMED,333175.60
ORDER_000004627,CUSTOMER_000000627,2026-01-20T06:35:28,DELIVERED,287052.25
ORDER_000004628,CUSTOMER_000000628,2026-04-05T14:40:04,CONFIRMED,492518.34
ORDER_000004629,CUSTOMER_000000629,2026-11-28T16:25:44,CONFIRMED,120056.69
ORDER_000004630,CUSTOMER_000000630,2026-12-09T13:25:40,CONFIRMED,378312.36
ORDER_000004631,CUSTOMER_000000631,2026-02-20T21:44:30,DELIVERED,337370.25
ORDER_000004632,CUSTOMER_000000632,2026-08-12T01:01:26,DELIVERED,277598.67
ORDER_000004633,CUSTOMER_000000633,2026-11-08T22:40:27,SHIPPED,409305.73
ORDER_000004634,CUSTOMER_000000634,2026-09-16T09:07:49,DELIVERED,975785.70
ORDER_000004635,CUSTOMER_000000635,2026-08-08T01:59:17,DELIVERED,643698.11
ORDER_000004636,CUSTOMER_000000636,2026-07-20T00:51:32,DELIVERED,548602.98
ORDER_000004637,CUSTOMER_000000637,2026-07-14T23:16:39,DELIVERED,520354.24
ORDER_000004638,CUSTOMER_000000638,2026-05-28T11:37:39,DELIVERED,358613.23
ORDER_000004639,CUSTOMER_000000639,2026-09-26T21:48:54,SHIPPED,868682.96
ORDER_000004640,CUSTOMER_000000640,2026-11-29T10:53:34,DELIVERED,816748.80
ORDER_000004641,CUSTOMER_000000641,2026-11-14T20:24:11,DELIVERED,348601.53
ORDER_000004642,CUSTOMER_000000642,2026-03-13T07:33:15,PLACED,536089.79
ORDER_000004643,CUSTOMER_000000643,2026-01-11T01:37:25,DELIVERED,38984.91
ORDER_000004644,CUSTOMER_000000644,2026-10-15T07:59:26,DELIVERED,113844.91
ORDER_000004645,CUSTOMER_000000645,2026-08-24T13:43:18,DELIVERED,239451.80
ORDER_000004646,CUSTOMER_000000646,2026-03-13T10:12:57,DELIVERED,474682.68
ORDER_000004647,CUSTOMER_000000647,2026-06-21T22:38:46,CANCELLED,497661.43
ORDER_000004648,CUSTOMER_000000648,2026-07-18T07:12:31,DELIVERED,555813.02
ORDER_000004649,CUSTOMER_000000649,2026-04-29T20:29:14,DELIVERED,455350.43
ORDER_000004650,CUSTOMER_000000650,2026-03-20T15:09:22,CONFIRMED,183695.84
ORDER_000004651,CUSTOMER_000000651,2026-10-14T05:14:09,DELIVERED,328239.49
ORDER_000004652,CUSTOMER_000000652,2026-12-30T15:55:16,SHIPPED,582144.44
ORDER_000004653,CUSTOMER_000000653,2026-06-03T16:38:09,CONFIRMED,381486.60
ORDER_000004654,CUSTOMER_000000654,2026-02-13T04:15:11,CONFIRMED,458392.60
ORDER_000004655,CUSTOMER_000000655,2026-07-21T14:10:33,CANCELLED,143018.22
ORDER_000004656,CUSTOMER_000000656,2026-09-09T08:40:18,CANCELLED,566669.35
ORDER_000004657,CUSTOMER_000000657,2026-08-31T13:48:06,DELIVERED,381314.04
ORDER_000004658,CUSTOMER_000000658,2026-12-14T15:30:03,DELIVERED,375136.94
ORDER_000004659,CUSTOMER_000000659,2026-05-20T20:02:24,DELIVERED,702335.02
ORDER_000004660,CUSTOMER_000000660,2026-05-07T20:33:57,DELIVERED,92480.51
ORDER_000004661,CUSTOMER_000000661,2026-09-30T19:49:55,DELIVERED,265014.52
ORDER_000004662,CUSTOMER_000000662,2026-07-23T16:46:24,SHIPPED,577917.29
ORDER_000004663,CUSTOMER_000000663,2026-06-14T10:09:54,DELIVERED,197708.54
ORDER_000004664,CUSTOMER_000000664,2026-09-25T13:17:08,DELIVERED,949088.74
ORDER_000004665,CUSTOMER_000000665,2026-09-03T03:25:37,CANCELLED,312690.52
ORDER_000004666,CUSTOMER_000000666,2026-05-21T16:49:09,DELIVERED,197995.39
ORDER_000004667,CUSTOMER_000000667,2026-05-03T22:51:50,CONFIRMED,686400.10
ORDER_000004668,CUSTOMER_000000668,2026-09-22T16:52:02,CONFIRMED,956311.78
ORDER_000004669,CUSTOMER_000000669,2026-11-17T02:38:47,CANCELLED,445755.53
ORDER_000004670,CUSTOMER_000000670,2026-12-31T21:49:52,DELIVERED,623551.46
ORDER_000004671,CUSTOMER_000000671,2026-05-02T12:47:47,CONFIRMED,793478.94
ORDER_000004672,CUSTOMER_000000672,2026-12-19T22:01:28,SHIPPED,125714.10
ORDER_000004673,CUSTOMER_000000673,2026-12-15T05:43:19,DELIVERED,393589.55
ORDER_000004674,CUSTOMER_000000674,2026-07-01T07:48:54,CONFIRMED,408204.35
ORDER_000004675,CUSTOMER_000000675,2026-12-02T07:30:43,DELIVERED,314303.90
ORDER_000004676,CUSTOMER_000000676,2026-12-18T08:30:24,DELIVERED,650310.86
ORDER_000004677,CUSTOMER_000000677,2026-02-06T05:17:22,DELIVERED,90178.65
ORDER_000004678,CUSTOMER_000000678,2026-11-15T07:12:04,DELIVERED,825058.74
ORDER_000004679,CUSTOMER_000000679,2026-08-15T22:39:17,DELIVERED,591853.07
ORDER_000004680,CUSTOMER_000000680,2026-04-11T18:26:16,CANCELLED,431688.76
ORDER_000004681,CUSTOMER_000000681,2026-12-19T22:24:27,DELIVERED,390489.87
ORDER_000004682,CUSTOMER_000000682,2026-01-22T00:38,DELIVERED,540229.59
ORDER_000004683,CUSTOMER_000000683,2026-12-02T10:55:45,CONFIRMED,608351.62
ORDER_000004684,CUSTOMER_000000684,2026-10-30T02:18:20,SHIPPED,485128.00
ORDER_000004685,CUSTOMER_000000685,2026-10-06T02:44:34,DELIVERED,785196.98
ORDER_000004686,CUSTOMER_000000686,2026-09-19T15:37:45,CANCELLED,487781.89
ORDER_000004687,CUSTOMER_000000687,2026-06-24T23:56:55,DELIVERED,831868.39
ORDER_000004688,CUSTOMER_000000688,2026-12-12T08:33:40,DELIVERED,442381.41
ORDER_000004689,CUSTOMER_000000689,2026-12-11T15:47:59,DELIVERED,734057.26
ORDER_000004690,CUSTOMER_000000690,2026-11-27T18:45:27,DELIVERED,607868.52
ORDER_000004691,CUSTOMER_000000691,2026-05-17T18:59:46,CANCELLED,819377.67
ORDER_000004692,CUSTOMER_000000692,2026-07-19T20:26:18,DELIVERED,544052.88
ORDER_000004693,CUSTOMER_000000693,2026-08-05T15:26:15,CONFIRMED,281503.29
ORDER_000004694,CUSTOMER_000000694,2026-12-09T12:05:11,DELIVERED,193756.26
ORDER_000004695,CUSTOMER_000000695,2026-10-13T15:26:57,DELIVERED,638798.27
ORDER_000004696,CUSTOMER_000000696,2026-05-21T00:15:37,CONFIRMED,670711.06
ORDER_000004697,CUSTOMER_000000697,2026-12-26T20:20:23,CONFIRMED,580483.12
ORDER_000004698,CUSTOMER_000000698,2026-08-23T19:37:09,SHIPPED,118986.98
ORDER_000004699,CUSTOMER_000000699,2026-10-01T17:17:47,SHIPPED,196101.85
ORDER_000004700,CUSTOMER_000000700,2026-10-05T04:03:36,DELIVERED,372540.34
ORDER_000004701,CUSTOMER_000000701,2026-11-19T03:56:18,DELIVERED,661808.80
ORDER_000004702,CUSTOMER_000000702,2026-07-10T18:10:02,DELIVERED,199439.93
ORDER_000004703,CUSTOMER_000000703,2026-01-03T15:59:48,SHIPPED,302653.59
ORDER_000004704,CUSTOMER_000000704,2026-12-21T02:38:04,DELIVERED,403172.78
ORDER_000004705,CUSTOMER_000000705,2026-01-03T02:08:24,DELIVERED,474560.92
ORDER_000004706,CUSTOMER_000000706,2026-06-26T10:51:29,DELIVERED,167832.11
ORDER_000004707,CUSTOMER_000000707,2026-02-11T18:55:53,DELIVERED,463294.95
ORDER_000004708,CUSTOMER_000000708,2026-07-02T11:11:38,DELIVERED,413025.56
ORDER_000004709,CUSTOMER_000000709,2026-09-15T21:54:25,SHIPPED,675662.14
ORDER_000004710,CUSTOMER_000000710,2026-07-24T06:41:40,DELIVERED,80002.26
ORDER_000004711,CUSTOMER_000000711,2026-01-07T09:07:44,DELIVERED,662659.57
ORDER_000004712,CUSTOMER_000000712,2026-04-16T20:39:43,DELIVERED,584066.25
ORDER_000004713,CUSTOMER_000000713,2026-02-05T11:15:26,CONFIRMED,300698.60
ORDER_000004714,CUSTOMER_000000714,2026-12-17T03:53:56,SHIPPED,480305.30
ORDER_000004715,CUSTOMER_000000715,2026-07-05T14:12:51,DELIVERED,763905.08
ORDER_000004716,CUSTOMER_000000716,2026-04-28T08:41:29,DELIVERED,534077.26
ORDER_000004717,CUSTOMER_000000717,2026-05-06T03:03:29,SHIPPED,406281.58
ORDER_000004718,CUSTOMER_000000718,2026-03-02T07:14:03,DELIVERED,351236.90
ORDER_000004719,CUSTOMER_000000719,2026-10-20T01:58:47,PLACED,639195.08
ORDER_000004720,CUSTOMER_000000720,2026-01-28T09:14:48,DELIVERED,398026.95
ORDER_000004721,CUSTOMER_000000721,2026-07-10T17:12:36,DELIVERED,825816.05
ORDER_000004722,CUSTOMER_000000722,2026-07-03T08:16:57,PLACED,822149.34
ORDER_000004723,CUSTOMER_000000723,2026-01-26T12:24:07,PLACED,529275.29
ORDER_000004724,CUSTOMER_000000724,2026-09-23T08:08:20,DELIVERED,360108.91
ORDER_000004725,CUSTOMER_000000725,2026-06-18T22:26:39,DELIVERED,216548.33
ORDER_000004726,CUSTOMER_000000726,2026-09-16T07:06:43,DELIVERED,1081479.37
ORDER_000004727,CUSTOMER_000000727,2026-05-19T23:08:32,CONFIRMED,440340.70
ORDER_000004728,CUSTOMER_000000728,2026-12-30T07:04:13,DELIVERED,361394.60
ORDER_000004729,CUSTOMER_000000729,2026-05-07T06:45:40,CANCELLED,601322.33
ORDER_000004730,CUSTOMER_000000730,2026-07-21T11:01:38,DELIVERED,80451.74
ORDER_000004731,CUSTOMER_000000731,2026-04-25T06:28:05,SHIPPED,603384.16
ORDER_000004732,CUSTOMER_000000732,2026-03-31T16:03:16,DELIVERED,667052.52
ORDER_000004733,CUSTOMER_000000733,2026-04-29T02:53:57,DELIVERED,160677.20
ORDER_000004734,CUSTOMER_000000734,2026-01-28T05:45:19,DELIVERED,299491.87
ORDER_000004735,CUSTOMER_000000735,2026-10-24T13:23:08,DELIVERED,91404.69
ORDER_000004736,CUSTOMER_000000736,2026-11-27T11:42:08,SHIPPED,604594.15
ORDER_000004737,CUSTOMER_000000737,2026-05-20T13:26:01,SHIPPED,221765.21
ORDER_000004738,CUSTOMER_000000738,2026-04-06T15:32:48,DELIVERED,556718.89
ORDER_000004739,CUSTOMER_000000739,2026-05-22T09:17:29,DELIVERED,500901.36
ORDER_000004740,CUSTOMER_000000740,2026-04-06T11:10:41,CONFIRMED,852701.23
ORDER_000004741,CUSTOMER_000000741,2026-09-12T11:26:28,DELIVERED,614138.83
ORDER_000004742,CUSTOMER_000000742,2026-12-20T19:31:25,DELIVERED,238824.31
ORDER_000004743,CUSTOMER_000000743,2026-01-25T03:59:18,DELIVERED,292927.86
ORDER_000004744,CUSTOMER_000000744,2026-07-08T16:46:19,CONFIRMED,376029.87
ORDER_000004745,CUSTOMER_000000745,2026-08-04T21:22:47,CANCELLED,463665.76
ORDER_000004746,CUSTOMER_000000746,2026-08-22T14:01:46,SHIPPED,524222.92
ORDER_000004747,CUSTOMER_000000747,2026-04-07T14:11:55,SHIPPED,439708.14
ORDER_000004748,CUSTOMER_000000748,2026-11-08T13:43:38,DELIVERED,314418.87
ORDER_000004749,CUSTOMER_000000749,2026-05-07T10:14:12,DELIVERED,309124.56
ORDER_000004750,CUSTOMER_000000750,2026-12-02T08:47:57,DELIVERED,226830.03
ORDER_000004751,CUSTOMER_000000751,2026-05-29T23:02:52,SHIPPED,517145.59
ORDER_000004752,CUSTOMER_000000752,2026-07-09T17:39:01,DELIVERED,453419.07
ORDER_000004753,CUSTOMER_000000753,2026-08-24T14:30:26,DELIVERED,302339.09
ORDER_000004754,CUSTOMER_000000754,2026-04-23T18:33:42,DELIVERED,329210.24
ORDER_000004755,CUSTOMER_000000755,2026-12-29T03:30:02,SHIPPED,122880.86
ORDER_000004756,CUSTOMER_000000756,2026-07-15T05:18:10,DELIVERED,408108.58
ORDER_000004757,CUSTOMER_000000757,2026-05-07T13:19:42,CANCELLED,195453.18
ORDER_000004758,CUSTOMER_000000758,2026-02-28T01:00:06,DELIVERED,598333.93
ORDER_000004759,CUSTOMER_000000759,2026-10-26T03:20:36,DELIVERED,677896.55
ORDER_000004760,CUSTOMER_000000760,2026-02-08T15:35:09,DELIVERED,476055.83
ORDER_000004761,CUSTOMER_000000761,2026-11-21T20:52:06,CANCELLED,555931.28
ORDER_000004762,CUSTOMER_000000762,2026-12-02T03:10:59,DELIVERED,486184.84
ORDER_000004763,CUSTOMER_000000763,2026-12-01T03:57:18,PLACED,846123.22
ORDER_000004764,CUSTOMER_000000764,2026-04-02T09:07:04,DELIVERED,200313.28
ORDER_000004765,CUSTOMER_000000765,2026-10-29T20:25:53,DELIVERED,509093.15
ORDER_000004766,CUSTOMER_000000766,2026-05-28T05:52:25,SHIPPED,655650.24
ORDER_000004767,CUSTOMER_000000767,2026-04-03T16:41:20,DELIVERED,327159.23
ORDER_000004768,CUSTOMER_000000768,2026-09-12T22:53:53,DELIVERED,597124.88
ORDER_000004769,CUSTOMER_000000769,2026-09-04T22:29:29,PLACED,517967.66
ORDER_000004770,CUSTOMER_000000770,2026-12-25T16:13:39,SHIPPED,329405.42
ORDER_000004771,CUSTOMER_000000771,2026-04-18T00:14:18,DELIVERED,283767.67
ORDER_000004772,CUSTOMER_000000772,2026-07-09T11:45:28,CONFIRMED,331142.24
ORDER_000004773,CUSTOMER_000000773,2026-06-17T11:44:47,SHIPPED,286100.63
ORDER_000004774,CUSTOMER_000000774,2026-03-09T02:34:33,CONFIRMED,336777.73
ORDER_000004775,CUSTOMER_000000775,2026-02-05T22:50:09,DELIVERED,524797.56
ORDER_000004776,CUSTOMER_000000776,2026-04-28T15:52:54,CONFIRMED,774260.65
ORDER_000004777,CUSTOMER_000000777,2026-06-14T22:18:26,CONFIRMED,200692.57
ORDER_000004778,CUSTOMER_000000778,2026-09-24T02:06:44,PLACED,175359.74
ORDER_000004779,CUSTOMER_000000779,2026-03-15T16:30:55,DELIVERED,364335.11
ORDER_000004780,CUSTOMER_000000780,2026-01-18T22:35:32,DELIVERED,279816.97
ORDER_000004781,CUSTOMER_000000781,2026-08-08T07:08:52,DELIVERED,591170.50
ORDER_000004782,CUSTOMER_000000782,2026-08-22T11:02:01,SHIPPED,691228.75
ORDER_000004783,CUSTOMER_000000783,2026-01-03T19:48:20,DELIVERED,812528.63
ORDER_000004784,CUSTOMER_000000784,2026-03-07T20:33:17,DELIVERED,253539.98
ORDER_000004785,CUSTOMER_000000785,2026-12-02T13:00:05,DELIVERED,436720.06
ORDER_000004786,CUSTOMER_000000786,2026-01-11T00:23:56,CONFIRMED,810529.05
ORDER_000004787,CUSTOMER_000000787,2026-08-28T22:58:47,DELIVERED,175311.08
ORDER_000004788,CUSTOMER_000000788,2026-08-29T16:12:22,CANCELLED,568570.38
ORDER_000004789,CUSTOMER_000000789,2026-08-24T22:12:32,CANCELLED,396635.14
ORDER_000004790,CUSTOMER_000000790,2026-04-21T02:08:07,DELIVERED,209425.65
ORDER_000004791,CUSTOMER_000000791,2026-05-08T22:21:49,DELIVERED,357817.30
ORDER_000004792,CUSTOMER_000000792,2026-10-06T19:19:57,DELIVERED,345559.65
ORDER_000004793,CUSTOMER_000000793,2026-11-08T16:27:29,CONFIRMED,677425.00
ORDER_000004794,CUSTOMER_000000794,2026-04-24T13:37:05,PLACED,264288.26
ORDER_000004795,CUSTOMER_000000795,2026-09-08T11:05:57,DELIVERED,95780.08
ORDER_000004796,CUSTOMER_000000796,2026-12-23T11:22:29,CONFIRMED,402308.22
ORDER_000004797,CUSTOMER_000000797,2026-01-15T06:24:28,DELIVERED,590162.61
ORDER_000004798,CUSTOMER_000000798,2026-04-04T13:19:32,DELIVERED,375776.35
ORDER_000004799,CUSTOMER_000000799,2026-02-01T15:35:05,SHIPPED,375740.94
ORDER_000004800,CUSTOMER_000000800,2026-02-07T18:11:49,CONFIRMED,815258.46
ORDER_000004801,CUSTOMER_000000801,2026-07-26T03:32:30,CONFIRMED,580643.92
ORDER_000004802,CUSTOMER_000000802,2026-07-12T19:53:50,DELIVERED,301448.06
ORDER_000004803,CUSTOMER_000000803,2026-01-07T14:29:12,DELIVERED,286442.68
ORDER_000004804,CUSTOMER_000000804,2026-11-13T20:51:42,DELIVERED,414315.63
ORDER_000004805,CUSTOMER_000000805,2026-04-28T21:02:56,DELIVERED,714525.54
ORDER_000004806,CUSTOMER_000000806,2026-03-20T13:46:44,CONFIRMED,323073.30
ORDER_000004807,CUSTOMER_000000807,2026-07-09T12:38:02,DELIVERED,699700.32
ORDER_000004808,CUSTOMER_000000808,2026-09-12T06:39:48,DELIVERED,733751.37
ORDER_000004809,CUSTOMER_000000809,2026-07-20T17:25:07,DELIVERED,114209.43
ORDER_000004810,CUSTOMER_000000810,2026-02-11T23:43:58,DELIVERED,655442.35
ORDER_000004811,CUSTOMER_000000811,2026-03-19T11:19:47,SHIPPED,505906.20
ORDER_000004812,CUSTOMER_000000812,2026-08-20T05:22:36,DELIVERED,197966.61
ORDER_000004813,CUSTOMER_000000813,2026-01-15T02:03,CONFIRMED,243756.94
ORDER_000004814,CUSTOMER_000000814,2026-12-26T03:05:56,DELIVERED,525193.04
ORDER_000004815,CUSTOMER_000000815,2026-03-14T20:40:36,SHIPPED,682242.83
ORDER_000004816,CUSTOMER_000000816,2026-09-26T03:09:31,DELIVERED,183782.59
ORDER_000004817,CUSTOMER_000000817,2026-02-13T06:12:11,DELIVERED,388589.35
ORDER_000004818,CUSTOMER_000000818,2026-03-02T23:48:02,DELIVERED,179515.00
ORDER_000004819,CUSTOMER_000000819,2026-04-27T08:09:30,DELIVERED,377594.07
ORDER_000004820,CUSTOMER_000000820,2026-04-16T23:04:16,PLACED,509663.30
ORDER_000004821,CUSTOMER_000000821,2026-09-28T13:15:25,DELIVERED,259963.32
ORDER_000004822,CUSTOMER_000000822,2026-03-23T00:21:03,DELIVERED,556254.63
ORDER_000004823,CUSTOMER_000000823,2026-06-02T15:55,DELIVERED,542670.96
ORDER_000004824,CUSTOMER_000000824,2026-03-02T12:44:20,DELIVERED,561760.03
ORDER_000004825,CUSTOMER_000000825,2026-05-14T21:58:41,DELIVERED,433860.78
ORDER_000004826,CUSTOMER_000000826,2026-05-20T15:44:28,PLACED,479660.89
ORDER_000004827,CUSTOMER_000000827,2026-12-20T06:48:54,DELIVERED,159507.88
ORDER_000004828,CUSTOMER_000000828,2026-05-20T11:34:04,CONFIRMED,565794.98
ORDER_000004829,CUSTOMER_000000829,2026-01-07T15:25:53,DELIVERED,470345.11
ORDER_000004830,CUSTOMER_000000830,2026-01-06T10:22:50,SHIPPED,606151.08
ORDER_000004831,CUSTOMER_000000831,2026-12-27T09:09:04,SHIPPED,260981.83
ORDER_000004832,CUSTOMER_000000832,2026-03-14T03:09:13,DELIVERED,459383.54
ORDER_000004833,CUSTOMER_000000833,2026-09-11T21:09:58,CONFIRMED,364875.13
ORDER_000004834,CUSTOMER_000000834,2026-09-06T16:16:50,CONFIRMED,562933.91
ORDER_000004835,CUSTOMER_000000835,2026-02-17T07:15:23,DELIVERED,788209.95
ORDER_000004836,CUSTOMER_000000836,2026-12-05T06:44:01,CANCELLED,475006.07
ORDER_000004837,CUSTOMER_000000837,2026-11-30T09:53:21,DELIVERED,303904.25
ORDER_000004838,CUSTOMER_000000838,2026-10-06T22:42:57,DELIVERED,339454.87
ORDER_000004839,CUSTOMER_000000839,2026-05-05T23:26:14,DELIVERED,384802.85
ORDER_000004840,CUSTOMER_000000840,2026-01-26T02:47:58,CONFIRMED,388165.94
ORDER_000004841,CUSTOMER_000000841,2026-08-26T07:17:09,DELIVERED,213042.15
ORDER_000004842,CUSTOMER_000000842,2026-03-04T17:04:04,DELIVERED,524490.30
ORDER_000004843,CUSTOMER_000000843,2026-10-25T14:35:38,DELIVERED,500281.24
ORDER_000004844,CUSTOMER_000000844,2026-12-01T00:29:59,CONFIRMED,443990.55
ORDER_000004845,CUSTOMER_000000845,2026-05-16T19:09:27,SHIPPED,761525.76
ORDER_000004846,CUSTOMER_000000846,2026-02-08T22:03:27,DELIVERED,660631.92
ORDER_000004847,CUSTOMER_000000847,2026-07-02T19:57:17,PLACED,305474.46
ORDER_000004848,CUSTOMER_000000848,2026-02-21T06:28:11,DELIVERED,425907.89
ORDER_000004849,CUSTOMER_000000849,2026-02-21T18:53:39,SHIPPED,410888.36
ORDER_000004850,CUSTOMER_000000850,2026-01-17T16:51:24,DELIVERED,309319.02
ORDER_000004851,CUSTOMER_000000851,2026-11-04T00:18:15,CONFIRMED,629497.38
ORDER_000004852,CUSTOMER_000000852,2026-07-06T16:35:32,DELIVERED,499751.94
ORDER_000004853,CUSTOMER_000000853,2026-07-05T07:05:12,DELIVERED,364648.58
ORDER_000004854,CUSTOMER_000000854,2026-12-15T11:45:07,DELIVERED,337173.08
ORDER_000004855,CUSTOMER_000000855,2026-03-09T00:42:10,DELIVERED,234333.00
ORDER_000004856,CUSTOMER_000000856,2026-08-31T16:00:19,PLACED,496554.84
ORDER_000004857,CUSTOMER_000000857,2026-11-26T19:00:41,DELIVERED,235068.74
ORDER_000004858,CUSTOMER_000000858,2026-07-22T16:09:45,DELIVERED,531202.61
ORDER_000004859,CUSTOMER_000000859,2026-01-05T14:17:16,DELIVERED,296629.34
ORDER_000004860,CUSTOMER_000000860,2026-04-12T12:13:45,DELIVERED,65691.73
ORDER_000004861,CUSTOMER_000000861,2026-09-16T15:12:41,DELIVERED,570943.51
ORDER_000004862,CUSTOMER_000000862,2026-06-27T23:39:23,DELIVERED,458213.35
ORDER_000004863,CUSTOMER_000000863,2026-12-07T12:24:14,CANCELLED,633902.19
ORDER_000004864,CUSTOMER_000000864,2026-02-19T11:54:52,DELIVERED,369875.78
ORDER_000004865,CUSTOMER_000000865,2026-09-22T11:04:47,DELIVERED,517896.44
ORDER_000004866,CUSTOMER_000000866,2026-10-18T16:53:36,DELIVERED,348718.18
ORDER_000004867,CUSTOMER_000000867,2026-01-16T05:14:52,DELIVERED,208138.78
ORDER_000004868,CUSTOMER_000000868,2026-07-11T05:55:49,CONFIRMED,711252.11
ORDER_000004869,CUSTOMER_000000869,2026-09-08T00:33:40,DELIVERED,658539.27
ORDER_000004870,CUSTOMER_000000870,2026-12-20T02:40:57,CANCELLED,223144.89
ORDER_000004871,CUSTOMER_000000871,2026-01-30T10:34:07,SHIPPED,480361.40
ORDER_000004872,CUSTOMER_000000872,2026-11-06T08:02:34,DELIVERED,264101.01
ORDER_000004873,CUSTOMER_000000873,2026-05-30T20:41:51,SHIPPED,586236.53
ORDER_000004874,CUSTOMER_000000874,2026-02-01T19:11:56,DELIVERED,366099.28
ORDER_000004875,CUSTOMER_000000875,2026-12-02T20:42:38,SHIPPED,192845.81
ORDER_000004876,CUSTOMER_000000876,2026-12-16T23:44:40,CONFIRMED,387547.66
ORDER_000004877,CUSTOMER_000000877,2026-12-03T23:17:16,DELIVERED,539650.46
ORDER_000004878,CUSTOMER_000000878,2026-04-10T03:03:23,CONFIRMED,335738.32
ORDER_000004879,CUSTOMER_000000879,2026-05-18T11:54:38,CONFIRMED,181458.28
ORDER_000004880,CUSTOMER_000000880,2026-02-27T02:13:34,SHIPPED,848805.45
ORDER_000004881,CUSTOMER_000000881,2026-02-28T15:26:06,DELIVERED,637819.28
ORDER_000004882,CUSTOMER_000000882,2026-09-21T17:18:09,CONFIRMED,546379.79
ORDER_000004883,CUSTOMER_000000883,2026-02-20T05:37:59,DELIVERED,252186.81
ORDER_000004884,CUSTOMER_000000884,2026-09-23T18:37:56,SHIPPED,515236.42
ORDER_000004885,CUSTOMER_000000885,2026-04-03T04:46:35,CONFIRMED,162008.19
ORDER_000004886,CUSTOMER_000000886,2026-10-02T20:25:22,CONFIRMED,618257.39
ORDER_000004887,CUSTOMER_000000887,2026-02-14T15:17:58,DELIVERED,389362.02
ORDER_000004888,CUSTOMER_000000888,2026-09-07T03:28:01,DELIVERED,489579.56
ORDER_000004889,CUSTOMER_000000889,2026-07-31T02:00:01,DELIVERED,724625.46
ORDER_000004890,CUSTOMER_000000890,2026-07-12T15:39:34,CANCELLED,302850.99
ORDER_000004891,CUSTOMER_000000891,2026-09-10T01:51:16,CONFIRMED,761367.31
ORDER_000004892,CUSTOMER_000000892,2026-04-17T04:19:41,DELIVERED,766263.44
ORDER_000004893,CUSTOMER_000000893,2026-03-12T03:41:22,DELIVERED,282081.73
ORDER_000004894,CUSTOMER_000000894,2026-12-14T01:12:11,SHIPPED,689398.11
ORDER_000004895,CUSTOMER_000000895,2026-02-13T08:04:25,SHIPPED,857441.54
ORDER_000004896,CUSTOMER_000000896,2026-12-17T02:35:19,DELIVERED,369811.95
ORDER_000004897,CUSTOMER_000000897,2026-09-17T04:09:01,CONFIRMED,719631.87
ORDER_000004898,CUSTOMER_000000898,2026-11-21T05:55:41,DELIVERED,192143.99
ORDER_000004899,CUSTOMER_000000899,2026-10-20T02:34:34,DELIVERED,511433.36
ORDER_000004900,CUSTOMER_000000900,2026-01-27T10:42:49,DELIVERED,434109.26
ORDER_000004901,CUSTOMER_000000901,2026-10-13T00:53:46,CONFIRMED,148829.40
ORDER_000004902,CUSTOMER_000000902,2026-08-01T13:35:44,SHIPPED,278654.14
ORDER_000004903,CUSTOMER_000000903,2026-08-28T09:07:46,CONFIRMED,700891.66
ORDER_000004904,CUSTOMER_000000904,2026-03-24T13:41:20,DELIVERED,622848.96
ORDER_000004905,CUSTOMER_000000905,2026-03-01T02:42:54,CANCELLED,507870.56
ORDER_000004906,CUSTOMER_000000906,2026-01-28T18:06:59,DELIVERED,317102.24
ORDER_000004907,CUSTOMER_000000907,2026-02-14T15:06:29,DELIVERED,578150.71
ORDER_000004908,CUSTOMER_000000908,2026-08-10T13:39:24,SHIPPED,755528.21
ORDER_000004909,CUSTOMER_000000909,2026-11-02T03:21:31,DELIVERED,245411.58
ORDER_000004910,CUSTOMER_000000910,2026-02-09T13:11:09,DELIVERED,290451.52
ORDER_000004911,CUSTOMER_000000911,2026-12-07T19:19:07,DELIVERED,786692.44
ORDER_000004912,CUSTOMER_000000912,2026-04-25T16:18:11,DELIVERED,475610.34
ORDER_000004913,CUSTOMER_000000913,2026-01-04T01:58:52,DELIVERED,592661.79
ORDER_000004914,CUSTOMER_000000914,2026-06-11T15:48:05,DELIVERED,250277.76
ORDER_000004915,CUSTOMER_000000915,2026-12-25T00:26:30,PLACED,567679.77
ORDER_000004916,CUSTOMER_000000916,2026-05-07T04:08:08,DELIVERED,424279.47
ORDER_000004917,CUSTOMER_000000917,2026-01-30T07:19:22,CONFIRMED,782708.75
ORDER_000004918,CUSTOMER_000000918,2026-12-30T06:34:30,DELIVERED,501380.16
ORDER_000004919,CUSTOMER_000000919,2026-09-04T00:29:25,SHIPPED,583485.34
ORDER_000004920,CUSTOMER_000000920,2026-08-04T02:59:13,DELIVERED,236890.17
ORDER_000004921,CUSTOMER_000000921,2026-02-02T17:07:29,DELIVERED,478681.73
ORDER_000004922,CUSTOMER_000000922,2026-01-01T07:42:15,SHIPPED,559445.54
ORDER_000004923,CUSTOMER_000000923,2026-07-14T00:37:15,DELIVERED,343556.73
ORDER_000004924,CUSTOMER_000000924,2026-07-08T04:57:12,DELIVERED,283614.45
ORDER_000004925,CUSTOMER_000000925,2026-06-18T07:18:46,DELIVERED,462342.41
ORDER_000004926,CUSTOMER_000000926,2026-01-15T13:20:17,DELIVERED,184670.41
ORDER_000004927,CUSTOMER_000000927,2026-06-19T06:21:42,SHIPPED,167165.33
ORDER_000004928,CUSTOMER_000000928,2026-10-11T02:29:59,SHIPPED,651025.80
ORDER_000004929,CUSTOMER_000000929,2026-02-14T08:24:36,PLACED,343514.87
ORDER_000004930,CUSTOMER_000000930,2026-05-14T12:47:18,CONFIRMED,1126447.26
ORDER_000004931,CUSTOMER_000000931,2026-01-20T10:04:17,PLACED,271210.37
ORDER_000004932,CUSTOMER_000000932,2026-03-15T18:05:48,DELIVERED,453122.96
ORDER_000004933,CUSTOMER_000000933,2026-11-28T00:40:52,SHIPPED,336161.08
ORDER_000004934,CUSTOMER_000000934,2026-01-01T11:40:39,DELIVERED,433401.01
ORDER_000004935,CUSTOMER_000000935,2026-08-17T18:53:49,DELIVERED,340998.16
ORDER_000004936,CUSTOMER_000000936,2026-08-31T18:29:47,SHIPPED,205461.00
ORDER_000004937,CUSTOMER_000000937,2026-03-19T23:43:30,DELIVERED,555911.59
ORDER_000004938,CUSTOMER_000000938,2026-11-18T00:41:23,CANCELLED,397319.83
ORDER_000004939,CUSTOMER_000000939,2026-04-21T17:46:08,CONFIRMED,552437.17
ORDER_000004940,CUSTOMER_000000940,2026-04-27T10:30:49,CANCELLED,231631.43
ORDER_000004941,CUSTOMER_000000941,2026-06-17T01:34:01,DELIVERED,666884.69
ORDER_000004942,CUSTOMER_000000942,2026-12-27T04:37:12,DELIVERED,738506.04
ORDER_000004943,CUSTOMER_000000943,2026-02-24T23:48:54,CONFIRMED,559629.86
ORDER_000004944,CUSTOMER_000000944,2026-10-21T13:27:26,DELIVERED,625459.60
ORDER_000004945,CUSTOMER_000000945,2026-07-22T15:39:42,DELIVERED,785047.41
ORDER_000004946,CUSTOMER_000000946,2026-04-15T21:41:44,SHIPPED,759510.89
ORDER_000004947,CUSTOMER_000000947,2026-06-14T10:58:39,CONFIRMED,517103.55
ORDER_000004948,CUSTOMER_000000948,2026-08-19T10:55:27,DELIVERED,567955.85
ORDER_000004949,CUSTOMER_000000949,2026-11-11T04:37:06,DELIVERED,581564.11
ORDER_000004950,CUSTOMER_000000950,2026-09-22T12:30:18,SHIPPED,698952.44
ORDER_000004951,CUSTOMER_000000951,2026-04-25T05:00:26,SHIPPED,272918.72
ORDER_000004952,CUSTOMER_000000952,2026-08-31T05:11:18,SHIPPED,604300.52
ORDER_000004953,CUSTOMER_000000953,2026-02-19T04:33:33,DELIVERED,451329.00
ORDER_000004954,CUSTOMER_000000954,2026-10-09T20:50:42,DELIVERED,243701.59
ORDER_000004955,CUSTOMER_000000955,2026-07-21T07:09:05,CONFIRMED,627964.03
ORDER_000004956,CUSTOMER_000000956,2026-05-30T09:46:45,CANCELLED,528487.40
ORDER_000004957,CUSTOMER_000000957,2026-03-25T15:06:51,CONFIRMED,261219.55
ORDER_000004958,CUSTOMER_000000958,2026-10-06T14:48:21,DELIVERED,358827.06
ORDER_000004959,CUSTOMER_000000959,2026-10-03T03:23:47,DELIVERED,935370.06
ORDER_000004960,CUSTOMER_000000960,2026-10-28T18:38:10,CONFIRMED,594867.48
ORDER_000004961,CUSTOMER_000000961,2026-12-15T16:23:33,CONFIRMED,864758.32
ORDER_000004962,CUSTOMER_000000962,2026-09-15T04:33:51,CONFIRMED,518804.54
ORDER_000004963,CUSTOMER_000000963,2026-11-25T05:41:47,DELIVERED,698743.16
ORDER_000004964,CUSTOMER_000000964,2026-01-18T02:48,DELIVERED,429246.60
ORDER_000004965,CUSTOMER_000000965,2026-04-24T01:01:34,DELIVERED,193994.31
ORDER_000004966,CUSTOMER_000000966,2026-10-12T13:58:24,DELIVERED,289253.94
ORDER_000004967,CUSTOMER_000000967,2026-03-06T00:32:48,DELIVERED,389719.99
ORDER_000004968,CUSTOMER_000000968,2026-10-26T20:25:09,CONFIRMED,372845.36
ORDER_000004969,CUSTOMER_000000969,2026-10-30T13:01:54,PLACED,314652.34
ORDER_000004970,CUSTOMER_000000970,2026-01-01T05:02:28,DELIVERED,205387.69
ORDER_000004971,CUSTOMER_000000971,2026-04-09T06:27:22,CANCELLED,388558.02
ORDER_000004972,CUSTOMER_000000972,2026-05-21T23:43:57,DELIVERED,499607.38
ORDER_000004973,CUSTOMER_000000973,2026-04-24T19:47:17,DELIVERED,436265.96
ORDER_000004974,CUSTOMER_000000974,2026-07-30T20:30:32,CONFIRMED,862891.45
ORDER_000004975,CUSTOMER_000000975,2026-01-27T19:21:53,DELIVERED,740845.46
ORDER_000004976,CUSTOMER_000000976,2026-02-25T21:53:55,DELIVERED,83241.96
ORDER_000004977,CUSTOMER_000000977,2026-01-02T12:26:11,DELIVERED,720507.74
ORDER_000004978,CUSTOMER_000000978,2026-08-20T05:03:14,CONFIRMED,714569.94
ORDER_000004979,CUSTOMER_000000979,2026-10-26T06:16:11,DELIVERED,233776.32
ORDER_000004980,CUSTOMER_000000980,2026-09-29T14:19:46,DELIVERED,319326.00
ORDER_000004981,CUSTOMER_000000981,2026-11-19T05:15:11,CONFIRMED,988674.05
ORDER_000004982,CUSTOMER_000000982,2026-05-24T17:00:39,DELIVERED,267568.16
ORDER_000004983,CUSTOMER_000000983,2026-03-17T23:46:23,SHIPPED,571747.77
ORDER_000004984,CUSTOMER_000000984,2026-02-21T22:19:15,CONFIRMED,390409.35
ORDER_000004985,CUSTOMER_000000985,2026-01-14T02:13:51,DELIVERED,53975.64
ORDER_000004986,CUSTOMER_000000986,2026-11-21T17:00:12,DELIVERED,467741.13
ORDER_000004987,CUSTOMER_000000987,2026-01-18T14:31:04,SHIPPED,376867.87
ORDER_000004988,CUSTOMER_000000988,2026-08-03T20:48:19,DELIVERED,678658.32
ORDER_000004989,CUSTOMER_000000989,2026-06-22T17:08:23,DELIVERED,788143.62
ORDER_000004990,CUSTOMER_000000990,2026-12-27T20:59:44,DELIVERED,591686.60
ORDER_000004991,CUSTOMER_000000991,2026-01-04T08:17:08,DELIVERED,353358.40
ORDER_000004992,CUSTOMER_000000992,2026-07-26T06:03:36,CANCELLED,461339.22
ORDER_000004993,CUSTOMER_000000993,2026-01-02T09:54:49,SHIPPED,366930.08
ORDER_000004994,CUSTOMER_000000994,2026-09-13T09:20:56,CONFIRMED,505402.04
ORDER_000004995,CUSTOMER_000000995,2026-09-13T07:30:52,DELIVERED,421377.62
ORDER_000004996,CUSTOMER_000000996,2026-12-21T17:01:11,DELIVERED,168326.07
ORDER_000004997,CUSTOMER_000000997,2026-07-16T07:06:38,DELIVERED,163604.47
ORDER_000004998,CUSTOMER_000000998,2026-03-07T20:50:57,DELIVERED,455130.89
ORDER_000004999,CUSTOMER_000000999,2026-08-25T05:40:27,PLACED,843795.56
ORDER_000005000,CUSTOMER_000001000,2026-11-14T12:28,DELIVERED,425060.68
