id,order_id,product_id,quantity,unit_price,line_amount
ORDER_000000001_ITEM_001,ORDER_000000001,PRODUCT_000000477,3,130157.67,390473.01
ORDER_000000001_ITEM_002,ORDER_000000001,PRODUCT_000000284,2,25462.80,50925.60
ORDER_000000002_ITEM_001,ORDER_000000002,PRODUCT_000000325,5,4259.98,21299.90
ORDER_000000002_ITEM_002,ORDER_000000002,PRODUCT_000000099,3,13369.90,40109.70
ORDER_000000003_ITEM_001,ORDER_000000003,PRODUCT_000000380,2,2099.88,4199.76
ORDER_000000003_ITEM_002,ORDER_000000003,PRODUCT_000000296,1,105785.14,105785.14
ORDER_000000004_ITEM_001,ORDER_000000004,PRODUCT_000000033,1,84979.83,84979.83
ORDER_000000004_ITEM_002,ORDER_000000004,PRODUCT_000000291,1,108213.93,108213.93
ORDER_000000005_ITEM_001,ORDER_000000005,PRODUCT_000000344,2,108319.93,216639.86
ORDER_000000005_ITEM_002,ORDER_000000005,PRODUCT_000000313,5,108316.97,541584.85
ORDER_000000006_ITEM_001,ORDER_000000006,PRODUCT_000000383,3,1933.39,5800.17
ORDER_000000006_ITEM_002,ORDER_000000006,PRODUCT_000000191,5,936.27,4681.35
ORDER_000000007_ITEM_001,ORDER_000000007,PRODUCT_000000276,4,6006.43,24025.72
ORDER_000000007_ITEM_002,ORDER_000000007,PRODUCT_000000415,4,77825.19,311300.76
ORDER_000000008_ITEM_001,ORDER_000000008,PRODUCT_000000250,4,74845.58,299382.32
ORDER_000000008_ITEM_002,ORDER_000000008,PRODUCT_000000190,1,1821.64,1821.64
ORDER_000000009_ITEM_001,ORDER_000000009,PRODUCT_000000093,4,17022.09,68088.36
ORDER_000000009_ITEM_002,ORDER_000000009,PRODUCT_000000182,5,906.52,4532.60
ORDER_000000010_ITEM_001,ORDER_000000010,PRODUCT_000000011,2,5081.83,10163.66
ORDER_000000010_ITEM_002,ORDER_000000010,PRODUCT_000000377,5,11772.95,58864.75
ORDER_000000011_ITEM_001,ORDER_000000011,PRODUCT_000000434,1,1900.67,1900.67
ORDER_000000011_ITEM_002,ORDER_000000011,PRODUCT_000000107,2,835.56,1671.12
ORDER_000000012_ITEM_001,ORDER_000000012,PRODUCT_000000196,2,713.24,1426.48
ORDER_000000012_ITEM_002,ORDER_000000012,PRODUCT_000000429,3,54612.57,163837.71
ORDER_000000013_ITEM_001,ORDER_000000013,PRODUCT_000000402,4,51496.58,205986.32
ORDER_000000013_ITEM_002,ORDER_000000013,PRODUCT_000000174,5,121049.76,605248.80
ORDER_000000014_ITEM_001,ORDER_000000014,PRODUCT_000000222,2,26935.38,53870.76
ORDER_000000014_ITEM_002,ORDER_000000014,PRODUCT_000000303,5,28560.91,142804.55
ORDER_000000015_ITEM_001,ORDER_000000015,PRODUCT_000000071,4,27899.72,111598.88
ORDER_000000015_ITEM_002,ORDER_000000015,PRODUCT_000000478,2,5870.96,11741.92
ORDER_000000016_ITEM_001,ORDER_000000016,PRODUCT_000000138,5,9019.79,45098.95
ORDER_000000016_ITEM_002,ORDER_000000016,PRODUCT_000000055,5,77397.64,386988.20
ORDER_000000017_ITEM_001,ORDER_000000017,PRODUCT_000000213,1,12880.62,12880.62
ORDER_000000017_ITEM_002,ORDER_000000017,PRODUCT_000000204,4,502.82,2011.28
ORDER_000000018_ITEM_001,ORDER_000000018,PRODUCT_000000447,4,5903.88,23615.52
ORDER_000000018_ITEM_002,ORDER_000000018,PRODUCT_000000028,5,22480.60,112403.00
ORDER_000000019_ITEM_001,ORDER_000000019,PRODUCT_000000022,2,3619.59,7239.18
ORDER_000000019_ITEM_002,ORDER_000000019,PRODUCT_000000178,1,11187.40,11187.40
ORDER_000000020_ITEM_001,ORDER_000000020,PRODUCT_000000141,4,11546.35,46185.40
ORDER_000000020_ITEM_002,ORDER_000000020,PRODUCT_000000206,5,338.63,1693.15
ORDER_000000021_ITEM_001,ORDER_000000021,PRODUCT_000000147,4,79052.74,316210.96
ORDER_000000021_ITEM_002,ORDER_000000021,PRODUCT_000000042,4,81949.03,327796.12
ORDER_000000022_ITEM_001,ORDER_000000022,PRODUCT_000000094,1,159079.65,159079.65
ORDER_000000022_ITEM_002,ORDER_000000022,PRODUCT_000000125,2,48262.53,96525.06
ORDER_000000023_ITEM_001,ORDER_000000023,PRODUCT_000000272,2,13222.81,26445.62
ORDER_000000023_ITEM_002,ORDER_000000023,PRODUCT_000000465,4,27686.57,110746.28
ORDER_000000024_ITEM_001,ORDER_000000024,PRODUCT_000000476,1,65466.46,65466.46
ORDER_000000024_ITEM_002,ORDER_000000024,PRODUCT_000000094,3,159079.65,477238.95
ORDER_000000025_ITEM_001,ORDER_000000025,PRODUCT_000000298,1,335.33,335.33
ORDER_000000025_ITEM_002,ORDER_000000025,PRODUCT_000000324,2,58960.31,117920.62
ORDER_000000026_ITEM_001,ORDER_000000026,PRODUCT_000000309,3,281.12,843.36
ORDER_000000026_ITEM_002,ORDER_000000026,PRODUCT_000000329,3,9319.38,27958.14
ORDER_000000027_ITEM_001,ORDER_000000027,PRODUCT_000000272,5,13222.81,66114.05
ORDER_000000027_ITEM_002,ORDER_000000027,PRODUCT_000000010,3,2629.61,7888.83
ORDER_000000028_ITEM_001,ORDER_000000028,PRODUCT_000000436,4,39362.73,157450.92
ORDER_000000028_ITEM_002,ORDER_000000028,PRODUCT_000000334,3,921.24,2763.72
ORDER_000000029_ITEM_001,ORDER_000000029,PRODUCT_000000451,5,557.23,2786.15
ORDER_000000029_ITEM_002,ORDER_000000029,PRODUCT_000000479,5,436.69,2183.45
ORDER_000000030_ITEM_001,ORDER_000000030,PRODUCT_000000240,3,8842.70,26528.10
ORDER_000000030_ITEM_002,ORDER_000000030,PRODUCT_000000185,1,30648.96,30648.96
ORDER_000000031_ITEM_001,ORDER_000000031,PRODUCT_000000370,3,3741.06,11223.18
ORDER_000000031_ITEM_002,ORDER_000000031,PRODUCT_000000033,5,84979.83,424899.15
ORDER_000000032_ITEM_001,ORDER_000000032,PRODUCT_000000473,4,10475.93,41903.72
ORDER_000000032_ITEM_002,ORDER_000000032,PRODUCT_000000385,1,2562.52,2562.52
ORDER_000000033_ITEM_001,ORDER_000000033,PRODUCT_000000057,3,181686.00,545058.00
ORDER_000000033_ITEM_002,ORDER_000000033,PRODUCT_000000324,2,58960.31,117920.62
ORDER_000000034_ITEM_001,ORDER_000000034,PRODUCT_000000068,2,603.83,1207.66
ORDER_000000034_ITEM_002,ORDER_000000034,PRODUCT_000000323,1,111157.95,111157.95
ORDER_000000035_ITEM_001,ORDER_000000035,PRODUCT_000000033,3,84979.83,254939.49
ORDER_000000035_ITEM_002,ORDER_000000035,PRODUCT_000000445,3,957.74,2873.22
ORDER_000000036_ITEM_001,ORDER_000000036,PRODUCT_000000113,2,13504.86,27009.72
ORDER_000000036_ITEM_002,ORDER_000000036,PRODUCT_000000167,2,29972.62,59945.24
ORDER_000000037_ITEM_001,ORDER_000000037,PRODUCT_000000471,3,26176.74,78530.22
ORDER_000000037_ITEM_002,ORDER_000000037,PRODUCT_000000372,4,55828.82,223315.28
ORDER_000000038_ITEM_001,ORDER_000000038,PRODUCT_000000074,4,75286.95,301147.80
ORDER_000000038_ITEM_002,ORDER_000000038,PRODUCT_000000345,2,106411.74,212823.48
ORDER_000000039_ITEM_001,ORDER_000000039,PRODUCT_000000114,4,140563.09,562252.36
ORDER_000000039_ITEM_002,ORDER_000000039,PRODUCT_000000408,3,291.08,873.24
ORDER_000000040_ITEM_001,ORDER_000000040,PRODUCT_000000435,1,66739.12,66739.12
ORDER_000000040_ITEM_002,ORDER_000000040,PRODUCT_000000047,4,13490.87,53963.48
ORDER_000000041_ITEM_001,ORDER_000000041,PRODUCT_000000040,2,21212.12,42424.24
ORDER_000000041_ITEM_002,ORDER_000000041,PRODUCT_000000346,5,90006.80,450034.00
ORDER_000000042_ITEM_001,ORDER_000000042,PRODUCT_000000400,3,50864.82,152594.46
ORDER_000000042_ITEM_002,ORDER_000000042,PRODUCT_000000164,5,63385.92,316929.60
ORDER_000000043_ITEM_001,ORDER_000000043,PRODUCT_000000415,4,77825.19,311300.76
ORDER_000000043_ITEM_002,ORDER_000000043,PRODUCT_000000285,1,59012.72,59012.72
ORDER_000000044_ITEM_001,ORDER_000000044,PRODUCT_000000025,4,1480.92,5923.68
ORDER_000000044_ITEM_002,ORDER_000000044,PRODUCT_000000342,3,63802.09,191406.27
ORDER_000000045_ITEM_001,ORDER_000000045,PRODUCT_000000117,2,186308.09,372616.18
ORDER_000000045_ITEM_002,ORDER_000000045,PRODUCT_000000135,2,19292.87,38585.74
ORDER_000000046_ITEM_001,ORDER_000000046,PRODUCT_000000330,5,732.17,3660.85
ORDER_000000046_ITEM_002,ORDER_000000046,PRODUCT_000000495,2,111322.66,222645.32
ORDER_000000047_ITEM_001,ORDER_000000047,PRODUCT_000000387,5,22127.64,110638.20
ORDER_000000047_ITEM_002,ORDER_000000047,PRODUCT_000000253,4,1399.91,5599.64
ORDER_000000048_ITEM_001,ORDER_000000048,PRODUCT_000000219,3,10831.78,32495.34
ORDER_000000048_ITEM_002,ORDER_000000048,PRODUCT_000000013,3,85341.86,256025.58
ORDER_000000049_ITEM_001,ORDER_000000049,PRODUCT_000000407,2,71009.01,142018.02
ORDER_000000049_ITEM_002,ORDER_000000049,PRODUCT_000000220,1,5722.11,5722.11
ORDER_000000050_ITEM_001,ORDER_000000050,PRODUCT_000000452,5,66502.26,332511.30
ORDER_000000050_ITEM_002,ORDER_000000050,PRODUCT_000000261,3,26099.88,78299.64
ORDER_000000051_ITEM_001,ORDER_000000051,PRODUCT_000000239,4,30240.84,120963.36
ORDER_000000051_ITEM_002,ORDER_000000051,PRODUCT_000000340,4,46977.00,187908.00
ORDER_000000052_ITEM_001,ORDER_000000052,PRODUCT_000000004,1,84297.47,84297.47
ORDER_000000052_ITEM_002,ORDER_000000052,PRODUCT_000000273,4,93376.09,373504.36
ORDER_000000053_ITEM_001,ORDER_000000053,PRODUCT_000000308,4,10454.59,41818.36
ORDER_000000053_ITEM_002,ORDER_000000053,PRODUCT_000000487,2,62096.00,124192.00
ORDER_000000054_ITEM_001,ORDER_000000054,PRODUCT_000000422,4,76372.72,305490.88
ORDER_000000054_ITEM_002,ORDER_000000054,PRODUCT_000000121,4,67658.89,270635.56
ORDER_000000055_ITEM_001,ORDER_000000055,PRODUCT_000000470,4,1763.05,7052.20
ORDER_000000055_ITEM_002,ORDER_000000055,PRODUCT_000000073,5,595.40,2977.00
ORDER_000000056_ITEM_001,ORDER_000000056,PRODUCT_000000368,5,9454.76,47273.80
ORDER_000000056_ITEM_002,ORDER_000000056,PRODUCT_000000014,2,31645.32,63290.64
ORDER_000000057_ITEM_001,ORDER_000000057,PRODUCT_000000348,4,511.50,2046.00
ORDER_000000057_ITEM_002,ORDER_000000057,PRODUCT_000000413,5,782.86,3914.30
ORDER_000000058_ITEM_001,ORDER_000000058,PRODUCT_000000074,3,75286.95,225860.85
ORDER_000000058_ITEM_002,ORDER_000000058,PRODUCT_000000024,4,2660.53,10642.12
ORDER_000000059_ITEM_001,ORDER_000000059,PRODUCT_000000309,2,281.12,562.24
ORDER_000000059_ITEM_002,ORDER_000000059,PRODUCT_000000081,5,51812.13,259060.65
ORDER_000000060_ITEM_001,ORDER_000000060,PRODUCT_000000326,2,12706.30,25412.60
ORDER_000000060_ITEM_002,ORDER_000000060,PRODUCT_000000267,3,451.33,1353.99
ORDER_000000061_ITEM_001,ORDER_000000061,PRODUCT_000000028,1,22480.60,22480.60
ORDER_000000061_ITEM_002,ORDER_000000061,PRODUCT_000000443,5,1322.46,6612.30
ORDER_000000062_ITEM_001,ORDER_000000062,PRODUCT_000000017,1,17512.73,17512.73
ORDER_000000062_ITEM_002,ORDER_000000062,PRODUCT_000000023,4,1295.31,5181.24
ORDER_000000063_ITEM_001,ORDER_000000063,PRODUCT_000000128,5,10367.22,51836.10
ORDER_000000063_ITEM_002,ORDER_000000063,PRODUCT_000000333,2,530.81,1061.62
ORDER_000000064_ITEM_001,ORDER_000000064,PRODUCT_000000365,4,1131.39,4525.56
ORDER_000000064_ITEM_002,ORDER_000000064,PRODUCT_000000072,3,7200.43,21601.29
ORDER_000000065_ITEM_001,ORDER_000000065,PRODUCT_000000155,3,37803.93,113411.79
ORDER_000000065_ITEM_002,ORDER_000000065,PRODUCT_000000344,4,108319.93,433279.72
ORDER_000000066_ITEM_001,ORDER_000000066,PRODUCT_000000337,2,3208.91,6417.82
ORDER_000000066_ITEM_002,ORDER_000000066,PRODUCT_000000205,4,3783.93,15135.72
ORDER_000000067_ITEM_001,ORDER_000000067,PRODUCT_000000354,4,8755.37,35021.48
ORDER_000000067_ITEM_002,ORDER_000000067,PRODUCT_000000398,4,5027.03,20108.12
ORDER_000000068_ITEM_001,ORDER_000000068,PRODUCT_000000392,1,38277.40,38277.40
ORDER_000000068_ITEM_002,ORDER_000000068,PRODUCT_000000071,4,27899.72,111598.88
ORDER_000000069_ITEM_001,ORDER_000000069,PRODUCT_000000463,1,1804.78,1804.78
ORDER_000000069_ITEM_002,ORDER_000000069,PRODUCT_000000006,1,78496.47,78496.47
ORDER_000000070_ITEM_001,ORDER_000000070,PRODUCT_000000081,4,51812.13,207248.52
ORDER_000000070_ITEM_002,ORDER_000000070,PRODUCT_000000409,5,20583.82,102919.10
ORDER_000000071_ITEM_001,ORDER_000000071,PRODUCT_000000090,5,727.26,3636.30
ORDER_000000071_ITEM_002,ORDER_000000071,PRODUCT_000000215,5,5520.21,27601.05
ORDER_000000072_ITEM_001,ORDER_000000072,PRODUCT_000000336,2,9981.53,19963.06
ORDER_000000072_ITEM_002,ORDER_000000072,PRODUCT_000000430,2,56850.26,113700.52
ORDER_000000073_ITEM_001,ORDER_000000073,PRODUCT_000000232,5,4022.49,20112.45
ORDER_000000073_ITEM_002,ORDER_000000073,PRODUCT_000000242,5,2669.01,13345.05
ORDER_000000074_ITEM_001,ORDER_000000074,PRODUCT_000000257,5,6078.96,30394.80
ORDER_000000074_ITEM_002,ORDER_000000074,PRODUCT_000000244,2,13044.75,26089.50
ORDER_000000075_ITEM_001,ORDER_000000075,PRODUCT_000000306,4,16336.98,65347.92
ORDER_000000075_ITEM_002,ORDER_000000075,PRODUCT_000000500,1,66111.23,66111.23
ORDER_000000076_ITEM_001,ORDER_000000076,PRODUCT_000000113,2,13504.86,27009.72
ORDER_000000076_ITEM_002,ORDER_000000076,PRODUCT_000000263,4,114743.85,458975.40
ORDER_000000077_ITEM_001,ORDER_000000077,PRODUCT_000000130,3,2919.96,8759.88
ORDER_000000077_ITEM_002,ORDER_000000077,PRODUCT_000000310,1,14175.81,14175.81
ORDER_000000078_ITEM_001,ORDER_000000078,PRODUCT_000000405,3,6190.14,18570.42
ORDER_000000078_ITEM_002,ORDER_000000078,PRODUCT_000000410,2,6005.71,12011.42
ORDER_000000079_ITEM_001,ORDER_000000079,PRODUCT_000000185,1,30648.96,30648.96
ORDER_000000079_ITEM_002,ORDER_000000079,PRODUCT_000000428,1,180920.89,180920.89
ORDER_000000080_ITEM_001,ORDER_000000080,PRODUCT_000000027,1,122387.75,122387.75
ORDER_000000080_ITEM_002,ORDER_000000080,PRODUCT_000000357,3,64399.68,193199.04
ORDER_000000081_ITEM_001,ORDER_000000081,PRODUCT_000000186,1,11204.19,11204.19
ORDER_000000081_ITEM_002,ORDER_000000081,PRODUCT_000000134,3,2948.45,8845.35
ORDER_000000082_ITEM_001,ORDER_000000082,PRODUCT_000000077,4,77023.77,308095.08
ORDER_000000082_ITEM_002,ORDER_000000082,PRODUCT_000000131,2,8366.73,16733.46
ORDER_000000083_ITEM_001,ORDER_000000083,PRODUCT_000000428,3,180920.89,542762.67
ORDER_000000083_ITEM_002,ORDER_000000083,PRODUCT_000000425,1,3973.74,3973.74
ORDER_000000084_ITEM_001,ORDER_000000084,PRODUCT_000000094,4,159079.65,636318.60
ORDER_000000084_ITEM_002,ORDER_000000084,PRODUCT_000000458,5,38414.84,192074.20
ORDER_000000085_ITEM_001,ORDER_000000085,PRODUCT_000000140,3,2815.66,8446.98
ORDER_000000085_ITEM_002,ORDER_000000085,PRODUCT_000000248,5,6350.16,31750.80
ORDER_000000086_ITEM_001,ORDER_000000086,PRODUCT_000000427,3,820.10,2460.30
ORDER_000000086_ITEM_002,ORDER_000000086,PRODUCT_000000041,4,4860.87,19443.48
ORDER_000000087_ITEM_001,ORDER_000000087,PRODUCT_000000131,4,8366.73,33466.92
ORDER_000000087_ITEM_002,ORDER_000000087,PRODUCT_000000330,2,732.17,1464.34
ORDER_000000088_ITEM_001,ORDER_000000088,PRODUCT_000000323,4,111157.95,444631.80
ORDER_000000088_ITEM_002,ORDER_000000088,PRODUCT_000000261,4,26099.88,104399.52
ORDER_000000089_ITEM_001,ORDER_000000089,PRODUCT_000000229,2,12881.53,25763.06
ORDER_000000089_ITEM_002,ORDER_000000089,PRODUCT_000000273,5,93376.09,466880.45
ORDER_000000090_ITEM_001,ORDER_000000090,PRODUCT_000000105,4,630.25,2521.00
ORDER_000000090_ITEM_002,ORDER_000000090,PRODUCT_000000316,3,7149.36,21448.08
ORDER_000000091_ITEM_001,ORDER_000000091,PRODUCT_000000255,3,52583.68,157751.04
ORDER_000000091_ITEM_002,ORDER_000000091,PRODUCT_000000013,4,85341.86,341367.44
ORDER_000000092_ITEM_001,ORDER_000000092,PRODUCT_000000263,3,114743.85,344231.55
ORDER_000000092_ITEM_002,ORDER_000000092,PRODUCT_000000011,2,5081.83,10163.66
ORDER_000000093_ITEM_001,ORDER_000000093,PRODUCT_000000337,1,3208.91,3208.91
ORDER_000000093_ITEM_002,ORDER_000000093,PRODUCT_000000232,2,4022.49,8044.98
ORDER_000000094_ITEM_001,ORDER_000000094,PRODUCT_000000354,1,8755.37,8755.37
ORDER_000000094_ITEM_002,ORDER_000000094,PRODUCT_000000102,4,81407.93,325631.72
ORDER_000000095_ITEM_001,ORDER_000000095,PRODUCT_000000492,5,1512.08,7560.40
ORDER_000000095_ITEM_002,ORDER_000000095,PRODUCT_000000186,3,11204.19,33612.57
ORDER_000000096_ITEM_001,ORDER_000000096,PRODUCT_000000137,1,2720.00,2720.00
ORDER_000000096_ITEM_002,ORDER_000000096,PRODUCT_000000462,5,87564.19,437820.95
ORDER_000000097_ITEM_001,ORDER_000000097,PRODUCT_000000459,3,5188.95,15566.85
ORDER_000000097_ITEM_002,ORDER_000000097,PRODUCT_000000098,3,82015.47,246046.41
ORDER_000000098_ITEM_001,ORDER_000000098,PRODUCT_000000307,1,8253.54,8253.54
ORDER_000000098_ITEM_002,ORDER_000000098,PRODUCT_000000163,1,21213.87,21213.87
ORDER_000000099_ITEM_001,ORDER_000000099,PRODUCT_000000336,2,9981.53,19963.06
ORDER_000000099_ITEM_002,ORDER_000000099,PRODUCT_000000094,4,159079.65,636318.60
ORDER_000000100_ITEM_001,ORDER_000000100,PRODUCT_000000261,3,26099.88,78299.64
ORDER_000000100_ITEM_002,ORDER_000000100,PRODUCT_000000190,3,1821.64,5464.92
ORDER_000000101_ITEM_001,ORDER_000000101,PRODUCT_000000001,5,47526.13,237630.65
ORDER_000000101_ITEM_002,ORDER_000000101,PRODUCT_000000079,1,20185.32,20185.32
ORDER_000000102_ITEM_001,ORDER_000000102,PRODUCT_000000311,5,6289.30,31446.50
ORDER_000000102_ITEM_002,ORDER_000000102,PRODUCT_000000086,5,8488.74,42443.70
ORDER_000000103_ITEM_001,ORDER_000000103,PRODUCT_000000490,3,5004.64,15013.92
ORDER_000000103_ITEM_002,ORDER_000000103,PRODUCT_000000269,3,396.98,1190.94
ORDER_000000104_ITEM_001,ORDER_000000104,PRODUCT_000000160,1,243.20,243.20
ORDER_000000104_ITEM_002,ORDER_000000104,PRODUCT_000000496,4,970.45,3881.80
ORDER_000000105_ITEM_001,ORDER_000000105,PRODUCT_000000178,3,11187.40,33562.20
ORDER_000000105_ITEM_002,ORDER_000000105,PRODUCT_000000249,4,33792.11,135168.44
ORDER_000000106_ITEM_001,ORDER_000000106,PRODUCT_000000072,5,7200.43,36002.15
ORDER_000000106_ITEM_002,ORDER_000000106,PRODUCT_000000087,1,55215.64,55215.64
ORDER_000000107_ITEM_001,ORDER_000000107,PRODUCT_000000034,2,3282.53,6565.06
ORDER_000000107_ITEM_002,ORDER_000000107,PRODUCT_000000376,1,1235.61,1235.61
ORDER_000000108_ITEM_001,ORDER_000000108,PRODUCT_000000355,2,2839.63,5679.26
ORDER_000000108_ITEM_002,ORDER_000000108,PRODUCT_000000253,4,1399.91,5599.64
ORDER_000000109_ITEM_001,ORDER_000000109,PRODUCT_000000279,1,1444.98,1444.98
ORDER_000000109_ITEM_002,ORDER_000000109,PRODUCT_000000039,3,399.38,1198.14
ORDER_000000110_ITEM_001,ORDER_000000110,PRODUCT_000000022,4,3619.59,14478.36
ORDER_000000110_ITEM_002,ORDER_000000110,PRODUCT_000000286,2,18315.20,36630.40
ORDER_000000111_ITEM_001,ORDER_000000111,PRODUCT_000000255,2,52583.68,105167.36
ORDER_000000111_ITEM_002,ORDER_000000111,PRODUCT_000000319,2,52057.41,104114.82
ORDER_000000112_ITEM_001,ORDER_000000112,PRODUCT_000000193,3,1656.01,4968.03
ORDER_000000112_ITEM_002,ORDER_000000112,PRODUCT_000000096,4,1255.12,5020.48
ORDER_000000113_ITEM_001,ORDER_000000113,PRODUCT_000000457,2,20677.50,41355.00
ORDER_000000113_ITEM_002,ORDER_000000113,PRODUCT_000000141,3,11546.35,34639.05
ORDER_000000114_ITEM_001,ORDER_000000114,PRODUCT_000000189,5,2291.77,11458.85
ORDER_000000114_ITEM_002,ORDER_000000114,PRODUCT_000000130,4,2919.96,11679.84
ORDER_000000115_ITEM_001,ORDER_000000115,PRODUCT_000000285,2,59012.72,118025.44
ORDER_000000115_ITEM_002,ORDER_000000115,PRODUCT_000000072,1,7200.43,7200.43
ORDER_000000116_ITEM_001,ORDER_000000116,PRODUCT_000000236,4,1537.45,6149.80
ORDER_000000116_ITEM_002,ORDER_000000116,PRODUCT_000000312,4,508.37,2033.48
ORDER_000000117_ITEM_001,ORDER_000000117,PRODUCT_000000008,5,113431.81,567159.05
ORDER_000000117_ITEM_002,ORDER_000000117,PRODUCT_000000080,2,8444.99,16889.98
ORDER_000000118_ITEM_001,ORDER_000000118,PRODUCT_000000130,4,2919.96,11679.84
ORDER_000000118_ITEM_002,ORDER_000000118,PRODUCT_000000034,5,3282.53,16412.65
ORDER_000000119_ITEM_001,ORDER_000000119,PRODUCT_000000107,1,835.56,835.56
ORDER_000000119_ITEM_002,ORDER_000000119,PRODUCT_000000117,1,186308.09,186308.09
ORDER_000000120_ITEM_001,ORDER_000000120,PRODUCT_000000135,3,19292.87,57878.61
ORDER_000000120_ITEM_002,ORDER_000000120,PRODUCT_000000338,4,17766.86,71067.44
ORDER_000000121_ITEM_001,ORDER_000000121,PRODUCT_000000219,1,10831.78,10831.78
ORDER_000000121_ITEM_002,ORDER_000000121,PRODUCT_000000114,5,140563.09,702815.45
ORDER_000000122_ITEM_001,ORDER_000000122,PRODUCT_000000064,2,174728.07,349456.14
ORDER_000000122_ITEM_002,ORDER_000000122,PRODUCT_000000284,3,25462.80,76388.40
ORDER_000000123_ITEM_001,ORDER_000000123,PRODUCT_000000017,5,17512.73,87563.65
ORDER_000000123_ITEM_002,ORDER_000000123,PRODUCT_000000370,4,3741.06,14964.24
ORDER_000000124_ITEM_001,ORDER_000000124,PRODUCT_000000405,3,6190.14,18570.42
ORDER_000000124_ITEM_002,ORDER_000000124,PRODUCT_000000113,4,13504.86,54019.44
ORDER_000000125_ITEM_001,ORDER_000000125,PRODUCT_000000338,2,17766.86,35533.72
ORDER_000000125_ITEM_002,ORDER_000000125,PRODUCT_000000375,1,2168.98,2168.98
ORDER_000000126_ITEM_001,ORDER_000000126,PRODUCT_000000335,2,7748.73,15497.46
ORDER_000000126_ITEM_002,ORDER_000000126,PRODUCT_000000436,2,39362.73,78725.46
ORDER_000000127_ITEM_001,ORDER_000000127,PRODUCT_000000113,1,13504.86,13504.86
ORDER_000000127_ITEM_002,ORDER_000000127,PRODUCT_000000330,1,732.17,732.17
ORDER_000000128_ITEM_001,ORDER_000000128,PRODUCT_000000285,2,59012.72,118025.44
ORDER_000000128_ITEM_002,ORDER_000000128,PRODUCT_000000325,2,4259.98,8519.96
ORDER_000000129_ITEM_001,ORDER_000000129,PRODUCT_000000162,5,12519.41,62597.05
ORDER_000000129_ITEM_002,ORDER_000000129,PRODUCT_000000198,4,53251.57,213006.28
ORDER_000000130_ITEM_001,ORDER_000000130,PRODUCT_000000495,4,111322.66,445290.64
ORDER_000000130_ITEM_002,ORDER_000000130,PRODUCT_000000460,4,49238.06,196952.24
ORDER_000000131_ITEM_001,ORDER_000000131,PRODUCT_000000099,3,13369.90,40109.70
ORDER_000000131_ITEM_002,ORDER_000000131,PRODUCT_000000240,5,8842.70,44213.50
ORDER_000000132_ITEM_001,ORDER_000000132,PRODUCT_000000180,1,131161.69,131161.69
ORDER_000000132_ITEM_002,ORDER_000000132,PRODUCT_000000444,2,3373.26,6746.52
ORDER_000000133_ITEM_001,ORDER_000000133,PRODUCT_000000058,1,20181.60,20181.60
ORDER_000000133_ITEM_002,ORDER_000000133,PRODUCT_000000156,4,17875.07,71500.28
ORDER_000000134_ITEM_001,ORDER_000000134,PRODUCT_000000378,3,253.91,761.73
ORDER_000000134_ITEM_002,ORDER_000000134,PRODUCT_000000456,2,5850.98,11701.96
ORDER_000000135_ITEM_001,ORDER_000000135,PRODUCT_000000159,3,40197.32,120591.96
ORDER_000000135_ITEM_002,ORDER_000000135,PRODUCT_000000296,2,105785.14,211570.28
ORDER_000000136_ITEM_001,ORDER_000000136,PRODUCT_000000379,3,788.70,2366.10
ORDER_000000136_ITEM_002,ORDER_000000136,PRODUCT_000000415,2,77825.19,155650.38
ORDER_000000137_ITEM_001,ORDER_000000137,PRODUCT_000000130,3,2919.96,8759.88
ORDER_000000137_ITEM_002,ORDER_000000137,PRODUCT_000000279,5,1444.98,7224.90
ORDER_000000138_ITEM_001,ORDER_000000138,PRODUCT_000000369,4,1041.90,4167.60
ORDER_000000138_ITEM_002,ORDER_000000138,PRODUCT_000000174,3,121049.76,363149.28
ORDER_000000139_ITEM_001,ORDER_000000139,PRODUCT_000000263,4,114743.85,458975.40
ORDER_000000139_ITEM_002,ORDER_000000139,PRODUCT_000000326,4,12706.30,50825.20
ORDER_000000140_ITEM_001,ORDER_000000140,PRODUCT_000000165,2,91589.22,183178.44
ORDER_000000140_ITEM_002,ORDER_000000140,PRODUCT_000000189,2,2291.77,4583.54
ORDER_000000141_ITEM_001,ORDER_000000141,PRODUCT_000000451,4,557.23,2228.92
ORDER_000000141_ITEM_002,ORDER_000000141,PRODUCT_000000082,5,904.37,4521.85
ORDER_000000142_ITEM_001,ORDER_000000142,PRODUCT_000000191,4,936.27,3745.08
ORDER_000000142_ITEM_002,ORDER_000000142,PRODUCT_000000191,5,936.27,4681.35
ORDER_000000143_ITEM_001,ORDER_000000143,PRODUCT_000000023,3,1295.31,3885.93
ORDER_000000143_ITEM_002,ORDER_000000143,PRODUCT_000000117,5,186308.09,931540.45
ORDER_000000144_ITEM_001,ORDER_000000144,PRODUCT_000000430,2,56850.26,113700.52
ORDER_000000144_ITEM_002,ORDER_000000144,PRODUCT_000000347,4,424.29,1697.16
ORDER_000000145_ITEM_001,ORDER_000000145,PRODUCT_000000301,4,3608.69,14434.76
ORDER_000000145_ITEM_002,ORDER_000000145,PRODUCT_000000172,3,4761.64,14284.92
ORDER_000000146_ITEM_001,ORDER_000000146,PRODUCT_000000347,3,424.29,1272.87
ORDER_000000146_ITEM_002,ORDER_000000146,PRODUCT_000000321,2,11193.14,22386.28
ORDER_000000147_ITEM_001,ORDER_000000147,PRODUCT_000000150,5,97514.34,487571.70
ORDER_000000147_ITEM_002,ORDER_000000147,PRODUCT_000000500,3,66111.23,198333.69
ORDER_000000148_ITEM_001,ORDER_000000148,PRODUCT_000000123,1,18655.96,18655.96
ORDER_000000148_ITEM_002,ORDER_000000148,PRODUCT_000000465,4,27686.57,110746.28
ORDER_000000149_ITEM_001,ORDER_000000149,PRODUCT_000000094,5,159079.65,795398.25
ORDER_000000149_ITEM_002,ORDER_000000149,PRODUCT_000000237,1,40793.49,40793.49
ORDER_000000150_ITEM_001,ORDER_000000150,PRODUCT_000000091,5,85829.09,429145.45
ORDER_000000150_ITEM_002,ORDER_000000150,PRODUCT_000000336,3,9981.53,29944.59
ORDER_000000151_ITEM_001,ORDER_000000151,PRODUCT_000000300,4,3971.91,15887.64
ORDER_000000151_ITEM_002,ORDER_000000151,PRODUCT_000000274,1,145414.87,145414.87
ORDER_000000152_ITEM_001,ORDER_000000152,PRODUCT_000000273,1,93376.09,93376.09
ORDER_000000152_ITEM_002,ORDER_000000152,PRODUCT_000000488,5,7299.35,36496.75
ORDER_000000153_ITEM_001,ORDER_000000153,PRODUCT_000000176,5,498.75,2493.75
ORDER_000000153_ITEM_002,ORDER_000000153,PRODUCT_000000255,1,52583.68,52583.68
ORDER_000000154_ITEM_001,ORDER_000000154,PRODUCT_000000268,1,230.02,230.02
ORDER_000000154_ITEM_002,ORDER_000000154,PRODUCT_000000056,2,1746.83,3493.66
ORDER_000000155_ITEM_001,ORDER_000000155,PRODUCT_000000108,5,3286.97,16434.85
ORDER_000000155_ITEM_002,ORDER_000000155,PRODUCT_000000316,5,7149.36,35746.80
ORDER_000000156_ITEM_001,ORDER_000000156,PRODUCT_000000171,4,212543.08,850172.32
ORDER_000000156_ITEM_002,ORDER_000000156,PRODUCT_000000448,5,30757.35,153786.75
ORDER_000000157_ITEM_001,ORDER_000000157,PRODUCT_000000491,2,116914.83,233829.66
ORDER_000000157_ITEM_002,ORDER_000000157,PRODUCT_000000162,1,12519.41,12519.41
ORDER_000000158_ITEM_001,ORDER_000000158,PRODUCT_000000431,4,28619.97,114479.88
ORDER_000000158_ITEM_002,ORDER_000000158,PRODUCT_000000401,1,1258.44,1258.44
ORDER_000000159_ITEM_001,ORDER_000000159,PRODUCT_000000140,2,2815.66,5631.32
ORDER_000000159_ITEM_002,ORDER_000000159,PRODUCT_000000399,2,1168.76,2337.52
ORDER_000000160_ITEM_001,ORDER_000000160,PRODUCT_000000042,2,81949.03,163898.06
ORDER_000000160_ITEM_002,ORDER_000000160,PRODUCT_000000317,4,5032.06,20128.24
ORDER_000000161_ITEM_001,ORDER_000000161,PRODUCT_000000406,2,130798.44,261596.88
ORDER_000000161_ITEM_002,ORDER_000000161,PRODUCT_000000429,2,54612.57,109225.14
ORDER_000000162_ITEM_001,ORDER_000000162,PRODUCT_000000265,1,7416.00,7416.00
ORDER_000000162_ITEM_002,ORDER_000000162,PRODUCT_000000078,3,99659.01,298977.03
ORDER_000000163_ITEM_001,ORDER_000000163,PRODUCT_000000358,5,459.97,2299.85
ORDER_000000163_ITEM_002,ORDER_000000163,PRODUCT_000000286,4,18315.20,73260.80
ORDER_000000164_ITEM_001,ORDER_000000164,PRODUCT_000000426,4,14178.77,56715.08
ORDER_000000164_ITEM_002,ORDER_000000164,PRODUCT_000000083,3,68919.06,206757.18
ORDER_000000165_ITEM_001,ORDER_000000165,PRODUCT_000000291,2,108213.93,216427.86
ORDER_000000165_ITEM_002,ORDER_000000165,PRODUCT_000000098,1,82015.47,82015.47
ORDER_000000166_ITEM_001,ORDER_000000166,PRODUCT_000000053,2,120555.53,241111.06
ORDER_000000166_ITEM_002,ORDER_000000166,PRODUCT_000000056,1,1746.83,1746.83
ORDER_000000167_ITEM_001,ORDER_000000167,PRODUCT_000000296,3,105785.14,317355.42
ORDER_000000167_ITEM_002,ORDER_000000167,PRODUCT_000000306,1,16336.98,16336.98
ORDER_000000168_ITEM_001,ORDER_000000168,PRODUCT_000000500,4,66111.23,264444.92
ORDER_000000168_ITEM_002,ORDER_000000168,PRODUCT_000000320,2,1644.19,3288.38
ORDER_000000169_ITEM_001,ORDER_000000169,PRODUCT_000000475,2,60287.81,120575.62
ORDER_000000169_ITEM_002,ORDER_000000169,PRODUCT_000000147,3,79052.74,237158.22
ORDER_000000170_ITEM_001,ORDER_000000170,PRODUCT_000000068,2,603.83,1207.66
ORDER_000000170_ITEM_002,ORDER_000000170,PRODUCT_000000294,3,98126.54,294379.62
ORDER_000000171_ITEM_001,ORDER_000000171,PRODUCT_000000158,4,21685.09,86740.36
ORDER_000000171_ITEM_002,ORDER_000000171,PRODUCT_000000010,4,2629.61,10518.44
ORDER_000000172_ITEM_001,ORDER_000000172,PRODUCT_000000298,2,335.33,670.66
ORDER_000000172_ITEM_002,ORDER_000000172,PRODUCT_000000242,2,2669.01,5338.02
ORDER_000000173_ITEM_001,ORDER_000000173,PRODUCT_000000498,3,2542.71,7628.13
ORDER_000000173_ITEM_002,ORDER_000000173,PRODUCT_000000076,5,2000.71,10003.55
ORDER_000000174_ITEM_001,ORDER_000000174,PRODUCT_000000226,1,2585.73,2585.73
ORDER_000000174_ITEM_002,ORDER_000000174,PRODUCT_000000406,1,130798.44,130798.44
ORDER_000000175_ITEM_001,ORDER_000000175,PRODUCT_000000092,5,38553.85,192769.25
ORDER_000000175_ITEM_002,ORDER_000000175,PRODUCT_000000163,4,21213.87,84855.48
ORDER_000000176_ITEM_001,ORDER_000000176,PRODUCT_000000397,4,2067.45,8269.80
ORDER_000000176_ITEM_002,ORDER_000000176,PRODUCT_000000136,5,50895.01,254475.05
ORDER_000000177_ITEM_001,ORDER_000000177,PRODUCT_000000082,4,904.37,3617.48
ORDER_000000177_ITEM_002,ORDER_000000177,PRODUCT_000000291,1,108213.93,108213.93
ORDER_000000178_ITEM_001,ORDER_000000178,PRODUCT_000000191,3,936.27,2808.81
ORDER_000000178_ITEM_002,ORDER_000000178,PRODUCT_000000320,3,1644.19,4932.57
ORDER_000000179_ITEM_001,ORDER_000000179,PRODUCT_000000084,1,69985.17,69985.17
ORDER_000000179_ITEM_002,ORDER_000000179,PRODUCT_000000201,5,92050.96,460254.80
ORDER_000000180_ITEM_001,ORDER_000000180,PRODUCT_000000064,3,174728.07,524184.21
ORDER_000000180_ITEM_002,ORDER_000000180,PRODUCT_000000374,2,194612.79,389225.58
ORDER_000000181_ITEM_001,ORDER_000000181,PRODUCT_000000451,1,557.23,557.23
ORDER_000000181_ITEM_002,ORDER_000000181,PRODUCT_000000204,5,502.82,2514.10
ORDER_000000182_ITEM_001,ORDER_000000182,PRODUCT_000000188,2,35973.47,71946.94
ORDER_000000182_ITEM_002,ORDER_000000182,PRODUCT_000000140,1,2815.66,2815.66
ORDER_000000183_ITEM_001,ORDER_000000183,PRODUCT_000000361,4,2902.94,11611.76
ORDER_000000183_ITEM_002,ORDER_000000183,PRODUCT_000000339,3,14282.13,42846.39
ORDER_000000184_ITEM_001,ORDER_000000184,PRODUCT_000000254,3,208122.29,624366.87
ORDER_000000184_ITEM_002,ORDER_000000184,PRODUCT_000000487,4,62096.00,248384.00
ORDER_000000185_ITEM_001,ORDER_000000185,PRODUCT_000000367,3,84997.19,254991.57
ORDER_000000185_ITEM_002,ORDER_000000185,PRODUCT_000000304,4,12926.90,51707.60
ORDER_000000186_ITEM_001,ORDER_000000186,PRODUCT_000000160,5,243.20,1216.00
ORDER_000000186_ITEM_002,ORDER_000000186,PRODUCT_000000481,5,242.93,1214.65
ORDER_000000187_ITEM_001,ORDER_000000187,PRODUCT_000000230,5,104957.16,524785.80
ORDER_000000187_ITEM_002,ORDER_000000187,PRODUCT_000000344,3,108319.93,324959.79
ORDER_000000188_ITEM_001,ORDER_000000188,PRODUCT_000000111,1,5144.89,5144.89
ORDER_000000188_ITEM_002,ORDER_000000188,PRODUCT_000000044,1,24208.61,24208.61
ORDER_000000189_ITEM_001,ORDER_000000189,PRODUCT_000000406,2,130798.44,261596.88
ORDER_000000189_ITEM_002,ORDER_000000189,PRODUCT_000000187,4,1398.69,5594.76
ORDER_000000190_ITEM_001,ORDER_000000190,PRODUCT_000000093,1,17022.09,17022.09
ORDER_000000190_ITEM_002,ORDER_000000190,PRODUCT_000000011,4,5081.83,20327.32
ORDER_000000191_ITEM_001,ORDER_000000191,PRODUCT_000000328,2,95553.61,191107.22
ORDER_000000191_ITEM_002,ORDER_000000191,PRODUCT_000000487,5,62096.00,310480.00
ORDER_000000192_ITEM_001,ORDER_000000192,PRODUCT_000000285,2,59012.72,118025.44
ORDER_000000192_ITEM_002,ORDER_000000192,PRODUCT_000000366,4,11041.34,44165.36
ORDER_000000193_ITEM_001,ORDER_000000193,PRODUCT_000000023,1,1295.31,1295.31
ORDER_000000193_ITEM_002,ORDER_000000193,PRODUCT_000000481,2,242.93,485.86
ORDER_000000194_ITEM_001,ORDER_000000194,PRODUCT_000000383,2,1933.39,3866.78
ORDER_000000194_ITEM_002,ORDER_000000194,PRODUCT_000000356,4,53340.70,213362.80
ORDER_000000195_ITEM_001,ORDER_000000195,PRODUCT_000000262,1,34449.06,34449.06
ORDER_000000195_ITEM_002,ORDER_000000195,PRODUCT_000000042,5,81949.03,409745.15
ORDER_000000196_ITEM_001,ORDER_000000196,PRODUCT_000000005,4,3906.48,15625.92
ORDER_000000196_ITEM_002,ORDER_000000196,PRODUCT_000000472,4,2444.82,9779.28
ORDER_000000197_ITEM_001,ORDER_000000197,PRODUCT_000000219,2,10831.78,21663.56
ORDER_000000197_ITEM_002,ORDER_000000197,PRODUCT_000000014,4,31645.32,126581.28
ORDER_000000198_ITEM_001,ORDER_000000198,PRODUCT_000000385,3,2562.52,7687.56
ORDER_000000198_ITEM_002,ORDER_000000198,PRODUCT_000000162,2,12519.41,25038.82
ORDER_000000199_ITEM_001,ORDER_000000199,PRODUCT_000000171,1,212543.08,212543.08
ORDER_000000199_ITEM_002,ORDER_000000199,PRODUCT_000000260,5,2417.05,12085.25
ORDER_000000200_ITEM_001,ORDER_000000200,PRODUCT_000000473,3,10475.93,31427.79
ORDER_000000200_ITEM_002,ORDER_000000200,PRODUCT_000000446,4,2878.87,11515.48
ORDER_000000201_ITEM_001,ORDER_000000201,PRODUCT_000000371,4,7881.87,31527.48
ORDER_000000201_ITEM_002,ORDER_000000201,PRODUCT_000000338,2,17766.86,35533.72
ORDER_000000202_ITEM_001,ORDER_000000202,PRODUCT_000000488,5,7299.35,36496.75
ORDER_000000202_ITEM_002,ORDER_000000202,PRODUCT_000000022,3,3619.59,10858.77
ORDER_000000203_ITEM_001,ORDER_000000203,PRODUCT_000000326,2,12706.30,25412.60
ORDER_000000203_ITEM_002,ORDER_000000203,PRODUCT_000000003,1,166254.56,166254.56
ORDER_000000204_ITEM_001,ORDER_000000204,PRODUCT_000000131,3,8366.73,25100.19
ORDER_000000204_ITEM_002,ORDER_000000204,PRODUCT_000000470,2,1763.05,3526.10
ORDER_000000205_ITEM_001,ORDER_000000205,PRODUCT_000000340,3,46977.00,140931.00
ORDER_000000205_ITEM_002,ORDER_000000205,PRODUCT_000000428,4,180920.89,723683.56
ORDER_000000206_ITEM_001,ORDER_000000206,PRODUCT_000000376,3,1235.61,3706.83
ORDER_000000206_ITEM_002,ORDER_000000206,PRODUCT_000000322,1,6422.03,6422.03
ORDER_000000207_ITEM_001,ORDER_000000207,PRODUCT_000000113,1,13504.86,13504.86
ORDER_000000207_ITEM_002,ORDER_000000207,PRODUCT_000000271,1,7343.39,7343.39
ORDER_000000208_ITEM_001,ORDER_000000208,PRODUCT_000000446,1,2878.87,2878.87
ORDER_000000208_ITEM_002,ORDER_000000208,PRODUCT_000000487,5,62096.00,310480.00
ORDER_000000209_ITEM_001,ORDER_000000209,PRODUCT_000000249,5,33792.11,168960.55
ORDER_000000209_ITEM_002,ORDER_000000209,PRODUCT_000000166,1,6151.35,6151.35
ORDER_000000210_ITEM_001,ORDER_000000210,PRODUCT_000000308,2,10454.59,20909.18
ORDER_000000210_ITEM_002,ORDER_000000210,PRODUCT_000000107,3,835.56,2506.68
ORDER_000000211_ITEM_001,ORDER_000000211,PRODUCT_000000162,3,12519.41,37558.23
ORDER_000000211_ITEM_002,ORDER_000000211,PRODUCT_000000222,3,26935.38,80806.14
ORDER_000000212_ITEM_001,ORDER_000000212,PRODUCT_000000006,3,78496.47,235489.41
ORDER_000000212_ITEM_002,ORDER_000000212,PRODUCT_000000413,5,782.86,3914.30
ORDER_000000213_ITEM_001,ORDER_000000213,PRODUCT_000000198,5,53251.57,266257.85
ORDER_000000213_ITEM_002,ORDER_000000213,PRODUCT_000000268,2,230.02,460.04
ORDER_000000214_ITEM_001,ORDER_000000214,PRODUCT_000000050,3,191762.22,575286.66
ORDER_000000214_ITEM_002,ORDER_000000214,PRODUCT_000000295,4,38276.02,153104.08
ORDER_000000215_ITEM_001,ORDER_000000215,PRODUCT_000000376,1,1235.61,1235.61
ORDER_000000215_ITEM_002,ORDER_000000215,PRODUCT_000000224,3,89554.05,268662.15
ORDER_000000216_ITEM_001,ORDER_000000216,PRODUCT_000000064,1,174728.07,174728.07
ORDER_000000216_ITEM_002,ORDER_000000216,PRODUCT_000000216,3,189337.30,568011.90
ORDER_000000217_ITEM_001,ORDER_000000217,PRODUCT_000000102,4,81407.93,325631.72
ORDER_000000217_ITEM_002,ORDER_000000217,PRODUCT_000000074,5,75286.95,376434.75
ORDER_000000218_ITEM_001,ORDER_000000218,PRODUCT_000000272,4,13222.81,52891.24
ORDER_000000218_ITEM_002,ORDER_000000218,PRODUCT_000000358,4,459.97,1839.88
ORDER_000000219_ITEM_001,ORDER_000000219,PRODUCT_000000345,5,106411.74,532058.70
ORDER_000000219_ITEM_002,ORDER_000000219,PRODUCT_000000079,1,20185.32,20185.32
ORDER_000000220_ITEM_001,ORDER_000000220,PRODUCT_000000318,3,11683.06,35049.18
ORDER_000000220_ITEM_002,ORDER_000000220,PRODUCT_000000351,3,186960.69,560882.07
ORDER_000000221_ITEM_001,ORDER_000000221,PRODUCT_000000429,2,54612.57,109225.14
ORDER_000000221_ITEM_002,ORDER_000000221,PRODUCT_000000178,3,11187.40,33562.20
ORDER_000000222_ITEM_001,ORDER_000000222,PRODUCT_000000450,1,137048.55,137048.55
ORDER_000000222_ITEM_002,ORDER_000000222,PRODUCT_000000135,4,19292.87,77171.48
ORDER_000000223_ITEM_001,ORDER_000000223,PRODUCT_000000157,4,1512.91,6051.64
ORDER_000000223_ITEM_002,ORDER_000000223,PRODUCT_000000362,1,311.22,311.22
ORDER_000000224_ITEM_001,ORDER_000000224,PRODUCT_000000181,5,1727.48,8637.40
ORDER_000000224_ITEM_002,ORDER_000000224,PRODUCT_000000182,1,906.52,906.52
ORDER_000000225_ITEM_001,ORDER_000000225,PRODUCT_000000457,3,20677.50,62032.50
ORDER_000000225_ITEM_002,ORDER_000000225,PRODUCT_000000147,2,79052.74,158105.48
ORDER_000000226_ITEM_001,ORDER_000000226,PRODUCT_000000214,5,37438.96,187194.80
ORDER_000000226_ITEM_002,ORDER_000000226,PRODUCT_000000341,4,80395.16,321580.64
ORDER_000000227_ITEM_001,ORDER_000000227,PRODUCT_000000255,1,52583.68,52583.68
ORDER_000000227_ITEM_002,ORDER_000000227,PRODUCT_000000001,5,47526.13,237630.65
ORDER_000000228_ITEM_001,ORDER_000000228,PRODUCT_000000462,2,87564.19,175128.38
ORDER_000000228_ITEM_002,ORDER_000000228,PRODUCT_000000335,2,7748.73,15497.46
ORDER_000000229_ITEM_001,ORDER_000000229,PRODUCT_000000140,5,2815.66,14078.30
ORDER_000000229_ITEM_002,ORDER_000000229,PRODUCT_000000374,5,194612.79,973063.95
ORDER_000000230_ITEM_001,ORDER_000000230,PRODUCT_000000343,5,62824.31,314121.55
ORDER_000000230_ITEM_002,ORDER_000000230,PRODUCT_000000179,5,16969.41,84847.05
ORDER_000000231_ITEM_001,ORDER_000000231,PRODUCT_000000448,3,30757.35,92272.05
ORDER_000000231_ITEM_002,ORDER_000000231,PRODUCT_000000028,4,22480.60,89922.40
ORDER_000000232_ITEM_001,ORDER_000000232,PRODUCT_000000337,5,3208.91,16044.55
ORDER_000000232_ITEM_002,ORDER_000000232,PRODUCT_000000493,4,1452.96,5811.84
ORDER_000000233_ITEM_001,ORDER_000000233,PRODUCT_000000391,1,21049.94,21049.94
ORDER_000000233_ITEM_002,ORDER_000000233,PRODUCT_000000216,4,189337.30,757349.20
ORDER_000000234_ITEM_001,ORDER_000000234,PRODUCT_000000249,5,33792.11,168960.55
ORDER_000000234_ITEM_002,ORDER_000000234,PRODUCT_000000089,3,7426.76,22280.28
ORDER_000000235_ITEM_001,ORDER_000000235,PRODUCT_000000042,2,81949.03,163898.06
ORDER_000000235_ITEM_002,ORDER_000000235,PRODUCT_000000316,4,7149.36,28597.44
ORDER_000000236_ITEM_001,ORDER_000000236,PRODUCT_000000318,2,11683.06,23366.12
ORDER_000000236_ITEM_002,ORDER_000000236,PRODUCT_000000147,5,79052.74,395263.70
ORDER_000000237_ITEM_001,ORDER_000000237,PRODUCT_000000112,5,20260.19,101300.95
ORDER_000000237_ITEM_002,ORDER_000000237,PRODUCT_000000283,2,4001.25,8002.50
ORDER_000000238_ITEM_001,ORDER_000000238,PRODUCT_000000218,1,7029.23,7029.23
ORDER_000000238_ITEM_002,ORDER_000000238,PRODUCT_000000175,3,40112.08,120336.24
ORDER_000000239_ITEM_001,ORDER_000000239,PRODUCT_000000352,2,17207.18,34414.36
ORDER_000000239_ITEM_002,ORDER_000000239,PRODUCT_000000209,3,4970.11,14910.33
ORDER_000000240_ITEM_001,ORDER_000000240,PRODUCT_000000348,4,511.50,2046.00
ORDER_000000240_ITEM_002,ORDER_000000240,PRODUCT_000000396,2,32148.93,64297.86
ORDER_000000241_ITEM_001,ORDER_000000241,PRODUCT_000000119,3,10653.04,31959.12
ORDER_000000241_ITEM_002,ORDER_000000241,PRODUCT_000000011,3,5081.83,15245.49
ORDER_000000242_ITEM_001,ORDER_000000242,PRODUCT_000000423,4,2075.71,8302.84
ORDER_000000242_ITEM_002,ORDER_000000242,PRODUCT_000000035,5,6152.71,30763.55
ORDER_000000243_ITEM_001,ORDER_000000243,PRODUCT_000000381,1,80434.33,80434.33
ORDER_000000243_ITEM_002,ORDER_000000243,PRODUCT_000000454,5,1504.58,7522.90
ORDER_000000244_ITEM_001,ORDER_000000244,PRODUCT_000000045,2,35447.12,70894.24
ORDER_000000244_ITEM_002,ORDER_000000244,PRODUCT_000000286,4,18315.20,73260.80
ORDER_000000245_ITEM_001,ORDER_000000245,PRODUCT_000000218,4,7029.23,28116.92
ORDER_000000245_ITEM_002,ORDER_000000245,PRODUCT_000000054,1,1153.40,1153.40
ORDER_000000246_ITEM_001,ORDER_000000246,PRODUCT_000000218,5,7029.23,35146.15
ORDER_000000246_ITEM_002,ORDER_000000246,PRODUCT_000000235,3,10340.23,31020.69
ORDER_000000247_ITEM_001,ORDER_000000247,PRODUCT_000000017,1,17512.73,17512.73
ORDER_000000247_ITEM_002,ORDER_000000247,PRODUCT_000000413,2,782.86,1565.72
ORDER_000000248_ITEM_001,ORDER_000000248,PRODUCT_000000332,2,1477.19,2954.38
ORDER_000000248_ITEM_002,ORDER_000000248,PRODUCT_000000073,1,595.40,595.40
ORDER_000000249_ITEM_001,ORDER_000000249,PRODUCT_000000479,1,436.69,436.69
ORDER_000000249_ITEM_002,ORDER_000000249,PRODUCT_000000162,1,12519.41,12519.41
ORDER_000000250_ITEM_001,ORDER_000000250,PRODUCT_000000295,5,38276.02,191380.10
ORDER_000000250_ITEM_002,ORDER_000000250,PRODUCT_000000227,5,51780.80,258904.00
ORDER_000000251_ITEM_001,ORDER_000000251,PRODUCT_000000037,4,28745.87,114983.48
ORDER_000000251_ITEM_002,ORDER_000000251,PRODUCT_000000403,2,1868.76,3737.52
ORDER_000000252_ITEM_001,ORDER_000000252,PRODUCT_000000402,5,51496.58,257482.90
ORDER_000000252_ITEM_002,ORDER_000000252,PRODUCT_000000086,4,8488.74,33954.96
ORDER_000000253_ITEM_001,ORDER_000000253,PRODUCT_000000272,4,13222.81,52891.24
ORDER_000000253_ITEM_002,ORDER_000000253,PRODUCT_000000006,4,78496.47,313985.88
ORDER_000000254_ITEM_001,ORDER_000000254,PRODUCT_000000062,1,5183.35,5183.35
ORDER_000000254_ITEM_002,ORDER_000000254,PRODUCT_000000265,4,7416.00,29664.00
ORDER_000000255_ITEM_001,ORDER_000000255,PRODUCT_000000454,3,1504.58,4513.74
ORDER_000000255_ITEM_002,ORDER_000000255,PRODUCT_000000210,4,961.15,3844.60
ORDER_000000256_ITEM_001,ORDER_000000256,PRODUCT_000000162,3,12519.41,37558.23
ORDER_000000256_ITEM_002,ORDER_000000256,PRODUCT_000000353,4,761.53,3046.12
ORDER_000000257_ITEM_001,ORDER_000000257,PRODUCT_000000410,5,6005.71,30028.55
ORDER_000000257_ITEM_002,ORDER_000000257,PRODUCT_000000236,1,1537.45,1537.45
ORDER_000000258_ITEM_001,ORDER_000000258,PRODUCT_000000112,5,20260.19,101300.95
ORDER_000000258_ITEM_002,ORDER_000000258,PRODUCT_000000370,4,3741.06,14964.24
ORDER_000000259_ITEM_001,ORDER_000000259,PRODUCT_000000354,4,8755.37,35021.48
ORDER_000000259_ITEM_002,ORDER_000000259,PRODUCT_000000215,3,5520.21,16560.63
ORDER_000000260_ITEM_001,ORDER_000000260,PRODUCT_000000464,2,46076.82,92153.64
ORDER_000000260_ITEM_002,ORDER_000000260,PRODUCT_000000327,2,10245.94,20491.88
ORDER_000000261_ITEM_001,ORDER_000000261,PRODUCT_000000318,1,11683.06,11683.06
ORDER_000000261_ITEM_002,ORDER_000000261,PRODUCT_000000304,5,12926.90,64634.50
ORDER_000000262_ITEM_001,ORDER_000000262,PRODUCT_000000230,4,104957.16,419828.64
ORDER_000000262_ITEM_002,ORDER_000000262,PRODUCT_000000406,2,130798.44,261596.88
ORDER_000000263_ITEM_001,ORDER_000000263,PRODUCT_000000459,5,5188.95,25944.75
ORDER_000000263_ITEM_002,ORDER_000000263,PRODUCT_000000325,3,4259.98,12779.94
ORDER_000000264_ITEM_001,ORDER_000000264,PRODUCT_000000213,3,12880.62,38641.86
ORDER_000000264_ITEM_002,ORDER_000000264,PRODUCT_000000221,4,4631.09,18524.36
ORDER_000000265_ITEM_001,ORDER_000000265,PRODUCT_000000002,5,64148.53,320742.65
ORDER_000000265_ITEM_002,ORDER_000000265,PRODUCT_000000194,3,2124.84,6374.52
ORDER_000000266_ITEM_001,ORDER_000000266,PRODUCT_000000213,2,12880.62,25761.24
ORDER_000000266_ITEM_002,ORDER_000000266,PRODUCT_000000119,4,10653.04,42612.16
ORDER_000000267_ITEM_001,ORDER_000000267,PRODUCT_000000377,3,11772.95,35318.85
ORDER_000000267_ITEM_002,ORDER_000000267,PRODUCT_000000032,3,916.80,2750.40
ORDER_000000268_ITEM_001,ORDER_000000268,PRODUCT_000000214,4,37438.96,149755.84
ORDER_000000268_ITEM_002,ORDER_000000268,PRODUCT_000000391,3,21049.94,63149.82
ORDER_000000269_ITEM_001,ORDER_000000269,PRODUCT_000000455,5,5380.81,26904.05
ORDER_000000269_ITEM_002,ORDER_000000269,PRODUCT_000000158,1,21685.09,21685.09
ORDER_000000270_ITEM_001,ORDER_000000270,PRODUCT_000000121,4,67658.89,270635.56
ORDER_000000270_ITEM_002,ORDER_000000270,PRODUCT_000000402,3,51496.58,154489.74
ORDER_000000271_ITEM_001,ORDER_000000271,PRODUCT_000000411,2,261.77,523.54
ORDER_000000271_ITEM_002,ORDER_000000271,PRODUCT_000000405,5,6190.14,30950.70
ORDER_000000272_ITEM_001,ORDER_000000272,PRODUCT_000000410,2,6005.71,12011.42
ORDER_000000272_ITEM_002,ORDER_000000272,PRODUCT_000000097,4,29573.36,118293.44
ORDER_000000273_ITEM_001,ORDER_000000273,PRODUCT_000000198,2,53251.57,106503.14
ORDER_000000273_ITEM_002,ORDER_000000273,PRODUCT_000000344,3,108319.93,324959.79
ORDER_000000274_ITEM_001,ORDER_000000274,PRODUCT_000000151,5,77780.21,388901.05
ORDER_000000274_ITEM_002,ORDER_000000274,PRODUCT_000000038,2,5864.01,11728.02
ORDER_000000275_ITEM_001,ORDER_000000275,PRODUCT_000000062,3,5183.35,15550.05
ORDER_000000275_ITEM_002,ORDER_000000275,PRODUCT_000000334,2,921.24,1842.48
ORDER_000000276_ITEM_001,ORDER_000000276,PRODUCT_000000268,2,230.02,460.04
ORDER_000000276_ITEM_002,ORDER_000000276,PRODUCT_000000171,2,212543.08,425086.16
ORDER_000000277_ITEM_001,ORDER_000000277,PRODUCT_000000005,4,3906.48,15625.92
ORDER_000000277_ITEM_002,ORDER_000000277,PRODUCT_000000090,4,727.26,2909.04
ORDER_000000278_ITEM_001,ORDER_000000278,PRODUCT_000000252,4,18522.97,74091.88
ORDER_000000278_ITEM_002,ORDER_000000278,PRODUCT_000000203,1,131189.59,131189.59
ORDER_000000279_ITEM_001,ORDER_000000279,PRODUCT_000000222,4,26935.38,107741.52
ORDER_000000279_ITEM_002,ORDER_000000279,PRODUCT_000000222,2,26935.38,53870.76
ORDER_000000280_ITEM_001,ORDER_000000280,PRODUCT_000000265,4,7416.00,29664.00
ORDER_000000280_ITEM_002,ORDER_000000280,PRODUCT_000000290,2,32348.76,64697.52
ORDER_000000281_ITEM_001,ORDER_000000281,PRODUCT_000000254,5,208122.29,1040611.45
ORDER_000000281_ITEM_002,ORDER_000000281,PRODUCT_000000430,3,56850.26,170550.78
ORDER_000000282_ITEM_001,ORDER_000000282,PRODUCT_000000432,1,67458.36,67458.36
ORDER_000000282_ITEM_002,ORDER_000000282,PRODUCT_000000033,2,84979.83,169959.66
ORDER_000000283_ITEM_001,ORDER_000000283,PRODUCT_000000183,5,39378.79,196893.95
ORDER_000000283_ITEM_002,ORDER_000000283,PRODUCT_000000239,5,30240.84,151204.20
ORDER_000000284_ITEM_001,ORDER_000000284,PRODUCT_000000340,3,46977.00,140931.00
ORDER_000000284_ITEM_002,ORDER_000000284,PRODUCT_000000275,4,37395.96,149583.84
ORDER_000000285_ITEM_001,ORDER_000000285,PRODUCT_000000115,5,1102.21,5511.05
ORDER_000000285_ITEM_002,ORDER_000000285,PRODUCT_000000259,4,8268.46,33073.84
ORDER_000000286_ITEM_001,ORDER_000000286,PRODUCT_000000354,2,8755.37,17510.74
ORDER_000000286_ITEM_002,ORDER_000000286,PRODUCT_000000030,4,27973.94,111895.76
ORDER_000000287_ITEM_001,ORDER_000000287,PRODUCT_000000220,2,5722.11,11444.22
ORDER_000000287_ITEM_002,ORDER_000000287,PRODUCT_000000157,1,1512.91,1512.91
ORDER_000000288_ITEM_001,ORDER_000000288,PRODUCT_000000029,1,2844.42,2844.42
ORDER_000000288_ITEM_002,ORDER_000000288,PRODUCT_000000111,5,5144.89,25724.45
ORDER_000000289_ITEM_001,ORDER_000000289,PRODUCT_000000255,4,52583.68,210334.72
ORDER_000000289_ITEM_002,ORDER_000000289,PRODUCT_000000130,5,2919.96,14599.80
ORDER_000000290_ITEM_001,ORDER_000000290,PRODUCT_000000256,2,1724.12,3448.24
ORDER_000000290_ITEM_002,ORDER_000000290,PRODUCT_000000425,5,3973.74,19868.70
ORDER_000000291_ITEM_001,ORDER_000000291,PRODUCT_000000395,2,606.04,1212.08
ORDER_000000291_ITEM_002,ORDER_000000291,PRODUCT_000000149,1,500.36,500.36
ORDER_000000292_ITEM_001,ORDER_000000292,PRODUCT_000000491,4,116914.83,467659.32
ORDER_000000292_ITEM_002,ORDER_000000292,PRODUCT_000000116,2,108578.88,217157.76
ORDER_000000293_ITEM_001,ORDER_000000293,PRODUCT_000000012,3,116699.02,350097.06
ORDER_000000293_ITEM_002,ORDER_000000293,PRODUCT_000000348,1,511.50,511.50
ORDER_000000294_ITEM_001,ORDER_000000294,PRODUCT_000000127,1,47505.08,47505.08
ORDER_000000294_ITEM_002,ORDER_000000294,PRODUCT_000000231,2,15947.02,31894.04
ORDER_000000295_ITEM_001,ORDER_000000295,PRODUCT_000000119,5,10653.04,53265.20
ORDER_000000295_ITEM_002,ORDER_000000295,PRODUCT_000000274,1,145414.87,145414.87
ORDER_000000296_ITEM_001,ORDER_000000296,PRODUCT_000000210,5,961.15,4805.75
ORDER_000000296_ITEM_002,ORDER_000000296,PRODUCT_000000353,3,761.53,2284.59
ORDER_000000297_ITEM_001,ORDER_000000297,PRODUCT_000000126,3,23808.94,71426.82
ORDER_000000297_ITEM_002,ORDER_000000297,PRODUCT_000000180,4,131161.69,524646.76
ORDER_000000298_ITEM_001,ORDER_000000298,PRODUCT_000000256,1,1724.12,1724.12
ORDER_000000298_ITEM_002,ORDER_000000298,PRODUCT_000000345,2,106411.74,212823.48
ORDER_000000299_ITEM_001,ORDER_000000299,PRODUCT_000000294,4,98126.54,392506.16
ORDER_000000299_ITEM_002,ORDER_000000299,PRODUCT_000000144,3,1419.24,4257.72
ORDER_000000300_ITEM_001,ORDER_000000300,PRODUCT_000000282,5,114133.14,570665.70
ORDER_000000300_ITEM_002,ORDER_000000300,PRODUCT_000000458,4,38414.84,153659.36
ORDER_000000301_ITEM_001,ORDER_000000301,PRODUCT_000000326,2,12706.30,25412.60
ORDER_000000301_ITEM_002,ORDER_000000301,PRODUCT_000000253,1,1399.91,1399.91
ORDER_000000302_ITEM_001,ORDER_000000302,PRODUCT_000000115,5,1102.21,5511.05
ORDER_000000302_ITEM_002,ORDER_000000302,PRODUCT_000000213,1,12880.62,12880.62
ORDER_000000303_ITEM_001,ORDER_000000303,PRODUCT_000000403,4,1868.76,7475.04
ORDER_000000303_ITEM_002,ORDER_000000303,PRODUCT_000000329,5,9319.38,46596.90
ORDER_000000304_ITEM_001,ORDER_000000304,PRODUCT_000000273,5,93376.09,466880.45
ORDER_000000304_ITEM_002,ORDER_000000304,PRODUCT_000000487,1,62096.00,62096.00
ORDER_000000305_ITEM_001,ORDER_000000305,PRODUCT_000000159,2,40197.32,80394.64
ORDER_000000305_ITEM_002,ORDER_000000305,PRODUCT_000000489,4,65761.05,263044.20
ORDER_000000306_ITEM_001,ORDER_000000306,PRODUCT_000000164,2,63385.92,126771.84
ORDER_000000306_ITEM_002,ORDER_000000306,PRODUCT_000000420,5,33996.43,169982.15
ORDER_000000307_ITEM_001,ORDER_000000307,PRODUCT_000000426,5,14178.77,70893.85
ORDER_000000307_ITEM_002,ORDER_000000307,PRODUCT_000000143,4,71000.26,284001.04
ORDER_000000308_ITEM_001,ORDER_000000308,PRODUCT_000000289,3,66663.17,199989.51
ORDER_000000308_ITEM_002,ORDER_000000308,PRODUCT_000000210,5,961.15,4805.75
ORDER_000000309_ITEM_001,ORDER_000000309,PRODUCT_000000036,2,49982.53,99965.06
ORDER_000000309_ITEM_002,ORDER_000000309,PRODUCT_000000384,4,1879.95,7519.80
ORDER_000000310_ITEM_001,ORDER_000000310,PRODUCT_000000363,1,1679.27,1679.27
ORDER_000000310_ITEM_002,ORDER_000000310,PRODUCT_000000090,2,727.26,1454.52
ORDER_000000311_ITEM_001,ORDER_000000311,PRODUCT_000000187,3,1398.69,4196.07
ORDER_000000311_ITEM_002,ORDER_000000311,PRODUCT_000000369,4,1041.90,4167.60
ORDER_000000312_ITEM_001,ORDER_000000312,PRODUCT_000000216,3,189337.30,568011.90
ORDER_000000312_ITEM_002,ORDER_000000312,PRODUCT_000000174,4,121049.76,484199.04
ORDER_000000313_ITEM_001,ORDER_000000313,PRODUCT_000000499,1,22717.74,22717.74
ORDER_000000313_ITEM_002,ORDER_000000313,PRODUCT_000000453,2,179948.29,359896.58
ORDER_000000314_ITEM_001,ORDER_000000314,PRODUCT_000000157,4,1512.91,6051.64
ORDER_000000314_ITEM_002,ORDER_000000314,PRODUCT_000000368,5,9454.76,47273.80
ORDER_000000315_ITEM_001,ORDER_000000315,PRODUCT_000000171,2,212543.08,425086.16
ORDER_000000315_ITEM_002,ORDER_000000315,PRODUCT_000000400,4,50864.82,203459.28
ORDER_000000316_ITEM_001,ORDER_000000316,PRODUCT_000000170,4,2022.45,8089.80
ORDER_000000316_ITEM_002,ORDER_000000316,PRODUCT_000000106,1,1964.81,1964.81
ORDER_000000317_ITEM_001,ORDER_000000317,PRODUCT_000000199,3,48433.40,145300.20
ORDER_000000317_ITEM_002,ORDER_000000317,PRODUCT_000000418,5,3679.29,18396.45
ORDER_000000318_ITEM_001,ORDER_000000318,PRODUCT_000000430,5,56850.26,284251.30
ORDER_000000318_ITEM_002,ORDER_000000318,PRODUCT_000000023,3,1295.31,3885.93
ORDER_000000319_ITEM_001,ORDER_000000319,PRODUCT_000000212,2,10759.26,21518.52
ORDER_000000319_ITEM_002,ORDER_000000319,PRODUCT_000000328,3,95553.61,286660.83
ORDER_000000320_ITEM_001,ORDER_000000320,PRODUCT_000000112,4,20260.19,81040.76
ORDER_000000320_ITEM_002,ORDER_000000320,PRODUCT_000000405,4,6190.14,24760.56
ORDER_000000321_ITEM_001,ORDER_000000321,PRODUCT_000000320,4,1644.19,6576.76
ORDER_000000321_ITEM_002,ORDER_000000321,PRODUCT_000000178,1,11187.40,11187.40
ORDER_000000322_ITEM_001,ORDER_000000322,PRODUCT_000000204,1,502.82,502.82
ORDER_000000322_ITEM_002,ORDER_000000322,PRODUCT_000000284,4,25462.80,101851.20
ORDER_000000323_ITEM_001,ORDER_000000323,PRODUCT_000000494,4,535.49,2141.96
ORDER_000000323_ITEM_002,ORDER_000000323,PRODUCT_000000221,1,4631.09,4631.09
ORDER_000000324_ITEM_001,ORDER_000000324,PRODUCT_000000339,4,14282.13,57128.52
ORDER_000000324_ITEM_002,ORDER_000000324,PRODUCT_000000089,2,7426.76,14853.52
ORDER_000000325_ITEM_001,ORDER_000000325,PRODUCT_000000355,2,2839.63,5679.26
ORDER_000000325_ITEM_002,ORDER_000000325,PRODUCT_000000427,5,820.10,4100.50
ORDER_000000326_ITEM_001,ORDER_000000326,PRODUCT_000000398,1,5027.03,5027.03
ORDER_000000326_ITEM_002,ORDER_000000326,PRODUCT_000000023,1,1295.31,1295.31
ORDER_000000327_ITEM_001,ORDER_000000327,PRODUCT_000000123,5,18655.96,93279.80
ORDER_000000327_ITEM_002,ORDER_000000327,PRODUCT_000000371,1,7881.87,7881.87
ORDER_000000328_ITEM_001,ORDER_000000328,PRODUCT_000000474,5,690.90,3454.50
ORDER_000000328_ITEM_002,ORDER_000000328,PRODUCT_000000125,1,48262.53,48262.53
ORDER_000000329_ITEM_001,ORDER_000000329,PRODUCT_000000287,3,2545.20,7635.60
ORDER_000000329_ITEM_002,ORDER_000000329,PRODUCT_000000043,4,143690.78,574763.12
ORDER_000000330_ITEM_001,ORDER_000000330,PRODUCT_000000285,4,59012.72,236050.88
ORDER_000000330_ITEM_002,ORDER_000000330,PRODUCT_000000149,3,500.36,1501.08
ORDER_000000331_ITEM_001,ORDER_000000331,PRODUCT_000000263,1,114743.85,114743.85
ORDER_000000331_ITEM_002,ORDER_000000331,PRODUCT_000000083,1,68919.06,68919.06
ORDER_000000332_ITEM_001,ORDER_000000332,PRODUCT_000000100,3,4028.63,12085.89
ORDER_000000332_ITEM_002,ORDER_000000332,PRODUCT_000000182,1,906.52,906.52
ORDER_000000333_ITEM_001,ORDER_000000333,PRODUCT_000000414,5,57878.53,289392.65
ORDER_000000333_ITEM_002,ORDER_000000333,PRODUCT_000000257,3,6078.96,18236.88
ORDER_000000334_ITEM_001,ORDER_000000334,PRODUCT_000000162,2,12519.41,25038.82
ORDER_000000334_ITEM_002,ORDER_000000334,PRODUCT_000000492,4,1512.08,6048.32
ORDER_000000335_ITEM_001,ORDER_000000335,PRODUCT_000000033,2,84979.83,169959.66
ORDER_000000335_ITEM_002,ORDER_000000335,PRODUCT_000000293,1,68391.63,68391.63
ORDER_000000336_ITEM_001,ORDER_000000336,PRODUCT_000000409,2,20583.82,41167.64
ORDER_000000336_ITEM_002,ORDER_000000336,PRODUCT_000000280,5,8266.88,41334.40
ORDER_000000337_ITEM_001,ORDER_000000337,PRODUCT_000000096,4,1255.12,5020.48
ORDER_000000337_ITEM_002,ORDER_000000337,PRODUCT_000000063,1,16707.24,16707.24
ORDER_000000338_ITEM_001,ORDER_000000338,PRODUCT_000000458,2,38414.84,76829.68
ORDER_000000338_ITEM_002,ORDER_000000338,PRODUCT_000000463,1,1804.78,1804.78
ORDER_000000339_ITEM_001,ORDER_000000339,PRODUCT_000000061,1,378.02,378.02
ORDER_000000339_ITEM_002,ORDER_000000339,PRODUCT_000000436,4,39362.73,157450.92
ORDER_000000340_ITEM_001,ORDER_000000340,PRODUCT_000000134,4,2948.45,11793.80
ORDER_000000340_ITEM_002,ORDER_000000340,PRODUCT_000000404,1,2884.96,2884.96
ORDER_000000341_ITEM_001,ORDER_000000341,PRODUCT_000000089,2,7426.76,14853.52
ORDER_000000341_ITEM_002,ORDER_000000341,PRODUCT_000000028,5,22480.60,112403.00
ORDER_000000342_ITEM_001,ORDER_000000342,PRODUCT_000000281,3,385.35,1156.05
ORDER_000000342_ITEM_002,ORDER_000000342,PRODUCT_000000069,4,4621.50,18486.00
ORDER_000000343_ITEM_001,ORDER_000000343,PRODUCT_000000185,4,30648.96,122595.84
ORDER_000000343_ITEM_002,ORDER_000000343,PRODUCT_000000198,1,53251.57,53251.57
ORDER_000000344_ITEM_001,ORDER_000000344,PRODUCT_000000380,4,2099.88,8399.52
ORDER_000000344_ITEM_002,ORDER_000000344,PRODUCT_000000395,3,606.04,1818.12
ORDER_000000345_ITEM_001,ORDER_000000345,PRODUCT_000000029,5,2844.42,14222.10
ORDER_000000345_ITEM_002,ORDER_000000345,PRODUCT_000000354,2,8755.37,17510.74
ORDER_000000346_ITEM_001,ORDER_000000346,PRODUCT_000000276,4,6006.43,24025.72
ORDER_000000346_ITEM_002,ORDER_000000346,PRODUCT_000000283,1,4001.25,4001.25
ORDER_000000347_ITEM_001,ORDER_000000347,PRODUCT_000000368,1,9454.76,9454.76
ORDER_000000347_ITEM_002,ORDER_000000347,PRODUCT_000000293,5,68391.63,341958.15
ORDER_000000348_ITEM_001,ORDER_000000348,PRODUCT_000000446,1,2878.87,2878.87
ORDER_000000348_ITEM_002,ORDER_000000348,PRODUCT_000000183,4,39378.79,157515.16
ORDER_000000349_ITEM_001,ORDER_000000349,PRODUCT_000000490,2,5004.64,10009.28
ORDER_000000349_ITEM_002,ORDER_000000349,PRODUCT_000000394,2,1417.36,2834.72
ORDER_000000350_ITEM_001,ORDER_000000350,PRODUCT_000000124,3,2352.93,7058.79
ORDER_000000350_ITEM_002,ORDER_000000350,PRODUCT_000000242,3,2669.01,8007.03
ORDER_000000351_ITEM_001,ORDER_000000351,PRODUCT_000000426,1,14178.77,14178.77
ORDER_000000351_ITEM_002,ORDER_000000351,PRODUCT_000000347,2,424.29,848.58
ORDER_000000352_ITEM_001,ORDER_000000352,PRODUCT_000000113,4,13504.86,54019.44
ORDER_000000352_ITEM_002,ORDER_000000352,PRODUCT_000000412,3,65524.59,196573.77
ORDER_000000353_ITEM_001,ORDER_000000353,PRODUCT_000000474,2,690.90,1381.80
ORDER_000000353_ITEM_002,ORDER_000000353,PRODUCT_000000372,2,55828.82,111657.64
ORDER_000000354_ITEM_001,ORDER_000000354,PRODUCT_000000153,5,1314.83,6574.15
ORDER_000000354_ITEM_002,ORDER_000000354,PRODUCT_000000385,4,2562.52,10250.08
ORDER_000000355_ITEM_001,ORDER_000000355,PRODUCT_000000338,5,17766.86,88834.30
ORDER_000000355_ITEM_002,ORDER_000000355,PRODUCT_000000374,1,194612.79,194612.79
ORDER_000000356_ITEM_001,ORDER_000000356,PRODUCT_000000196,3,713.24,2139.72
ORDER_000000356_ITEM_002,ORDER_000000356,PRODUCT_000000237,2,40793.49,81586.98
ORDER_000000357_ITEM_001,ORDER_000000357,PRODUCT_000000230,4,104957.16,419828.64
ORDER_000000357_ITEM_002,ORDER_000000357,PRODUCT_000000223,4,3175.58,12702.32
ORDER_000000358_ITEM_001,ORDER_000000358,PRODUCT_000000414,2,57878.53,115757.06
ORDER_000000358_ITEM_002,ORDER_000000358,PRODUCT_000000321,2,11193.14,22386.28
ORDER_000000359_ITEM_001,ORDER_000000359,PRODUCT_000000405,2,6190.14,12380.28
ORDER_000000359_ITEM_002,ORDER_000000359,PRODUCT_000000113,3,13504.86,40514.58
ORDER_000000360_ITEM_001,ORDER_000000360,PRODUCT_000000374,5,194612.79,973063.95
ORDER_000000360_ITEM_002,ORDER_000000360,PRODUCT_000000194,2,2124.84,4249.68
ORDER_000000361_ITEM_001,ORDER_000000361,PRODUCT_000000467,5,89885.32,449426.60
ORDER_000000361_ITEM_002,ORDER_000000361,PRODUCT_000000289,2,66663.17,133326.34
ORDER_000000362_ITEM_001,ORDER_000000362,PRODUCT_000000112,2,20260.19,40520.38
ORDER_000000362_ITEM_002,ORDER_000000362,PRODUCT_000000066,5,166045.11,830225.55
ORDER_000000363_ITEM_001,ORDER_000000363,PRODUCT_000000005,1,3906.48,3906.48
ORDER_000000363_ITEM_002,ORDER_000000363,PRODUCT_000000300,1,3971.91,3971.91
ORDER_000000364_ITEM_001,ORDER_000000364,PRODUCT_000000264,5,2135.20,10676.00
ORDER_000000364_ITEM_002,ORDER_000000364,PRODUCT_000000141,3,11546.35,34639.05
ORDER_000000365_ITEM_001,ORDER_000000365,PRODUCT_000000407,4,71009.01,284036.04
ORDER_000000365_ITEM_002,ORDER_000000365,PRODUCT_000000131,4,8366.73,33466.92
ORDER_000000366_ITEM_001,ORDER_000000366,PRODUCT_000000313,1,108316.97,108316.97
ORDER_000000366_ITEM_002,ORDER_000000366,PRODUCT_000000369,2,1041.90,2083.80
ORDER_000000367_ITEM_001,ORDER_000000367,PRODUCT_000000404,4,2884.96,11539.84
ORDER_000000367_ITEM_002,ORDER_000000367,PRODUCT_000000298,5,335.33,1676.65
ORDER_000000368_ITEM_001,ORDER_000000368,PRODUCT_000000088,3,4393.00,13179.00
ORDER_000000368_ITEM_002,ORDER_000000368,PRODUCT_000000333,3,530.81,1592.43
ORDER_000000369_ITEM_001,ORDER_000000369,PRODUCT_000000043,4,143690.78,574763.12
ORDER_000000369_ITEM_002,ORDER_000000369,PRODUCT_000000452,3,66502.26,199506.78
ORDER_000000370_ITEM_001,ORDER_000000370,PRODUCT_000000171,4,212543.08,850172.32
ORDER_000000370_ITEM_002,ORDER_000000370,PRODUCT_000000135,3,19292.87,57878.61
ORDER_000000371_ITEM_001,ORDER_000000371,PRODUCT_000000006,3,78496.47,235489.41
ORDER_000000371_ITEM_002,ORDER_000000371,PRODUCT_000000081,3,51812.13,155436.39
ORDER_000000372_ITEM_001,ORDER_000000372,PRODUCT_000000203,3,131189.59,393568.77
ORDER_000000372_ITEM_002,ORDER_000000372,PRODUCT_000000500,4,66111.23,264444.92
ORDER_000000373_ITEM_001,ORDER_000000373,PRODUCT_000000453,3,179948.29,539844.87
ORDER_000000373_ITEM_002,ORDER_000000373,PRODUCT_000000375,1,2168.98,2168.98
ORDER_000000374_ITEM_001,ORDER_000000374,PRODUCT_000000187,2,1398.69,2797.38
ORDER_000000374_ITEM_002,ORDER_000000374,PRODUCT_000000251,4,1112.09,4448.36
ORDER_000000375_ITEM_001,ORDER_000000375,PRODUCT_000000029,3,2844.42,8533.26
ORDER_000000375_ITEM_002,ORDER_000000375,PRODUCT_000000181,5,1727.48,8637.40
ORDER_000000376_ITEM_001,ORDER_000000376,PRODUCT_000000363,1,1679.27,1679.27
ORDER_000000376_ITEM_002,ORDER_000000376,PRODUCT_000000472,2,2444.82,4889.64
ORDER_000000377_ITEM_001,ORDER_000000377,PRODUCT_000000036,3,49982.53,149947.59
ORDER_000000377_ITEM_002,ORDER_000000377,PRODUCT_000000297,1,6305.72,6305.72
ORDER_000000378_ITEM_001,ORDER_000000378,PRODUCT_000000469,4,4611.19,18444.76
ORDER_000000378_ITEM_002,ORDER_000000378,PRODUCT_000000485,5,123226.74,616133.70
ORDER_000000379_ITEM_001,ORDER_000000379,PRODUCT_000000424,4,6433.07,25732.28
ORDER_000000379_ITEM_002,ORDER_000000379,PRODUCT_000000412,2,65524.59,131049.18
ORDER_000000380_ITEM_001,ORDER_000000380,PRODUCT_000000407,3,71009.01,213027.03
ORDER_000000380_ITEM_002,ORDER_000000380,PRODUCT_000000218,3,7029.23,21087.69
ORDER_000000381_ITEM_001,ORDER_000000381,PRODUCT_000000118,2,115069.78,230139.56
ORDER_000000381_ITEM_002,ORDER_000000381,PRODUCT_000000138,1,9019.79,9019.79
ORDER_000000382_ITEM_001,ORDER_000000382,PRODUCT_000000083,3,68919.06,206757.18
ORDER_000000382_ITEM_002,ORDER_000000382,PRODUCT_000000305,1,2574.22,2574.22
ORDER_000000383_ITEM_001,ORDER_000000383,PRODUCT_000000003,1,166254.56,166254.56
ORDER_000000383_ITEM_002,ORDER_000000383,PRODUCT_000000182,2,906.52,1813.04
ORDER_000000384_ITEM_001,ORDER_000000384,PRODUCT_000000316,5,7149.36,35746.80
ORDER_000000384_ITEM_002,ORDER_000000384,PRODUCT_000000409,5,20583.82,102919.10
ORDER_000000385_ITEM_001,ORDER_000000385,PRODUCT_000000288,3,105802.00,317406.00
ORDER_000000385_ITEM_002,ORDER_000000385,PRODUCT_000000168,4,4563.70,18254.80
ORDER_000000386_ITEM_001,ORDER_000000386,PRODUCT_000000327,2,10245.94,20491.88
ORDER_000000386_ITEM_002,ORDER_000000386,PRODUCT_000000184,5,120740.28,603701.40
ORDER_000000387_ITEM_001,ORDER_000000387,PRODUCT_000000126,2,23808.94,47617.88
ORDER_000000387_ITEM_002,ORDER_000000387,PRODUCT_000000310,5,14175.81,70879.05
ORDER_000000388_ITEM_001,ORDER_000000388,PRODUCT_000000312,1,508.37,508.37
ORDER_000000388_ITEM_002,ORDER_000000388,PRODUCT_000000048,5,71251.17,356255.85
ORDER_000000389_ITEM_001,ORDER_000000389,PRODUCT_000000303,4,28560.91,114243.64
ORDER_000000389_ITEM_002,ORDER_000000389,PRODUCT_000000265,4,7416.00,29664.00
ORDER_000000390_ITEM_001,ORDER_000000390,PRODUCT_000000360,2,102821.06,205642.12
ORDER_000000390_ITEM_002,ORDER_000000390,PRODUCT_000000216,4,189337.30,757349.20
ORDER_000000391_ITEM_001,ORDER_000000391,PRODUCT_000000376,5,1235.61,6178.05
ORDER_000000391_ITEM_002,ORDER_000000391,PRODUCT_000000188,5,35973.47,179867.35
ORDER_000000392_ITEM_001,ORDER_000000392,PRODUCT_000000122,3,5503.57,16510.71
ORDER_000000392_ITEM_002,ORDER_000000392,PRODUCT_000000326,2,12706.30,25412.60
ORDER_000000393_ITEM_001,ORDER_000000393,PRODUCT_000000244,5,13044.75,65223.75
ORDER_000000393_ITEM_002,ORDER_000000393,PRODUCT_000000009,3,51529.17,154587.51
ORDER_000000394_ITEM_001,ORDER_000000394,PRODUCT_000000364,2,87653.60,175307.20
ORDER_000000394_ITEM_002,ORDER_000000394,PRODUCT_000000457,4,20677.50,82710.00
ORDER_000000395_ITEM_001,ORDER_000000395,PRODUCT_000000444,4,3373.26,13493.04
ORDER_000000395_ITEM_002,ORDER_000000395,PRODUCT_000000053,3,120555.53,361666.59
ORDER_000000396_ITEM_001,ORDER_000000396,PRODUCT_000000098,1,82015.47,82015.47
ORDER_000000396_ITEM_002,ORDER_000000396,PRODUCT_000000019,3,6627.77,19883.31
ORDER_000000397_ITEM_001,ORDER_000000397,PRODUCT_000000316,3,7149.36,21448.08
ORDER_000000397_ITEM_002,ORDER_000000397,PRODUCT_000000267,5,451.33,2256.65
ORDER_000000398_ITEM_001,ORDER_000000398,PRODUCT_000000179,1,16969.41,16969.41
ORDER_000000398_ITEM_002,ORDER_000000398,PRODUCT_000000100,3,4028.63,12085.89
ORDER_000000399_ITEM_001,ORDER_000000399,PRODUCT_000000294,2,98126.54,196253.08
ORDER_000000399_ITEM_002,ORDER_000000399,PRODUCT_000000097,4,29573.36,118293.44
ORDER_000000400_ITEM_001,ORDER_000000400,PRODUCT_000000468,3,11339.62,34018.86
ORDER_000000400_ITEM_002,ORDER_000000400,PRODUCT_000000318,1,11683.06,11683.06
ORDER_000000401_ITEM_001,ORDER_000000401,PRODUCT_000000312,5,508.37,2541.85
ORDER_000000401_ITEM_002,ORDER_000000401,PRODUCT_000000274,1,145414.87,145414.87
ORDER_000000402_ITEM_001,ORDER_000000402,PRODUCT_000000077,4,77023.77,308095.08
ORDER_000000402_ITEM_002,ORDER_000000402,PRODUCT_000000343,4,62824.31,251297.24
ORDER_000000403_ITEM_001,ORDER_000000403,PRODUCT_000000001,3,47526.13,142578.39
ORDER_000000403_ITEM_002,ORDER_000000403,PRODUCT_000000205,3,3783.93,11351.79
ORDER_000000404_ITEM_001,ORDER_000000404,PRODUCT_000000251,5,1112.09,5560.45
ORDER_000000404_ITEM_002,ORDER_000000404,PRODUCT_000000010,4,2629.61,10518.44
ORDER_000000405_ITEM_001,ORDER_000000405,PRODUCT_000000240,1,8842.70,8842.70
ORDER_000000405_ITEM_002,ORDER_000000405,PRODUCT_000000100,5,4028.63,20143.15
ORDER_000000406_ITEM_001,ORDER_000000406,PRODUCT_000000057,3,181686.00,545058.00
ORDER_000000406_ITEM_002,ORDER_000000406,PRODUCT_000000009,2,51529.17,103058.34
ORDER_000000407_ITEM_001,ORDER_000000407,PRODUCT_000000454,3,1504.58,4513.74
ORDER_000000407_ITEM_002,ORDER_000000407,PRODUCT_000000474,3,690.90,2072.70
ORDER_000000408_ITEM_001,ORDER_000000408,PRODUCT_000000438,5,40311.65,201558.25
ORDER_000000408_ITEM_002,ORDER_000000408,PRODUCT_000000374,5,194612.79,973063.95
ORDER_000000409_ITEM_001,ORDER_000000409,PRODUCT_000000192,3,10837.79,32513.37
ORDER_000000409_ITEM_002,ORDER_000000409,PRODUCT_000000265,4,7416.00,29664.00
ORDER_000000410_ITEM_001,ORDER_000000410,PRODUCT_000000398,4,5027.03,20108.12
ORDER_000000410_ITEM_002,ORDER_000000410,PRODUCT_000000040,2,21212.12,42424.24
ORDER_000000411_ITEM_001,ORDER_000000411,PRODUCT_000000183,5,39378.79,196893.95
ORDER_000000411_ITEM_002,ORDER_000000411,PRODUCT_000000460,5,49238.06,246190.30
ORDER_000000412_ITEM_001,ORDER_000000412,PRODUCT_000000132,1,48602.08,48602.08
ORDER_000000412_ITEM_002,ORDER_000000412,PRODUCT_000000389,3,71784.35,215353.05
ORDER_000000413_ITEM_001,ORDER_000000413,PRODUCT_000000378,2,253.91,507.82
ORDER_000000413_ITEM_002,ORDER_000000413,PRODUCT_000000037,5,28745.87,143729.35
ORDER_000000414_ITEM_001,ORDER_000000414,PRODUCT_000000453,4,179948.29,719793.16
ORDER_000000414_ITEM_002,ORDER_000000414,PRODUCT_000000389,5,71784.35,358921.75
ORDER_000000415_ITEM_001,ORDER_000000415,PRODUCT_000000407,3,71009.01,213027.03
ORDER_000000415_ITEM_002,ORDER_000000415,PRODUCT_000000081,5,51812.13,259060.65
ORDER_000000416_ITEM_001,ORDER_000000416,PRODUCT_000000302,3,3481.66,10444.98
ORDER_000000416_ITEM_002,ORDER_000000416,PRODUCT_000000013,2,85341.86,170683.72
ORDER_000000417_ITEM_001,ORDER_000000417,PRODUCT_000000231,4,15947.02,63788.08
ORDER_000000417_ITEM_002,ORDER_000000417,PRODUCT_000000465,3,27686.57,83059.71
ORDER_000000418_ITEM_001,ORDER_000000418,PRODUCT_000000117,4,186308.09,745232.36
ORDER_000000418_ITEM_002,ORDER_000000418,PRODUCT_000000432,2,67458.36,134916.72
ORDER_000000419_ITEM_001,ORDER_000000419,PRODUCT_000000288,3,105802.00,317406.00
ORDER_000000419_ITEM_002,ORDER_000000419,PRODUCT_000000388,2,16147.61,32295.22
ORDER_000000420_ITEM_001,ORDER_000000420,PRODUCT_000000104,3,42385.77,127157.31
ORDER_000000420_ITEM_002,ORDER_000000420,PRODUCT_000000100,3,4028.63,12085.89
ORDER_000000421_ITEM_001,ORDER_000000421,PRODUCT_000000083,1,68919.06,68919.06
ORDER_000000421_ITEM_002,ORDER_000000421,PRODUCT_000000419,5,1633.27,8166.35
ORDER_000000422_ITEM_001,ORDER_000000422,PRODUCT_000000246,1,84103.35,84103.35
ORDER_000000422_ITEM_002,ORDER_000000422,PRODUCT_000000198,4,53251.57,213006.28
ORDER_000000423_ITEM_001,ORDER_000000423,PRODUCT_000000431,1,28619.97,28619.97
ORDER_000000423_ITEM_002,ORDER_000000423,PRODUCT_000000434,4,1900.67,7602.68
ORDER_000000424_ITEM_001,ORDER_000000424,PRODUCT_000000206,1,338.63,338.63
ORDER_000000424_ITEM_002,ORDER_000000424,PRODUCT_000000307,3,8253.54,24760.62
ORDER_000000425_ITEM_001,ORDER_000000425,PRODUCT_000000057,4,181686.00,726744.00
ORDER_000000425_ITEM_002,ORDER_000000425,PRODUCT_000000386,5,7104.14,35520.70
ORDER_000000426_ITEM_001,ORDER_000000426,PRODUCT_000000351,4,186960.69,747842.76
ORDER_000000426_ITEM_002,ORDER_000000426,PRODUCT_000000353,1,761.53,761.53
ORDER_000000427_ITEM_001,ORDER_000000427,PRODUCT_000000261,2,26099.88,52199.76
ORDER_000000427_ITEM_002,ORDER_000000427,PRODUCT_000000364,5,87653.60,438268.00
ORDER_000000428_ITEM_001,ORDER_000000428,PRODUCT_000000032,5,916.80,4584.00
ORDER_000000428_ITEM_002,ORDER_000000428,PRODUCT_000000484,2,54819.53,109639.06
ORDER_000000429_ITEM_001,ORDER_000000429,PRODUCT_000000139,3,955.15,2865.45
ORDER_000000429_ITEM_002,ORDER_000000429,PRODUCT_000000071,4,27899.72,111598.88
ORDER_000000430_ITEM_001,ORDER_000000430,PRODUCT_000000493,2,1452.96,2905.92
ORDER_000000430_ITEM_002,ORDER_000000430,PRODUCT_000000491,3,116914.83,350744.49
ORDER_000000431_ITEM_001,ORDER_000000431,PRODUCT_000000455,3,5380.81,16142.43
ORDER_000000431_ITEM_002,ORDER_000000431,PRODUCT_000000015,2,140055.39,280110.78
ORDER_000000432_ITEM_001,ORDER_000000432,PRODUCT_000000391,1,21049.94,21049.94
ORDER_000000432_ITEM_002,ORDER_000000432,PRODUCT_000000329,1,9319.38,9319.38
ORDER_000000433_ITEM_001,ORDER_000000433,PRODUCT_000000016,2,71215.48,142430.96
ORDER_000000433_ITEM_002,ORDER_000000433,PRODUCT_000000284,1,25462.80,25462.80
ORDER_000000434_ITEM_001,ORDER_000000434,PRODUCT_000000491,4,116914.83,467659.32
ORDER_000000434_ITEM_002,ORDER_000000434,PRODUCT_000000484,2,54819.53,109639.06
ORDER_000000435_ITEM_001,ORDER_000000435,PRODUCT_000000291,4,108213.93,432855.72
ORDER_000000435_ITEM_002,ORDER_000000435,PRODUCT_000000038,2,5864.01,11728.02
ORDER_000000436_ITEM_001,ORDER_000000436,PRODUCT_000000193,1,1656.01,1656.01
ORDER_000000436_ITEM_002,ORDER_000000436,PRODUCT_000000362,3,311.22,933.66
ORDER_000000437_ITEM_001,ORDER_000000437,PRODUCT_000000359,3,31351.97,94055.91
ORDER_000000437_ITEM_002,ORDER_000000437,PRODUCT_000000070,2,82897.23,165794.46
ORDER_000000438_ITEM_001,ORDER_000000438,PRODUCT_000000013,5,85341.86,426709.30
ORDER_000000438_ITEM_002,ORDER_000000438,PRODUCT_000000469,1,4611.19,4611.19
ORDER_000000439_ITEM_001,ORDER_000000439,PRODUCT_000000244,1,13044.75,13044.75
ORDER_000000439_ITEM_002,ORDER_000000439,PRODUCT_000000052,4,175783.69,703134.76
ORDER_000000440_ITEM_001,ORDER_000000440,PRODUCT_000000268,4,230.02,920.08
ORDER_000000440_ITEM_002,ORDER_000000440,PRODUCT_000000124,2,2352.93,4705.86
ORDER_000000441_ITEM_001,ORDER_000000441,PRODUCT_000000121,1,67658.89,67658.89
ORDER_000000441_ITEM_002,ORDER_000000441,PRODUCT_000000040,4,21212.12,84848.48
ORDER_000000442_ITEM_001,ORDER_000000442,PRODUCT_000000025,2,1480.92,2961.84
ORDER_000000442_ITEM_002,ORDER_000000442,PRODUCT_000000407,4,71009.01,284036.04
ORDER_000000443_ITEM_001,ORDER_000000443,PRODUCT_000000290,3,32348.76,97046.28
ORDER_000000443_ITEM_002,ORDER_000000443,PRODUCT_000000250,3,74845.58,224536.74
ORDER_000000444_ITEM_001,ORDER_000000444,PRODUCT_000000003,4,166254.56,665018.24
ORDER_000000444_ITEM_002,ORDER_000000444,PRODUCT_000000440,4,4395.21,17580.84
ORDER_000000445_ITEM_001,ORDER_000000445,PRODUCT_000000409,2,20583.82,41167.64
ORDER_000000445_ITEM_002,ORDER_000000445,PRODUCT_000000253,1,1399.91,1399.91
ORDER_000000446_ITEM_001,ORDER_000000446,PRODUCT_000000369,3,1041.90,3125.70
ORDER_000000446_ITEM_002,ORDER_000000446,PRODUCT_000000112,4,20260.19,81040.76
ORDER_000000447_ITEM_001,ORDER_000000447,PRODUCT_000000140,5,2815.66,14078.30
ORDER_000000447_ITEM_002,ORDER_000000447,PRODUCT_000000117,1,186308.09,186308.09
ORDER_000000448_ITEM_001,ORDER_000000448,PRODUCT_000000025,3,1480.92,4442.76
ORDER_000000448_ITEM_002,ORDER_000000448,PRODUCT_000000337,3,3208.91,9626.73
ORDER_000000449_ITEM_001,ORDER_000000449,PRODUCT_000000021,3,2952.32,8856.96
ORDER_000000449_ITEM_002,ORDER_000000449,PRODUCT_000000074,1,75286.95,75286.95
ORDER_000000450_ITEM_001,ORDER_000000450,PRODUCT_000000093,3,17022.09,51066.27
ORDER_000000450_ITEM_002,ORDER_000000450,PRODUCT_000000040,3,21212.12,63636.36
ORDER_000000451_ITEM_001,ORDER_000000451,PRODUCT_000000468,2,11339.62,22679.24
ORDER_000000451_ITEM_002,ORDER_000000451,PRODUCT_000000338,1,17766.86,17766.86
ORDER_000000452_ITEM_001,ORDER_000000452,PRODUCT_000000283,5,4001.25,20006.25
ORDER_000000452_ITEM_002,ORDER_000000452,PRODUCT_000000208,4,62048.54,248194.16
ORDER_000000453_ITEM_001,ORDER_000000453,PRODUCT_000000098,3,82015.47,246046.41
ORDER_000000453_ITEM_002,ORDER_000000453,PRODUCT_000000307,1,8253.54,8253.54
ORDER_000000454_ITEM_001,ORDER_000000454,PRODUCT_000000425,1,3973.74,3973.74
ORDER_000000454_ITEM_002,ORDER_000000454,PRODUCT_000000059,1,96024.22,96024.22
ORDER_000000455_ITEM_001,ORDER_000000455,PRODUCT_000000393,2,2674.57,5349.14
ORDER_000000455_ITEM_002,ORDER_000000455,PRODUCT_000000439,4,72153.89,288615.56
ORDER_000000456_ITEM_001,ORDER_000000456,PRODUCT_000000489,1,65761.05,65761.05
ORDER_000000456_ITEM_002,ORDER_000000456,PRODUCT_000000470,4,1763.05,7052.20
ORDER_000000457_ITEM_001,ORDER_000000457,PRODUCT_000000123,1,18655.96,18655.96
ORDER_000000457_ITEM_002,ORDER_000000457,PRODUCT_000000101,1,1447.61,1447.61
ORDER_000000458_ITEM_001,ORDER_000000458,PRODUCT_000000324,5,58960.31,294801.55
ORDER_000000458_ITEM_002,ORDER_000000458,PRODUCT_000000420,2,33996.43,67992.86
ORDER_000000459_ITEM_001,ORDER_000000459,PRODUCT_000000197,2,54944.74,109889.48
ORDER_000000459_ITEM_002,ORDER_000000459,PRODUCT_000000034,1,3282.53,3282.53
ORDER_000000460_ITEM_001,ORDER_000000460,PRODUCT_000000074,4,75286.95,301147.80
ORDER_000000460_ITEM_002,ORDER_000000460,PRODUCT_000000154,2,17743.63,35487.26
ORDER_000000461_ITEM_001,ORDER_000000461,PRODUCT_000000350,2,27003.79,54007.58
ORDER_000000461_ITEM_002,ORDER_000000461,PRODUCT_000000169,1,1720.94,1720.94
ORDER_000000462_ITEM_001,ORDER_000000462,PRODUCT_000000138,2,9019.79,18039.58
ORDER_000000462_ITEM_002,ORDER_000000462,PRODUCT_000000350,5,27003.79,135018.95
ORDER_000000463_ITEM_001,ORDER_000000463,PRODUCT_000000285,3,59012.72,177038.16
ORDER_000000463_ITEM_002,ORDER_000000463,PRODUCT_000000156,1,17875.07,17875.07
ORDER_000000464_ITEM_001,ORDER_000000464,PRODUCT_000000411,5,261.77,1308.85
ORDER_000000464_ITEM_002,ORDER_000000464,PRODUCT_000000210,3,961.15,2883.45
ORDER_000000465_ITEM_001,ORDER_000000465,PRODUCT_000000452,2,66502.26,133004.52
ORDER_000000465_ITEM_002,ORDER_000000465,PRODUCT_000000310,2,14175.81,28351.62
ORDER_000000466_ITEM_001,ORDER_000000466,PRODUCT_000000215,1,5520.21,5520.21
ORDER_000000466_ITEM_002,ORDER_000000466,PRODUCT_000000030,2,27973.94,55947.88
ORDER_000000467_ITEM_001,ORDER_000000467,PRODUCT_000000412,4,65524.59,262098.36
ORDER_000000467_ITEM_002,ORDER_000000467,PRODUCT_000000139,5,955.15,4775.75
ORDER_000000468_ITEM_001,ORDER_000000468,PRODUCT_000000255,4,52583.68,210334.72
ORDER_000000468_ITEM_002,ORDER_000000468,PRODUCT_000000101,2,1447.61,2895.22
ORDER_000000469_ITEM_001,ORDER_000000469,PRODUCT_000000368,2,9454.76,18909.52
ORDER_000000469_ITEM_002,ORDER_000000469,PRODUCT_000000381,4,80434.33,321737.32
ORDER_000000470_ITEM_001,ORDER_000000470,PRODUCT_000000232,4,4022.49,16089.96
ORDER_000000470_ITEM_002,ORDER_000000470,PRODUCT_000000169,4,1720.94,6883.76
ORDER_000000471_ITEM_001,ORDER_000000471,PRODUCT_000000155,1,37803.93,37803.93
ORDER_000000471_ITEM_002,ORDER_000000471,PRODUCT_000000203,5,131189.59,655947.95
ORDER_000000472_ITEM_001,ORDER_000000472,PRODUCT_000000052,1,175783.69,175783.69
ORDER_000000472_ITEM_002,ORDER_000000472,PRODUCT_000000024,1,2660.53,2660.53
ORDER_000000473_ITEM_001,ORDER_000000473,PRODUCT_000000485,5,123226.74,616133.70
ORDER_000000473_ITEM_002,ORDER_000000473,PRODUCT_000000180,5,131161.69,655808.45
ORDER_000000474_ITEM_001,ORDER_000000474,PRODUCT_000000111,2,5144.89,10289.78
ORDER_000000474_ITEM_002,ORDER_000000474,PRODUCT_000000164,4,63385.92,253543.68
ORDER_000000475_ITEM_001,ORDER_000000475,PRODUCT_000000217,5,5712.09,28560.45
ORDER_000000475_ITEM_002,ORDER_000000475,PRODUCT_000000317,5,5032.06,25160.30
ORDER_000000476_ITEM_001,ORDER_000000476,PRODUCT_000000403,5,1868.76,9343.80
ORDER_000000476_ITEM_002,ORDER_000000476,PRODUCT_000000238,2,709.92,1419.84
ORDER_000000477_ITEM_001,ORDER_000000477,PRODUCT_000000482,2,1961.27,3922.54
ORDER_000000477_ITEM_002,ORDER_000000477,PRODUCT_000000272,4,13222.81,52891.24
ORDER_000000478_ITEM_001,ORDER_000000478,PRODUCT_000000286,1,18315.20,18315.20
ORDER_000000478_ITEM_002,ORDER_000000478,PRODUCT_000000157,2,1512.91,3025.82
ORDER_000000479_ITEM_001,ORDER_000000479,PRODUCT_000000161,5,684.54,3422.70
ORDER_000000479_ITEM_002,ORDER_000000479,PRODUCT_000000335,4,7748.73,30994.92
ORDER_000000480_ITEM_001,ORDER_000000480,PRODUCT_000000391,2,21049.94,42099.88
ORDER_000000480_ITEM_002,ORDER_000000480,PRODUCT_000000126,4,23808.94,95235.76
ORDER_000000481_ITEM_001,ORDER_000000481,PRODUCT_000000365,3,1131.39,3394.17
ORDER_000000481_ITEM_002,ORDER_000000481,PRODUCT_000000012,2,116699.02,233398.04
ORDER_000000482_ITEM_001,ORDER_000000482,PRODUCT_000000230,1,104957.16,104957.16
ORDER_000000482_ITEM_002,ORDER_000000482,PRODUCT_000000243,2,14614.47,29228.94
ORDER_000000483_ITEM_001,ORDER_000000483,PRODUCT_000000425,2,3973.74,7947.48
ORDER_000000483_ITEM_002,ORDER_000000483,PRODUCT_000000093,5,17022.09,85110.45
ORDER_000000484_ITEM_001,ORDER_000000484,PRODUCT_000000361,5,2902.94,14514.70
ORDER_000000484_ITEM_002,ORDER_000000484,PRODUCT_000000126,5,23808.94,119044.70
ORDER_000000485_ITEM_001,ORDER_000000485,PRODUCT_000000086,3,8488.74,25466.22
ORDER_000000485_ITEM_002,ORDER_000000485,PRODUCT_000000469,5,4611.19,23055.95
ORDER_000000486_ITEM_001,ORDER_000000486,PRODUCT_000000248,4,6350.16,25400.64
ORDER_000000486_ITEM_002,ORDER_000000486,PRODUCT_000000160,3,243.20,729.60
ORDER_000000487_ITEM_001,ORDER_000000487,PRODUCT_000000320,3,1644.19,4932.57
ORDER_000000487_ITEM_002,ORDER_000000487,PRODUCT_000000275,4,37395.96,149583.84
ORDER_000000488_ITEM_001,ORDER_000000488,PRODUCT_000000022,4,3619.59,14478.36
ORDER_000000488_ITEM_002,ORDER_000000488,PRODUCT_000000189,4,2291.77,9167.08
ORDER_000000489_ITEM_001,ORDER_000000489,PRODUCT_000000314,1,13535.22,13535.22
ORDER_000000489_ITEM_002,ORDER_000000489,PRODUCT_000000025,4,1480.92,5923.68
ORDER_000000490_ITEM_001,ORDER_000000490,PRODUCT_000000116,1,108578.88,108578.88
ORDER_000000490_ITEM_002,ORDER_000000490,PRODUCT_000000421,1,26929.93,26929.93
ORDER_000000491_ITEM_001,ORDER_000000491,PRODUCT_000000108,2,3286.97,6573.94
ORDER_000000491_ITEM_002,ORDER_000000491,PRODUCT_000000137,1,2720.00,2720.00
ORDER_000000492_ITEM_001,ORDER_000000492,PRODUCT_000000246,2,84103.35,168206.70
ORDER_000000492_ITEM_002,ORDER_000000492,PRODUCT_000000239,3,30240.84,90722.52
ORDER_000000493_ITEM_001,ORDER_000000493,PRODUCT_000000488,4,7299.35,29197.40
ORDER_000000493_ITEM_002,ORDER_000000493,PRODUCT_000000106,2,1964.81,3929.62
ORDER_000000494_ITEM_001,ORDER_000000494,PRODUCT_000000451,5,557.23,2786.15
ORDER_000000494_ITEM_002,ORDER_000000494,PRODUCT_000000462,3,87564.19,262692.57
ORDER_000000495_ITEM_001,ORDER_000000495,PRODUCT_000000180,4,131161.69,524646.76
ORDER_000000495_ITEM_002,ORDER_000000495,PRODUCT_000000078,2,99659.01,199318.02
ORDER_000000496_ITEM_001,ORDER_000000496,PRODUCT_000000137,2,2720.00,5440.00
ORDER_000000496_ITEM_002,ORDER_000000496,PRODUCT_000000031,1,223997.16,223997.16
ORDER_000000497_ITEM_001,ORDER_000000497,PRODUCT_000000122,4,5503.57,22014.28
ORDER_000000497_ITEM_002,ORDER_000000497,PRODUCT_000000445,1,957.74,957.74
ORDER_000000498_ITEM_001,ORDER_000000498,PRODUCT_000000415,4,77825.19,311300.76
ORDER_000000498_ITEM_002,ORDER_000000498,PRODUCT_000000227,3,51780.80,155342.40
ORDER_000000499_ITEM_001,ORDER_000000499,PRODUCT_000000141,2,11546.35,23092.70
ORDER_000000499_ITEM_002,ORDER_000000499,PRODUCT_000000186,1,11204.19,11204.19
ORDER_000000500_ITEM_001,ORDER_000000500,PRODUCT_000000392,1,38277.40,38277.40
ORDER_000000500_ITEM_002,ORDER_000000500,PRODUCT_000000313,3,108316.97,324950.91
ORDER_000000501_ITEM_001,ORDER_000000501,PRODUCT_000000188,3,35973.47,107920.41
ORDER_000000501_ITEM_002,ORDER_000000501,PRODUCT_000000062,5,5183.35,25916.75
ORDER_000000502_ITEM_001,ORDER_000000502,PRODUCT_000000045,5,35447.12,177235.60
ORDER_000000502_ITEM_002,ORDER_000000502,PRODUCT_000000345,4,106411.74,425646.96
ORDER_000000503_ITEM_001,ORDER_000000503,PRODUCT_000000009,1,51529.17,51529.17
ORDER_000000503_ITEM_002,ORDER_000000503,PRODUCT_000000326,1,12706.30,12706.30
ORDER_000000504_ITEM_001,ORDER_000000504,PRODUCT_000000219,1,10831.78,10831.78
ORDER_000000504_ITEM_002,ORDER_000000504,PRODUCT_000000329,4,9319.38,37277.52
ORDER_000000505_ITEM_001,ORDER_000000505,PRODUCT_000000005,3,3906.48,11719.44
ORDER_000000505_ITEM_002,ORDER_000000505,PRODUCT_000000120,4,73826.11,295304.44
ORDER_000000506_ITEM_001,ORDER_000000506,PRODUCT_000000380,2,2099.88,4199.76
ORDER_000000506_ITEM_002,ORDER_000000506,PRODUCT_000000274,2,145414.87,290829.74
ORDER_000000507_ITEM_001,ORDER_000000507,PRODUCT_000000200,5,22985.98,114929.90
ORDER_000000507_ITEM_002,ORDER_000000507,PRODUCT_000000128,4,10367.22,41468.88
ORDER_000000508_ITEM_001,ORDER_000000508,PRODUCT_000000212,1,10759.26,10759.26
ORDER_000000508_ITEM_002,ORDER_000000508,PRODUCT_000000472,4,2444.82,9779.28
ORDER_000000509_ITEM_001,ORDER_000000509,PRODUCT_000000214,5,37438.96,187194.80
ORDER_000000509_ITEM_002,ORDER_000000509,PRODUCT_000000196,5,713.24,3566.20
ORDER_000000510_ITEM_001,ORDER_000000510,PRODUCT_000000478,3,5870.96,17612.88
ORDER_000000510_ITEM_002,ORDER_000000510,PRODUCT_000000427,1,820.10,820.10
ORDER_000000511_ITEM_001,ORDER_000000511,PRODUCT_000000218,1,7029.23,7029.23
ORDER_000000511_ITEM_002,ORDER_000000511,PRODUCT_000000200,3,22985.98,68957.94
ORDER_000000512_ITEM_001,ORDER_000000512,PRODUCT_000000288,2,105802.00,211604.00
ORDER_000000512_ITEM_002,ORDER_000000512,PRODUCT_000000145,3,3868.10,11604.30
ORDER_000000513_ITEM_001,ORDER_000000513,PRODUCT_000000060,2,61306.51,122613.02
ORDER_000000513_ITEM_002,ORDER_000000513,PRODUCT_000000002,2,64148.53,128297.06
ORDER_000000514_ITEM_001,ORDER_000000514,PRODUCT_000000274,2,145414.87,290829.74
ORDER_000000514_ITEM_002,ORDER_000000514,PRODUCT_000000246,5,84103.35,420516.75
ORDER_000000515_ITEM_001,ORDER_000000515,PRODUCT_000000084,1,69985.17,69985.17
ORDER_000000515_ITEM_002,ORDER_000000515,PRODUCT_000000248,4,6350.16,25400.64
ORDER_000000516_ITEM_001,ORDER_000000516,PRODUCT_000000444,2,3373.26,6746.52
ORDER_000000516_ITEM_002,ORDER_000000516,PRODUCT_000000419,2,1633.27,3266.54
ORDER_000000517_ITEM_001,ORDER_000000517,PRODUCT_000000464,2,46076.82,92153.64
ORDER_000000517_ITEM_002,ORDER_000000517,PRODUCT_000000073,5,595.40,2977.00
ORDER_000000518_ITEM_001,ORDER_000000518,PRODUCT_000000408,4,291.08,1164.32
ORDER_000000518_ITEM_002,ORDER_000000518,PRODUCT_000000483,1,11174.40,11174.40
ORDER_000000519_ITEM_001,ORDER_000000519,PRODUCT_000000103,2,63093.38,126186.76
ORDER_000000519_ITEM_002,ORDER_000000519,PRODUCT_000000068,5,603.83,3019.15
ORDER_000000520_ITEM_001,ORDER_000000520,PRODUCT_000000298,4,335.33,1341.32
ORDER_000000520_ITEM_002,ORDER_000000520,PRODUCT_000000093,5,17022.09,85110.45
ORDER_000000521_ITEM_001,ORDER_000000521,PRODUCT_000000428,2,180920.89,361841.78
ORDER_000000521_ITEM_002,ORDER_000000521,PRODUCT_000000336,5,9981.53,49907.65
ORDER_000000522_ITEM_001,ORDER_000000522,PRODUCT_000000229,5,12881.53,64407.65
ORDER_000000522_ITEM_002,ORDER_000000522,PRODUCT_000000363,2,1679.27,3358.54
ORDER_000000523_ITEM_001,ORDER_000000523,PRODUCT_000000368,3,9454.76,28364.28
ORDER_000000523_ITEM_002,ORDER_000000523,PRODUCT_000000421,5,26929.93,134649.65
ORDER_000000524_ITEM_001,ORDER_000000524,PRODUCT_000000088,1,4393.00,4393.00
ORDER_000000524_ITEM_002,ORDER_000000524,PRODUCT_000000450,1,137048.55,137048.55
ORDER_000000525_ITEM_001,ORDER_000000525,PRODUCT_000000179,3,16969.41,50908.23
ORDER_000000525_ITEM_002,ORDER_000000525,PRODUCT_000000300,1,3971.91,3971.91
ORDER_000000526_ITEM_001,ORDER_000000526,PRODUCT_000000074,3,75286.95,225860.85
ORDER_000000526_ITEM_002,ORDER_000000526,PRODUCT_000000005,4,3906.48,15625.92
ORDER_000000527_ITEM_001,ORDER_000000527,PRODUCT_000000009,3,51529.17,154587.51
ORDER_000000527_ITEM_002,ORDER_000000527,PRODUCT_000000037,1,28745.87,28745.87
ORDER_000000528_ITEM_001,ORDER_000000528,PRODUCT_000000154,5,17743.63,88718.15
ORDER_000000528_ITEM_002,ORDER_000000528,PRODUCT_000000413,3,782.86,2348.58
ORDER_000000529_ITEM_001,ORDER_000000529,PRODUCT_000000437,2,5692.44,11384.88
ORDER_000000529_ITEM_002,ORDER_000000529,PRODUCT_000000070,3,82897.23,248691.69
ORDER_000000530_ITEM_001,ORDER_000000530,PRODUCT_000000104,4,42385.77,169543.08
ORDER_000000530_ITEM_002,ORDER_000000530,PRODUCT_000000163,5,21213.87,106069.35
ORDER_000000531_ITEM_001,ORDER_000000531,PRODUCT_000000359,3,31351.97,94055.91
ORDER_000000531_ITEM_002,ORDER_000000531,PRODUCT_000000023,1,1295.31,1295.31
ORDER_000000532_ITEM_001,ORDER_000000532,PRODUCT_000000014,1,31645.32,31645.32
ORDER_000000532_ITEM_002,ORDER_000000532,PRODUCT_000000305,1,2574.22,2574.22
ORDER_000000533_ITEM_001,ORDER_000000533,PRODUCT_000000382,2,36449.53,72899.06
ORDER_000000533_ITEM_002,ORDER_000000533,PRODUCT_000000414,3,57878.53,173635.59
ORDER_000000534_ITEM_001,ORDER_000000534,PRODUCT_000000175,4,40112.08,160448.32
ORDER_000000534_ITEM_002,ORDER_000000534,PRODUCT_000000412,5,65524.59,327622.95
ORDER_000000535_ITEM_001,ORDER_000000535,PRODUCT_000000053,5,120555.53,602777.65
ORDER_000000535_ITEM_002,ORDER_000000535,PRODUCT_000000115,3,1102.21,3306.63
ORDER_000000536_ITEM_001,ORDER_000000536,PRODUCT_000000437,3,5692.44,17077.32
ORDER_000000536_ITEM_002,ORDER_000000536,PRODUCT_000000234,2,8118.02,16236.04
ORDER_000000537_ITEM_001,ORDER_000000537,PRODUCT_000000378,5,253.91,1269.55
ORDER_000000537_ITEM_002,ORDER_000000537,PRODUCT_000000187,3,1398.69,4196.07
ORDER_000000538_ITEM_001,ORDER_000000538,PRODUCT_000000345,3,106411.74,319235.22
ORDER_000000538_ITEM_002,ORDER_000000538,PRODUCT_000000112,2,20260.19,40520.38
ORDER_000000539_ITEM_001,ORDER_000000539,PRODUCT_000000049,5,194087.22,970436.10
ORDER_000000539_ITEM_002,ORDER_000000539,PRODUCT_000000489,4,65761.05,263044.20
ORDER_000000540_ITEM_001,ORDER_000000540,PRODUCT_000000259,3,8268.46,24805.38
ORDER_000000540_ITEM_002,ORDER_000000540,PRODUCT_000000311,3,6289.30,18867.90
ORDER_000000541_ITEM_001,ORDER_000000541,PRODUCT_000000057,3,181686.00,545058.00
ORDER_000000541_ITEM_002,ORDER_000000541,PRODUCT_000000468,2,11339.62,22679.24
ORDER_000000542_ITEM_001,ORDER_000000542,PRODUCT_000000018,3,54878.11,164634.33
ORDER_000000542_ITEM_002,ORDER_000000542,PRODUCT_000000033,5,84979.83,424899.15
ORDER_000000543_ITEM_001,ORDER_000000543,PRODUCT_000000431,1,28619.97,28619.97
ORDER_000000543_ITEM_002,ORDER_000000543,PRODUCT_000000232,4,4022.49,16089.96
ORDER_000000544_ITEM_001,ORDER_000000544,PRODUCT_000000353,4,761.53,3046.12
ORDER_000000544_ITEM_002,ORDER_000000544,PRODUCT_000000387,3,22127.64,66382.92
ORDER_000000545_ITEM_001,ORDER_000000545,PRODUCT_000000498,4,2542.71,10170.84
ORDER_000000545_ITEM_002,ORDER_000000545,PRODUCT_000000237,1,40793.49,40793.49
ORDER_000000546_ITEM_001,ORDER_000000546,PRODUCT_000000385,5,2562.52,12812.60
ORDER_000000546_ITEM_002,ORDER_000000546,PRODUCT_000000405,2,6190.14,12380.28
ORDER_000000547_ITEM_001,ORDER_000000547,PRODUCT_000000084,3,69985.17,209955.51
ORDER_000000547_ITEM_002,ORDER_000000547,PRODUCT_000000153,3,1314.83,3944.49
ORDER_000000548_ITEM_001,ORDER_000000548,PRODUCT_000000276,5,6006.43,30032.15
ORDER_000000548_ITEM_002,ORDER_000000548,PRODUCT_000000333,1,530.81,530.81
ORDER_000000549_ITEM_001,ORDER_000000549,PRODUCT_000000318,4,11683.06,46732.24
ORDER_000000549_ITEM_002,ORDER_000000549,PRODUCT_000000153,3,1314.83,3944.49
ORDER_000000550_ITEM_001,ORDER_000000550,PRODUCT_000000273,4,93376.09,373504.36
ORDER_000000550_ITEM_002,ORDER_000000550,PRODUCT_000000207,4,551.65,2206.60
ORDER_000000551_ITEM_001,ORDER_000000551,PRODUCT_000000289,3,66663.17,199989.51
ORDER_000000551_ITEM_002,ORDER_000000551,PRODUCT_000000016,4,71215.48,284861.92
ORDER_000000552_ITEM_001,ORDER_000000552,PRODUCT_000000075,1,13044.69,13044.69
ORDER_000000552_ITEM_002,ORDER_000000552,PRODUCT_000000223,4,3175.58,12702.32
ORDER_000000553_ITEM_001,ORDER_000000553,PRODUCT_000000281,2,385.35,770.70
ORDER_000000553_ITEM_002,ORDER_000000553,PRODUCT_000000446,4,2878.87,11515.48
ORDER_000000554_ITEM_001,ORDER_000000554,PRODUCT_000000024,2,2660.53,5321.06
ORDER_000000554_ITEM_002,ORDER_000000554,PRODUCT_000000474,4,690.90,2763.60
ORDER_000000555_ITEM_001,ORDER_000000555,PRODUCT_000000349,5,2148.69,10743.45
ORDER_000000555_ITEM_002,ORDER_000000555,PRODUCT_000000062,2,5183.35,10366.70
ORDER_000000556_ITEM_001,ORDER_000000556,PRODUCT_000000237,1,40793.49,40793.49
ORDER_000000556_ITEM_002,ORDER_000000556,PRODUCT_000000190,2,1821.64,3643.28
ORDER_000000557_ITEM_001,ORDER_000000557,PRODUCT_000000382,5,36449.53,182247.65
ORDER_000000557_ITEM_002,ORDER_000000557,PRODUCT_000000348,2,511.50,1023.00
ORDER_000000558_ITEM_001,ORDER_000000558,PRODUCT_000000496,3,970.45,2911.35
ORDER_000000558_ITEM_002,ORDER_000000558,PRODUCT_000000446,4,2878.87,11515.48
ORDER_000000559_ITEM_001,ORDER_000000559,PRODUCT_000000239,3,30240.84,90722.52
ORDER_000000559_ITEM_002,ORDER_000000559,PRODUCT_000000114,1,140563.09,140563.09
ORDER_000000560_ITEM_001,ORDER_000000560,PRODUCT_000000106,2,1964.81,3929.62
ORDER_000000560_ITEM_002,ORDER_000000560,PRODUCT_000000144,5,1419.24,7096.20
ORDER_000000561_ITEM_001,ORDER_000000561,PRODUCT_000000054,4,1153.40,4613.60
ORDER_000000561_ITEM_002,ORDER_000000561,PRODUCT_000000380,3,2099.88,6299.64
ORDER_000000562_ITEM_001,ORDER_000000562,PRODUCT_000000173,1,18158.57,18158.57
ORDER_000000562_ITEM_002,ORDER_000000562,PRODUCT_000000161,3,684.54,2053.62
ORDER_000000563_ITEM_001,ORDER_000000563,PRODUCT_000000183,1,39378.79,39378.79
ORDER_000000563_ITEM_002,ORDER_000000563,PRODUCT_000000335,3,7748.73,23246.19
ORDER_000000564_ITEM_001,ORDER_000000564,PRODUCT_000000060,5,61306.51,306532.55
ORDER_000000564_ITEM_002,ORDER_000000564,PRODUCT_000000126,5,23808.94,119044.70
ORDER_000000565_ITEM_001,ORDER_000000565,PRODUCT_000000269,4,396.98,1587.92
ORDER_000000565_ITEM_002,ORDER_000000565,PRODUCT_000000046,5,3078.68,15393.40
ORDER_000000566_ITEM_001,ORDER_000000566,PRODUCT_000000292,5,16024.87,80124.35
ORDER_000000566_ITEM_002,ORDER_000000566,PRODUCT_000000349,1,2148.69,2148.69
ORDER_000000567_ITEM_001,ORDER_000000567,PRODUCT_000000222,2,26935.38,53870.76
ORDER_000000567_ITEM_002,ORDER_000000567,PRODUCT_000000048,4,71251.17,285004.68
ORDER_000000568_ITEM_001,ORDER_000000568,PRODUCT_000000245,1,2849.98,2849.98
ORDER_000000568_ITEM_002,ORDER_000000568,PRODUCT_000000012,2,116699.02,233398.04
ORDER_000000569_ITEM_001,ORDER_000000569,PRODUCT_000000199,5,48433.40,242167.00
ORDER_000000569_ITEM_002,ORDER_000000569,PRODUCT_000000334,3,921.24,2763.72
ORDER_000000570_ITEM_001,ORDER_000000570,PRODUCT_000000223,3,3175.58,9526.74
ORDER_000000570_ITEM_002,ORDER_000000570,PRODUCT_000000176,4,498.75,1995.00
ORDER_000000571_ITEM_001,ORDER_000000571,PRODUCT_000000038,1,5864.01,5864.01
ORDER_000000571_ITEM_002,ORDER_000000571,PRODUCT_000000261,3,26099.88,78299.64
ORDER_000000572_ITEM_001,ORDER_000000572,PRODUCT_000000334,4,921.24,3684.96
ORDER_000000572_ITEM_002,ORDER_000000572,PRODUCT_000000303,4,28560.91,114243.64
ORDER_000000573_ITEM_001,ORDER_000000573,PRODUCT_000000110,2,7868.39,15736.78
ORDER_000000573_ITEM_002,ORDER_000000573,PRODUCT_000000500,3,66111.23,198333.69
ORDER_000000574_ITEM_001,ORDER_000000574,PRODUCT_000000399,3,1168.76,3506.28
ORDER_000000574_ITEM_002,ORDER_000000574,PRODUCT_000000240,1,8842.70,8842.70
ORDER_000000575_ITEM_001,ORDER_000000575,PRODUCT_000000377,4,11772.95,47091.80
ORDER_000000575_ITEM_002,ORDER_000000575,PRODUCT_000000164,5,63385.92,316929.60
ORDER_000000576_ITEM_001,ORDER_000000576,PRODUCT_000000383,1,1933.39,1933.39
ORDER_000000576_ITEM_002,ORDER_000000576,PRODUCT_000000347,4,424.29,1697.16
ORDER_000000577_ITEM_001,ORDER_000000577,PRODUCT_000000422,4,76372.72,305490.88
ORDER_000000577_ITEM_002,ORDER_000000577,PRODUCT_000000187,5,1398.69,6993.45
ORDER_000000578_ITEM_001,ORDER_000000578,PRODUCT_000000288,5,105802.00,529010.00
ORDER_000000578_ITEM_002,ORDER_000000578,PRODUCT_000000026,2,18909.61,37819.22
ORDER_000000579_ITEM_001,ORDER_000000579,PRODUCT_000000303,2,28560.91,57121.82
ORDER_000000579_ITEM_002,ORDER_000000579,PRODUCT_000000469,4,4611.19,18444.76
ORDER_000000580_ITEM_001,ORDER_000000580,PRODUCT_000000494,4,535.49,2141.96
ORDER_000000580_ITEM_002,ORDER_000000580,PRODUCT_000000386,4,7104.14,28416.56
ORDER_000000581_ITEM_001,ORDER_000000581,PRODUCT_000000114,5,140563.09,702815.45
ORDER_000000581_ITEM_002,ORDER_000000581,PRODUCT_000000420,2,33996.43,67992.86
ORDER_000000582_ITEM_001,ORDER_000000582,PRODUCT_000000113,4,13504.86,54019.44
ORDER_000000582_ITEM_002,ORDER_000000582,PRODUCT_000000073,5,595.40,2977.00
ORDER_000000583_ITEM_001,ORDER_000000583,PRODUCT_000000393,5,2674.57,13372.85
ORDER_000000583_ITEM_002,ORDER_000000583,PRODUCT_000000053,4,120555.53,482222.12
ORDER_000000584_ITEM_001,ORDER_000000584,PRODUCT_000000239,2,30240.84,60481.68
ORDER_000000584_ITEM_002,ORDER_000000584,PRODUCT_000000441,2,38509.69,77019.38
ORDER_000000585_ITEM_001,ORDER_000000585,PRODUCT_000000162,5,12519.41,62597.05
ORDER_000000585_ITEM_002,ORDER_000000585,PRODUCT_000000281,3,385.35,1156.05
ORDER_000000586_ITEM_001,ORDER_000000586,PRODUCT_000000118,1,115069.78,115069.78
ORDER_000000586_ITEM_002,ORDER_000000586,PRODUCT_000000423,4,2075.71,8302.84
ORDER_000000587_ITEM_001,ORDER_000000587,PRODUCT_000000247,3,976.86,2930.58
ORDER_000000587_ITEM_002,ORDER_000000587,PRODUCT_000000219,3,10831.78,32495.34
ORDER_000000588_ITEM_001,ORDER_000000588,PRODUCT_000000286,2,18315.20,36630.40
ORDER_000000588_ITEM_002,ORDER_000000588,PRODUCT_000000114,3,140563.09,421689.27
ORDER_000000589_ITEM_001,ORDER_000000589,PRODUCT_000000289,5,66663.17,333315.85
ORDER_000000589_ITEM_002,ORDER_000000589,PRODUCT_000000152,4,1691.46,6765.84
ORDER_000000590_ITEM_001,ORDER_000000590,PRODUCT_000000289,4,66663.17,266652.68
ORDER_000000590_ITEM_002,ORDER_000000590,PRODUCT_000000238,4,709.92,2839.68
ORDER_000000591_ITEM_001,ORDER_000000591,PRODUCT_000000308,5,10454.59,52272.95
ORDER_000000591_ITEM_002,ORDER_000000591,PRODUCT_000000149,4,500.36,2001.44
ORDER_000000592_ITEM_001,ORDER_000000592,PRODUCT_000000398,2,5027.03,10054.06
ORDER_000000592_ITEM_002,ORDER_000000592,PRODUCT_000000271,1,7343.39,7343.39
ORDER_000000593_ITEM_001,ORDER_000000593,PRODUCT_000000429,5,54612.57,273062.85
ORDER_000000593_ITEM_002,ORDER_000000593,PRODUCT_000000139,1,955.15,955.15
ORDER_000000594_ITEM_001,ORDER_000000594,PRODUCT_000000008,5,113431.81,567159.05
ORDER_000000594_ITEM_002,ORDER_000000594,PRODUCT_000000196,2,713.24,1426.48
ORDER_000000595_ITEM_001,ORDER_000000595,PRODUCT_000000055,2,77397.64,154795.28
ORDER_000000595_ITEM_002,ORDER_000000595,PRODUCT_000000434,1,1900.67,1900.67
ORDER_000000596_ITEM_001,ORDER_000000596,PRODUCT_000000386,4,7104.14,28416.56
ORDER_000000596_ITEM_002,ORDER_000000596,PRODUCT_000000137,5,2720.00,13600.00
ORDER_000000597_ITEM_001,ORDER_000000597,PRODUCT_000000116,1,108578.88,108578.88
ORDER_000000597_ITEM_002,ORDER_000000597,PRODUCT_000000407,3,71009.01,213027.03
ORDER_000000598_ITEM_001,ORDER_000000598,PRODUCT_000000429,2,54612.57,109225.14
ORDER_000000598_ITEM_002,ORDER_000000598,PRODUCT_000000407,2,71009.01,142018.02
ORDER_000000599_ITEM_001,ORDER_000000599,PRODUCT_000000212,5,10759.26,53796.30
ORDER_000000599_ITEM_002,ORDER_000000599,PRODUCT_000000167,5,29972.62,149863.10
ORDER_000000600_ITEM_001,ORDER_000000600,PRODUCT_000000415,3,77825.19,233475.57
ORDER_000000600_ITEM_002,ORDER_000000600,PRODUCT_000000083,2,68919.06,137838.12
ORDER_000000601_ITEM_001,ORDER_000000601,PRODUCT_000000403,2,1868.76,3737.52
ORDER_000000601_ITEM_002,ORDER_000000601,PRODUCT_000000113,4,13504.86,54019.44
ORDER_000000602_ITEM_001,ORDER_000000602,PRODUCT_000000269,2,396.98,793.96
ORDER_000000602_ITEM_002,ORDER_000000602,PRODUCT_000000448,5,30757.35,153786.75
ORDER_000000603_ITEM_001,ORDER_000000603,PRODUCT_000000385,1,2562.52,2562.52
ORDER_000000603_ITEM_002,ORDER_000000603,PRODUCT_000000379,4,788.70,3154.80
ORDER_000000604_ITEM_001,ORDER_000000604,PRODUCT_000000347,3,424.29,1272.87
ORDER_000000604_ITEM_002,ORDER_000000604,PRODUCT_000000483,1,11174.40,11174.40
ORDER_000000605_ITEM_001,ORDER_000000605,PRODUCT_000000009,2,51529.17,103058.34
ORDER_000000605_ITEM_002,ORDER_000000605,PRODUCT_000000308,4,10454.59,41818.36
ORDER_000000606_ITEM_001,ORDER_000000606,PRODUCT_000000334,1,921.24,921.24
ORDER_000000606_ITEM_002,ORDER_000000606,PRODUCT_000000267,5,451.33,2256.65
ORDER_000000607_ITEM_001,ORDER_000000607,PRODUCT_000000438,5,40311.65,201558.25
ORDER_000000607_ITEM_002,ORDER_000000607,PRODUCT_000000260,3,2417.05,7251.15
ORDER_000000608_ITEM_001,ORDER_000000608,PRODUCT_000000152,4,1691.46,6765.84
ORDER_000000608_ITEM_002,ORDER_000000608,PRODUCT_000000110,4,7868.39,31473.56
ORDER_000000609_ITEM_001,ORDER_000000609,PRODUCT_000000325,2,4259.98,8519.96
ORDER_000000609_ITEM_002,ORDER_000000609,PRODUCT_000000344,4,108319.93,433279.72
ORDER_000000610_ITEM_001,ORDER_000000610,PRODUCT_000000352,5,17207.18,86035.90
ORDER_000000610_ITEM_002,ORDER_000000610,PRODUCT_000000004,4,84297.47,337189.88
ORDER_000000611_ITEM_001,ORDER_000000611,PRODUCT_000000005,4,3906.48,15625.92
ORDER_000000611_ITEM_002,ORDER_000000611,PRODUCT_000000084,2,69985.17,139970.34
ORDER_000000612_ITEM_001,ORDER_000000612,PRODUCT_000000182,2,906.52,1813.04
ORDER_000000612_ITEM_002,ORDER_000000612,PRODUCT_000000490,4,5004.64,20018.56
ORDER_000000613_ITEM_001,ORDER_000000613,PRODUCT_000000418,1,3679.29,3679.29
ORDER_000000613_ITEM_002,ORDER_000000613,PRODUCT_000000082,3,904.37,2713.11
ORDER_000000614_ITEM_001,ORDER_000000614,PRODUCT_000000131,2,8366.73,16733.46
ORDER_000000614_ITEM_002,ORDER_000000614,PRODUCT_000000246,5,84103.35,420516.75
ORDER_000000615_ITEM_001,ORDER_000000615,PRODUCT_000000376,5,1235.61,6178.05
ORDER_000000615_ITEM_002,ORDER_000000615,PRODUCT_000000017,2,17512.73,35025.46
ORDER_000000616_ITEM_001,ORDER_000000616,PRODUCT_000000367,2,84997.19,169994.38
ORDER_000000616_ITEM_002,ORDER_000000616,PRODUCT_000000495,5,111322.66,556613.30
ORDER_000000617_ITEM_001,ORDER_000000617,PRODUCT_000000414,4,57878.53,231514.12
ORDER_000000617_ITEM_002,ORDER_000000617,PRODUCT_000000418,5,3679.29,18396.45
ORDER_000000618_ITEM_001,ORDER_000000618,PRODUCT_000000097,1,29573.36,29573.36
ORDER_000000618_ITEM_002,ORDER_000000618,PRODUCT_000000192,2,10837.79,21675.58
ORDER_000000619_ITEM_001,ORDER_000000619,PRODUCT_000000457,5,20677.50,103387.50
ORDER_000000619_ITEM_002,ORDER_000000619,PRODUCT_000000280,4,8266.88,33067.52
ORDER_000000620_ITEM_001,ORDER_000000620,PRODUCT_000000472,1,2444.82,2444.82
ORDER_000000620_ITEM_002,ORDER_000000620,PRODUCT_000000307,4,8253.54,33014.16
ORDER_000000621_ITEM_001,ORDER_000000621,PRODUCT_000000154,1,17743.63,17743.63
ORDER_000000621_ITEM_002,ORDER_000000621,PRODUCT_000000467,2,89885.32,179770.64
ORDER_000000622_ITEM_001,ORDER_000000622,PRODUCT_000000406,5,130798.44,653992.20
ORDER_000000622_ITEM_002,ORDER_000000622,PRODUCT_000000323,5,111157.95,555789.75
ORDER_000000623_ITEM_001,ORDER_000000623,PRODUCT_000000437,1,5692.44,5692.44
ORDER_000000623_ITEM_002,ORDER_000000623,PRODUCT_000000417,3,2286.08,6858.24
ORDER_000000624_ITEM_001,ORDER_000000624,PRODUCT_000000226,1,2585.73,2585.73
ORDER_000000624_ITEM_002,ORDER_000000624,PRODUCT_000000485,4,123226.74,492906.96
ORDER_000000625_ITEM_001,ORDER_000000625,PRODUCT_000000333,1,530.81,530.81
ORDER_000000625_ITEM_002,ORDER_000000625,PRODUCT_000000463,2,1804.78,3609.56
ORDER_000000626_ITEM_001,ORDER_000000626,PRODUCT_000000114,2,140563.09,281126.18
ORDER_000000626_ITEM_002,ORDER_000000626,PRODUCT_000000410,3,6005.71,18017.13
ORDER_000000627_ITEM_001,ORDER_000000627,PRODUCT_000000189,1,2291.77,2291.77
ORDER_000000627_ITEM_002,ORDER_000000627,PRODUCT_000000312,2,508.37,1016.74
ORDER_000000628_ITEM_001,ORDER_000000628,PRODUCT_000000291,5,108213.93,541069.65
ORDER_000000628_ITEM_002,ORDER_000000628,PRODUCT_000000437,4,5692.44,22769.76
ORDER_000000629_ITEM_001,ORDER_000000629,PRODUCT_000000408,3,291.08,873.24
ORDER_000000629_ITEM_002,ORDER_000000629,PRODUCT_000000437,2,5692.44,11384.88
ORDER_000000630_ITEM_001,ORDER_000000630,PRODUCT_000000499,5,22717.74,113588.70
ORDER_000000630_ITEM_002,ORDER_000000630,PRODUCT_000000348,3,511.50,1534.50
ORDER_000000631_ITEM_001,ORDER_000000631,PRODUCT_000000334,3,921.24,2763.72
ORDER_000000631_ITEM_002,ORDER_000000631,PRODUCT_000000165,3,91589.22,274767.66
ORDER_000000632_ITEM_001,ORDER_000000632,PRODUCT_000000491,1,116914.83,116914.83
ORDER_000000632_ITEM_002,ORDER_000000632,PRODUCT_000000284,3,25462.80,76388.40
ORDER_000000633_ITEM_001,ORDER_000000633,PRODUCT_000000236,1,1537.45,1537.45
ORDER_000000633_ITEM_002,ORDER_000000633,PRODUCT_000000357,1,64399.68,64399.68
ORDER_000000634_ITEM_001,ORDER_000000634,PRODUCT_000000236,2,1537.45,3074.90
ORDER_000000634_ITEM_002,ORDER_000000634,PRODUCT_000000181,3,1727.48,5182.44
ORDER_000000635_ITEM_001,ORDER_000000635,PRODUCT_000000075,5,13044.69,65223.45
ORDER_000000635_ITEM_002,ORDER_000000635,PRODUCT_000000473,2,10475.93,20951.86
ORDER_000000636_ITEM_001,ORDER_000000636,PRODUCT_000000270,5,4362.80,21814.00
ORDER_000000636_ITEM_002,ORDER_000000636,PRODUCT_000000307,3,8253.54,24760.62
ORDER_000000637_ITEM_001,ORDER_000000637,PRODUCT_000000313,4,108316.97,433267.88
ORDER_000000637_ITEM_002,ORDER_000000637,PRODUCT_000000241,3,19528.30,58584.90
ORDER_000000638_ITEM_001,ORDER_000000638,PRODUCT_000000346,3,90006.80,270020.40
ORDER_000000638_ITEM_002,ORDER_000000638,PRODUCT_000000276,4,6006.43,24025.72
ORDER_000000639_ITEM_001,ORDER_000000639,PRODUCT_000000473,1,10475.93,10475.93
ORDER_000000639_ITEM_002,ORDER_000000639,PRODUCT_000000363,3,1679.27,5037.81
ORDER_000000640_ITEM_001,ORDER_000000640,PRODUCT_000000195,2,3974.21,7948.42
ORDER_000000640_ITEM_002,ORDER_000000640,PRODUCT_000000076,1,2000.71,2000.71
ORDER_000000641_ITEM_001,ORDER_000000641,PRODUCT_000000449,5,10447.59,52237.95
ORDER_000000641_ITEM_002,ORDER_000000641,PRODUCT_000000032,2,916.80,1833.60
ORDER_000000642_ITEM_001,ORDER_000000642,PRODUCT_000000441,4,38509.69,154038.76
ORDER_000000642_ITEM_002,ORDER_000000642,PRODUCT_000000372,3,55828.82,167486.46
ORDER_000000643_ITEM_001,ORDER_000000643,PRODUCT_000000342,1,63802.09,63802.09
ORDER_000000643_ITEM_002,ORDER_000000643,PRODUCT_000000240,2,8842.70,17685.40
ORDER_000000644_ITEM_001,ORDER_000000644,PRODUCT_000000039,4,399.38,1597.52
ORDER_000000644_ITEM_002,ORDER_000000644,PRODUCT_000000089,1,7426.76,7426.76
ORDER_000000645_ITEM_001,ORDER_000000645,PRODUCT_000000433,2,3121.66,6243.32
ORDER_000000645_ITEM_002,ORDER_000000645,PRODUCT_000000274,3,145414.87,436244.61
ORDER_000000646_ITEM_001,ORDER_000000646,PRODUCT_000000055,4,77397.64,309590.56
ORDER_000000646_ITEM_002,ORDER_000000646,PRODUCT_000000260,3,2417.05,7251.15
ORDER_000000647_ITEM_001,ORDER_000000647,PRODUCT_000000063,2,16707.24,33414.48
ORDER_000000647_ITEM_002,ORDER_000000647,PRODUCT_000000414,5,57878.53,289392.65
ORDER_000000648_ITEM_001,ORDER_000000648,PRODUCT_000000201,3,92050.96,276152.88
ORDER_000000648_ITEM_002,ORDER_000000648,PRODUCT_000000315,4,1366.86,5467.44
ORDER_000000649_ITEM_001,ORDER_000000649,PRODUCT_000000399,3,1168.76,3506.28
ORDER_000000649_ITEM_002,ORDER_000000649,PRODUCT_000000317,2,5032.06,10064.12
ORDER_000000650_ITEM_001,ORDER_000000650,PRODUCT_000000065,3,3214.64,9643.92
ORDER_000000650_ITEM_002,ORDER_000000650,PRODUCT_000000026,4,18909.61,75638.44
ORDER_000000651_ITEM_001,ORDER_000000651,PRODUCT_000000214,3,37438.96,112316.88
ORDER_000000651_ITEM_002,ORDER_000000651,PRODUCT_000000400,2,50864.82,101729.64
ORDER_000000652_ITEM_001,ORDER_000000652,PRODUCT_000000307,4,8253.54,33014.16
ORDER_000000652_ITEM_002,ORDER_000000652,PRODUCT_000000495,5,111322.66,556613.30
ORDER_000000653_ITEM_001,ORDER_000000653,PRODUCT_000000399,4,1168.76,4675.04
ORDER_000000653_ITEM_002,ORDER_000000653,PRODUCT_000000102,4,81407.93,325631.72
ORDER_000000654_ITEM_001,ORDER_000000654,PRODUCT_000000456,1,5850.98,5850.98
ORDER_000000654_ITEM_002,ORDER_000000654,PRODUCT_000000439,1,72153.89,72153.89
ORDER_000000655_ITEM_001,ORDER_000000655,PRODUCT_000000334,4,921.24,3684.96
ORDER_000000655_ITEM_002,ORDER_000000655,PRODUCT_000000493,4,1452.96,5811.84
ORDER_000000656_ITEM_001,ORDER_000000656,PRODUCT_000000147,2,79052.74,158105.48
ORDER_000000656_ITEM_002,ORDER_000000656,PRODUCT_000000009,5,51529.17,257645.85
ORDER_000000657_ITEM_001,ORDER_000000657,PRODUCT_000000038,3,5864.01,17592.03
ORDER_000000657_ITEM_002,ORDER_000000657,PRODUCT_000000071,3,27899.72,83699.16
ORDER_000000658_ITEM_001,ORDER_000000658,PRODUCT_000000108,3,3286.97,9860.91
ORDER_000000658_ITEM_002,ORDER_000000658,PRODUCT_000000173,4,18158.57,72634.28
ORDER_000000659_ITEM_001,ORDER_000000659,PRODUCT_000000180,3,131161.69,393485.07
ORDER_000000659_ITEM_002,ORDER_000000659,PRODUCT_000000465,2,27686.57,55373.14
ORDER_000000660_ITEM_001,ORDER_000000660,PRODUCT_000000087,2,55215.64,110431.28
ORDER_000000660_ITEM_002,ORDER_000000660,PRODUCT_000000428,1,180920.89,180920.89
ORDER_000000661_ITEM_001,ORDER_000000661,PRODUCT_000000090,2,727.26,1454.52
ORDER_000000661_ITEM_002,ORDER_000000661,PRODUCT_000000110,1,7868.39,7868.39
ORDER_000000662_ITEM_001,ORDER_000000662,PRODUCT_000000122,4,5503.57,22014.28
ORDER_000000662_ITEM_002,ORDER_000000662,PRODUCT_000000098,4,82015.47,328061.88
ORDER_000000663_ITEM_001,ORDER_000000663,PRODUCT_000000499,2,22717.74,45435.48
ORDER_000000663_ITEM_002,ORDER_000000663,PRODUCT_000000064,4,174728.07,698912.28
ORDER_000000664_ITEM_001,ORDER_000000664,PRODUCT_000000329,2,9319.38,18638.76
ORDER_000000664_ITEM_002,ORDER_000000664,PRODUCT_000000392,5,38277.40,191387.00
ORDER_000000665_ITEM_001,ORDER_000000665,PRODUCT_000000262,1,34449.06,34449.06
ORDER_000000665_ITEM_002,ORDER_000000665,PRODUCT_000000479,4,436.69,1746.76
ORDER_000000666_ITEM_001,ORDER_000000666,PRODUCT_000000363,3,1679.27,5037.81
ORDER_000000666_ITEM_002,ORDER_000000666,PRODUCT_000000304,1,12926.90,12926.90
ORDER_000000667_ITEM_001,ORDER_000000667,PRODUCT_000000101,1,1447.61,1447.61
ORDER_000000667_ITEM_002,ORDER_000000667,PRODUCT_000000049,3,194087.22,582261.66
ORDER_000000668_ITEM_001,ORDER_000000668,PRODUCT_000000209,1,4970.11,4970.11
ORDER_000000668_ITEM_002,ORDER_000000668,PRODUCT_000000182,5,906.52,4532.60
ORDER_000000669_ITEM_001,ORDER_000000669,PRODUCT_000000228,2,79825.81,159651.62
ORDER_000000669_ITEM_002,ORDER_000000669,PRODUCT_000000110,1,7868.39,7868.39
ORDER_000000670_ITEM_001,ORDER_000000670,PRODUCT_000000433,1,3121.66,3121.66
ORDER_000000670_ITEM_002,ORDER_000000670,PRODUCT_000000293,1,68391.63,68391.63
ORDER_000000671_ITEM_001,ORDER_000000671,PRODUCT_000000195,4,3974.21,15896.84
ORDER_000000671_ITEM_002,ORDER_000000671,PRODUCT_000000244,4,13044.75,52179.00
ORDER_000000672_ITEM_001,ORDER_000000672,PRODUCT_000000176,4,498.75,1995.00
ORDER_000000672_ITEM_002,ORDER_000000672,PRODUCT_000000386,2,7104.14,14208.28
ORDER_000000673_ITEM_001,ORDER_000000673,PRODUCT_000000058,2,20181.60,40363.20
ORDER_000000673_ITEM_002,ORDER_000000673,PRODUCT_000000273,5,93376.09,466880.45
ORDER_000000674_ITEM_001,ORDER_000000674,PRODUCT_000000477,4,130157.67,520630.68
ORDER_000000674_ITEM_002,ORDER_000000674,PRODUCT_000000050,3,191762.22,575286.66
ORDER_000000675_ITEM_001,ORDER_000000675,PRODUCT_000000177,4,29457.82,117831.28
ORDER_000000675_ITEM_002,ORDER_000000675,PRODUCT_000000247,1,976.86,976.86
ORDER_000000676_ITEM_001,ORDER_000000676,PRODUCT_000000458,3,38414.84,115244.52
ORDER_000000676_ITEM_002,ORDER_000000676,PRODUCT_000000255,5,52583.68,262918.40
ORDER_000000677_ITEM_001,ORDER_000000677,PRODUCT_000000422,3,76372.72,229118.16
ORDER_000000677_ITEM_002,ORDER_000000677,PRODUCT_000000423,4,2075.71,8302.84
ORDER_000000678_ITEM_001,ORDER_000000678,PRODUCT_000000166,2,6151.35,12302.70
ORDER_000000678_ITEM_002,ORDER_000000678,PRODUCT_000000426,2,14178.77,28357.54
ORDER_000000679_ITEM_001,ORDER_000000679,PRODUCT_000000284,4,25462.80,101851.20
ORDER_000000679_ITEM_002,ORDER_000000679,PRODUCT_000000203,4,131189.59,524758.36
ORDER_000000680_ITEM_001,ORDER_000000680,PRODUCT_000000293,3,68391.63,205174.89
ORDER_000000680_ITEM_002,ORDER_000000680,PRODUCT_000000085,3,95727.09,287181.27
ORDER_000000681_ITEM_001,ORDER_000000681,PRODUCT_000000398,4,5027.03,20108.12
ORDER_000000681_ITEM_002,ORDER_000000681,PRODUCT_000000362,4,311.22,1244.88
ORDER_000000682_ITEM_001,ORDER_000000682,PRODUCT_000000217,4,5712.09,22848.36
ORDER_000000682_ITEM_002,ORDER_000000682,PRODUCT_000000206,4,338.63,1354.52
ORDER_000000683_ITEM_001,ORDER_000000683,PRODUCT_000000184,5,120740.28,603701.40
ORDER_000000683_ITEM_002,ORDER_000000683,PRODUCT_000000049,2,194087.22,388174.44
ORDER_000000684_ITEM_001,ORDER_000000684,PRODUCT_000000188,3,35973.47,107920.41
ORDER_000000684_ITEM_002,ORDER_000000684,PRODUCT_000000399,5,1168.76,5843.80
ORDER_000000685_ITEM_001,ORDER_000000685,PRODUCT_000000314,1,13535.22,13535.22
ORDER_000000685_ITEM_002,ORDER_000000685,PRODUCT_000000191,1,936.27,936.27
ORDER_000000686_ITEM_001,ORDER_000000686,PRODUCT_000000230,1,104957.16,104957.16
ORDER_000000686_ITEM_002,ORDER_000000686,PRODUCT_000000206,3,338.63,1015.89
ORDER_000000687_ITEM_001,ORDER_000000687,PRODUCT_000000235,4,10340.23,41360.92
ORDER_000000687_ITEM_002,ORDER_000000687,PRODUCT_000000337,2,3208.91,6417.82
ORDER_000000688_ITEM_001,ORDER_000000688,PRODUCT_000000209,1,4970.11,4970.11
ORDER_000000688_ITEM_002,ORDER_000000688,PRODUCT_000000104,4,42385.77,169543.08
ORDER_000000689_ITEM_001,ORDER_000000689,PRODUCT_000000323,3,111157.95,333473.85
ORDER_000000689_ITEM_002,ORDER_000000689,PRODUCT_000000333,3,530.81,1592.43
ORDER_000000690_ITEM_001,ORDER_000000690,PRODUCT_000000141,5,11546.35,57731.75
ORDER_000000690_ITEM_002,ORDER_000000690,PRODUCT_000000159,2,40197.32,80394.64
ORDER_000000691_ITEM_001,ORDER_000000691,PRODUCT_000000178,1,11187.40,11187.40
ORDER_000000691_ITEM_002,ORDER_000000691,PRODUCT_000000057,5,181686.00,908430.00
ORDER_000000692_ITEM_001,ORDER_000000692,PRODUCT_000000259,4,8268.46,33073.84
ORDER_000000692_ITEM_002,ORDER_000000692,PRODUCT_000000338,4,17766.86,71067.44
ORDER_000000693_ITEM_001,ORDER_000000693,PRODUCT_000000317,5,5032.06,25160.30
ORDER_000000693_ITEM_002,ORDER_000000693,PRODUCT_000000268,1,230.02,230.02
ORDER_000000694_ITEM_001,ORDER_000000694,PRODUCT_000000463,2,1804.78,3609.56
ORDER_000000694_ITEM_002,ORDER_000000694,PRODUCT_000000422,4,76372.72,305490.88
ORDER_000000695_ITEM_001,ORDER_000000695,PRODUCT_000000157,3,1512.91,4538.73
ORDER_000000695_ITEM_002,ORDER_000000695,PRODUCT_000000073,1,595.40,595.40
ORDER_000000696_ITEM_001,ORDER_000000696,PRODUCT_000000125,5,48262.53,241312.65
ORDER_000000696_ITEM_002,ORDER_000000696,PRODUCT_000000333,5,530.81,2654.05
ORDER_000000697_ITEM_001,ORDER_000000697,PRODUCT_000000145,4,3868.10,15472.40
ORDER_000000697_ITEM_002,ORDER_000000697,PRODUCT_000000221,3,4631.09,13893.27
ORDER_000000698_ITEM_001,ORDER_000000698,PRODUCT_000000125,1,48262.53,48262.53
ORDER_000000698_ITEM_002,ORDER_000000698,PRODUCT_000000082,2,904.37,1808.74
ORDER_000000699_ITEM_001,ORDER_000000699,PRODUCT_000000212,4,10759.26,43037.04
ORDER_000000699_ITEM_002,ORDER_000000699,PRODUCT_000000201,5,92050.96,460254.80
ORDER_000000700_ITEM_001,ORDER_000000700,PRODUCT_000000417,3,2286.08,6858.24
ORDER_000000700_ITEM_002,ORDER_000000700,PRODUCT_000000014,4,31645.32,126581.28
ORDER_000000701_ITEM_001,ORDER_000000701,PRODUCT_000000057,4,181686.00,726744.00
ORDER_000000701_ITEM_002,ORDER_000000701,PRODUCT_000000188,3,35973.47,107920.41
ORDER_000000702_ITEM_001,ORDER_000000702,PRODUCT_000000144,3,1419.24,4257.72
ORDER_000000702_ITEM_002,ORDER_000000702,PRODUCT_000000457,3,20677.50,62032.50
ORDER_000000703_ITEM_001,ORDER_000000703,PRODUCT_000000201,1,92050.96,92050.96
ORDER_000000703_ITEM_002,ORDER_000000703,PRODUCT_000000114,3,140563.09,421689.27
ORDER_000000704_ITEM_001,ORDER_000000704,PRODUCT_000000040,2,21212.12,42424.24
ORDER_000000704_ITEM_002,ORDER_000000704,PRODUCT_000000313,3,108316.97,324950.91
ORDER_000000705_ITEM_001,ORDER_000000705,PRODUCT_000000289,4,66663.17,266652.68
ORDER_000000705_ITEM_002,ORDER_000000705,PRODUCT_000000319,5,52057.41,260287.05
ORDER_000000706_ITEM_001,ORDER_000000706,PRODUCT_000000248,4,6350.16,25400.64
ORDER_000000706_ITEM_002,ORDER_000000706,PRODUCT_000000306,5,16336.98,81684.90
ORDER_000000707_ITEM_001,ORDER_000000707,PRODUCT_000000044,5,24208.61,121043.05
ORDER_000000707_ITEM_002,ORDER_000000707,PRODUCT_000000366,1,11041.34,11041.34
ORDER_000000708_ITEM_001,ORDER_000000708,PRODUCT_000000377,2,11772.95,23545.90
ORDER_000000708_ITEM_002,ORDER_000000708,PRODUCT_000000362,3,311.22,933.66
ORDER_000000709_ITEM_001,ORDER_000000709,PRODUCT_000000287,1,2545.20,2545.20
ORDER_000000709_ITEM_002,ORDER_000000709,PRODUCT_000000036,3,49982.53,149947.59
ORDER_000000710_ITEM_001,ORDER_000000710,PRODUCT_000000031,2,223997.16,447994.32
ORDER_000000710_ITEM_002,ORDER_000000710,PRODUCT_000000461,1,66176.77,66176.77
ORDER_000000711_ITEM_001,ORDER_000000711,PRODUCT_000000045,5,35447.12,177235.60
ORDER_000000711_ITEM_002,ORDER_000000711,PRODUCT_000000026,5,18909.61,94548.05
ORDER_000000712_ITEM_001,ORDER_000000712,PRODUCT_000000191,3,936.27,2808.81
ORDER_000000712_ITEM_002,ORDER_000000712,PRODUCT_000000108,4,3286.97,13147.88
ORDER_000000713_ITEM_001,ORDER_000000713,PRODUCT_000000202,3,22299.06,66897.18
ORDER_000000713_ITEM_002,ORDER_000000713,PRODUCT_000000309,2,281.12,562.24
ORDER_000000714_ITEM_001,ORDER_000000714,PRODUCT_000000306,4,16336.98,65347.92
ORDER_000000714_ITEM_002,ORDER_000000714,PRODUCT_000000285,1,59012.72,59012.72
ORDER_000000715_ITEM_001,ORDER_000000715,PRODUCT_000000468,1,11339.62,11339.62
ORDER_000000715_ITEM_002,ORDER_000000715,PRODUCT_000000460,2,49238.06,98476.12
ORDER_000000716_ITEM_001,ORDER_000000716,PRODUCT_000000437,2,5692.44,11384.88
ORDER_000000716_ITEM_002,ORDER_000000716,PRODUCT_000000118,5,115069.78,575348.90
ORDER_000000717_ITEM_001,ORDER_000000717,PRODUCT_000000368,4,9454.76,37819.04
ORDER_000000717_ITEM_002,ORDER_000000717,PRODUCT_000000066,2,166045.11,332090.22
ORDER_000000718_ITEM_001,ORDER_000000718,PRODUCT_000000173,2,18158.57,36317.14
ORDER_000000718_ITEM_002,ORDER_000000718,PRODUCT_000000129,2,109019.55,218039.10
ORDER_000000719_ITEM_001,ORDER_000000719,PRODUCT_000000212,2,10759.26,21518.52
ORDER_000000719_ITEM_002,ORDER_000000719,PRODUCT_000000250,2,74845.58,149691.16
ORDER_000000720_ITEM_001,ORDER_000000720,PRODUCT_000000439,2,72153.89,144307.78
ORDER_000000720_ITEM_002,ORDER_000000720,PRODUCT_000000152,3,1691.46,5074.38
ORDER_000000721_ITEM_001,ORDER_000000721,PRODUCT_000000030,4,27973.94,111895.76
ORDER_000000721_ITEM_002,ORDER_000000721,PRODUCT_000000267,3,451.33,1353.99
ORDER_000000722_ITEM_001,ORDER_000000722,PRODUCT_000000370,4,3741.06,14964.24
ORDER_000000722_ITEM_002,ORDER_000000722,PRODUCT_000000105,4,630.25,2521.00
ORDER_000000723_ITEM_001,ORDER_000000723,PRODUCT_000000116,1,108578.88,108578.88
ORDER_000000723_ITEM_002,ORDER_000000723,PRODUCT_000000464,4,46076.82,184307.28
ORDER_000000724_ITEM_001,ORDER_000000724,PRODUCT_000000218,2,7029.23,14058.46
ORDER_000000724_ITEM_002,ORDER_000000724,PRODUCT_000000113,3,13504.86,40514.58
ORDER_000000725_ITEM_001,ORDER_000000725,PRODUCT_000000098,4,82015.47,328061.88
ORDER_000000725_ITEM_002,ORDER_000000725,PRODUCT_000000039,5,399.38,1996.90
ORDER_000000726_ITEM_001,ORDER_000000726,PRODUCT_000000472,3,2444.82,7334.46
ORDER_000000726_ITEM_002,ORDER_000000726,PRODUCT_000000425,4,3973.74,15894.96
ORDER_000000727_ITEM_001,ORDER_000000727,PRODUCT_000000314,5,13535.22,67676.10
ORDER_000000727_ITEM_002,ORDER_000000727,PRODUCT_000000245,2,2849.98,5699.96
ORDER_000000728_ITEM_001,ORDER_000000728,PRODUCT_000000050,1,191762.22,191762.22
ORDER_000000728_ITEM_002,ORDER_000000728,PRODUCT_000000170,5,2022.45,10112.25
ORDER_000000729_ITEM_001,ORDER_000000729,PRODUCT_000000449,4,10447.59,41790.36
ORDER_000000729_ITEM_002,ORDER_000000729,PRODUCT_000000242,3,2669.01,8007.03
ORDER_000000730_ITEM_001,ORDER_000000730,PRODUCT_000000288,2,105802.00,211604.00
ORDER_000000730_ITEM_002,ORDER_000000730,PRODUCT_000000458,3,38414.84,115244.52
ORDER_000000731_ITEM_001,ORDER_000000731,PRODUCT_000000200,5,22985.98,114929.90
ORDER_000000731_ITEM_002,ORDER_000000731,PRODUCT_000000169,5,1720.94,8604.70
ORDER_000000732_ITEM_001,ORDER_000000732,PRODUCT_000000235,1,10340.23,10340.23
ORDER_000000732_ITEM_002,ORDER_000000732,PRODUCT_000000101,3,1447.61,4342.83
ORDER_000000733_ITEM_001,ORDER_000000733,PRODUCT_000000022,4,3619.59,14478.36
ORDER_000000733_ITEM_002,ORDER_000000733,PRODUCT_000000361,1,2902.94,2902.94
ORDER_000000734_ITEM_001,ORDER_000000734,PRODUCT_000000242,4,2669.01,10676.04
ORDER_000000734_ITEM_002,ORDER_000000734,PRODUCT_000000074,4,75286.95,301147.80
ORDER_000000735_ITEM_001,ORDER_000000735,PRODUCT_000000177,2,29457.82,58915.64
ORDER_000000735_ITEM_002,ORDER_000000735,PRODUCT_000000033,2,84979.83,169959.66
ORDER_000000736_ITEM_001,ORDER_000000736,PRODUCT_000000264,1,2135.20,2135.20
ORDER_000000736_ITEM_002,ORDER_000000736,PRODUCT_000000295,4,38276.02,153104.08
ORDER_000000737_ITEM_001,ORDER_000000737,PRODUCT_000000373,5,1253.40,6267.00
ORDER_000000737_ITEM_002,ORDER_000000737,PRODUCT_000000048,3,71251.17,213753.51
ORDER_000000738_ITEM_001,ORDER_000000738,PRODUCT_000000282,5,114133.14,570665.70
ORDER_000000738_ITEM_002,ORDER_000000738,PRODUCT_000000274,1,145414.87,145414.87
ORDER_000000739_ITEM_001,ORDER_000000739,PRODUCT_000000215,2,5520.21,11040.42
ORDER_000000739_ITEM_002,ORDER_000000739,PRODUCT_000000406,1,130798.44,130798.44
ORDER_000000740_ITEM_001,ORDER_000000740,PRODUCT_000000024,5,2660.53,13302.65
ORDER_000000740_ITEM_002,ORDER_000000740,PRODUCT_000000490,5,5004.64,25023.20
ORDER_000000741_ITEM_001,ORDER_000000741,PRODUCT_000000132,5,48602.08,243010.40
ORDER_000000741_ITEM_002,ORDER_000000741,PRODUCT_000000152,4,1691.46,6765.84
ORDER_000000742_ITEM_001,ORDER_000000742,PRODUCT_000000244,3,13044.75,39134.25
ORDER_000000742_ITEM_002,ORDER_000000742,PRODUCT_000000045,1,35447.12,35447.12
ORDER_000000743_ITEM_001,ORDER_000000743,PRODUCT_000000443,2,1322.46,2644.92
ORDER_000000743_ITEM_002,ORDER_000000743,PRODUCT_000000373,1,1253.40,1253.40
ORDER_000000744_ITEM_001,ORDER_000000744,PRODUCT_000000220,2,5722.11,11444.22
ORDER_000000744_ITEM_002,ORDER_000000744,PRODUCT_000000193,1,1656.01,1656.01
ORDER_000000745_ITEM_001,ORDER_000000745,PRODUCT_000000497,5,86756.62,433783.10
ORDER_000000745_ITEM_002,ORDER_000000745,PRODUCT_000000288,2,105802.00,211604.00
ORDER_000000746_ITEM_001,ORDER_000000746,PRODUCT_000000186,2,11204.19,22408.38
ORDER_000000746_ITEM_002,ORDER_000000746,PRODUCT_000000328,4,95553.61,382214.44
ORDER_000000747_ITEM_001,ORDER_000000747,PRODUCT_000000415,1,77825.19,77825.19
ORDER_000000747_ITEM_002,ORDER_000000747,PRODUCT_000000496,2,970.45,1940.90
ORDER_000000748_ITEM_001,ORDER_000000748,PRODUCT_000000271,3,7343.39,22030.17
ORDER_000000748_ITEM_002,ORDER_000000748,PRODUCT_000000021,3,2952.32,8856.96
ORDER_000000749_ITEM_001,ORDER_000000749,PRODUCT_000000423,4,2075.71,8302.84
ORDER_000000749_ITEM_002,ORDER_000000749,PRODUCT_000000301,3,3608.69,10826.07
ORDER_000000750_ITEM_001,ORDER_000000750,PRODUCT_000000347,5,424.29,2121.45
ORDER_000000750_ITEM_002,ORDER_000000750,PRODUCT_000000268,5,230.02,1150.10
ORDER_000000751_ITEM_001,ORDER_000000751,PRODUCT_000000295,3,38276.02,114828.06
ORDER_000000751_ITEM_002,ORDER_000000751,PRODUCT_000000446,5,2878.87,14394.35
ORDER_000000752_ITEM_001,ORDER_000000752,PRODUCT_000000148,1,13436.93,13436.93
ORDER_000000752_ITEM_002,ORDER_000000752,PRODUCT_000000143,3,71000.26,213000.78
ORDER_000000753_ITEM_001,ORDER_000000753,PRODUCT_000000430,4,56850.26,227401.04
ORDER_000000753_ITEM_002,ORDER_000000753,PRODUCT_000000228,5,79825.81,399129.05
ORDER_000000754_ITEM_001,ORDER_000000754,PRODUCT_000000465,4,27686.57,110746.28
ORDER_000000754_ITEM_002,ORDER_000000754,PRODUCT_000000476,2,65466.46,130932.92
ORDER_000000755_ITEM_001,ORDER_000000755,PRODUCT_000000450,2,137048.55,274097.10
ORDER_000000755_ITEM_002,ORDER_000000755,PRODUCT_000000062,1,5183.35,5183.35
ORDER_000000756_ITEM_001,ORDER_000000756,PRODUCT_000000451,5,557.23,2786.15
ORDER_000000756_ITEM_002,ORDER_000000756,PRODUCT_000000479,3,436.69,1310.07
ORDER_000000757_ITEM_001,ORDER_000000757,PRODUCT_000000046,2,3078.68,6157.36
ORDER_000000757_ITEM_002,ORDER_000000757,PRODUCT_000000498,3,2542.71,7628.13
ORDER_000000758_ITEM_001,ORDER_000000758,PRODUCT_000000111,4,5144.89,20579.56
ORDER_000000758_ITEM_002,ORDER_000000758,PRODUCT_000000115,3,1102.21,3306.63
ORDER_000000759_ITEM_001,ORDER_000000759,PRODUCT_000000046,5,3078.68,15393.40
ORDER_000000759_ITEM_002,ORDER_000000759,PRODUCT_000000385,1,2562.52,2562.52
ORDER_000000760_ITEM_001,ORDER_000000760,PRODUCT_000000370,1,3741.06,3741.06
ORDER_000000760_ITEM_002,ORDER_000000760,PRODUCT_000000397,1,2067.45,2067.45
ORDER_000000761_ITEM_001,ORDER_000000761,PRODUCT_000000332,1,1477.19,1477.19
ORDER_000000761_ITEM_002,ORDER_000000761,PRODUCT_000000017,5,17512.73,87563.65
ORDER_000000762_ITEM_001,ORDER_000000762,PRODUCT_000000126,2,23808.94,47617.88
ORDER_000000762_ITEM_002,ORDER_000000762,PRODUCT_000000226,1,2585.73,2585.73
ORDER_000000763_ITEM_001,ORDER_000000763,PRODUCT_000000498,3,2542.71,7628.13
ORDER_000000763_ITEM_002,ORDER_000000763,PRODUCT_000000212,3,10759.26,32277.78
ORDER_000000764_ITEM_001,ORDER_000000764,PRODUCT_000000226,1,2585.73,2585.73
ORDER_000000764_ITEM_002,ORDER_000000764,PRODUCT_000000185,4,30648.96,122595.84
ORDER_000000765_ITEM_001,ORDER_000000765,PRODUCT_000000228,5,79825.81,399129.05
ORDER_000000765_ITEM_002,ORDER_000000765,PRODUCT_000000373,2,1253.40,2506.80
ORDER_000000766_ITEM_001,ORDER_000000766,PRODUCT_000000446,2,2878.87,5757.74
ORDER_000000766_ITEM_002,ORDER_000000766,PRODUCT_000000231,5,15947.02,79735.10
ORDER_000000767_ITEM_001,ORDER_000000767,PRODUCT_000000069,5,4621.50,23107.50
ORDER_000000767_ITEM_002,ORDER_000000767,PRODUCT_000000112,5,20260.19,101300.95
ORDER_000000768_ITEM_001,ORDER_000000768,PRODUCT_000000349,2,2148.69,4297.38
ORDER_000000768_ITEM_002,ORDER_000000768,PRODUCT_000000133,5,107202.22,536011.10
ORDER_000000769_ITEM_001,ORDER_000000769,PRODUCT_000000309,1,281.12,281.12
ORDER_000000769_ITEM_002,ORDER_000000769,PRODUCT_000000292,3,16024.87,48074.61
ORDER_000000770_ITEM_001,ORDER_000000770,PRODUCT_000000064,5,174728.07,873640.35
ORDER_000000770_ITEM_002,ORDER_000000770,PRODUCT_000000020,3,4087.52,12262.56
ORDER_000000771_ITEM_001,ORDER_000000771,PRODUCT_000000425,1,3973.74,3973.74
ORDER_000000771_ITEM_002,ORDER_000000771,PRODUCT_000000210,1,961.15,961.15
ORDER_000000772_ITEM_001,ORDER_000000772,PRODUCT_000000227,3,51780.80,155342.40
ORDER_000000772_ITEM_002,ORDER_000000772,PRODUCT_000000173,5,18158.57,90792.85
ORDER_000000773_ITEM_001,ORDER_000000773,PRODUCT_000000053,4,120555.53,482222.12
ORDER_000000773_ITEM_002,ORDER_000000773,PRODUCT_000000048,1,71251.17,71251.17
ORDER_000000774_ITEM_001,ORDER_000000774,PRODUCT_000000433,5,3121.66,15608.30
ORDER_000000774_ITEM_002,ORDER_000000774,PRODUCT_000000266,4,139987.08,559948.32
ORDER_000000775_ITEM_001,ORDER_000000775,PRODUCT_000000231,2,15947.02,31894.04
ORDER_000000775_ITEM_002,ORDER_000000775,PRODUCT_000000084,3,69985.17,209955.51
ORDER_000000776_ITEM_001,ORDER_000000776,PRODUCT_000000414,5,57878.53,289392.65
ORDER_000000776_ITEM_002,ORDER_000000776,PRODUCT_000000388,5,16147.61,80738.05
ORDER_000000777_ITEM_001,ORDER_000000777,PRODUCT_000000443,1,1322.46,1322.46
ORDER_000000777_ITEM_002,ORDER_000000777,PRODUCT_000000448,4,30757.35,123029.40
ORDER_000000778_ITEM_001,ORDER_000000778,PRODUCT_000000419,1,1633.27,1633.27
ORDER_000000778_ITEM_002,ORDER_000000778,PRODUCT_000000397,1,2067.45,2067.45
ORDER_000000779_ITEM_001,ORDER_000000779,PRODUCT_000000128,5,10367.22,51836.10
ORDER_000000779_ITEM_002,ORDER_000000779,PRODUCT_000000305,4,2574.22,10296.88
ORDER_000000780_ITEM_001,ORDER_000000780,PRODUCT_000000084,5,69985.17,349925.85
ORDER_000000780_ITEM_002,ORDER_000000780,PRODUCT_000000246,5,84103.35,420516.75
ORDER_000000781_ITEM_001,ORDER_000000781,PRODUCT_000000255,1,52583.68,52583.68
ORDER_000000781_ITEM_002,ORDER_000000781,PRODUCT_000000412,5,65524.59,327622.95
ORDER_000000782_ITEM_001,ORDER_000000782,PRODUCT_000000460,4,49238.06,196952.24
ORDER_000000782_ITEM_002,ORDER_000000782,PRODUCT_000000367,2,84997.19,169994.38
ORDER_000000783_ITEM_001,ORDER_000000783,PRODUCT_000000224,3,89554.05,268662.15
ORDER_000000783_ITEM_002,ORDER_000000783,PRODUCT_000000218,3,7029.23,21087.69
ORDER_000000784_ITEM_001,ORDER_000000784,PRODUCT_000000379,2,788.70,1577.40
ORDER_000000784_ITEM_002,ORDER_000000784,PRODUCT_000000031,5,223997.16,1119985.80
ORDER_000000785_ITEM_001,ORDER_000000785,PRODUCT_000000458,1,38414.84,38414.84
ORDER_000000785_ITEM_002,ORDER_000000785,PRODUCT_000000206,3,338.63,1015.89
ORDER_000000786_ITEM_001,ORDER_000000786,PRODUCT_000000423,1,2075.71,2075.71
ORDER_000000786_ITEM_002,ORDER_000000786,PRODUCT_000000456,5,5850.98,29254.90
ORDER_000000787_ITEM_001,ORDER_000000787,PRODUCT_000000208,2,62048.54,124097.08
ORDER_000000787_ITEM_002,ORDER_000000787,PRODUCT_000000418,5,3679.29,18396.45
ORDER_000000788_ITEM_001,ORDER_000000788,PRODUCT_000000327,4,10245.94,40983.76
ORDER_000000788_ITEM_002,ORDER_000000788,PRODUCT_000000413,5,782.86,3914.30
ORDER_000000789_ITEM_001,ORDER_000000789,PRODUCT_000000449,4,10447.59,41790.36
ORDER_000000789_ITEM_002,ORDER_000000789,PRODUCT_000000332,2,1477.19,2954.38
ORDER_000000790_ITEM_001,ORDER_000000790,PRODUCT_000000384,5,1879.95,9399.75
ORDER_000000790_ITEM_002,ORDER_000000790,PRODUCT_000000346,2,90006.80,180013.60
ORDER_000000791_ITEM_001,ORDER_000000791,PRODUCT_000000343,3,62824.31,188472.93
ORDER_000000791_ITEM_002,ORDER_000000791,PRODUCT_000000317,3,5032.06,15096.18
ORDER_000000792_ITEM_001,ORDER_000000792,PRODUCT_000000279,1,1444.98,1444.98
ORDER_000000792_ITEM_002,ORDER_000000792,PRODUCT_000000339,3,14282.13,42846.39
ORDER_000000793_ITEM_001,ORDER_000000793,PRODUCT_000000340,3,46977.00,140931.00
ORDER_000000793_ITEM_002,ORDER_000000793,PRODUCT_000000019,1,6627.77,6627.77
ORDER_000000794_ITEM_001,ORDER_000000794,PRODUCT_000000313,2,108316.97,216633.94
ORDER_000000794_ITEM_002,ORDER_000000794,PRODUCT_000000146,4,1443.25,5773.00
ORDER_000000795_ITEM_001,ORDER_000000795,PRODUCT_000000065,2,3214.64,6429.28
ORDER_000000795_ITEM_002,ORDER_000000795,PRODUCT_000000408,2,291.08,582.16
ORDER_000000796_ITEM_001,ORDER_000000796,PRODUCT_000000457,4,20677.50,82710.00
ORDER_000000796_ITEM_002,ORDER_000000796,PRODUCT_000000346,3,90006.80,270020.40
ORDER_000000797_ITEM_001,ORDER_000000797,PRODUCT_000000240,1,8842.70,8842.70
ORDER_000000797_ITEM_002,ORDER_000000797,PRODUCT_000000355,3,2839.63,8518.89
ORDER_000000798_ITEM_001,ORDER_000000798,PRODUCT_000000372,3,55828.82,167486.46
ORDER_000000798_ITEM_002,ORDER_000000798,PRODUCT_000000230,5,104957.16,524785.80
ORDER_000000799_ITEM_001,ORDER_000000799,PRODUCT_000000019,4,6627.77,26511.08
ORDER_000000799_ITEM_002,ORDER_000000799,PRODUCT_000000053,5,120555.53,602777.65
ORDER_000000800_ITEM_001,ORDER_000000800,PRODUCT_000000116,4,108578.88,434315.52
ORDER_000000800_ITEM_002,ORDER_000000800,PRODUCT_000000240,2,8842.70,17685.40
ORDER_000000801_ITEM_001,ORDER_000000801,PRODUCT_000000313,4,108316.97,433267.88
ORDER_000000801_ITEM_002,ORDER_000000801,PRODUCT_000000344,2,108319.93,216639.86
ORDER_000000802_ITEM_001,ORDER_000000802,PRODUCT_000000186,3,11204.19,33612.57
ORDER_000000802_ITEM_002,ORDER_000000802,PRODUCT_000000137,5,2720.00,13600.00
ORDER_000000803_ITEM_001,ORDER_000000803,PRODUCT_000000413,3,782.86,2348.58
ORDER_000000803_ITEM_002,ORDER_000000803,PRODUCT_000000493,1,1452.96,1452.96
ORDER_000000804_ITEM_001,ORDER_000000804,PRODUCT_000000113,1,13504.86,13504.86
ORDER_000000804_ITEM_002,ORDER_000000804,PRODUCT_000000198,2,53251.57,106503.14
ORDER_000000805_ITEM_001,ORDER_000000805,PRODUCT_000000200,1,22985.98,22985.98
ORDER_000000805_ITEM_002,ORDER_000000805,PRODUCT_000000185,1,30648.96,30648.96
ORDER_000000806_ITEM_001,ORDER_000000806,PRODUCT_000000115,2,1102.21,2204.42
ORDER_000000806_ITEM_002,ORDER_000000806,PRODUCT_000000242,3,2669.01,8007.03
ORDER_000000807_ITEM_001,ORDER_000000807,PRODUCT_000000411,5,261.77,1308.85
ORDER_000000807_ITEM_002,ORDER_000000807,PRODUCT_000000034,3,3282.53,9847.59
ORDER_000000808_ITEM_001,ORDER_000000808,PRODUCT_000000270,5,4362.80,21814.00
ORDER_000000808_ITEM_002,ORDER_000000808,PRODUCT_000000339,1,14282.13,14282.13
ORDER_000000809_ITEM_001,ORDER_000000809,PRODUCT_000000268,2,230.02,460.04
ORDER_000000809_ITEM_002,ORDER_000000809,PRODUCT_000000286,5,18315.20,91576.00
ORDER_000000810_ITEM_001,ORDER_000000810,PRODUCT_000000047,1,13490.87,13490.87
ORDER_000000810_ITEM_002,ORDER_000000810,PRODUCT_000000432,5,67458.36,337291.80
ORDER_000000811_ITEM_001,ORDER_000000811,PRODUCT_000000148,4,13436.93,53747.72
ORDER_000000811_ITEM_002,ORDER_000000811,PRODUCT_000000126,3,23808.94,71426.82
ORDER_000000812_ITEM_001,ORDER_000000812,PRODUCT_000000068,2,603.83,1207.66
ORDER_000000812_ITEM_002,ORDER_000000812,PRODUCT_000000376,1,1235.61,1235.61
ORDER_000000813_ITEM_001,ORDER_000000813,PRODUCT_000000398,4,5027.03,20108.12
ORDER_000000813_ITEM_002,ORDER_000000813,PRODUCT_000000153,1,1314.83,1314.83
ORDER_000000814_ITEM_001,ORDER_000000814,PRODUCT_000000100,3,4028.63,12085.89
ORDER_000000814_ITEM_002,ORDER_000000814,PRODUCT_000000024,4,2660.53,10642.12
ORDER_000000815_ITEM_001,ORDER_000000815,PRODUCT_000000318,3,11683.06,35049.18
ORDER_000000815_ITEM_002,ORDER_000000815,PRODUCT_000000275,1,37395.96,37395.96
ORDER_000000816_ITEM_001,ORDER_000000816,PRODUCT_000000217,5,5712.09,28560.45
ORDER_000000816_ITEM_002,ORDER_000000816,PRODUCT_000000055,4,77397.64,309590.56
ORDER_000000817_ITEM_001,ORDER_000000817,PRODUCT_000000004,1,84297.47,84297.47
ORDER_000000817_ITEM_002,ORDER_000000817,PRODUCT_000000470,1,1763.05,1763.05
ORDER_000000818_ITEM_001,ORDER_000000818,PRODUCT_000000426,1,14178.77,14178.77
ORDER_000000818_ITEM_002,ORDER_000000818,PRODUCT_000000017,2,17512.73,35025.46
ORDER_000000819_ITEM_001,ORDER_000000819,PRODUCT_000000404,5,2884.96,14424.80
ORDER_000000819_ITEM_002,ORDER_000000819,PRODUCT_000000195,2,3974.21,7948.42
ORDER_000000820_ITEM_001,ORDER_000000820,PRODUCT_000000473,4,10475.93,41903.72
ORDER_000000820_ITEM_002,ORDER_000000820,PRODUCT_000000497,5,86756.62,433783.10
ORDER_000000821_ITEM_001,ORDER_000000821,PRODUCT_000000128,5,10367.22,51836.10
ORDER_000000821_ITEM_002,ORDER_000000821,PRODUCT_000000264,5,2135.20,10676.00
ORDER_000000822_ITEM_001,ORDER_000000822,PRODUCT_000000380,3,2099.88,6299.64
ORDER_000000822_ITEM_002,ORDER_000000822,PRODUCT_000000333,4,530.81,2123.24
ORDER_000000823_ITEM_001,ORDER_000000823,PRODUCT_000000475,1,60287.81,60287.81
ORDER_000000823_ITEM_002,ORDER_000000823,PRODUCT_000000447,1,5903.88,5903.88
ORDER_000000824_ITEM_001,ORDER_000000824,PRODUCT_000000313,2,108316.97,216633.94
ORDER_000000824_ITEM_002,ORDER_000000824,PRODUCT_000000413,5,782.86,3914.30
ORDER_000000825_ITEM_001,ORDER_000000825,PRODUCT_000000034,2,3282.53,6565.06
ORDER_000000825_ITEM_002,ORDER_000000825,PRODUCT_000000055,2,77397.64,154795.28
ORDER_000000826_ITEM_001,ORDER_000000826,PRODUCT_000000416,1,2364.84,2364.84
ORDER_000000826_ITEM_002,ORDER_000000826,PRODUCT_000000385,5,2562.52,12812.60
ORDER_000000827_ITEM_001,ORDER_000000827,PRODUCT_000000040,1,21212.12,21212.12
ORDER_000000827_ITEM_002,ORDER_000000827,PRODUCT_000000189,2,2291.77,4583.54
ORDER_000000828_ITEM_001,ORDER_000000828,PRODUCT_000000417,4,2286.08,9144.32
ORDER_000000828_ITEM_002,ORDER_000000828,PRODUCT_000000326,1,12706.30,12706.30
ORDER_000000829_ITEM_001,ORDER_000000829,PRODUCT_000000231,2,15947.02,31894.04
ORDER_000000829_ITEM_002,ORDER_000000829,PRODUCT_000000299,1,109951.12,109951.12
ORDER_000000830_ITEM_001,ORDER_000000830,PRODUCT_000000495,1,111322.66,111322.66
ORDER_000000830_ITEM_002,ORDER_000000830,PRODUCT_000000215,2,5520.21,11040.42
ORDER_000000831_ITEM_001,ORDER_000000831,PRODUCT_000000087,2,55215.64,110431.28
ORDER_000000831_ITEM_002,ORDER_000000831,PRODUCT_000000375,2,2168.98,4337.96
ORDER_000000832_ITEM_001,ORDER_000000832,PRODUCT_000000170,5,2022.45,10112.25
ORDER_000000832_ITEM_002,ORDER_000000832,PRODUCT_000000423,3,2075.71,6227.13
ORDER_000000833_ITEM_001,ORDER_000000833,PRODUCT_000000449,5,10447.59,52237.95
ORDER_000000833_ITEM_002,ORDER_000000833,PRODUCT_000000182,1,906.52,906.52
ORDER_000000834_ITEM_001,ORDER_000000834,PRODUCT_000000176,2,498.75,997.50
ORDER_000000834_ITEM_002,ORDER_000000834,PRODUCT_000000206,5,338.63,1693.15
ORDER_000000835_ITEM_001,ORDER_000000835,PRODUCT_000000471,1,26176.74,26176.74
ORDER_000000835_ITEM_002,ORDER_000000835,PRODUCT_000000100,5,4028.63,20143.15
ORDER_000000836_ITEM_001,ORDER_000000836,PRODUCT_000000088,3,4393.00,13179.00
ORDER_000000836_ITEM_002,ORDER_000000836,PRODUCT_000000428,4,180920.89,723683.56
ORDER_000000837_ITEM_001,ORDER_000000837,PRODUCT_000000092,5,38553.85,192769.25
ORDER_000000837_ITEM_002,ORDER_000000837,PRODUCT_000000306,1,16336.98,16336.98
ORDER_000000838_ITEM_001,ORDER_000000838,PRODUCT_000000495,5,111322.66,556613.30
ORDER_000000838_ITEM_002,ORDER_000000838,PRODUCT_000000093,3,17022.09,51066.27
ORDER_000000839_ITEM_001,ORDER_000000839,PRODUCT_000000090,5,727.26,3636.30
ORDER_000000839_ITEM_002,ORDER_000000839,PRODUCT_000000167,3,29972.62,89917.86
ORDER_000000840_ITEM_001,ORDER_000000840,PRODUCT_000000130,2,2919.96,5839.92
ORDER_000000840_ITEM_002,ORDER_000000840,PRODUCT_000000317,3,5032.06,15096.18
ORDER_000000841_ITEM_001,ORDER_000000841,PRODUCT_000000294,5,98126.54,490632.70
ORDER_000000841_ITEM_002,ORDER_000000841,PRODUCT_000000045,4,35447.12,141788.48
ORDER_000000842_ITEM_001,ORDER_000000842,PRODUCT_000000143,5,71000.26,355001.30
ORDER_000000842_ITEM_002,ORDER_000000842,PRODUCT_000000028,5,22480.60,112403.00
ORDER_000000843_ITEM_001,ORDER_000000843,PRODUCT_000000081,3,51812.13,155436.39
ORDER_000000843_ITEM_002,ORDER_000000843,PRODUCT_000000258,5,1110.13,5550.65
ORDER_000000844_ITEM_001,ORDER_000000844,PRODUCT_000000479,2,436.69,873.38
ORDER_000000844_ITEM_002,ORDER_000000844,PRODUCT_000000093,3,17022.09,51066.27
ORDER_000000845_ITEM_001,ORDER_000000845,PRODUCT_000000136,2,50895.01,101790.02
ORDER_000000845_ITEM_002,ORDER_000000845,PRODUCT_000000123,3,18655.96,55967.88
ORDER_000000846_ITEM_001,ORDER_000000846,PRODUCT_000000009,4,51529.17,206116.68
ORDER_000000846_ITEM_002,ORDER_000000846,PRODUCT_000000346,1,90006.80,90006.80
ORDER_000000847_ITEM_001,ORDER_000000847,PRODUCT_000000434,2,1900.67,3801.34
ORDER_000000847_ITEM_002,ORDER_000000847,PRODUCT_000000379,3,788.70,2366.10
ORDER_000000848_ITEM_001,ORDER_000000848,PRODUCT_000000165,5,91589.22,457946.10
ORDER_000000848_ITEM_002,ORDER_000000848,PRODUCT_000000161,3,684.54,2053.62
ORDER_000000849_ITEM_001,ORDER_000000849,PRODUCT_000000335,3,7748.73,23246.19
ORDER_000000849_ITEM_002,ORDER_000000849,PRODUCT_000000271,5,7343.39,36716.95
ORDER_000000850_ITEM_001,ORDER_000000850,PRODUCT_000000111,1,5144.89,5144.89
ORDER_000000850_ITEM_002,ORDER_000000850,PRODUCT_000000022,5,3619.59,18097.95
ORDER_000000851_ITEM_001,ORDER_000000851,PRODUCT_000000327,3,10245.94,30737.82
ORDER_000000851_ITEM_002,ORDER_000000851,PRODUCT_000000413,1,782.86,782.86
ORDER_000000852_ITEM_001,ORDER_000000852,PRODUCT_000000442,2,50728.25,101456.50
ORDER_000000852_ITEM_002,ORDER_000000852,PRODUCT_000000217,3,5712.09,17136.27
ORDER_000000853_ITEM_001,ORDER_000000853,PRODUCT_000000202,3,22299.06,66897.18
ORDER_000000853_ITEM_002,ORDER_000000853,PRODUCT_000000424,3,6433.07,19299.21
ORDER_000000854_ITEM_001,ORDER_000000854,PRODUCT_000000444,5,3373.26,16866.30
ORDER_000000854_ITEM_002,ORDER_000000854,PRODUCT_000000495,1,111322.66,111322.66
ORDER_000000855_ITEM_001,ORDER_000000855,PRODUCT_000000449,2,10447.59,20895.18
ORDER_000000855_ITEM_002,ORDER_000000855,PRODUCT_000000124,2,2352.93,4705.86
ORDER_000000856_ITEM_001,ORDER_000000856,PRODUCT_000000459,1,5188.95,5188.95
ORDER_000000856_ITEM_002,ORDER_000000856,PRODUCT_000000370,5,3741.06,18705.30
ORDER_000000857_ITEM_001,ORDER_000000857,PRODUCT_000000477,5,130157.67,650788.35
ORDER_000000857_ITEM_002,ORDER_000000857,PRODUCT_000000104,3,42385.77,127157.31
ORDER_000000858_ITEM_001,ORDER_000000858,PRODUCT_000000496,3,970.45,2911.35
ORDER_000000858_ITEM_002,ORDER_000000858,PRODUCT_000000071,2,27899.72,55799.44
ORDER_000000859_ITEM_001,ORDER_000000859,PRODUCT_000000392,1,38277.40,38277.40
ORDER_000000859_ITEM_002,ORDER_000000859,PRODUCT_000000074,2,75286.95,150573.90
ORDER_000000860_ITEM_001,ORDER_000000860,PRODUCT_000000436,5,39362.73,196813.65
ORDER_000000860_ITEM_002,ORDER_000000860,PRODUCT_000000435,5,66739.12,333695.60
ORDER_000000861_ITEM_001,ORDER_000000861,PRODUCT_000000278,3,2383.85,7151.55
ORDER_000000861_ITEM_002,ORDER_000000861,PRODUCT_000000136,4,50895.01,203580.04
ORDER_000000862_ITEM_001,ORDER_000000862,PRODUCT_000000360,2,102821.06,205642.12
ORDER_000000862_ITEM_002,ORDER_000000862,PRODUCT_000000031,3,223997.16,671991.48
ORDER_000000863_ITEM_001,ORDER_000000863,PRODUCT_000000381,3,80434.33,241302.99
ORDER_000000863_ITEM_002,ORDER_000000863,PRODUCT_000000302,3,3481.66,10444.98
ORDER_000000864_ITEM_001,ORDER_000000864,PRODUCT_000000280,3,8266.88,24800.64
ORDER_000000864_ITEM_002,ORDER_000000864,PRODUCT_000000356,2,53340.70,106681.40
ORDER_000000865_ITEM_001,ORDER_000000865,PRODUCT_000000425,3,3973.74,11921.22
ORDER_000000865_ITEM_002,ORDER_000000865,PRODUCT_000000384,2,1879.95,3759.90
ORDER_000000866_ITEM_001,ORDER_000000866,PRODUCT_000000478,3,5870.96,17612.88
ORDER_000000866_ITEM_002,ORDER_000000866,PRODUCT_000000210,1,961.15,961.15
ORDER_000000867_ITEM_001,ORDER_000000867,PRODUCT_000000498,1,2542.71,2542.71
ORDER_000000867_ITEM_002,ORDER_000000867,PRODUCT_000000143,4,71000.26,284001.04
ORDER_000000868_ITEM_001,ORDER_000000868,PRODUCT_000000389,4,71784.35,287137.40
ORDER_000000868_ITEM_002,ORDER_000000868,PRODUCT_000000169,2,1720.94,3441.88
ORDER_000000869_ITEM_001,ORDER_000000869,PRODUCT_000000387,1,22127.64,22127.64
ORDER_000000869_ITEM_002,ORDER_000000869,PRODUCT_000000203,4,131189.59,524758.36
ORDER_000000870_ITEM_001,ORDER_000000870,PRODUCT_000000009,5,51529.17,257645.85
ORDER_000000870_ITEM_002,ORDER_000000870,PRODUCT_000000473,3,10475.93,31427.79
ORDER_000000871_ITEM_001,ORDER_000000871,PRODUCT_000000319,3,52057.41,156172.23
ORDER_000000871_ITEM_002,ORDER_000000871,PRODUCT_000000097,1,29573.36,29573.36
ORDER_000000872_ITEM_001,ORDER_000000872,PRODUCT_000000198,3,53251.57,159754.71
ORDER_000000872_ITEM_002,ORDER_000000872,PRODUCT_000000109,5,11755.22,58776.10
ORDER_000000873_ITEM_001,ORDER_000000873,PRODUCT_000000268,4,230.02,920.08
ORDER_000000873_ITEM_002,ORDER_000000873,PRODUCT_000000124,4,2352.93,9411.72
ORDER_000000874_ITEM_001,ORDER_000000874,PRODUCT_000000470,1,1763.05,1763.05
ORDER_000000874_ITEM_002,ORDER_000000874,PRODUCT_000000054,2,1153.40,2306.80
ORDER_000000875_ITEM_001,ORDER_000000875,PRODUCT_000000336,4,9981.53,39926.12
ORDER_000000875_ITEM_002,ORDER_000000875,PRODUCT_000000418,2,3679.29,7358.58
ORDER_000000876_ITEM_001,ORDER_000000876,PRODUCT_000000206,5,338.63,1693.15
ORDER_000000876_ITEM_002,ORDER_000000876,PRODUCT_000000287,1,2545.20,2545.20
ORDER_000000877_ITEM_001,ORDER_000000877,PRODUCT_000000283,3,4001.25,12003.75
ORDER_000000877_ITEM_002,ORDER_000000877,PRODUCT_000000420,3,33996.43,101989.29
ORDER_000000878_ITEM_001,ORDER_000000878,PRODUCT_000000335,5,7748.73,38743.65
ORDER_000000878_ITEM_002,ORDER_000000878,PRODUCT_000000147,3,79052.74,237158.22
ORDER_000000879_ITEM_001,ORDER_000000879,PRODUCT_000000274,5,145414.87,727074.35
ORDER_000000879_ITEM_002,ORDER_000000879,PRODUCT_000000034,5,3282.53,16412.65
ORDER_000000880_ITEM_001,ORDER_000000880,PRODUCT_000000010,3,2629.61,7888.83
ORDER_000000880_ITEM_002,ORDER_000000880,PRODUCT_000000334,4,921.24,3684.96
ORDER_000000881_ITEM_001,ORDER_000000881,PRODUCT_000000437,2,5692.44,11384.88
ORDER_000000881_ITEM_002,ORDER_000000881,PRODUCT_000000429,1,54612.57,54612.57
ORDER_000000882_ITEM_001,ORDER_000000882,PRODUCT_000000385,4,2562.52,10250.08
ORDER_000000882_ITEM_002,ORDER_000000882,PRODUCT_000000480,2,4616.48,9232.96
ORDER_000000883_ITEM_001,ORDER_000000883,PRODUCT_000000326,2,12706.30,25412.60
ORDER_000000883_ITEM_002,ORDER_000000883,PRODUCT_000000054,2,1153.40,2306.80
ORDER_000000884_ITEM_001,ORDER_000000884,PRODUCT_000000329,4,9319.38,37277.52
ORDER_000000884_ITEM_002,ORDER_000000884,PRODUCT_000000496,4,970.45,3881.80
ORDER_000000885_ITEM_001,ORDER_000000885,PRODUCT_000000270,5,4362.80,21814.00
ORDER_000000885_ITEM_002,ORDER_000000885,PRODUCT_000000330,2,732.17,1464.34
ORDER_000000886_ITEM_001,ORDER_000000886,PRODUCT_000000374,1,194612.79,194612.79
ORDER_000000886_ITEM_002,ORDER_000000886,PRODUCT_000000255,3,52583.68,157751.04
ORDER_000000887_ITEM_001,ORDER_000000887,PRODUCT_000000209,5,4970.11,24850.55
ORDER_000000887_ITEM_002,ORDER_000000887,PRODUCT_000000339,2,14282.13,28564.26
ORDER_000000888_ITEM_001,ORDER_000000888,PRODUCT_000000225,3,3256.60,9769.80
ORDER_000000888_ITEM_002,ORDER_000000888,PRODUCT_000000308,2,10454.59,20909.18
ORDER_000000889_ITEM_001,ORDER_000000889,PRODUCT_000000398,1,5027.03,5027.03
ORDER_000000889_ITEM_002,ORDER_000000889,PRODUCT_000000199,2,48433.40,96866.80
ORDER_000000890_ITEM_001,ORDER_000000890,PRODUCT_000000298,3,335.33,1005.99
ORDER_000000890_ITEM_002,ORDER_000000890,PRODUCT_000000449,2,10447.59,20895.18
ORDER_000000891_ITEM_001,ORDER_000000891,PRODUCT_000000226,4,2585.73,10342.92
ORDER_000000891_ITEM_002,ORDER_000000891,PRODUCT_000000265,5,7416.00,37080.00
ORDER_000000892_ITEM_001,ORDER_000000892,PRODUCT_000000329,3,9319.38,27958.14
ORDER_000000892_ITEM_002,ORDER_000000892,PRODUCT_000000419,4,1633.27,6533.08
ORDER_000000893_ITEM_001,ORDER_000000893,PRODUCT_000000024,1,2660.53,2660.53
ORDER_000000893_ITEM_002,ORDER_000000893,PRODUCT_000000242,3,2669.01,8007.03
ORDER_000000894_ITEM_001,ORDER_000000894,PRODUCT_000000251,5,1112.09,5560.45
ORDER_000000894_ITEM_002,ORDER_000000894,PRODUCT_000000428,1,180920.89,180920.89
ORDER_000000895_ITEM_001,ORDER_000000895,PRODUCT_000000460,3,49238.06,147714.18
ORDER_000000895_ITEM_002,ORDER_000000895,PRODUCT_000000399,4,1168.76,4675.04
ORDER_000000896_ITEM_001,ORDER_000000896,PRODUCT_000000440,4,4395.21,17580.84
ORDER_000000896_ITEM_002,ORDER_000000896,PRODUCT_000000348,5,511.50,2557.50
ORDER_000000897_ITEM_001,ORDER_000000897,PRODUCT_000000158,4,21685.09,86740.36
ORDER_000000897_ITEM_002,ORDER_000000897,PRODUCT_000000035,3,6152.71,18458.13
ORDER_000000898_ITEM_001,ORDER_000000898,PRODUCT_000000063,5,16707.24,83536.20
ORDER_000000898_ITEM_002,ORDER_000000898,PRODUCT_000000114,1,140563.09,140563.09
ORDER_000000899_ITEM_001,ORDER_000000899,PRODUCT_000000190,4,1821.64,7286.56
ORDER_000000899_ITEM_002,ORDER_000000899,PRODUCT_000000479,5,436.69,2183.45
ORDER_000000900_ITEM_001,ORDER_000000900,PRODUCT_000000112,5,20260.19,101300.95
ORDER_000000900_ITEM_002,ORDER_000000900,PRODUCT_000000083,2,68919.06,137838.12
ORDER_000000901_ITEM_001,ORDER_000000901,PRODUCT_000000060,2,61306.51,122613.02
ORDER_000000901_ITEM_002,ORDER_000000901,PRODUCT_000000044,4,24208.61,96834.44
ORDER_000000902_ITEM_001,ORDER_000000902,PRODUCT_000000185,4,30648.96,122595.84
ORDER_000000902_ITEM_002,ORDER_000000902,PRODUCT_000000449,4,10447.59,41790.36
ORDER_000000903_ITEM_001,ORDER_000000903,PRODUCT_000000264,1,2135.20,2135.20
ORDER_000000903_ITEM_002,ORDER_000000903,PRODUCT_000000008,2,113431.81,226863.62
ORDER_000000904_ITEM_001,ORDER_000000904,PRODUCT_000000200,1,22985.98,22985.98
ORDER_000000904_ITEM_002,ORDER_000000904,PRODUCT_000000313,5,108316.97,541584.85
ORDER_000000905_ITEM_001,ORDER_000000905,PRODUCT_000000007,1,3112.46,3112.46
ORDER_000000905_ITEM_002,ORDER_000000905,PRODUCT_000000062,2,5183.35,10366.70
ORDER_000000906_ITEM_001,ORDER_000000906,PRODUCT_000000240,2,8842.70,17685.40
ORDER_000000906_ITEM_002,ORDER_000000906,PRODUCT_000000323,3,111157.95,333473.85
ORDER_000000907_ITEM_001,ORDER_000000907,PRODUCT_000000436,2,39362.73,78725.46
ORDER_000000907_ITEM_002,ORDER_000000907,PRODUCT_000000379,4,788.70,3154.80
ORDER_000000908_ITEM_001,ORDER_000000908,PRODUCT_000000121,4,67658.89,270635.56
ORDER_000000908_ITEM_002,ORDER_000000908,PRODUCT_000000488,3,7299.35,21898.05
ORDER_000000909_ITEM_001,ORDER_000000909,PRODUCT_000000218,1,7029.23,7029.23
ORDER_000000909_ITEM_002,ORDER_000000909,PRODUCT_000000302,3,3481.66,10444.98
ORDER_000000910_ITEM_001,ORDER_000000910,PRODUCT_000000166,1,6151.35,6151.35
ORDER_000000910_ITEM_002,ORDER_000000910,PRODUCT_000000081,1,51812.13,51812.13
ORDER_000000911_ITEM_001,ORDER_000000911,PRODUCT_000000014,4,31645.32,126581.28
ORDER_000000911_ITEM_002,ORDER_000000911,PRODUCT_000000166,4,6151.35,24605.40
ORDER_000000912_ITEM_001,ORDER_000000912,PRODUCT_000000099,4,13369.90,53479.60
ORDER_000000912_ITEM_002,ORDER_000000912,PRODUCT_000000185,5,30648.96,153244.80
ORDER_000000913_ITEM_001,ORDER_000000913,PRODUCT_000000489,3,65761.05,197283.15
ORDER_000000913_ITEM_002,ORDER_000000913,PRODUCT_000000125,4,48262.53,193050.12
ORDER_000000914_ITEM_001,ORDER_000000914,PRODUCT_000000308,1,10454.59,10454.59
ORDER_000000914_ITEM_002,ORDER_000000914,PRODUCT_000000035,2,6152.71,12305.42
ORDER_000000915_ITEM_001,ORDER_000000915,PRODUCT_000000383,4,1933.39,7733.56
ORDER_000000915_ITEM_002,ORDER_000000915,PRODUCT_000000357,5,64399.68,321998.40
ORDER_000000916_ITEM_001,ORDER_000000916,PRODUCT_000000380,2,2099.88,4199.76
ORDER_000000916_ITEM_002,ORDER_000000916,PRODUCT_000000244,3,13044.75,39134.25
ORDER_000000917_ITEM_001,ORDER_000000917,PRODUCT_000000077,3,77023.77,231071.31
ORDER_000000917_ITEM_002,ORDER_000000917,PRODUCT_000000255,1,52583.68,52583.68
ORDER_000000918_ITEM_001,ORDER_000000918,PRODUCT_000000079,5,20185.32,100926.60
ORDER_000000918_ITEM_002,ORDER_000000918,PRODUCT_000000443,1,1322.46,1322.46
ORDER_000000919_ITEM_001,ORDER_000000919,PRODUCT_000000434,5,1900.67,9503.35
ORDER_000000919_ITEM_002,ORDER_000000919,PRODUCT_000000052,3,175783.69,527351.07
ORDER_000000920_ITEM_001,ORDER_000000920,PRODUCT_000000358,5,459.97,2299.85
ORDER_000000920_ITEM_002,ORDER_000000920,PRODUCT_000000340,4,46977.00,187908.00
ORDER_000000921_ITEM_001,ORDER_000000921,PRODUCT_000000436,4,39362.73,157450.92
ORDER_000000921_ITEM_002,ORDER_000000921,PRODUCT_000000254,1,208122.29,208122.29
ORDER_000000922_ITEM_001,ORDER_000000922,PRODUCT_000000125,4,48262.53,193050.12
ORDER_000000922_ITEM_002,ORDER_000000922,PRODUCT_000000246,2,84103.35,168206.70
ORDER_000000923_ITEM_001,ORDER_000000923,PRODUCT_000000012,4,116699.02,466796.08
ORDER_000000923_ITEM_002,ORDER_000000923,PRODUCT_000000374,5,194612.79,973063.95
ORDER_000000924_ITEM_001,ORDER_000000924,PRODUCT_000000145,4,3868.10,15472.40
ORDER_000000924_ITEM_002,ORDER_000000924,PRODUCT_000000171,4,212543.08,850172.32
ORDER_000000925_ITEM_001,ORDER_000000925,PRODUCT_000000296,3,105785.14,317355.42
ORDER_000000925_ITEM_002,ORDER_000000925,PRODUCT_000000144,2,1419.24,2838.48
ORDER_000000926_ITEM_001,ORDER_000000926,PRODUCT_000000409,1,20583.82,20583.82
ORDER_000000926_ITEM_002,ORDER_000000926,PRODUCT_000000462,1,87564.19,87564.19
ORDER_000000927_ITEM_001,ORDER_000000927,PRODUCT_000000087,3,55215.64,165646.92
ORDER_000000927_ITEM_002,ORDER_000000927,PRODUCT_000000023,4,1295.31,5181.24
ORDER_000000928_ITEM_001,ORDER_000000928,PRODUCT_000000227,5,51780.80,258904.00
ORDER_000000928_ITEM_002,ORDER_000000928,PRODUCT_000000120,5,73826.11,369130.55
ORDER_000000929_ITEM_001,ORDER_000000929,PRODUCT_000000397,4,2067.45,8269.80
ORDER_000000929_ITEM_002,ORDER_000000929,PRODUCT_000000203,2,131189.59,262379.18
ORDER_000000930_ITEM_001,ORDER_000000930,PRODUCT_000000021,5,2952.32,14761.60
ORDER_000000930_ITEM_002,ORDER_000000930,PRODUCT_000000472,3,2444.82,7334.46
ORDER_000000931_ITEM_001,ORDER_000000931,PRODUCT_000000198,3,53251.57,159754.71
ORDER_000000931_ITEM_002,ORDER_000000931,PRODUCT_000000088,1,4393.00,4393.00
ORDER_000000932_ITEM_001,ORDER_000000932,PRODUCT_000000454,1,1504.58,1504.58
ORDER_000000932_ITEM_002,ORDER_000000932,PRODUCT_000000442,5,50728.25,253641.25
ORDER_000000933_ITEM_001,ORDER_000000933,PRODUCT_000000119,5,10653.04,53265.20
ORDER_000000933_ITEM_002,ORDER_000000933,PRODUCT_000000028,2,22480.60,44961.20
ORDER_000000934_ITEM_001,ORDER_000000934,PRODUCT_000000465,5,27686.57,138432.85
ORDER_000000934_ITEM_002,ORDER_000000934,PRODUCT_000000237,3,40793.49,122380.47
ORDER_000000935_ITEM_001,ORDER_000000935,PRODUCT_000000413,3,782.86,2348.58
ORDER_000000935_ITEM_002,ORDER_000000935,PRODUCT_000000065,3,3214.64,9643.92
ORDER_000000936_ITEM_001,ORDER_000000936,PRODUCT_000000381,3,80434.33,241302.99
ORDER_000000936_ITEM_002,ORDER_000000936,PRODUCT_000000029,5,2844.42,14222.10
ORDER_000000937_ITEM_001,ORDER_000000937,PRODUCT_000000346,4,90006.80,360027.20
ORDER_000000937_ITEM_002,ORDER_000000937,PRODUCT_000000480,5,4616.48,23082.40
ORDER_000000938_ITEM_001,ORDER_000000938,PRODUCT_000000281,2,385.35,770.70
ORDER_000000938_ITEM_002,ORDER_000000938,PRODUCT_000000208,2,62048.54,124097.08
ORDER_000000939_ITEM_001,ORDER_000000939,PRODUCT_000000426,4,14178.77,56715.08
ORDER_000000939_ITEM_002,ORDER_000000939,PRODUCT_000000080,4,8444.99,33779.96
ORDER_000000940_ITEM_001,ORDER_000000940,PRODUCT_000000162,1,12519.41,12519.41
ORDER_000000940_ITEM_002,ORDER_000000940,PRODUCT_000000322,4,6422.03,25688.12
ORDER_000000941_ITEM_001,ORDER_000000941,PRODUCT_000000044,2,24208.61,48417.22
ORDER_000000941_ITEM_002,ORDER_000000941,PRODUCT_000000106,5,1964.81,9824.05
ORDER_000000942_ITEM_001,ORDER_000000942,PRODUCT_000000468,5,11339.62,56698.10
ORDER_000000942_ITEM_002,ORDER_000000942,PRODUCT_000000112,1,20260.19,20260.19
ORDER_000000943_ITEM_001,ORDER_000000943,PRODUCT_000000494,3,535.49,1606.47
ORDER_000000943_ITEM_002,ORDER_000000943,PRODUCT_000000115,3,1102.21,3306.63
ORDER_000000944_ITEM_001,ORDER_000000944,PRODUCT_000000443,1,1322.46,1322.46
ORDER_000000944_ITEM_002,ORDER_000000944,PRODUCT_000000324,1,58960.31,58960.31
ORDER_000000945_ITEM_001,ORDER_000000945,PRODUCT_000000273,4,93376.09,373504.36
ORDER_000000945_ITEM_002,ORDER_000000945,PRODUCT_000000316,4,7149.36,28597.44
ORDER_000000946_ITEM_001,ORDER_000000946,PRODUCT_000000062,4,5183.35,20733.40
ORDER_000000946_ITEM_002,ORDER_000000946,PRODUCT_000000498,1,2542.71,2542.71
ORDER_000000947_ITEM_001,ORDER_000000947,PRODUCT_000000417,1,2286.08,2286.08
ORDER_000000947_ITEM_002,ORDER_000000947,PRODUCT_000000310,4,14175.81,56703.24
ORDER_000000948_ITEM_001,ORDER_000000948,PRODUCT_000000230,1,104957.16,104957.16
ORDER_000000948_ITEM_002,ORDER_000000948,PRODUCT_000000046,3,3078.68,9236.04
ORDER_000000949_ITEM_001,ORDER_000000949,PRODUCT_000000382,4,36449.53,145798.12
ORDER_000000949_ITEM_002,ORDER_000000949,PRODUCT_000000411,4,261.77,1047.08
ORDER_000000950_ITEM_001,ORDER_000000950,PRODUCT_000000116,4,108578.88,434315.52
ORDER_000000950_ITEM_002,ORDER_000000950,PRODUCT_000000373,4,1253.40,5013.60
ORDER_000000951_ITEM_001,ORDER_000000951,PRODUCT_000000496,2,970.45,1940.90
ORDER_000000951_ITEM_002,ORDER_000000951,PRODUCT_000000330,3,732.17,2196.51
ORDER_000000952_ITEM_001,ORDER_000000952,PRODUCT_000000020,4,4087.52,16350.08
ORDER_000000952_ITEM_002,ORDER_000000952,PRODUCT_000000405,5,6190.14,30950.70
ORDER_000000953_ITEM_001,ORDER_000000953,PRODUCT_000000097,3,29573.36,88720.08
ORDER_000000953_ITEM_002,ORDER_000000953,PRODUCT_000000231,4,15947.02,63788.08
ORDER_000000954_ITEM_001,ORDER_000000954,PRODUCT_000000186,4,11204.19,44816.76
ORDER_000000954_ITEM_002,ORDER_000000954,PRODUCT_000000197,3,54944.74,164834.22
ORDER_000000955_ITEM_001,ORDER_000000955,PRODUCT_000000151,3,77780.21,233340.63
ORDER_000000955_ITEM_002,ORDER_000000955,PRODUCT_000000422,3,76372.72,229118.16
ORDER_000000956_ITEM_001,ORDER_000000956,PRODUCT_000000200,2,22985.98,45971.96
ORDER_000000956_ITEM_002,ORDER_000000956,PRODUCT_000000448,4,30757.35,123029.40
ORDER_000000957_ITEM_001,ORDER_000000957,PRODUCT_000000036,5,49982.53,249912.65
ORDER_000000957_ITEM_002,ORDER_000000957,PRODUCT_000000479,4,436.69,1746.76
ORDER_000000958_ITEM_001,ORDER_000000958,PRODUCT_000000337,2,3208.91,6417.82
ORDER_000000958_ITEM_002,ORDER_000000958,PRODUCT_000000410,4,6005.71,24022.84
ORDER_000000959_ITEM_001,ORDER_000000959,PRODUCT_000000124,5,2352.93,11764.65
ORDER_000000959_ITEM_002,ORDER_000000959,PRODUCT_000000256,4,1724.12,6896.48
ORDER_000000960_ITEM_001,ORDER_000000960,PRODUCT_000000149,4,500.36,2001.44
ORDER_000000960_ITEM_002,ORDER_000000960,PRODUCT_000000323,5,111157.95,555789.75
ORDER_000000961_ITEM_001,ORDER_000000961,PRODUCT_000000039,3,399.38,1198.14
ORDER_000000961_ITEM_002,ORDER_000000961,PRODUCT_000000146,1,1443.25,1443.25
ORDER_000000962_ITEM_001,ORDER_000000962,PRODUCT_000000092,2,38553.85,77107.70
ORDER_000000962_ITEM_002,ORDER_000000962,PRODUCT_000000202,3,22299.06,66897.18
ORDER_000000963_ITEM_001,ORDER_000000963,PRODUCT_000000142,4,77646.41,310585.64
ORDER_000000963_ITEM_002,ORDER_000000963,PRODUCT_000000442,4,50728.25,202913.00
ORDER_000000964_ITEM_001,ORDER_000000964,PRODUCT_000000298,2,335.33,670.66
ORDER_000000964_ITEM_002,ORDER_000000964,PRODUCT_000000415,4,77825.19,311300.76
ORDER_000000965_ITEM_001,ORDER_000000965,PRODUCT_000000255,5,52583.68,262918.40
ORDER_000000965_ITEM_002,ORDER_000000965,PRODUCT_000000030,5,27973.94,139869.70
ORDER_000000966_ITEM_001,ORDER_000000966,PRODUCT_000000010,4,2629.61,10518.44
ORDER_000000966_ITEM_002,ORDER_000000966,PRODUCT_000000295,1,38276.02,38276.02
ORDER_000000967_ITEM_001,ORDER_000000967,PRODUCT_000000295,2,38276.02,76552.04
ORDER_000000967_ITEM_002,ORDER_000000967,PRODUCT_000000069,3,4621.50,13864.50
ORDER_000000968_ITEM_001,ORDER_000000968,PRODUCT_000000373,1,1253.40,1253.40
ORDER_000000968_ITEM_002,ORDER_000000968,PRODUCT_000000038,5,5864.01,29320.05
ORDER_000000969_ITEM_001,ORDER_000000969,PRODUCT_000000308,3,10454.59,31363.77
ORDER_000000969_ITEM_002,ORDER_000000969,PRODUCT_000000161,5,684.54,3422.70
ORDER_000000970_ITEM_001,ORDER_000000970,PRODUCT_000000159,2,40197.32,80394.64
ORDER_000000970_ITEM_002,ORDER_000000970,PRODUCT_000000285,1,59012.72,59012.72
ORDER_000000971_ITEM_001,ORDER_000000971,PRODUCT_000000138,5,9019.79,45098.95
ORDER_000000971_ITEM_002,ORDER_000000971,PRODUCT_000000098,3,82015.47,246046.41
ORDER_000000972_ITEM_001,ORDER_000000972,PRODUCT_000000332,2,1477.19,2954.38
ORDER_000000972_ITEM_002,ORDER_000000972,PRODUCT_000000246,1,84103.35,84103.35
ORDER_000000973_ITEM_001,ORDER_000000973,PRODUCT_000000128,3,10367.22,31101.66
ORDER_000000973_ITEM_002,ORDER_000000973,PRODUCT_000000423,2,2075.71,4151.42
ORDER_000000974_ITEM_001,ORDER_000000974,PRODUCT_000000143,2,71000.26,142000.52
ORDER_000000974_ITEM_002,ORDER_000000974,PRODUCT_000000225,4,3256.60,13026.40
ORDER_000000975_ITEM_001,ORDER_000000975,PRODUCT_000000299,5,109951.12,549755.60
ORDER_000000975_ITEM_002,ORDER_000000975,PRODUCT_000000018,5,54878.11,274390.55
ORDER_000000976_ITEM_001,ORDER_000000976,PRODUCT_000000140,1,2815.66,2815.66
ORDER_000000976_ITEM_002,ORDER_000000976,PRODUCT_000000089,3,7426.76,22280.28
ORDER_000000977_ITEM_001,ORDER_000000977,PRODUCT_000000300,3,3971.91,11915.73
ORDER_000000977_ITEM_002,ORDER_000000977,PRODUCT_000000309,2,281.12,562.24
ORDER_000000978_ITEM_001,ORDER_000000978,PRODUCT_000000254,3,208122.29,624366.87
ORDER_000000978_ITEM_002,ORDER_000000978,PRODUCT_000000365,1,1131.39,1131.39
ORDER_000000979_ITEM_001,ORDER_000000979,PRODUCT_000000397,3,2067.45,6202.35
ORDER_000000979_ITEM_002,ORDER_000000979,PRODUCT_000000211,3,11540.41,34621.23
ORDER_000000980_ITEM_001,ORDER_000000980,PRODUCT_000000145,4,3868.10,15472.40
ORDER_000000980_ITEM_002,ORDER_000000980,PRODUCT_000000457,1,20677.50,20677.50
ORDER_000000981_ITEM_001,ORDER_000000981,PRODUCT_000000440,3,4395.21,13185.63
ORDER_000000981_ITEM_002,ORDER_000000981,PRODUCT_000000395,1,606.04,606.04
ORDER_000000982_ITEM_001,ORDER_000000982,PRODUCT_000000406,5,130798.44,653992.20
ORDER_000000982_ITEM_002,ORDER_000000982,PRODUCT_000000005,5,3906.48,19532.40
ORDER_000000983_ITEM_001,ORDER_000000983,PRODUCT_000000410,4,6005.71,24022.84
ORDER_000000983_ITEM_002,ORDER_000000983,PRODUCT_000000180,1,131161.69,131161.69
ORDER_000000984_ITEM_001,ORDER_000000984,PRODUCT_000000417,4,2286.08,9144.32
ORDER_000000984_ITEM_002,ORDER_000000984,PRODUCT_000000424,1,6433.07,6433.07
ORDER_000000985_ITEM_001,ORDER_000000985,PRODUCT_000000070,3,82897.23,248691.69
ORDER_000000985_ITEM_002,ORDER_000000985,PRODUCT_000000192,2,10837.79,21675.58
ORDER_000000986_ITEM_001,ORDER_000000986,PRODUCT_000000487,3,62096.00,186288.00
ORDER_000000986_ITEM_002,ORDER_000000986,PRODUCT_000000218,3,7029.23,21087.69
ORDER_000000987_ITEM_001,ORDER_000000987,PRODUCT_000000152,4,1691.46,6765.84
ORDER_000000987_ITEM_002,ORDER_000000987,PRODUCT_000000407,2,71009.01,142018.02
ORDER_000000988_ITEM_001,ORDER_000000988,PRODUCT_000000023,2,1295.31,2590.62
ORDER_000000988_ITEM_002,ORDER_000000988,PRODUCT_000000316,5,7149.36,35746.80
ORDER_000000989_ITEM_001,ORDER_000000989,PRODUCT_000000082,2,904.37,1808.74
ORDER_000000989_ITEM_002,ORDER_000000989,PRODUCT_000000364,1,87653.60,87653.60
ORDER_000000990_ITEM_001,ORDER_000000990,PRODUCT_000000319,2,52057.41,104114.82
ORDER_000000990_ITEM_002,ORDER_000000990,PRODUCT_000000182,2,906.52,1813.04
ORDER_000000991_ITEM_001,ORDER_000000991,PRODUCT_000000133,2,107202.22,214404.44
ORDER_000000991_ITEM_002,ORDER_000000991,PRODUCT_000000468,4,11339.62,45358.48
ORDER_000000992_ITEM_001,ORDER_000000992,PRODUCT_000000300,1,3971.91,3971.91
ORDER_000000992_ITEM_002,ORDER_000000992,PRODUCT_000000347,2,424.29,848.58
ORDER_000000993_ITEM_001,ORDER_000000993,PRODUCT_000000014,2,31645.32,63290.64
ORDER_000000993_ITEM_002,ORDER_000000993,PRODUCT_000000398,4,5027.03,20108.12
ORDER_000000994_ITEM_001,ORDER_000000994,PRODUCT_000000061,2,378.02,756.04
ORDER_000000994_ITEM_002,ORDER_000000994,PRODUCT_000000162,1,12519.41,12519.41
ORDER_000000995_ITEM_001,ORDER_000000995,PRODUCT_000000148,4,13436.93,53747.72
ORDER_000000995_ITEM_002,ORDER_000000995,PRODUCT_000000493,4,1452.96,5811.84
ORDER_000000996_ITEM_001,ORDER_000000996,PRODUCT_000000386,2,7104.14,14208.28
ORDER_000000996_ITEM_002,ORDER_000000996,PRODUCT_000000123,3,18655.96,55967.88
ORDER_000000997_ITEM_001,ORDER_000000997,PRODUCT_000000360,5,102821.06,514105.30
ORDER_000000997_ITEM_002,ORDER_000000997,PRODUCT_000000171,2,212543.08,425086.16
ORDER_000000998_ITEM_001,ORDER_000000998,PRODUCT_000000458,2,38414.84,76829.68
ORDER_000000998_ITEM_002,ORDER_000000998,PRODUCT_000000106,5,1964.81,9824.05
ORDER_000000999_ITEM_001,ORDER_000000999,PRODUCT_000000148,2,13436.93,26873.86
ORDER_000000999_ITEM_002,ORDER_000000999,PRODUCT_000000339,3,14282.13,42846.39
ORDER_000001000_ITEM_001,ORDER_000001000,PRODUCT_000000102,5,81407.93,407039.65
ORDER_000001000_ITEM_002,ORDER_000001000,PRODUCT_000000401,3,1258.44,3775.32
ORDER_000001001_ITEM_001,ORDER_000001001,PRODUCT_000000447,3,5903.88,17711.64
ORDER_000001001_ITEM_002,ORDER_000001001,PRODUCT_000000154,5,17743.63,88718.15
ORDER_000001002_ITEM_001,ORDER_000001002,PRODUCT_000000322,2,6422.03,12844.06
ORDER_000001002_ITEM_002,ORDER_000001002,PRODUCT_000000327,3,10245.94,30737.82
ORDER_000001003_ITEM_001,ORDER_000001003,PRODUCT_000000080,5,8444.99,42224.95
ORDER_000001003_ITEM_002,ORDER_000001003,PRODUCT_000000283,1,4001.25,4001.25
ORDER_000001004_ITEM_001,ORDER_000001004,PRODUCT_000000128,3,10367.22,31101.66
ORDER_000001004_ITEM_002,ORDER_000001004,PRODUCT_000000259,4,8268.46,33073.84
ORDER_000001005_ITEM_001,ORDER_000001005,PRODUCT_000000064,5,174728.07,873640.35
ORDER_000001005_ITEM_002,ORDER_000001005,PRODUCT_000000213,1,12880.62,12880.62
ORDER_000001006_ITEM_001,ORDER_000001006,PRODUCT_000000491,3,116914.83,350744.49
ORDER_000001006_ITEM_002,ORDER_000001006,PRODUCT_000000028,4,22480.60,89922.40
ORDER_000001007_ITEM_001,ORDER_000001007,PRODUCT_000000452,3,66502.26,199506.78
ORDER_000001007_ITEM_002,ORDER_000001007,PRODUCT_000000107,1,835.56,835.56
ORDER_000001008_ITEM_001,ORDER_000001008,PRODUCT_000000200,4,22985.98,91943.92
ORDER_000001008_ITEM_002,ORDER_000001008,PRODUCT_000000496,2,970.45,1940.90
ORDER_000001009_ITEM_001,ORDER_000001009,PRODUCT_000000234,2,8118.02,16236.04
ORDER_000001009_ITEM_002,ORDER_000001009,PRODUCT_000000387,3,22127.64,66382.92
ORDER_000001010_ITEM_001,ORDER_000001010,PRODUCT_000000482,2,1961.27,3922.54
ORDER_000001010_ITEM_002,ORDER_000001010,PRODUCT_000000176,5,498.75,2493.75
ORDER_000001011_ITEM_001,ORDER_000001011,PRODUCT_000000247,5,976.86,4884.30
ORDER_000001011_ITEM_002,ORDER_000001011,PRODUCT_000000337,3,3208.91,9626.73
ORDER_000001012_ITEM_001,ORDER_000001012,PRODUCT_000000034,3,3282.53,9847.59
ORDER_000001012_ITEM_002,ORDER_000001012,PRODUCT_000000300,3,3971.91,11915.73
ORDER_000001013_ITEM_001,ORDER_000001013,PRODUCT_000000392,2,38277.40,76554.80
ORDER_000001013_ITEM_002,ORDER_000001013,PRODUCT_000000474,5,690.90,3454.50
ORDER_000001014_ITEM_001,ORDER_000001014,PRODUCT_000000395,5,606.04,3030.20
ORDER_000001014_ITEM_002,ORDER_000001014,PRODUCT_000000039,4,399.38,1597.52
ORDER_000001015_ITEM_001,ORDER_000001015,PRODUCT_000000102,5,81407.93,407039.65
ORDER_000001015_ITEM_002,ORDER_000001015,PRODUCT_000000494,3,535.49,1606.47
ORDER_000001016_ITEM_001,ORDER_000001016,PRODUCT_000000232,2,4022.49,8044.98
ORDER_000001016_ITEM_002,ORDER_000001016,PRODUCT_000000329,4,9319.38,37277.52
ORDER_000001017_ITEM_001,ORDER_000001017,PRODUCT_000000463,2,1804.78,3609.56
ORDER_000001017_ITEM_002,ORDER_000001017,PRODUCT_000000014,3,31645.32,94935.96
ORDER_000001018_ITEM_001,ORDER_000001018,PRODUCT_000000214,4,37438.96,149755.84
ORDER_000001018_ITEM_002,ORDER_000001018,PRODUCT_000000099,4,13369.90,53479.60
ORDER_000001019_ITEM_001,ORDER_000001019,PRODUCT_000000271,1,7343.39,7343.39
ORDER_000001019_ITEM_002,ORDER_000001019,PRODUCT_000000028,5,22480.60,112403.00
ORDER_000001020_ITEM_001,ORDER_000001020,PRODUCT_000000314,4,13535.22,54140.88
ORDER_000001020_ITEM_002,ORDER_000001020,PRODUCT_000000117,5,186308.09,931540.45
ORDER_000001021_ITEM_001,ORDER_000001021,PRODUCT_000000054,3,1153.40,3460.20
ORDER_000001021_ITEM_002,ORDER_000001021,PRODUCT_000000066,4,166045.11,664180.44
ORDER_000001022_ITEM_001,ORDER_000001022,PRODUCT_000000147,4,79052.74,316210.96
ORDER_000001022_ITEM_002,ORDER_000001022,PRODUCT_000000321,5,11193.14,55965.70
ORDER_000001023_ITEM_001,ORDER_000001023,PRODUCT_000000337,2,3208.91,6417.82
ORDER_000001023_ITEM_002,ORDER_000001023,PRODUCT_000000036,5,49982.53,249912.65
ORDER_000001024_ITEM_001,ORDER_000001024,PRODUCT_000000307,2,8253.54,16507.08
ORDER_000001024_ITEM_002,ORDER_000001024,PRODUCT_000000061,2,378.02,756.04
ORDER_000001025_ITEM_001,ORDER_000001025,PRODUCT_000000402,4,51496.58,205986.32
ORDER_000001025_ITEM_002,ORDER_000001025,PRODUCT_000000012,5,116699.02,583495.10
ORDER_000001026_ITEM_001,ORDER_000001026,PRODUCT_000000456,4,5850.98,23403.92
ORDER_000001026_ITEM_002,ORDER_000001026,PRODUCT_000000342,1,63802.09,63802.09
ORDER_000001027_ITEM_001,ORDER_000001027,PRODUCT_000000003,4,166254.56,665018.24
ORDER_000001027_ITEM_002,ORDER_000001027,PRODUCT_000000062,4,5183.35,20733.40
ORDER_000001028_ITEM_001,ORDER_000001028,PRODUCT_000000212,2,10759.26,21518.52
ORDER_000001028_ITEM_002,ORDER_000001028,PRODUCT_000000290,2,32348.76,64697.52
ORDER_000001029_ITEM_001,ORDER_000001029,PRODUCT_000000463,1,1804.78,1804.78
ORDER_000001029_ITEM_002,ORDER_000001029,PRODUCT_000000082,3,904.37,2713.11
ORDER_000001030_ITEM_001,ORDER_000001030,PRODUCT_000000203,1,131189.59,131189.59
ORDER_000001030_ITEM_002,ORDER_000001030,PRODUCT_000000495,4,111322.66,445290.64
ORDER_000001031_ITEM_001,ORDER_000001031,PRODUCT_000000301,1,3608.69,3608.69
ORDER_000001031_ITEM_002,ORDER_000001031,PRODUCT_000000346,3,90006.80,270020.40
ORDER_000001032_ITEM_001,ORDER_000001032,PRODUCT_000000036,2,49982.53,99965.06
ORDER_000001032_ITEM_002,ORDER_000001032,PRODUCT_000000065,4,3214.64,12858.56
ORDER_000001033_ITEM_001,ORDER_000001033,PRODUCT_000000309,5,281.12,1405.60
ORDER_000001033_ITEM_002,ORDER_000001033,PRODUCT_000000436,3,39362.73,118088.19
ORDER_000001034_ITEM_001,ORDER_000001034,PRODUCT_000000177,1,29457.82,29457.82
ORDER_000001034_ITEM_002,ORDER_000001034,PRODUCT_000000381,3,80434.33,241302.99
ORDER_000001035_ITEM_001,ORDER_000001035,PRODUCT_000000332,5,1477.19,7385.95
ORDER_000001035_ITEM_002,ORDER_000001035,PRODUCT_000000414,1,57878.53,57878.53
ORDER_000001036_ITEM_001,ORDER_000001036,PRODUCT_000000437,4,5692.44,22769.76
ORDER_000001036_ITEM_002,ORDER_000001036,PRODUCT_000000150,5,97514.34,487571.70
ORDER_000001037_ITEM_001,ORDER_000001037,PRODUCT_000000415,5,77825.19,389125.95
ORDER_000001037_ITEM_002,ORDER_000001037,PRODUCT_000000036,3,49982.53,149947.59
ORDER_000001038_ITEM_001,ORDER_000001038,PRODUCT_000000429,1,54612.57,54612.57
ORDER_000001038_ITEM_002,ORDER_000001038,PRODUCT_000000176,2,498.75,997.50
ORDER_000001039_ITEM_001,ORDER_000001039,PRODUCT_000000205,1,3783.93,3783.93
ORDER_000001039_ITEM_002,ORDER_000001039,PRODUCT_000000443,4,1322.46,5289.84
ORDER_000001040_ITEM_001,ORDER_000001040,PRODUCT_000000105,2,630.25,1260.50
ORDER_000001040_ITEM_002,ORDER_000001040,PRODUCT_000000042,4,81949.03,327796.12
ORDER_000001041_ITEM_001,ORDER_000001041,PRODUCT_000000283,1,4001.25,4001.25
ORDER_000001041_ITEM_002,ORDER_000001041,PRODUCT_000000406,5,130798.44,653992.20
ORDER_000001042_ITEM_001,ORDER_000001042,PRODUCT_000000332,4,1477.19,5908.76
ORDER_000001042_ITEM_002,ORDER_000001042,PRODUCT_000000341,3,80395.16,241185.48
ORDER_000001043_ITEM_001,ORDER_000001043,PRODUCT_000000026,5,18909.61,94548.05
ORDER_000001043_ITEM_002,ORDER_000001043,PRODUCT_000000430,4,56850.26,227401.04
ORDER_000001044_ITEM_001,ORDER_000001044,PRODUCT_000000183,2,39378.79,78757.58
ORDER_000001044_ITEM_002,ORDER_000001044,PRODUCT_000000340,1,46977.00,46977.00
ORDER_000001045_ITEM_001,ORDER_000001045,PRODUCT_000000222,4,26935.38,107741.52
ORDER_000001045_ITEM_002,ORDER_000001045,PRODUCT_000000333,3,530.81,1592.43
ORDER_000001046_ITEM_001,ORDER_000001046,PRODUCT_000000393,5,2674.57,13372.85
ORDER_000001046_ITEM_002,ORDER_000001046,PRODUCT_000000058,1,20181.60,20181.60
ORDER_000001047_ITEM_001,ORDER_000001047,PRODUCT_000000006,5,78496.47,392482.35
ORDER_000001047_ITEM_002,ORDER_000001047,PRODUCT_000000240,5,8842.70,44213.50
ORDER_000001048_ITEM_001,ORDER_000001048,PRODUCT_000000253,4,1399.91,5599.64
ORDER_000001048_ITEM_002,ORDER_000001048,PRODUCT_000000314,4,13535.22,54140.88
ORDER_000001049_ITEM_001,ORDER_000001049,PRODUCT_000000388,3,16147.61,48442.83
ORDER_000001049_ITEM_002,ORDER_000001049,PRODUCT_000000467,3,89885.32,269655.96
ORDER_000001050_ITEM_001,ORDER_000001050,PRODUCT_000000103,5,63093.38,315466.90
ORDER_000001050_ITEM_002,ORDER_000001050,PRODUCT_000000231,4,15947.02,63788.08
ORDER_000001051_ITEM_001,ORDER_000001051,PRODUCT_000000496,4,970.45,3881.80
ORDER_000001051_ITEM_002,ORDER_000001051,PRODUCT_000000174,1,121049.76,121049.76
ORDER_000001052_ITEM_001,ORDER_000001052,PRODUCT_000000369,1,1041.90,1041.90
ORDER_000001052_ITEM_002,ORDER_000001052,PRODUCT_000000209,5,4970.11,24850.55
ORDER_000001053_ITEM_001,ORDER_000001053,PRODUCT_000000267,5,451.33,2256.65
ORDER_000001053_ITEM_002,ORDER_000001053,PRODUCT_000000023,4,1295.31,5181.24
ORDER_000001054_ITEM_001,ORDER_000001054,PRODUCT_000000488,2,7299.35,14598.70
ORDER_000001054_ITEM_002,ORDER_000001054,PRODUCT_000000147,1,79052.74,79052.74
ORDER_000001055_ITEM_001,ORDER_000001055,PRODUCT_000000182,1,906.52,906.52
ORDER_000001055_ITEM_002,ORDER_000001055,PRODUCT_000000472,2,2444.82,4889.64
ORDER_000001056_ITEM_001,ORDER_000001056,PRODUCT_000000468,4,11339.62,45358.48
ORDER_000001056_ITEM_002,ORDER_000001056,PRODUCT_000000021,3,2952.32,8856.96
ORDER_000001057_ITEM_001,ORDER_000001057,PRODUCT_000000450,1,137048.55,137048.55
ORDER_000001057_ITEM_002,ORDER_000001057,PRODUCT_000000318,1,11683.06,11683.06
ORDER_000001058_ITEM_001,ORDER_000001058,PRODUCT_000000028,2,22480.60,44961.20
ORDER_000001058_ITEM_002,ORDER_000001058,PRODUCT_000000303,2,28560.91,57121.82
ORDER_000001059_ITEM_001,ORDER_000001059,PRODUCT_000000379,2,788.70,1577.40
ORDER_000001059_ITEM_002,ORDER_000001059,PRODUCT_000000213,5,12880.62,64403.10
ORDER_000001060_ITEM_001,ORDER_000001060,PRODUCT_000000184,3,120740.28,362220.84
ORDER_000001060_ITEM_002,ORDER_000001060,PRODUCT_000000400,5,50864.82,254324.10
ORDER_000001061_ITEM_001,ORDER_000001061,PRODUCT_000000445,3,957.74,2873.22
ORDER_000001061_ITEM_002,ORDER_000001061,PRODUCT_000000294,3,98126.54,294379.62
ORDER_000001062_ITEM_001,ORDER_000001062,PRODUCT_000000407,2,71009.01,142018.02
ORDER_000001062_ITEM_002,ORDER_000001062,PRODUCT_000000309,3,281.12,843.36
ORDER_000001063_ITEM_001,ORDER_000001063,PRODUCT_000000408,1,291.08,291.08
ORDER_000001063_ITEM_002,ORDER_000001063,PRODUCT_000000338,2,17766.86,35533.72
ORDER_000001064_ITEM_001,ORDER_000001064,PRODUCT_000000182,5,906.52,4532.60
ORDER_000001064_ITEM_002,ORDER_000001064,PRODUCT_000000046,1,3078.68,3078.68
ORDER_000001065_ITEM_001,ORDER_000001065,PRODUCT_000000098,5,82015.47,410077.35
ORDER_000001065_ITEM_002,ORDER_000001065,PRODUCT_000000368,2,9454.76,18909.52
ORDER_000001066_ITEM_001,ORDER_000001066,PRODUCT_000000185,4,30648.96,122595.84
ORDER_000001066_ITEM_002,ORDER_000001066,PRODUCT_000000462,4,87564.19,350256.76
ORDER_000001067_ITEM_001,ORDER_000001067,PRODUCT_000000057,1,181686.00,181686.00
ORDER_000001067_ITEM_002,ORDER_000001067,PRODUCT_000000059,1,96024.22,96024.22
ORDER_000001068_ITEM_001,ORDER_000001068,PRODUCT_000000026,4,18909.61,75638.44
ORDER_000001068_ITEM_002,ORDER_000001068,PRODUCT_000000030,5,27973.94,139869.70
ORDER_000001069_ITEM_001,ORDER_000001069,PRODUCT_000000491,5,116914.83,584574.15
ORDER_000001069_ITEM_002,ORDER_000001069,PRODUCT_000000426,3,14178.77,42536.31
ORDER_000001070_ITEM_001,ORDER_000001070,PRODUCT_000000141,3,11546.35,34639.05
ORDER_000001070_ITEM_002,ORDER_000001070,PRODUCT_000000292,5,16024.87,80124.35
ORDER_000001071_ITEM_001,ORDER_000001071,PRODUCT_000000255,3,52583.68,157751.04
ORDER_000001071_ITEM_002,ORDER_000001071,PRODUCT_000000318,5,11683.06,58415.30
ORDER_000001072_ITEM_001,ORDER_000001072,PRODUCT_000000272,1,13222.81,13222.81
ORDER_000001072_ITEM_002,ORDER_000001072,PRODUCT_000000476,1,65466.46,65466.46
ORDER_000001073_ITEM_001,ORDER_000001073,PRODUCT_000000301,3,3608.69,10826.07
ORDER_000001073_ITEM_002,ORDER_000001073,PRODUCT_000000007,5,3112.46,15562.30
ORDER_000001074_ITEM_001,ORDER_000001074,PRODUCT_000000119,1,10653.04,10653.04
ORDER_000001074_ITEM_002,ORDER_000001074,PRODUCT_000000018,1,54878.11,54878.11
ORDER_000001075_ITEM_001,ORDER_000001075,PRODUCT_000000366,4,11041.34,44165.36
ORDER_000001075_ITEM_002,ORDER_000001075,PRODUCT_000000373,5,1253.40,6267.00
ORDER_000001076_ITEM_001,ORDER_000001076,PRODUCT_000000434,5,1900.67,9503.35
ORDER_000001076_ITEM_002,ORDER_000001076,PRODUCT_000000475,1,60287.81,60287.81
ORDER_000001077_ITEM_001,ORDER_000001077,PRODUCT_000000059,2,96024.22,192048.44
ORDER_000001077_ITEM_002,ORDER_000001077,PRODUCT_000000233,3,2536.45,7609.35
ORDER_000001078_ITEM_001,ORDER_000001078,PRODUCT_000000272,3,13222.81,39668.43
ORDER_000001078_ITEM_002,ORDER_000001078,PRODUCT_000000145,1,3868.10,3868.10
ORDER_000001079_ITEM_001,ORDER_000001079,PRODUCT_000000181,3,1727.48,5182.44
ORDER_000001079_ITEM_002,ORDER_000001079,PRODUCT_000000097,1,29573.36,29573.36
ORDER_000001080_ITEM_001,ORDER_000001080,PRODUCT_000000407,2,71009.01,142018.02
ORDER_000001080_ITEM_002,ORDER_000001080,PRODUCT_000000009,3,51529.17,154587.51
ORDER_000001081_ITEM_001,ORDER_000001081,PRODUCT_000000087,4,55215.64,220862.56
ORDER_000001081_ITEM_002,ORDER_000001081,PRODUCT_000000289,5,66663.17,333315.85
ORDER_000001082_ITEM_001,ORDER_000001082,PRODUCT_000000430,5,56850.26,284251.30
ORDER_000001082_ITEM_002,ORDER_000001082,PRODUCT_000000224,5,89554.05,447770.25
ORDER_000001083_ITEM_001,ORDER_000001083,PRODUCT_000000463,2,1804.78,3609.56
ORDER_000001083_ITEM_002,ORDER_000001083,PRODUCT_000000384,4,1879.95,7519.80
ORDER_000001084_ITEM_001,ORDER_000001084,PRODUCT_000000211,4,11540.41,46161.64
ORDER_000001084_ITEM_002,ORDER_000001084,PRODUCT_000000106,1,1964.81,1964.81
ORDER_000001085_ITEM_001,ORDER_000001085,PRODUCT_000000488,1,7299.35,7299.35
ORDER_000001085_ITEM_002,ORDER_000001085,PRODUCT_000000151,2,77780.21,155560.42
ORDER_000001086_ITEM_001,ORDER_000001086,PRODUCT_000000115,1,1102.21,1102.21
ORDER_000001086_ITEM_002,ORDER_000001086,PRODUCT_000000325,3,4259.98,12779.94
ORDER_000001087_ITEM_001,ORDER_000001087,PRODUCT_000000007,3,3112.46,9337.38
ORDER_000001087_ITEM_002,ORDER_000001087,PRODUCT_000000030,5,27973.94,139869.70
ORDER_000001088_ITEM_001,ORDER_000001088,PRODUCT_000000022,1,3619.59,3619.59
ORDER_000001088_ITEM_002,ORDER_000001088,PRODUCT_000000448,3,30757.35,92272.05
ORDER_000001089_ITEM_001,ORDER_000001089,PRODUCT_000000234,1,8118.02,8118.02
ORDER_000001089_ITEM_002,ORDER_000001089,PRODUCT_000000033,5,84979.83,424899.15
ORDER_000001090_ITEM_001,ORDER_000001090,PRODUCT_000000405,3,6190.14,18570.42
ORDER_000001090_ITEM_002,ORDER_000001090,PRODUCT_000000069,2,4621.50,9243.00
ORDER_000001091_ITEM_001,ORDER_000001091,PRODUCT_000000035,2,6152.71,12305.42
ORDER_000001091_ITEM_002,ORDER_000001091,PRODUCT_000000167,3,29972.62,89917.86
ORDER_000001092_ITEM_001,ORDER_000001092,PRODUCT_000000076,5,2000.71,10003.55
ORDER_000001092_ITEM_002,ORDER_000001092,PRODUCT_000000267,5,451.33,2256.65
ORDER_000001093_ITEM_001,ORDER_000001093,PRODUCT_000000358,5,459.97,2299.85
ORDER_000001093_ITEM_002,ORDER_000001093,PRODUCT_000000195,4,3974.21,15896.84
ORDER_000001094_ITEM_001,ORDER_000001094,PRODUCT_000000432,1,67458.36,67458.36
ORDER_000001094_ITEM_002,ORDER_000001094,PRODUCT_000000369,4,1041.90,4167.60
ORDER_000001095_ITEM_001,ORDER_000001095,PRODUCT_000000121,2,67658.89,135317.78
ORDER_000001095_ITEM_002,ORDER_000001095,PRODUCT_000000024,3,2660.53,7981.59
ORDER_000001096_ITEM_001,ORDER_000001096,PRODUCT_000000066,4,166045.11,664180.44
ORDER_000001096_ITEM_002,ORDER_000001096,PRODUCT_000000415,5,77825.19,389125.95
ORDER_000001097_ITEM_001,ORDER_000001097,PRODUCT_000000197,1,54944.74,54944.74
ORDER_000001097_ITEM_002,ORDER_000001097,PRODUCT_000000404,1,2884.96,2884.96
ORDER_000001098_ITEM_001,ORDER_000001098,PRODUCT_000000374,3,194612.79,583838.37
ORDER_000001098_ITEM_002,ORDER_000001098,PRODUCT_000000333,2,530.81,1061.62
ORDER_000001099_ITEM_001,ORDER_000001099,PRODUCT_000000121,1,67658.89,67658.89
ORDER_000001099_ITEM_002,ORDER_000001099,PRODUCT_000000079,2,20185.32,40370.64
ORDER_000001100_ITEM_001,ORDER_000001100,PRODUCT_000000178,3,11187.40,33562.20
ORDER_000001100_ITEM_002,ORDER_000001100,PRODUCT_000000433,3,3121.66,9364.98
ORDER_000001101_ITEM_001,ORDER_000001101,PRODUCT_000000285,4,59012.72,236050.88
ORDER_000001101_ITEM_002,ORDER_000001101,PRODUCT_000000026,1,18909.61,18909.61
ORDER_000001102_ITEM_001,ORDER_000001102,PRODUCT_000000107,5,835.56,4177.80
ORDER_000001102_ITEM_002,ORDER_000001102,PRODUCT_000000370,3,3741.06,11223.18
ORDER_000001103_ITEM_001,ORDER_000001103,PRODUCT_000000484,4,54819.53,219278.12
ORDER_000001103_ITEM_002,ORDER_000001103,PRODUCT_000000034,4,3282.53,13130.12
ORDER_000001104_ITEM_001,ORDER_000001104,PRODUCT_000000401,2,1258.44,2516.88
ORDER_000001104_ITEM_002,ORDER_000001104,PRODUCT_000000116,1,108578.88,108578.88
ORDER_000001105_ITEM_001,ORDER_000001105,PRODUCT_000000357,3,64399.68,193199.04
ORDER_000001105_ITEM_002,ORDER_000001105,PRODUCT_000000463,2,1804.78,3609.56
ORDER_000001106_ITEM_001,ORDER_000001106,PRODUCT_000000181,4,1727.48,6909.92
ORDER_000001106_ITEM_002,ORDER_000001106,PRODUCT_000000185,5,30648.96,153244.80
ORDER_000001107_ITEM_001,ORDER_000001107,PRODUCT_000000014,2,31645.32,63290.64
ORDER_000001107_ITEM_002,ORDER_000001107,PRODUCT_000000111,1,5144.89,5144.89
ORDER_000001108_ITEM_001,ORDER_000001108,PRODUCT_000000021,3,2952.32,8856.96
ORDER_000001108_ITEM_002,ORDER_000001108,PRODUCT_000000086,5,8488.74,42443.70
ORDER_000001109_ITEM_001,ORDER_000001109,PRODUCT_000000024,5,2660.53,13302.65
ORDER_000001109_ITEM_002,ORDER_000001109,PRODUCT_000000367,2,84997.19,169994.38
ORDER_000001110_ITEM_001,ORDER_000001110,PRODUCT_000000195,2,3974.21,7948.42
ORDER_000001110_ITEM_002,ORDER_000001110,PRODUCT_000000104,4,42385.77,169543.08
ORDER_000001111_ITEM_001,ORDER_000001111,PRODUCT_000000302,2,3481.66,6963.32
ORDER_000001111_ITEM_002,ORDER_000001111,PRODUCT_000000106,4,1964.81,7859.24
ORDER_000001112_ITEM_001,ORDER_000001112,PRODUCT_000000452,3,66502.26,199506.78
ORDER_000001112_ITEM_002,ORDER_000001112,PRODUCT_000000126,4,23808.94,95235.76
ORDER_000001113_ITEM_001,ORDER_000001113,PRODUCT_000000217,5,5712.09,28560.45
ORDER_000001113_ITEM_002,ORDER_000001113,PRODUCT_000000343,1,62824.31,62824.31
ORDER_000001114_ITEM_001,ORDER_000001114,PRODUCT_000000339,4,14282.13,57128.52
ORDER_000001114_ITEM_002,ORDER_000001114,PRODUCT_000000077,5,77023.77,385118.85
ORDER_000001115_ITEM_001,ORDER_000001115,PRODUCT_000000229,4,12881.53,51526.12
ORDER_000001115_ITEM_002,ORDER_000001115,PRODUCT_000000018,2,54878.11,109756.22
ORDER_000001116_ITEM_001,ORDER_000001116,PRODUCT_000000263,3,114743.85,344231.55
ORDER_000001116_ITEM_002,ORDER_000001116,PRODUCT_000000131,4,8366.73,33466.92
ORDER_000001117_ITEM_001,ORDER_000001117,PRODUCT_000000222,3,26935.38,80806.14
ORDER_000001117_ITEM_002,ORDER_000001117,PRODUCT_000000221,1,4631.09,4631.09
ORDER_000001118_ITEM_001,ORDER_000001118,PRODUCT_000000264,3,2135.20,6405.60
ORDER_000001118_ITEM_002,ORDER_000001118,PRODUCT_000000491,3,116914.83,350744.49
ORDER_000001119_ITEM_001,ORDER_000001119,PRODUCT_000000297,4,6305.72,25222.88
ORDER_000001119_ITEM_002,ORDER_000001119,PRODUCT_000000300,5,3971.91,19859.55
ORDER_000001120_ITEM_001,ORDER_000001120,PRODUCT_000000192,1,10837.79,10837.79
ORDER_000001120_ITEM_002,ORDER_000001120,PRODUCT_000000323,4,111157.95,444631.80
ORDER_000001121_ITEM_001,ORDER_000001121,PRODUCT_000000044,4,24208.61,96834.44
ORDER_000001121_ITEM_002,ORDER_000001121,PRODUCT_000000161,1,684.54,684.54
ORDER_000001122_ITEM_001,ORDER_000001122,PRODUCT_000000458,4,38414.84,153659.36
ORDER_000001122_ITEM_002,ORDER_000001122,PRODUCT_000000326,3,12706.30,38118.90
ORDER_000001123_ITEM_001,ORDER_000001123,PRODUCT_000000230,5,104957.16,524785.80
ORDER_000001123_ITEM_002,ORDER_000001123,PRODUCT_000000022,3,3619.59,10858.77
ORDER_000001124_ITEM_001,ORDER_000001124,PRODUCT_000000189,4,2291.77,9167.08
ORDER_000001124_ITEM_002,ORDER_000001124,PRODUCT_000000250,3,74845.58,224536.74
ORDER_000001125_ITEM_001,ORDER_000001125,PRODUCT_000000113,5,13504.86,67524.30
ORDER_000001125_ITEM_002,ORDER_000001125,PRODUCT_000000375,1,2168.98,2168.98
ORDER_000001126_ITEM_001,ORDER_000001126,PRODUCT_000000310,2,14175.81,28351.62
ORDER_000001126_ITEM_002,ORDER_000001126,PRODUCT_000000339,4,14282.13,57128.52
ORDER_000001127_ITEM_001,ORDER_000001127,PRODUCT_000000286,3,18315.20,54945.60
ORDER_000001127_ITEM_002,ORDER_000001127,PRODUCT_000000168,1,4563.70,4563.70
ORDER_000001128_ITEM_001,ORDER_000001128,PRODUCT_000000369,2,1041.90,2083.80
ORDER_000001128_ITEM_002,ORDER_000001128,PRODUCT_000000281,1,385.35,385.35
ORDER_000001129_ITEM_001,ORDER_000001129,PRODUCT_000000476,3,65466.46,196399.38
ORDER_000001129_ITEM_002,ORDER_000001129,PRODUCT_000000140,5,2815.66,14078.30
ORDER_000001130_ITEM_001,ORDER_000001130,PRODUCT_000000177,4,29457.82,117831.28
ORDER_000001130_ITEM_002,ORDER_000001130,PRODUCT_000000270,5,4362.80,21814.00
ORDER_000001131_ITEM_001,ORDER_000001131,PRODUCT_000000363,3,1679.27,5037.81
ORDER_000001131_ITEM_002,ORDER_000001131,PRODUCT_000000037,5,28745.87,143729.35
ORDER_000001132_ITEM_001,ORDER_000001132,PRODUCT_000000169,4,1720.94,6883.76
ORDER_000001132_ITEM_002,ORDER_000001132,PRODUCT_000000126,2,23808.94,47617.88
ORDER_000001133_ITEM_001,ORDER_000001133,PRODUCT_000000065,1,3214.64,3214.64
ORDER_000001133_ITEM_002,ORDER_000001133,PRODUCT_000000033,5,84979.83,424899.15
ORDER_000001134_ITEM_001,ORDER_000001134,PRODUCT_000000016,4,71215.48,284861.92
ORDER_000001134_ITEM_002,ORDER_000001134,PRODUCT_000000133,3,107202.22,321606.66
ORDER_000001135_ITEM_001,ORDER_000001135,PRODUCT_000000358,5,459.97,2299.85
ORDER_000001135_ITEM_002,ORDER_000001135,PRODUCT_000000343,3,62824.31,188472.93
ORDER_000001136_ITEM_001,ORDER_000001136,PRODUCT_000000362,5,311.22,1556.10
ORDER_000001136_ITEM_002,ORDER_000001136,PRODUCT_000000025,2,1480.92,2961.84
ORDER_000001137_ITEM_001,ORDER_000001137,PRODUCT_000000109,3,11755.22,35265.66
ORDER_000001137_ITEM_002,ORDER_000001137,PRODUCT_000000103,5,63093.38,315466.90
ORDER_000001138_ITEM_001,ORDER_000001138,PRODUCT_000000045,3,35447.12,106341.36
ORDER_000001138_ITEM_002,ORDER_000001138,PRODUCT_000000381,1,80434.33,80434.33
ORDER_000001139_ITEM_001,ORDER_000001139,PRODUCT_000000242,2,2669.01,5338.02
ORDER_000001139_ITEM_002,ORDER_000001139,PRODUCT_000000082,4,904.37,3617.48
ORDER_000001140_ITEM_001,ORDER_000001140,PRODUCT_000000276,4,6006.43,24025.72
ORDER_000001140_ITEM_002,ORDER_000001140,PRODUCT_000000157,2,1512.91,3025.82
ORDER_000001141_ITEM_001,ORDER_000001141,PRODUCT_000000470,3,1763.05,5289.15
ORDER_000001141_ITEM_002,ORDER_000001141,PRODUCT_000000417,4,2286.08,9144.32
ORDER_000001142_ITEM_001,ORDER_000001142,PRODUCT_000000445,1,957.74,957.74
ORDER_000001142_ITEM_002,ORDER_000001142,PRODUCT_000000183,2,39378.79,78757.58
ORDER_000001143_ITEM_001,ORDER_000001143,PRODUCT_000000155,3,37803.93,113411.79
ORDER_000001143_ITEM_002,ORDER_000001143,PRODUCT_000000134,2,2948.45,5896.90
ORDER_000001144_ITEM_001,ORDER_000001144,PRODUCT_000000423,2,2075.71,4151.42
ORDER_000001144_ITEM_002,ORDER_000001144,PRODUCT_000000224,2,89554.05,179108.10
ORDER_000001145_ITEM_001,ORDER_000001145,PRODUCT_000000276,5,6006.43,30032.15
ORDER_000001145_ITEM_002,ORDER_000001145,PRODUCT_000000381,1,80434.33,80434.33
ORDER_000001146_ITEM_001,ORDER_000001146,PRODUCT_000000434,4,1900.67,7602.68
ORDER_000001146_ITEM_002,ORDER_000001146,PRODUCT_000000370,3,3741.06,11223.18
ORDER_000001147_ITEM_001,ORDER_000001147,PRODUCT_000000008,4,113431.81,453727.24
ORDER_000001147_ITEM_002,ORDER_000001147,PRODUCT_000000397,3,2067.45,6202.35
ORDER_000001148_ITEM_001,ORDER_000001148,PRODUCT_000000064,4,174728.07,698912.28
ORDER_000001148_ITEM_002,ORDER_000001148,PRODUCT_000000090,4,727.26,2909.04
ORDER_000001149_ITEM_001,ORDER_000001149,PRODUCT_000000029,4,2844.42,11377.68
ORDER_000001149_ITEM_002,ORDER_000001149,PRODUCT_000000117,4,186308.09,745232.36
ORDER_000001150_ITEM_001,ORDER_000001150,PRODUCT_000000034,1,3282.53,3282.53
ORDER_000001150_ITEM_002,ORDER_000001150,PRODUCT_000000293,1,68391.63,68391.63
ORDER_000001151_ITEM_001,ORDER_000001151,PRODUCT_000000087,2,55215.64,110431.28
ORDER_000001151_ITEM_002,ORDER_000001151,PRODUCT_000000054,4,1153.40,4613.60
ORDER_000001152_ITEM_001,ORDER_000001152,PRODUCT_000000322,1,6422.03,6422.03
ORDER_000001152_ITEM_002,ORDER_000001152,PRODUCT_000000432,3,67458.36,202375.08
ORDER_000001153_ITEM_001,ORDER_000001153,PRODUCT_000000217,1,5712.09,5712.09
ORDER_000001153_ITEM_002,ORDER_000001153,PRODUCT_000000139,4,955.15,3820.60
ORDER_000001154_ITEM_001,ORDER_000001154,PRODUCT_000000126,3,23808.94,71426.82
ORDER_000001154_ITEM_002,ORDER_000001154,PRODUCT_000000448,2,30757.35,61514.70
ORDER_000001155_ITEM_001,ORDER_000001155,PRODUCT_000000240,1,8842.70,8842.70
ORDER_000001155_ITEM_002,ORDER_000001155,PRODUCT_000000037,2,28745.87,57491.74
ORDER_000001156_ITEM_001,ORDER_000001156,PRODUCT_000000123,2,18655.96,37311.92
ORDER_000001156_ITEM_002,ORDER_000001156,PRODUCT_000000094,1,159079.65,159079.65
ORDER_000001157_ITEM_001,ORDER_000001157,PRODUCT_000000153,1,1314.83,1314.83
ORDER_000001157_ITEM_002,ORDER_000001157,PRODUCT_000000193,2,1656.01,3312.02
ORDER_000001158_ITEM_001,ORDER_000001158,PRODUCT_000000391,3,21049.94,63149.82
ORDER_000001158_ITEM_002,ORDER_000001158,PRODUCT_000000481,4,242.93,971.72
ORDER_000001159_ITEM_001,ORDER_000001159,PRODUCT_000000306,5,16336.98,81684.90
ORDER_000001159_ITEM_002,ORDER_000001159,PRODUCT_000000085,3,95727.09,287181.27
ORDER_000001160_ITEM_001,ORDER_000001160,PRODUCT_000000062,4,5183.35,20733.40
ORDER_000001160_ITEM_002,ORDER_000001160,PRODUCT_000000311,2,6289.30,12578.60
ORDER_000001161_ITEM_001,ORDER_000001161,PRODUCT_000000113,4,13504.86,54019.44
ORDER_000001161_ITEM_002,ORDER_000001161,PRODUCT_000000406,1,130798.44,130798.44
ORDER_000001162_ITEM_001,ORDER_000001162,PRODUCT_000000343,3,62824.31,188472.93
ORDER_000001162_ITEM_002,ORDER_000001162,PRODUCT_000000490,2,5004.64,10009.28
ORDER_000001163_ITEM_001,ORDER_000001163,PRODUCT_000000071,4,27899.72,111598.88
ORDER_000001163_ITEM_002,ORDER_000001163,PRODUCT_000000011,2,5081.83,10163.66
ORDER_000001164_ITEM_001,ORDER_000001164,PRODUCT_000000133,1,107202.22,107202.22
ORDER_000001164_ITEM_002,ORDER_000001164,PRODUCT_000000375,4,2168.98,8675.92
ORDER_000001165_ITEM_001,ORDER_000001165,PRODUCT_000000374,5,194612.79,973063.95
ORDER_000001165_ITEM_002,ORDER_000001165,PRODUCT_000000195,3,3974.21,11922.63
ORDER_000001166_ITEM_001,ORDER_000001166,PRODUCT_000000411,3,261.77,785.31
ORDER_000001166_ITEM_002,ORDER_000001166,PRODUCT_000000447,2,5903.88,11807.76
ORDER_000001167_ITEM_001,ORDER_000001167,PRODUCT_000000009,5,51529.17,257645.85
ORDER_000001167_ITEM_002,ORDER_000001167,PRODUCT_000000021,2,2952.32,5904.64
ORDER_000001168_ITEM_001,ORDER_000001168,PRODUCT_000000249,2,33792.11,67584.22
ORDER_000001168_ITEM_002,ORDER_000001168,PRODUCT_000000007,3,3112.46,9337.38
ORDER_000001169_ITEM_001,ORDER_000001169,PRODUCT_000000412,2,65524.59,131049.18
ORDER_000001169_ITEM_002,ORDER_000001169,PRODUCT_000000005,1,3906.48,3906.48
ORDER_000001170_ITEM_001,ORDER_000001170,PRODUCT_000000485,1,123226.74,123226.74
ORDER_000001170_ITEM_002,ORDER_000001170,PRODUCT_000000064,2,174728.07,349456.14
ORDER_000001171_ITEM_001,ORDER_000001171,PRODUCT_000000106,2,1964.81,3929.62
ORDER_000001171_ITEM_002,ORDER_000001171,PRODUCT_000000126,2,23808.94,47617.88
ORDER_000001172_ITEM_001,ORDER_000001172,PRODUCT_000000330,3,732.17,2196.51
ORDER_000001172_ITEM_002,ORDER_000001172,PRODUCT_000000424,3,6433.07,19299.21
ORDER_000001173_ITEM_001,ORDER_000001173,PRODUCT_000000054,4,1153.40,4613.60
ORDER_000001173_ITEM_002,ORDER_000001173,PRODUCT_000000280,4,8266.88,33067.52
ORDER_000001174_ITEM_001,ORDER_000001174,PRODUCT_000000061,2,378.02,756.04
ORDER_000001174_ITEM_002,ORDER_000001174,PRODUCT_000000213,1,12880.62,12880.62
ORDER_000001175_ITEM_001,ORDER_000001175,PRODUCT_000000046,3,3078.68,9236.04
ORDER_000001175_ITEM_002,ORDER_000001175,PRODUCT_000000499,3,22717.74,68153.22
ORDER_000001176_ITEM_001,ORDER_000001176,PRODUCT_000000188,1,35973.47,35973.47
ORDER_000001176_ITEM_002,ORDER_000001176,PRODUCT_000000473,3,10475.93,31427.79
ORDER_000001177_ITEM_001,ORDER_000001177,PRODUCT_000000078,5,99659.01,498295.05
ORDER_000001177_ITEM_002,ORDER_000001177,PRODUCT_000000086,2,8488.74,16977.48
ORDER_000001178_ITEM_001,ORDER_000001178,PRODUCT_000000250,3,74845.58,224536.74
ORDER_000001178_ITEM_002,ORDER_000001178,PRODUCT_000000057,1,181686.00,181686.00
ORDER_000001179_ITEM_001,ORDER_000001179,PRODUCT_000000096,5,1255.12,6275.60
ORDER_000001179_ITEM_002,ORDER_000001179,PRODUCT_000000071,2,27899.72,55799.44
ORDER_000001180_ITEM_001,ORDER_000001180,PRODUCT_000000290,1,32348.76,32348.76
ORDER_000001180_ITEM_002,ORDER_000001180,PRODUCT_000000029,3,2844.42,8533.26
ORDER_000001181_ITEM_001,ORDER_000001181,PRODUCT_000000007,5,3112.46,15562.30
ORDER_000001181_ITEM_002,ORDER_000001181,PRODUCT_000000486,3,411.42,1234.26
ORDER_000001182_ITEM_001,ORDER_000001182,PRODUCT_000000035,5,6152.71,30763.55
ORDER_000001182_ITEM_002,ORDER_000001182,PRODUCT_000000115,4,1102.21,4408.84
ORDER_000001183_ITEM_001,ORDER_000001183,PRODUCT_000000225,4,3256.60,13026.40
ORDER_000001183_ITEM_002,ORDER_000001183,PRODUCT_000000422,3,76372.72,229118.16
ORDER_000001184_ITEM_001,ORDER_000001184,PRODUCT_000000435,5,66739.12,333695.60
ORDER_000001184_ITEM_002,ORDER_000001184,PRODUCT_000000085,3,95727.09,287181.27
ORDER_000001185_ITEM_001,ORDER_000001185,PRODUCT_000000055,1,77397.64,77397.64
ORDER_000001185_ITEM_002,ORDER_000001185,PRODUCT_000000323,2,111157.95,222315.90
ORDER_000001186_ITEM_001,ORDER_000001186,PRODUCT_000000304,2,12926.90,25853.80
ORDER_000001186_ITEM_002,ORDER_000001186,PRODUCT_000000426,3,14178.77,42536.31
ORDER_000001187_ITEM_001,ORDER_000001187,PRODUCT_000000213,3,12880.62,38641.86
ORDER_000001187_ITEM_002,ORDER_000001187,PRODUCT_000000466,2,7087.91,14175.82
ORDER_000001188_ITEM_001,ORDER_000001188,PRODUCT_000000344,3,108319.93,324959.79
ORDER_000001188_ITEM_002,ORDER_000001188,PRODUCT_000000384,5,1879.95,9399.75
ORDER_000001189_ITEM_001,ORDER_000001189,PRODUCT_000000373,4,1253.40,5013.60
ORDER_000001189_ITEM_002,ORDER_000001189,PRODUCT_000000358,5,459.97,2299.85
ORDER_000001190_ITEM_001,ORDER_000001190,PRODUCT_000000079,2,20185.32,40370.64
ORDER_000001190_ITEM_002,ORDER_000001190,PRODUCT_000000329,4,9319.38,37277.52
ORDER_000001191_ITEM_001,ORDER_000001191,PRODUCT_000000295,5,38276.02,191380.10
ORDER_000001191_ITEM_002,ORDER_000001191,PRODUCT_000000295,4,38276.02,153104.08
ORDER_000001192_ITEM_001,ORDER_000001192,PRODUCT_000000166,5,6151.35,30756.75
ORDER_000001192_ITEM_002,ORDER_000001192,PRODUCT_000000012,1,116699.02,116699.02
ORDER_000001193_ITEM_001,ORDER_000001193,PRODUCT_000000402,4,51496.58,205986.32
ORDER_000001193_ITEM_002,ORDER_000001193,PRODUCT_000000478,4,5870.96,23483.84
ORDER_000001194_ITEM_001,ORDER_000001194,PRODUCT_000000207,3,551.65,1654.95
ORDER_000001194_ITEM_002,ORDER_000001194,PRODUCT_000000307,4,8253.54,33014.16
ORDER_000001195_ITEM_001,ORDER_000001195,PRODUCT_000000137,2,2720.00,5440.00
ORDER_000001195_ITEM_002,ORDER_000001195,PRODUCT_000000371,4,7881.87,31527.48
ORDER_000001196_ITEM_001,ORDER_000001196,PRODUCT_000000199,3,48433.40,145300.20
ORDER_000001196_ITEM_002,ORDER_000001196,PRODUCT_000000227,2,51780.80,103561.60
ORDER_000001197_ITEM_001,ORDER_000001197,PRODUCT_000000008,2,113431.81,226863.62
ORDER_000001197_ITEM_002,ORDER_000001197,PRODUCT_000000438,4,40311.65,161246.60
ORDER_000001198_ITEM_001,ORDER_000001198,PRODUCT_000000129,1,109019.55,109019.55
ORDER_000001198_ITEM_002,ORDER_000001198,PRODUCT_000000299,1,109951.12,109951.12
ORDER_000001199_ITEM_001,ORDER_000001199,PRODUCT_000000234,4,8118.02,32472.08
ORDER_000001199_ITEM_002,ORDER_000001199,PRODUCT_000000210,3,961.15,2883.45
ORDER_000001200_ITEM_001,ORDER_000001200,PRODUCT_000000410,3,6005.71,18017.13
ORDER_000001200_ITEM_002,ORDER_000001200,PRODUCT_000000320,2,1644.19,3288.38
ORDER_000001201_ITEM_001,ORDER_000001201,PRODUCT_000000368,4,9454.76,37819.04
ORDER_000001201_ITEM_002,ORDER_000001201,PRODUCT_000000370,5,3741.06,18705.30
ORDER_000001202_ITEM_001,ORDER_000001202,PRODUCT_000000431,3,28619.97,85859.91
ORDER_000001202_ITEM_002,ORDER_000001202,PRODUCT_000000271,1,7343.39,7343.39
ORDER_000001203_ITEM_001,ORDER_000001203,PRODUCT_000000468,5,11339.62,56698.10
ORDER_000001203_ITEM_002,ORDER_000001203,PRODUCT_000000467,1,89885.32,89885.32
ORDER_000001204_ITEM_001,ORDER_000001204,PRODUCT_000000116,3,108578.88,325736.64
ORDER_000001204_ITEM_002,ORDER_000001204,PRODUCT_000000146,1,1443.25,1443.25
ORDER_000001205_ITEM_001,ORDER_000001205,PRODUCT_000000143,4,71000.26,284001.04
ORDER_000001205_ITEM_002,ORDER_000001205,PRODUCT_000000004,4,84297.47,337189.88
ORDER_000001206_ITEM_001,ORDER_000001206,PRODUCT_000000220,3,5722.11,17166.33
ORDER_000001206_ITEM_002,ORDER_000001206,PRODUCT_000000445,1,957.74,957.74
ORDER_000001207_ITEM_001,ORDER_000001207,PRODUCT_000000389,3,71784.35,215353.05
ORDER_000001207_ITEM_002,ORDER_000001207,PRODUCT_000000024,1,2660.53,2660.53
ORDER_000001208_ITEM_001,ORDER_000001208,PRODUCT_000000492,2,1512.08,3024.16
ORDER_000001208_ITEM_002,ORDER_000001208,PRODUCT_000000488,4,7299.35,29197.40
ORDER_000001209_ITEM_001,ORDER_000001209,PRODUCT_000000008,5,113431.81,567159.05
ORDER_000001209_ITEM_002,ORDER_000001209,PRODUCT_000000297,5,6305.72,31528.60
ORDER_000001210_ITEM_001,ORDER_000001210,PRODUCT_000000416,3,2364.84,7094.52
ORDER_000001210_ITEM_002,ORDER_000001210,PRODUCT_000000134,5,2948.45,14742.25
ORDER_000001211_ITEM_001,ORDER_000001211,PRODUCT_000000266,5,139987.08,699935.40
ORDER_000001211_ITEM_002,ORDER_000001211,PRODUCT_000000171,4,212543.08,850172.32
ORDER_000001212_ITEM_001,ORDER_000001212,PRODUCT_000000304,3,12926.90,38780.70
ORDER_000001212_ITEM_002,ORDER_000001212,PRODUCT_000000111,1,5144.89,5144.89
ORDER_000001213_ITEM_001,ORDER_000001213,PRODUCT_000000432,5,67458.36,337291.80
ORDER_000001213_ITEM_002,ORDER_000001213,PRODUCT_000000121,1,67658.89,67658.89
ORDER_000001214_ITEM_001,ORDER_000001214,PRODUCT_000000440,2,4395.21,8790.42
ORDER_000001214_ITEM_002,ORDER_000001214,PRODUCT_000000083,3,68919.06,206757.18
ORDER_000001215_ITEM_001,ORDER_000001215,PRODUCT_000000390,4,36528.52,146114.08
ORDER_000001215_ITEM_002,ORDER_000001215,PRODUCT_000000027,5,122387.75,611938.75
ORDER_000001216_ITEM_001,ORDER_000001216,PRODUCT_000000287,5,2545.20,12726.00
ORDER_000001216_ITEM_002,ORDER_000001216,PRODUCT_000000272,3,13222.81,39668.43
ORDER_000001217_ITEM_001,ORDER_000001217,PRODUCT_000000060,2,61306.51,122613.02
ORDER_000001217_ITEM_002,ORDER_000001217,PRODUCT_000000124,2,2352.93,4705.86
ORDER_000001218_ITEM_001,ORDER_000001218,PRODUCT_000000455,4,5380.81,21523.24
ORDER_000001218_ITEM_002,ORDER_000001218,PRODUCT_000000006,1,78496.47,78496.47
ORDER_000001219_ITEM_001,ORDER_000001219,PRODUCT_000000386,3,7104.14,21312.42
ORDER_000001219_ITEM_002,ORDER_000001219,PRODUCT_000000492,2,1512.08,3024.16
ORDER_000001220_ITEM_001,ORDER_000001220,PRODUCT_000000186,1,11204.19,11204.19
ORDER_000001220_ITEM_002,ORDER_000001220,PRODUCT_000000337,2,3208.91,6417.82
ORDER_000001221_ITEM_001,ORDER_000001221,PRODUCT_000000436,3,39362.73,118088.19
ORDER_000001221_ITEM_002,ORDER_000001221,PRODUCT_000000163,4,21213.87,84855.48
ORDER_000001222_ITEM_001,ORDER_000001222,PRODUCT_000000355,5,2839.63,14198.15
ORDER_000001222_ITEM_002,ORDER_000001222,PRODUCT_000000150,3,97514.34,292543.02
ORDER_000001223_ITEM_001,ORDER_000001223,PRODUCT_000000136,2,50895.01,101790.02
ORDER_000001223_ITEM_002,ORDER_000001223,PRODUCT_000000128,4,10367.22,41468.88
ORDER_000001224_ITEM_001,ORDER_000001224,PRODUCT_000000211,5,11540.41,57702.05
ORDER_000001224_ITEM_002,ORDER_000001224,PRODUCT_000000008,1,113431.81,113431.81
ORDER_000001225_ITEM_001,ORDER_000001225,PRODUCT_000000485,3,123226.74,369680.22
ORDER_000001225_ITEM_002,ORDER_000001225,PRODUCT_000000455,1,5380.81,5380.81
ORDER_000001226_ITEM_001,ORDER_000001226,PRODUCT_000000206,2,338.63,677.26
ORDER_000001226_ITEM_002,ORDER_000001226,PRODUCT_000000260,3,2417.05,7251.15
ORDER_000001227_ITEM_001,ORDER_000001227,PRODUCT_000000475,2,60287.81,120575.62
ORDER_000001227_ITEM_002,ORDER_000001227,PRODUCT_000000309,4,281.12,1124.48
ORDER_000001228_ITEM_001,ORDER_000001228,PRODUCT_000000356,4,53340.70,213362.80
ORDER_000001228_ITEM_002,ORDER_000001228,PRODUCT_000000325,4,4259.98,17039.92
ORDER_000001229_ITEM_001,ORDER_000001229,PRODUCT_000000121,1,67658.89,67658.89
ORDER_000001229_ITEM_002,ORDER_000001229,PRODUCT_000000148,3,13436.93,40310.79
ORDER_000001230_ITEM_001,ORDER_000001230,PRODUCT_000000419,2,1633.27,3266.54
ORDER_000001230_ITEM_002,ORDER_000001230,PRODUCT_000000043,3,143690.78,431072.34
ORDER_000001231_ITEM_001,ORDER_000001231,PRODUCT_000000094,5,159079.65,795398.25
ORDER_000001231_ITEM_002,ORDER_000001231,PRODUCT_000000459,5,5188.95,25944.75
ORDER_000001232_ITEM_001,ORDER_000001232,PRODUCT_000000087,3,55215.64,165646.92
ORDER_000001232_ITEM_002,ORDER_000001232,PRODUCT_000000447,1,5903.88,5903.88
ORDER_000001233_ITEM_001,ORDER_000001233,PRODUCT_000000457,5,20677.50,103387.50
ORDER_000001233_ITEM_002,ORDER_000001233,PRODUCT_000000295,2,38276.02,76552.04
ORDER_000001234_ITEM_001,ORDER_000001234,PRODUCT_000000178,1,11187.40,11187.40
ORDER_000001234_ITEM_002,ORDER_000001234,PRODUCT_000000289,1,66663.17,66663.17
ORDER_000001235_ITEM_001,ORDER_000001235,PRODUCT_000000146,5,1443.25,7216.25
ORDER_000001235_ITEM_002,ORDER_000001235,PRODUCT_000000476,1,65466.46,65466.46
ORDER_000001236_ITEM_001,ORDER_000001236,PRODUCT_000000241,2,19528.30,39056.60
ORDER_000001236_ITEM_002,ORDER_000001236,PRODUCT_000000412,1,65524.59,65524.59
ORDER_000001237_ITEM_001,ORDER_000001237,PRODUCT_000000484,3,54819.53,164458.59
ORDER_000001237_ITEM_002,ORDER_000001237,PRODUCT_000000362,5,311.22,1556.10
ORDER_000001238_ITEM_001,ORDER_000001238,PRODUCT_000000417,4,2286.08,9144.32
ORDER_000001238_ITEM_002,ORDER_000001238,PRODUCT_000000304,3,12926.90,38780.70
ORDER_000001239_ITEM_001,ORDER_000001239,PRODUCT_000000268,5,230.02,1150.10
ORDER_000001239_ITEM_002,ORDER_000001239,PRODUCT_000000024,2,2660.53,5321.06
ORDER_000001240_ITEM_001,ORDER_000001240,PRODUCT_000000115,1,1102.21,1102.21
ORDER_000001240_ITEM_002,ORDER_000001240,PRODUCT_000000282,4,114133.14,456532.56
ORDER_000001241_ITEM_001,ORDER_000001241,PRODUCT_000000155,2,37803.93,75607.86
ORDER_000001241_ITEM_002,ORDER_000001241,PRODUCT_000000012,1,116699.02,116699.02
ORDER_000001242_ITEM_001,ORDER_000001242,PRODUCT_000000141,5,11546.35,57731.75
ORDER_000001242_ITEM_002,ORDER_000001242,PRODUCT_000000476,1,65466.46,65466.46
ORDER_000001243_ITEM_001,ORDER_000001243,PRODUCT_000000402,4,51496.58,205986.32
ORDER_000001243_ITEM_002,ORDER_000001243,PRODUCT_000000355,4,2839.63,11358.52
ORDER_000001244_ITEM_001,ORDER_000001244,PRODUCT_000000058,4,20181.60,80726.40
ORDER_000001244_ITEM_002,ORDER_000001244,PRODUCT_000000190,5,1821.64,9108.20
ORDER_000001245_ITEM_001,ORDER_000001245,PRODUCT_000000488,5,7299.35,36496.75
ORDER_000001245_ITEM_002,ORDER_000001245,PRODUCT_000000270,5,4362.80,21814.00
ORDER_000001246_ITEM_001,ORDER_000001246,PRODUCT_000000433,1,3121.66,3121.66
ORDER_000001246_ITEM_002,ORDER_000001246,PRODUCT_000000285,5,59012.72,295063.60
ORDER_000001247_ITEM_001,ORDER_000001247,PRODUCT_000000394,4,1417.36,5669.44
ORDER_000001247_ITEM_002,ORDER_000001247,PRODUCT_000000309,3,281.12,843.36
ORDER_000001248_ITEM_001,ORDER_000001248,PRODUCT_000000491,4,116914.83,467659.32
ORDER_000001248_ITEM_002,ORDER_000001248,PRODUCT_000000208,4,62048.54,248194.16
ORDER_000001249_ITEM_001,ORDER_000001249,PRODUCT_000000269,1,396.98,396.98
ORDER_000001249_ITEM_002,ORDER_000001249,PRODUCT_000000172,3,4761.64,14284.92
ORDER_000001250_ITEM_001,ORDER_000001250,PRODUCT_000000364,1,87653.60,87653.60
ORDER_000001250_ITEM_002,ORDER_000001250,PRODUCT_000000437,5,5692.44,28462.20
ORDER_000001251_ITEM_001,ORDER_000001251,PRODUCT_000000456,1,5850.98,5850.98
ORDER_000001251_ITEM_002,ORDER_000001251,PRODUCT_000000008,3,113431.81,340295.43
ORDER_000001252_ITEM_001,ORDER_000001252,PRODUCT_000000044,2,24208.61,48417.22
ORDER_000001252_ITEM_002,ORDER_000001252,PRODUCT_000000302,4,3481.66,13926.64
ORDER_000001253_ITEM_001,ORDER_000001253,PRODUCT_000000457,3,20677.50,62032.50
ORDER_000001253_ITEM_002,ORDER_000001253,PRODUCT_000000223,4,3175.58,12702.32
ORDER_000001254_ITEM_001,ORDER_000001254,PRODUCT_000000230,5,104957.16,524785.80
ORDER_000001254_ITEM_002,ORDER_000001254,PRODUCT_000000078,5,99659.01,498295.05
ORDER_000001255_ITEM_001,ORDER_000001255,PRODUCT_000000389,4,71784.35,287137.40
ORDER_000001255_ITEM_002,ORDER_000001255,PRODUCT_000000139,5,955.15,4775.75
ORDER_000001256_ITEM_001,ORDER_000001256,PRODUCT_000000007,4,3112.46,12449.84
ORDER_000001256_ITEM_002,ORDER_000001256,PRODUCT_000000343,5,62824.31,314121.55
ORDER_000001257_ITEM_001,ORDER_000001257,PRODUCT_000000245,4,2849.98,11399.92
ORDER_000001257_ITEM_002,ORDER_000001257,PRODUCT_000000424,1,6433.07,6433.07
ORDER_000001258_ITEM_001,ORDER_000001258,PRODUCT_000000004,4,84297.47,337189.88
ORDER_000001258_ITEM_002,ORDER_000001258,PRODUCT_000000471,1,26176.74,26176.74
ORDER_000001259_ITEM_001,ORDER_000001259,PRODUCT_000000221,4,4631.09,18524.36
ORDER_000001259_ITEM_002,ORDER_000001259,PRODUCT_000000249,5,33792.11,168960.55
ORDER_000001260_ITEM_001,ORDER_000001260,PRODUCT_000000412,5,65524.59,327622.95
ORDER_000001260_ITEM_002,ORDER_000001260,PRODUCT_000000155,5,37803.93,189019.65
ORDER_000001261_ITEM_001,ORDER_000001261,PRODUCT_000000098,5,82015.47,410077.35
ORDER_000001261_ITEM_002,ORDER_000001261,PRODUCT_000000094,3,159079.65,477238.95
ORDER_000001262_ITEM_001,ORDER_000001262,PRODUCT_000000226,3,2585.73,7757.19
ORDER_000001262_ITEM_002,ORDER_000001262,PRODUCT_000000462,3,87564.19,262692.57
ORDER_000001263_ITEM_001,ORDER_000001263,PRODUCT_000000415,3,77825.19,233475.57
ORDER_000001263_ITEM_002,ORDER_000001263,PRODUCT_000000296,5,105785.14,528925.70
ORDER_000001264_ITEM_001,ORDER_000001264,PRODUCT_000000332,3,1477.19,4431.57
ORDER_000001264_ITEM_002,ORDER_000001264,PRODUCT_000000233,5,2536.45,12682.25
ORDER_000001265_ITEM_001,ORDER_000001265,PRODUCT_000000204,2,502.82,1005.64
ORDER_000001265_ITEM_002,ORDER_000001265,PRODUCT_000000145,2,3868.10,7736.20
ORDER_000001266_ITEM_001,ORDER_000001266,PRODUCT_000000287,4,2545.20,10180.80
ORDER_000001266_ITEM_002,ORDER_000001266,PRODUCT_000000354,2,8755.37,17510.74
ORDER_000001267_ITEM_001,ORDER_000001267,PRODUCT_000000086,1,8488.74,8488.74
ORDER_000001267_ITEM_002,ORDER_000001267,PRODUCT_000000014,1,31645.32,31645.32
ORDER_000001268_ITEM_001,ORDER_000001268,PRODUCT_000000154,3,17743.63,53230.89
ORDER_000001268_ITEM_002,ORDER_000001268,PRODUCT_000000122,4,5503.57,22014.28
ORDER_000001269_ITEM_001,ORDER_000001269,PRODUCT_000000055,5,77397.64,386988.20
ORDER_000001269_ITEM_002,ORDER_000001269,PRODUCT_000000421,5,26929.93,134649.65
ORDER_000001270_ITEM_001,ORDER_000001270,PRODUCT_000000288,2,105802.00,211604.00
ORDER_000001270_ITEM_002,ORDER_000001270,PRODUCT_000000479,2,436.69,873.38
ORDER_000001271_ITEM_001,ORDER_000001271,PRODUCT_000000376,5,1235.61,6178.05
ORDER_000001271_ITEM_002,ORDER_000001271,PRODUCT_000000469,1,4611.19,4611.19
ORDER_000001272_ITEM_001,ORDER_000001272,PRODUCT_000000345,4,106411.74,425646.96
ORDER_000001272_ITEM_002,ORDER_000001272,PRODUCT_000000379,5,788.70,3943.50
ORDER_000001273_ITEM_001,ORDER_000001273,PRODUCT_000000104,4,42385.77,169543.08
ORDER_000001273_ITEM_002,ORDER_000001273,PRODUCT_000000023,4,1295.31,5181.24
ORDER_000001274_ITEM_001,ORDER_000001274,PRODUCT_000000282,2,114133.14,228266.28
ORDER_000001274_ITEM_002,ORDER_000001274,PRODUCT_000000197,1,54944.74,54944.74
ORDER_000001275_ITEM_001,ORDER_000001275,PRODUCT_000000128,4,10367.22,41468.88
ORDER_000001275_ITEM_002,ORDER_000001275,PRODUCT_000000118,3,115069.78,345209.34
ORDER_000001276_ITEM_001,ORDER_000001276,PRODUCT_000000183,1,39378.79,39378.79
ORDER_000001276_ITEM_002,ORDER_000001276,PRODUCT_000000337,5,3208.91,16044.55
ORDER_000001277_ITEM_001,ORDER_000001277,PRODUCT_000000485,2,123226.74,246453.48
ORDER_000001277_ITEM_002,ORDER_000001277,PRODUCT_000000196,3,713.24,2139.72
ORDER_000001278_ITEM_001,ORDER_000001278,PRODUCT_000000435,4,66739.12,266956.48
ORDER_000001278_ITEM_002,ORDER_000001278,PRODUCT_000000420,1,33996.43,33996.43
ORDER_000001279_ITEM_001,ORDER_000001279,PRODUCT_000000186,4,11204.19,44816.76
ORDER_000001279_ITEM_002,ORDER_000001279,PRODUCT_000000234,2,8118.02,16236.04
ORDER_000001280_ITEM_001,ORDER_000001280,PRODUCT_000000071,1,27899.72,27899.72
ORDER_000001280_ITEM_002,ORDER_000001280,PRODUCT_000000092,4,38553.85,154215.40
ORDER_000001281_ITEM_001,ORDER_000001281,PRODUCT_000000336,2,9981.53,19963.06
ORDER_000001281_ITEM_002,ORDER_000001281,PRODUCT_000000088,2,4393.00,8786.00
ORDER_000001282_ITEM_001,ORDER_000001282,PRODUCT_000000327,4,10245.94,40983.76
ORDER_000001282_ITEM_002,ORDER_000001282,PRODUCT_000000210,1,961.15,961.15
ORDER_000001283_ITEM_001,ORDER_000001283,PRODUCT_000000338,4,17766.86,71067.44
ORDER_000001283_ITEM_002,ORDER_000001283,PRODUCT_000000304,1,12926.90,12926.90
ORDER_000001284_ITEM_001,ORDER_000001284,PRODUCT_000000071,1,27899.72,27899.72
ORDER_000001284_ITEM_002,ORDER_000001284,PRODUCT_000000500,1,66111.23,66111.23
ORDER_000001285_ITEM_001,ORDER_000001285,PRODUCT_000000364,2,87653.60,175307.20
ORDER_000001285_ITEM_002,ORDER_000001285,PRODUCT_000000043,2,143690.78,287381.56
ORDER_000001286_ITEM_001,ORDER_000001286,PRODUCT_000000241,3,19528.30,58584.90
ORDER_000001286_ITEM_002,ORDER_000001286,PRODUCT_000000035,1,6152.71,6152.71
ORDER_000001287_ITEM_001,ORDER_000001287,PRODUCT_000000161,4,684.54,2738.16
ORDER_000001287_ITEM_002,ORDER_000001287,PRODUCT_000000446,5,2878.87,14394.35
ORDER_000001288_ITEM_001,ORDER_000001288,PRODUCT_000000331,3,16339.42,49018.26
ORDER_000001288_ITEM_002,ORDER_000001288,PRODUCT_000000324,1,58960.31,58960.31
ORDER_000001289_ITEM_001,ORDER_000001289,PRODUCT_000000449,4,10447.59,41790.36
ORDER_000001289_ITEM_002,ORDER_000001289,PRODUCT_000000365,3,1131.39,3394.17
ORDER_000001290_ITEM_001,ORDER_000001290,PRODUCT_000000464,1,46076.82,46076.82
ORDER_000001290_ITEM_002,ORDER_000001290,PRODUCT_000000454,2,1504.58,3009.16
ORDER_000001291_ITEM_001,ORDER_000001291,PRODUCT_000000124,5,2352.93,11764.65
ORDER_000001291_ITEM_002,ORDER_000001291,PRODUCT_000000436,1,39362.73,39362.73
ORDER_000001292_ITEM_001,ORDER_000001292,PRODUCT_000000371,4,7881.87,31527.48
ORDER_000001292_ITEM_002,ORDER_000001292,PRODUCT_000000332,1,1477.19,1477.19
ORDER_000001293_ITEM_001,ORDER_000001293,PRODUCT_000000426,4,14178.77,56715.08
ORDER_000001293_ITEM_002,ORDER_000001293,PRODUCT_000000238,3,709.92,2129.76
ORDER_000001294_ITEM_001,ORDER_000001294,PRODUCT_000000094,4,159079.65,636318.60
ORDER_000001294_ITEM_002,ORDER_000001294,PRODUCT_000000232,1,4022.49,4022.49
ORDER_000001295_ITEM_001,ORDER_000001295,PRODUCT_000000034,5,3282.53,16412.65
ORDER_000001295_ITEM_002,ORDER_000001295,PRODUCT_000000475,1,60287.81,60287.81
ORDER_000001296_ITEM_001,ORDER_000001296,PRODUCT_000000292,3,16024.87,48074.61
ORDER_000001296_ITEM_002,ORDER_000001296,PRODUCT_000000263,5,114743.85,573719.25
ORDER_000001297_ITEM_001,ORDER_000001297,PRODUCT_000000453,1,179948.29,179948.29
ORDER_000001297_ITEM_002,ORDER_000001297,PRODUCT_000000017,1,17512.73,17512.73
ORDER_000001298_ITEM_001,ORDER_000001298,PRODUCT_000000380,2,2099.88,4199.76
ORDER_000001298_ITEM_002,ORDER_000001298,PRODUCT_000000481,3,242.93,728.79
ORDER_000001299_ITEM_001,ORDER_000001299,PRODUCT_000000140,3,2815.66,8446.98
ORDER_000001299_ITEM_002,ORDER_000001299,PRODUCT_000000088,4,4393.00,17572.00
ORDER_000001300_ITEM_001,ORDER_000001300,PRODUCT_000000334,5,921.24,4606.20
ORDER_000001300_ITEM_002,ORDER_000001300,PRODUCT_000000007,2,3112.46,6224.92
ORDER_000001301_ITEM_001,ORDER_000001301,PRODUCT_000000478,2,5870.96,11741.92
ORDER_000001301_ITEM_002,ORDER_000001301,PRODUCT_000000206,1,338.63,338.63
ORDER_000001302_ITEM_001,ORDER_000001302,PRODUCT_000000047,1,13490.87,13490.87
ORDER_000001302_ITEM_002,ORDER_000001302,PRODUCT_000000073,3,595.40,1786.20
ORDER_000001303_ITEM_001,ORDER_000001303,PRODUCT_000000337,4,3208.91,12835.64
ORDER_000001303_ITEM_002,ORDER_000001303,PRODUCT_000000207,3,551.65,1654.95
ORDER_000001304_ITEM_001,ORDER_000001304,PRODUCT_000000036,2,49982.53,99965.06
ORDER_000001304_ITEM_002,ORDER_000001304,PRODUCT_000000352,5,17207.18,86035.90
ORDER_000001305_ITEM_001,ORDER_000001305,PRODUCT_000000163,5,21213.87,106069.35
ORDER_000001305_ITEM_002,ORDER_000001305,PRODUCT_000000045,1,35447.12,35447.12
ORDER_000001306_ITEM_001,ORDER_000001306,PRODUCT_000000064,5,174728.07,873640.35
ORDER_000001306_ITEM_002,ORDER_000001306,PRODUCT_000000135,4,19292.87,77171.48
ORDER_000001307_ITEM_001,ORDER_000001307,PRODUCT_000000218,2,7029.23,14058.46
ORDER_000001307_ITEM_002,ORDER_000001307,PRODUCT_000000480,1,4616.48,4616.48
ORDER_000001308_ITEM_001,ORDER_000001308,PRODUCT_000000202,4,22299.06,89196.24
ORDER_000001308_ITEM_002,ORDER_000001308,PRODUCT_000000281,1,385.35,385.35
ORDER_000001309_ITEM_001,ORDER_000001309,PRODUCT_000000420,5,33996.43,169982.15
ORDER_000001309_ITEM_002,ORDER_000001309,PRODUCT_000000030,5,27973.94,139869.70
ORDER_000001310_ITEM_001,ORDER_000001310,PRODUCT_000000436,3,39362.73,118088.19
ORDER_000001310_ITEM_002,ORDER_000001310,PRODUCT_000000313,4,108316.97,433267.88
ORDER_000001311_ITEM_001,ORDER_000001311,PRODUCT_000000023,2,1295.31,2590.62
ORDER_000001311_ITEM_002,ORDER_000001311,PRODUCT_000000407,5,71009.01,355045.05
ORDER_000001312_ITEM_001,ORDER_000001312,PRODUCT_000000426,5,14178.77,70893.85
ORDER_000001312_ITEM_002,ORDER_000001312,PRODUCT_000000375,4,2168.98,8675.92
ORDER_000001313_ITEM_001,ORDER_000001313,PRODUCT_000000491,3,116914.83,350744.49
ORDER_000001313_ITEM_002,ORDER_000001313,PRODUCT_000000051,3,45102.28,135306.84
ORDER_000001314_ITEM_001,ORDER_000001314,PRODUCT_000000403,3,1868.76,5606.28
ORDER_000001314_ITEM_002,ORDER_000001314,PRODUCT_000000266,3,139987.08,419961.24
ORDER_000001315_ITEM_001,ORDER_000001315,PRODUCT_000000138,5,9019.79,45098.95
ORDER_000001315_ITEM_002,ORDER_000001315,PRODUCT_000000194,2,2124.84,4249.68
ORDER_000001316_ITEM_001,ORDER_000001316,PRODUCT_000000418,2,3679.29,7358.58
ORDER_000001316_ITEM_002,ORDER_000001316,PRODUCT_000000120,1,73826.11,73826.11
ORDER_000001317_ITEM_001,ORDER_000001317,PRODUCT_000000475,3,60287.81,180863.43
ORDER_000001317_ITEM_002,ORDER_000001317,PRODUCT_000000061,1,378.02,378.02
ORDER_000001318_ITEM_001,ORDER_000001318,PRODUCT_000000437,1,5692.44,5692.44
ORDER_000001318_ITEM_002,ORDER_000001318,PRODUCT_000000105,4,630.25,2521.00
ORDER_000001319_ITEM_001,ORDER_000001319,PRODUCT_000000383,4,1933.39,7733.56
ORDER_000001319_ITEM_002,ORDER_000001319,PRODUCT_000000226,4,2585.73,10342.92
ORDER_000001320_ITEM_001,ORDER_000001320,PRODUCT_000000422,2,76372.72,152745.44
ORDER_000001320_ITEM_002,ORDER_000001320,PRODUCT_000000385,1,2562.52,2562.52
ORDER_000001321_ITEM_001,ORDER_000001321,PRODUCT_000000429,3,54612.57,163837.71
ORDER_000001321_ITEM_002,ORDER_000001321,PRODUCT_000000203,1,131189.59,131189.59
ORDER_000001322_ITEM_001,ORDER_000001322,PRODUCT_000000112,4,20260.19,81040.76
ORDER_000001322_ITEM_002,ORDER_000001322,PRODUCT_000000134,2,2948.45,5896.90
ORDER_000001323_ITEM_001,ORDER_000001323,PRODUCT_000000143,3,71000.26,213000.78
ORDER_000001323_ITEM_002,ORDER_000001323,PRODUCT_000000181,1,1727.48,1727.48
ORDER_000001324_ITEM_001,ORDER_000001324,PRODUCT_000000294,3,98126.54,294379.62
ORDER_000001324_ITEM_002,ORDER_000001324,PRODUCT_000000384,4,1879.95,7519.80
ORDER_000001325_ITEM_001,ORDER_000001325,PRODUCT_000000407,2,71009.01,142018.02
ORDER_000001325_ITEM_002,ORDER_000001325,PRODUCT_000000224,5,89554.05,447770.25
ORDER_000001326_ITEM_001,ORDER_000001326,PRODUCT_000000436,2,39362.73,78725.46
ORDER_000001326_ITEM_002,ORDER_000001326,PRODUCT_000000498,5,2542.71,12713.55
ORDER_000001327_ITEM_001,ORDER_000001327,PRODUCT_000000098,2,82015.47,164030.94
ORDER_000001327_ITEM_002,ORDER_000001327,PRODUCT_000000370,2,3741.06,7482.12
ORDER_000001328_ITEM_001,ORDER_000001328,PRODUCT_000000182,1,906.52,906.52
ORDER_000001328_ITEM_002,ORDER_000001328,PRODUCT_000000318,4,11683.06,46732.24
ORDER_000001329_ITEM_001,ORDER_000001329,PRODUCT_000000165,4,91589.22,366356.88
ORDER_000001329_ITEM_002,ORDER_000001329,PRODUCT_000000182,4,906.52,3626.08
ORDER_000001330_ITEM_001,ORDER_000001330,PRODUCT_000000001,2,47526.13,95052.26
ORDER_000001330_ITEM_002,ORDER_000001330,PRODUCT_000000200,5,22985.98,114929.90
ORDER_000001331_ITEM_001,ORDER_000001331,PRODUCT_000000122,5,5503.57,27517.85
ORDER_000001331_ITEM_002,ORDER_000001331,PRODUCT_000000375,4,2168.98,8675.92
ORDER_000001332_ITEM_001,ORDER_000001332,PRODUCT_000000471,5,26176.74,130883.70
ORDER_000001332_ITEM_002,ORDER_000001332,PRODUCT_000000400,3,50864.82,152594.46
ORDER_000001333_ITEM_001,ORDER_000001333,PRODUCT_000000370,5,3741.06,18705.30
ORDER_000001333_ITEM_002,ORDER_000001333,PRODUCT_000000472,1,2444.82,2444.82
ORDER_000001334_ITEM_001,ORDER_000001334,PRODUCT_000000498,4,2542.71,10170.84
ORDER_000001334_ITEM_002,ORDER_000001334,PRODUCT_000000471,5,26176.74,130883.70
ORDER_000001335_ITEM_001,ORDER_000001335,PRODUCT_000000237,1,40793.49,40793.49
ORDER_000001335_ITEM_002,ORDER_000001335,PRODUCT_000000356,3,53340.70,160022.10
ORDER_000001336_ITEM_001,ORDER_000001336,PRODUCT_000000043,2,143690.78,287381.56
ORDER_000001336_ITEM_002,ORDER_000001336,PRODUCT_000000484,2,54819.53,109639.06
ORDER_000001337_ITEM_001,ORDER_000001337,PRODUCT_000000463,3,1804.78,5414.34
ORDER_000001337_ITEM_002,ORDER_000001337,PRODUCT_000000450,4,137048.55,548194.20
ORDER_000001338_ITEM_001,ORDER_000001338,PRODUCT_000000007,3,3112.46,9337.38
ORDER_000001338_ITEM_002,ORDER_000001338,PRODUCT_000000131,1,8366.73,8366.73
ORDER_000001339_ITEM_001,ORDER_000001339,PRODUCT_000000095,2,112715.59,225431.18
ORDER_000001339_ITEM_002,ORDER_000001339,PRODUCT_000000420,2,33996.43,67992.86
ORDER_000001340_ITEM_001,ORDER_000001340,PRODUCT_000000203,5,131189.59,655947.95
ORDER_000001340_ITEM_002,ORDER_000001340,PRODUCT_000000041,5,4860.87,24304.35
ORDER_000001341_ITEM_001,ORDER_000001341,PRODUCT_000000150,4,97514.34,390057.36
ORDER_000001341_ITEM_002,ORDER_000001341,PRODUCT_000000296,4,105785.14,423140.56
ORDER_000001342_ITEM_001,ORDER_000001342,PRODUCT_000000321,4,11193.14,44772.56
ORDER_000001342_ITEM_002,ORDER_000001342,PRODUCT_000000268,4,230.02,920.08
ORDER_000001343_ITEM_001,ORDER_000001343,PRODUCT_000000081,4,51812.13,207248.52
ORDER_000001343_ITEM_002,ORDER_000001343,PRODUCT_000000470,4,1763.05,7052.20
ORDER_000001344_ITEM_001,ORDER_000001344,PRODUCT_000000302,2,3481.66,6963.32
ORDER_000001344_ITEM_002,ORDER_000001344,PRODUCT_000000279,2,1444.98,2889.96
ORDER_000001345_ITEM_001,ORDER_000001345,PRODUCT_000000414,1,57878.53,57878.53
ORDER_000001345_ITEM_002,ORDER_000001345,PRODUCT_000000221,2,4631.09,9262.18
ORDER_000001346_ITEM_001,ORDER_000001346,PRODUCT_000000124,3,2352.93,7058.79
ORDER_000001346_ITEM_002,ORDER_000001346,PRODUCT_000000011,1,5081.83,5081.83
ORDER_000001347_ITEM_001,ORDER_000001347,PRODUCT_000000191,3,936.27,2808.81
ORDER_000001347_ITEM_002,ORDER_000001347,PRODUCT_000000384,2,1879.95,3759.90
ORDER_000001348_ITEM_001,ORDER_000001348,PRODUCT_000000299,1,109951.12,109951.12
ORDER_000001348_ITEM_002,ORDER_000001348,PRODUCT_000000031,4,223997.16,895988.64
ORDER_000001349_ITEM_001,ORDER_000001349,PRODUCT_000000257,4,6078.96,24315.84
ORDER_000001349_ITEM_002,ORDER_000001349,PRODUCT_000000101,3,1447.61,4342.83
ORDER_000001350_ITEM_001,ORDER_000001350,PRODUCT_000000252,4,18522.97,74091.88
ORDER_000001350_ITEM_002,ORDER_000001350,PRODUCT_000000262,1,34449.06,34449.06
ORDER_000001351_ITEM_001,ORDER_000001351,PRODUCT_000000009,1,51529.17,51529.17
ORDER_000001351_ITEM_002,ORDER_000001351,PRODUCT_000000385,3,2562.52,7687.56
ORDER_000001352_ITEM_001,ORDER_000001352,PRODUCT_000000433,5,3121.66,15608.30
ORDER_000001352_ITEM_002,ORDER_000001352,PRODUCT_000000274,3,145414.87,436244.61
ORDER_000001353_ITEM_001,ORDER_000001353,PRODUCT_000000304,2,12926.90,25853.80
ORDER_000001353_ITEM_002,ORDER_000001353,PRODUCT_000000198,4,53251.57,213006.28
ORDER_000001354_ITEM_001,ORDER_000001354,PRODUCT_000000306,5,16336.98,81684.90
ORDER_000001354_ITEM_002,ORDER_000001354,PRODUCT_000000446,4,2878.87,11515.48
ORDER_000001355_ITEM_001,ORDER_000001355,PRODUCT_000000424,3,6433.07,19299.21
ORDER_000001355_ITEM_002,ORDER_000001355,PRODUCT_000000388,3,16147.61,48442.83
ORDER_000001356_ITEM_001,ORDER_000001356,PRODUCT_000000190,5,1821.64,9108.20
ORDER_000001356_ITEM_002,ORDER_000001356,PRODUCT_000000306,1,16336.98,16336.98
ORDER_000001357_ITEM_001,ORDER_000001357,PRODUCT_000000479,3,436.69,1310.07
ORDER_000001357_ITEM_002,ORDER_000001357,PRODUCT_000000188,4,35973.47,143893.88
ORDER_000001358_ITEM_001,ORDER_000001358,PRODUCT_000000348,2,511.50,1023.00
ORDER_000001358_ITEM_002,ORDER_000001358,PRODUCT_000000111,2,5144.89,10289.78
ORDER_000001359_ITEM_001,ORDER_000001359,PRODUCT_000000168,4,4563.70,18254.80
ORDER_000001359_ITEM_002,ORDER_000001359,PRODUCT_000000384,3,1879.95,5639.85
ORDER_000001360_ITEM_001,ORDER_000001360,PRODUCT_000000445,3,957.74,2873.22
ORDER_000001360_ITEM_002,ORDER_000001360,PRODUCT_000000428,3,180920.89,542762.67
ORDER_000001361_ITEM_001,ORDER_000001361,PRODUCT_000000262,4,34449.06,137796.24
ORDER_000001361_ITEM_002,ORDER_000001361,PRODUCT_000000276,1,6006.43,6006.43
ORDER_000001362_ITEM_001,ORDER_000001362,PRODUCT_000000307,1,8253.54,8253.54
ORDER_000001362_ITEM_002,ORDER_000001362,PRODUCT_000000100,2,4028.63,8057.26
ORDER_000001363_ITEM_001,ORDER_000001363,PRODUCT_000000092,2,38553.85,77107.70
ORDER_000001363_ITEM_002,ORDER_000001363,PRODUCT_000000320,4,1644.19,6576.76
ORDER_000001364_ITEM_001,ORDER_000001364,PRODUCT_000000302,2,3481.66,6963.32
ORDER_000001364_ITEM_002,ORDER_000001364,PRODUCT_000000191,3,936.27,2808.81
ORDER_000001365_ITEM_001,ORDER_000001365,PRODUCT_000000407,5,71009.01,355045.05
ORDER_000001365_ITEM_002,ORDER_000001365,PRODUCT_000000204,3,502.82,1508.46
ORDER_000001366_ITEM_001,ORDER_000001366,PRODUCT_000000451,1,557.23,557.23
ORDER_000001366_ITEM_002,ORDER_000001366,PRODUCT_000000107,1,835.56,835.56
ORDER_000001367_ITEM_001,ORDER_000001367,PRODUCT_000000113,1,13504.86,13504.86
ORDER_000001367_ITEM_002,ORDER_000001367,PRODUCT_000000039,2,399.38,798.76
ORDER_000001368_ITEM_001,ORDER_000001368,PRODUCT_000000027,5,122387.75,611938.75
ORDER_000001368_ITEM_002,ORDER_000001368,PRODUCT_000000116,5,108578.88,542894.40
ORDER_000001369_ITEM_001,ORDER_000001369,PRODUCT_000000408,5,291.08,1455.40
ORDER_000001369_ITEM_002,ORDER_000001369,PRODUCT_000000342,5,63802.09,319010.45
ORDER_000001370_ITEM_001,ORDER_000001370,PRODUCT_000000068,4,603.83,2415.32
ORDER_000001370_ITEM_002,ORDER_000001370,PRODUCT_000000088,4,4393.00,17572.00
ORDER_000001371_ITEM_001,ORDER_000001371,PRODUCT_000000449,5,10447.59,52237.95
ORDER_000001371_ITEM_002,ORDER_000001371,PRODUCT_000000047,3,13490.87,40472.61
ORDER_000001372_ITEM_001,ORDER_000001372,PRODUCT_000000280,1,8266.88,8266.88
ORDER_000001372_ITEM_002,ORDER_000001372,PRODUCT_000000331,5,16339.42,81697.10
ORDER_000001373_ITEM_001,ORDER_000001373,PRODUCT_000000019,1,6627.77,6627.77
ORDER_000001373_ITEM_002,ORDER_000001373,PRODUCT_000000117,3,186308.09,558924.27
ORDER_000001374_ITEM_001,ORDER_000001374,PRODUCT_000000007,4,3112.46,12449.84
ORDER_000001374_ITEM_002,ORDER_000001374,PRODUCT_000000428,3,180920.89,542762.67
ORDER_000001375_ITEM_001,ORDER_000001375,PRODUCT_000000354,5,8755.37,43776.85
ORDER_000001375_ITEM_002,ORDER_000001375,PRODUCT_000000271,2,7343.39,14686.78
ORDER_000001376_ITEM_001,ORDER_000001376,PRODUCT_000000500,5,66111.23,330556.15
ORDER_000001376_ITEM_002,ORDER_000001376,PRODUCT_000000233,1,2536.45,2536.45
ORDER_000001377_ITEM_001,ORDER_000001377,PRODUCT_000000059,1,96024.22,96024.22
ORDER_000001377_ITEM_002,ORDER_000001377,PRODUCT_000000269,2,396.98,793.96
ORDER_000001378_ITEM_001,ORDER_000001378,PRODUCT_000000487,4,62096.00,248384.00
ORDER_000001378_ITEM_002,ORDER_000001378,PRODUCT_000000150,2,97514.34,195028.68
ORDER_000001379_ITEM_001,ORDER_000001379,PRODUCT_000000043,3,143690.78,431072.34
ORDER_000001379_ITEM_002,ORDER_000001379,PRODUCT_000000238,4,709.92,2839.68
ORDER_000001380_ITEM_001,ORDER_000001380,PRODUCT_000000394,1,1417.36,1417.36
ORDER_000001380_ITEM_002,ORDER_000001380,PRODUCT_000000369,1,1041.90,1041.90
ORDER_000001381_ITEM_001,ORDER_000001381,PRODUCT_000000445,2,957.74,1915.48
ORDER_000001381_ITEM_002,ORDER_000001381,PRODUCT_000000085,4,95727.09,382908.36
ORDER_000001382_ITEM_001,ORDER_000001382,PRODUCT_000000200,5,22985.98,114929.90
ORDER_000001382_ITEM_002,ORDER_000001382,PRODUCT_000000046,1,3078.68,3078.68
ORDER_000001383_ITEM_001,ORDER_000001383,PRODUCT_000000184,1,120740.28,120740.28
ORDER_000001383_ITEM_002,ORDER_000001383,PRODUCT_000000256,3,1724.12,5172.36
ORDER_000001384_ITEM_001,ORDER_000001384,PRODUCT_000000368,3,9454.76,28364.28
ORDER_000001384_ITEM_002,ORDER_000001384,PRODUCT_000000383,2,1933.39,3866.78
ORDER_000001385_ITEM_001,ORDER_000001385,PRODUCT_000000208,3,62048.54,186145.62
ORDER_000001385_ITEM_002,ORDER_000001385,PRODUCT_000000449,4,10447.59,41790.36
ORDER_000001386_ITEM_001,ORDER_000001386,PRODUCT_000000326,5,12706.30,63531.50
ORDER_000001386_ITEM_002,ORDER_000001386,PRODUCT_000000323,4,111157.95,444631.80
ORDER_000001387_ITEM_001,ORDER_000001387,PRODUCT_000000351,3,186960.69,560882.07
ORDER_000001387_ITEM_002,ORDER_000001387,PRODUCT_000000355,4,2839.63,11358.52
ORDER_000001388_ITEM_001,ORDER_000001388,PRODUCT_000000176,1,498.75,498.75
ORDER_000001388_ITEM_002,ORDER_000001388,PRODUCT_000000397,5,2067.45,10337.25
ORDER_000001389_ITEM_001,ORDER_000001389,PRODUCT_000000340,1,46977.00,46977.00
ORDER_000001389_ITEM_002,ORDER_000001389,PRODUCT_000000274,1,145414.87,145414.87
ORDER_000001390_ITEM_001,ORDER_000001390,PRODUCT_000000333,4,530.81,2123.24
ORDER_000001390_ITEM_002,ORDER_000001390,PRODUCT_000000406,3,130798.44,392395.32
ORDER_000001391_ITEM_001,ORDER_000001391,PRODUCT_000000002,2,64148.53,128297.06
ORDER_000001391_ITEM_002,ORDER_000001391,PRODUCT_000000333,5,530.81,2654.05
ORDER_000001392_ITEM_001,ORDER_000001392,PRODUCT_000000156,4,17875.07,71500.28
ORDER_000001392_ITEM_002,ORDER_000001392,PRODUCT_000000488,4,7299.35,29197.40
ORDER_000001393_ITEM_001,ORDER_000001393,PRODUCT_000000219,2,10831.78,21663.56
ORDER_000001393_ITEM_002,ORDER_000001393,PRODUCT_000000009,2,51529.17,103058.34
ORDER_000001394_ITEM_001,ORDER_000001394,PRODUCT_000000450,1,137048.55,137048.55
ORDER_000001394_ITEM_002,ORDER_000001394,PRODUCT_000000326,1,12706.30,12706.30
ORDER_000001395_ITEM_001,ORDER_000001395,PRODUCT_000000444,4,3373.26,13493.04
ORDER_000001395_ITEM_002,ORDER_000001395,PRODUCT_000000157,1,1512.91,1512.91
ORDER_000001396_ITEM_001,ORDER_000001396,PRODUCT_000000208,2,62048.54,124097.08
ORDER_000001396_ITEM_002,ORDER_000001396,PRODUCT_000000310,5,14175.81,70879.05
ORDER_000001397_ITEM_001,ORDER_000001397,PRODUCT_000000025,2,1480.92,2961.84
ORDER_000001397_ITEM_002,ORDER_000001397,PRODUCT_000000385,4,2562.52,10250.08
ORDER_000001398_ITEM_001,ORDER_000001398,PRODUCT_000000169,2,1720.94,3441.88
ORDER_000001398_ITEM_002,ORDER_000001398,PRODUCT_000000363,4,1679.27,6717.08
ORDER_000001399_ITEM_001,ORDER_000001399,PRODUCT_000000023,2,1295.31,2590.62
ORDER_000001399_ITEM_002,ORDER_000001399,PRODUCT_000000354,3,8755.37,26266.11
ORDER_000001400_ITEM_001,ORDER_000001400,PRODUCT_000000022,3,3619.59,10858.77
ORDER_000001400_ITEM_002,ORDER_000001400,PRODUCT_000000446,5,2878.87,14394.35
ORDER_000001401_ITEM_001,ORDER_000001401,PRODUCT_000000326,4,12706.30,50825.20
ORDER_000001401_ITEM_002,ORDER_000001401,PRODUCT_000000123,5,18655.96,93279.80
ORDER_000001402_ITEM_001,ORDER_000001402,PRODUCT_000000100,4,4028.63,16114.52
ORDER_000001402_ITEM_002,ORDER_000001402,PRODUCT_000000334,1,921.24,921.24
ORDER_000001403_ITEM_001,ORDER_000001403,PRODUCT_000000040,5,21212.12,106060.60
ORDER_000001403_ITEM_002,ORDER_000001403,PRODUCT_000000085,3,95727.09,287181.27
ORDER_000001404_ITEM_001,ORDER_000001404,PRODUCT_000000459,5,5188.95,25944.75
ORDER_000001404_ITEM_002,ORDER_000001404,PRODUCT_000000302,2,3481.66,6963.32
ORDER_000001405_ITEM_001,ORDER_000001405,PRODUCT_000000438,1,40311.65,40311.65
ORDER_000001405_ITEM_002,ORDER_000001405,PRODUCT_000000201,2,92050.96,184101.92
ORDER_000001406_ITEM_001,ORDER_000001406,PRODUCT_000000471,3,26176.74,78530.22
ORDER_000001406_ITEM_002,ORDER_000001406,PRODUCT_000000196,4,713.24,2852.96
ORDER_000001407_ITEM_001,ORDER_000001407,PRODUCT_000000466,2,7087.91,14175.82
ORDER_000001407_ITEM_002,ORDER_000001407,PRODUCT_000000016,1,71215.48,71215.48
ORDER_000001408_ITEM_001,ORDER_000001408,PRODUCT_000000263,5,114743.85,573719.25
ORDER_000001408_ITEM_002,ORDER_000001408,PRODUCT_000000237,1,40793.49,40793.49
ORDER_000001409_ITEM_001,ORDER_000001409,PRODUCT_000000121,1,67658.89,67658.89
ORDER_000001409_ITEM_002,ORDER_000001409,PRODUCT_000000078,2,99659.01,199318.02
ORDER_000001410_ITEM_001,ORDER_000001410,PRODUCT_000000227,1,51780.80,51780.80
ORDER_000001410_ITEM_002,ORDER_000001410,PRODUCT_000000276,2,6006.43,12012.86
ORDER_000001411_ITEM_001,ORDER_000001411,PRODUCT_000000328,4,95553.61,382214.44
ORDER_000001411_ITEM_002,ORDER_000001411,PRODUCT_000000329,2,9319.38,18638.76
ORDER_000001412_ITEM_001,ORDER_000001412,PRODUCT_000000020,4,4087.52,16350.08
ORDER_000001412_ITEM_002,ORDER_000001412,PRODUCT_000000046,2,3078.68,6157.36
ORDER_000001413_ITEM_001,ORDER_000001413,PRODUCT_000000441,5,38509.69,192548.45
ORDER_000001413_ITEM_002,ORDER_000001413,PRODUCT_000000224,4,89554.05,358216.20
ORDER_000001414_ITEM_001,ORDER_000001414,PRODUCT_000000322,2,6422.03,12844.06
ORDER_000001414_ITEM_002,ORDER_000001414,PRODUCT_000000278,3,2383.85,7151.55
ORDER_000001415_ITEM_001,ORDER_000001415,PRODUCT_000000067,2,14987.74,29975.48
ORDER_000001415_ITEM_002,ORDER_000001415,PRODUCT_000000456,1,5850.98,5850.98
ORDER_000001416_ITEM_001,ORDER_000001416,PRODUCT_000000085,1,95727.09,95727.09
ORDER_000001416_ITEM_002,ORDER_000001416,PRODUCT_000000004,1,84297.47,84297.47
ORDER_000001417_ITEM_001,ORDER_000001417,PRODUCT_000000216,2,189337.30,378674.60
ORDER_000001417_ITEM_002,ORDER_000001417,PRODUCT_000000098,3,82015.47,246046.41
ORDER_000001418_ITEM_001,ORDER_000001418,PRODUCT_000000389,5,71784.35,358921.75
ORDER_000001418_ITEM_002,ORDER_000001418,PRODUCT_000000047,5,13490.87,67454.35
ORDER_000001419_ITEM_001,ORDER_000001419,PRODUCT_000000415,3,77825.19,233475.57
ORDER_000001419_ITEM_002,ORDER_000001419,PRODUCT_000000070,3,82897.23,248691.69
ORDER_000001420_ITEM_001,ORDER_000001420,PRODUCT_000000302,1,3481.66,3481.66
ORDER_000001420_ITEM_002,ORDER_000001420,PRODUCT_000000374,4,194612.79,778451.16
ORDER_000001421_ITEM_001,ORDER_000001421,PRODUCT_000000126,4,23808.94,95235.76
ORDER_000001421_ITEM_002,ORDER_000001421,PRODUCT_000000011,4,5081.83,20327.32
ORDER_000001422_ITEM_001,ORDER_000001422,PRODUCT_000000489,5,65761.05,328805.25
ORDER_000001422_ITEM_002,ORDER_000001422,PRODUCT_000000461,2,66176.77,132353.54
ORDER_000001423_ITEM_001,ORDER_000001423,PRODUCT_000000416,5,2364.84,11824.20
ORDER_000001423_ITEM_002,ORDER_000001423,PRODUCT_000000326,1,12706.30,12706.30
ORDER_000001424_ITEM_001,ORDER_000001424,PRODUCT_000000265,5,7416.00,37080.00
ORDER_000001424_ITEM_002,ORDER_000001424,PRODUCT_000000051,2,45102.28,90204.56
ORDER_000001425_ITEM_001,ORDER_000001425,PRODUCT_000000221,2,4631.09,9262.18
ORDER_000001425_ITEM_002,ORDER_000001425,PRODUCT_000000255,2,52583.68,105167.36
ORDER_000001426_ITEM_001,ORDER_000001426,PRODUCT_000000166,1,6151.35,6151.35
ORDER_000001426_ITEM_002,ORDER_000001426,PRODUCT_000000405,2,6190.14,12380.28
ORDER_000001427_ITEM_001,ORDER_000001427,PRODUCT_000000298,1,335.33,335.33
ORDER_000001427_ITEM_002,ORDER_000001427,PRODUCT_000000462,1,87564.19,87564.19
ORDER_000001428_ITEM_001,ORDER_000001428,PRODUCT_000000285,4,59012.72,236050.88
ORDER_000001428_ITEM_002,ORDER_000001428,PRODUCT_000000137,1,2720.00,2720.00
ORDER_000001429_ITEM_001,ORDER_000001429,PRODUCT_000000149,3,500.36,1501.08
ORDER_000001429_ITEM_002,ORDER_000001429,PRODUCT_000000043,2,143690.78,287381.56
ORDER_000001430_ITEM_001,ORDER_000001430,PRODUCT_000000062,2,5183.35,10366.70
ORDER_000001430_ITEM_002,ORDER_000001430,PRODUCT_000000054,1,1153.40,1153.40
ORDER_000001431_ITEM_001,ORDER_000001431,PRODUCT_000000459,2,5188.95,10377.90
ORDER_000001431_ITEM_002,ORDER_000001431,PRODUCT_000000259,4,8268.46,33073.84
ORDER_000001432_ITEM_001,ORDER_000001432,PRODUCT_000000374,5,194612.79,973063.95
ORDER_000001432_ITEM_002,ORDER_000001432,PRODUCT_000000029,5,2844.42,14222.10
ORDER_000001433_ITEM_001,ORDER_000001433,PRODUCT_000000423,2,2075.71,4151.42
ORDER_000001433_ITEM_002,ORDER_000001433,PRODUCT_000000348,4,511.50,2046.00
ORDER_000001434_ITEM_001,ORDER_000001434,PRODUCT_000000470,2,1763.05,3526.10
ORDER_000001434_ITEM_002,ORDER_000001434,PRODUCT_000000301,1,3608.69,3608.69
ORDER_000001435_ITEM_001,ORDER_000001435,PRODUCT_000000419,5,1633.27,8166.35
ORDER_000001435_ITEM_002,ORDER_000001435,PRODUCT_000000388,2,16147.61,32295.22
ORDER_000001436_ITEM_001,ORDER_000001436,PRODUCT_000000200,4,22985.98,91943.92
ORDER_000001436_ITEM_002,ORDER_000001436,PRODUCT_000000029,3,2844.42,8533.26
ORDER_000001437_ITEM_001,ORDER_000001437,PRODUCT_000000396,1,32148.93,32148.93
ORDER_000001437_ITEM_002,ORDER_000001437,PRODUCT_000000364,3,87653.60,262960.80
ORDER_000001438_ITEM_001,ORDER_000001438,PRODUCT_000000025,3,1480.92,4442.76
ORDER_000001438_ITEM_002,ORDER_000001438,PRODUCT_000000201,3,92050.96,276152.88
ORDER_000001439_ITEM_001,ORDER_000001439,PRODUCT_000000450,5,137048.55,685242.75
ORDER_000001439_ITEM_002,ORDER_000001439,PRODUCT_000000419,2,1633.27,3266.54
ORDER_000001440_ITEM_001,ORDER_000001440,PRODUCT_000000053,3,120555.53,361666.59
ORDER_000001440_ITEM_002,ORDER_000001440,PRODUCT_000000023,1,1295.31,1295.31
ORDER_000001441_ITEM_001,ORDER_000001441,PRODUCT_000000287,3,2545.20,7635.60
ORDER_000001441_ITEM_002,ORDER_000001441,PRODUCT_000000117,2,186308.09,372616.18
ORDER_000001442_ITEM_001,ORDER_000001442,PRODUCT_000000456,3,5850.98,17552.94
ORDER_000001442_ITEM_002,ORDER_000001442,PRODUCT_000000457,3,20677.50,62032.50
ORDER_000001443_ITEM_001,ORDER_000001443,PRODUCT_000000347,3,424.29,1272.87
ORDER_000001443_ITEM_002,ORDER_000001443,PRODUCT_000000171,2,212543.08,425086.16
ORDER_000001444_ITEM_001,ORDER_000001444,PRODUCT_000000260,2,2417.05,4834.10
ORDER_000001444_ITEM_002,ORDER_000001444,PRODUCT_000000147,2,79052.74,158105.48
ORDER_000001445_ITEM_001,ORDER_000001445,PRODUCT_000000422,1,76372.72,76372.72
ORDER_000001445_ITEM_002,ORDER_000001445,PRODUCT_000000071,4,27899.72,111598.88
ORDER_000001446_ITEM_001,ORDER_000001446,PRODUCT_000000015,4,140055.39,560221.56
ORDER_000001446_ITEM_002,ORDER_000001446,PRODUCT_000000131,1,8366.73,8366.73
ORDER_000001447_ITEM_001,ORDER_000001447,PRODUCT_000000344,4,108319.93,433279.72
ORDER_000001447_ITEM_002,ORDER_000001447,PRODUCT_000000417,4,2286.08,9144.32
ORDER_000001448_ITEM_001,ORDER_000001448,PRODUCT_000000168,5,4563.70,22818.50
ORDER_000001448_ITEM_002,ORDER_000001448,PRODUCT_000000162,3,12519.41,37558.23
ORDER_000001449_ITEM_001,ORDER_000001449,PRODUCT_000000340,4,46977.00,187908.00
ORDER_000001449_ITEM_002,ORDER_000001449,PRODUCT_000000004,1,84297.47,84297.47
ORDER_000001450_ITEM_001,ORDER_000001450,PRODUCT_000000330,4,732.17,2928.68
ORDER_000001450_ITEM_002,ORDER_000001450,PRODUCT_000000207,1,551.65,551.65
ORDER_000001451_ITEM_001,ORDER_000001451,PRODUCT_000000212,3,10759.26,32277.78
ORDER_000001451_ITEM_002,ORDER_000001451,PRODUCT_000000342,1,63802.09,63802.09
ORDER_000001452_ITEM_001,ORDER_000001452,PRODUCT_000000132,5,48602.08,243010.40
ORDER_000001452_ITEM_002,ORDER_000001452,PRODUCT_000000339,3,14282.13,42846.39
ORDER_000001453_ITEM_001,ORDER_000001453,PRODUCT_000000115,2,1102.21,2204.42
ORDER_000001453_ITEM_002,ORDER_000001453,PRODUCT_000000205,4,3783.93,15135.72
ORDER_000001454_ITEM_001,ORDER_000001454,PRODUCT_000000365,5,1131.39,5656.95
ORDER_000001454_ITEM_002,ORDER_000001454,PRODUCT_000000018,3,54878.11,164634.33
ORDER_000001455_ITEM_001,ORDER_000001455,PRODUCT_000000006,4,78496.47,313985.88
ORDER_000001455_ITEM_002,ORDER_000001455,PRODUCT_000000209,1,4970.11,4970.11
ORDER_000001456_ITEM_001,ORDER_000001456,PRODUCT_000000164,2,63385.92,126771.84
ORDER_000001456_ITEM_002,ORDER_000001456,PRODUCT_000000404,1,2884.96,2884.96
ORDER_000001457_ITEM_001,ORDER_000001457,PRODUCT_000000380,5,2099.88,10499.40
ORDER_000001457_ITEM_002,ORDER_000001457,PRODUCT_000000356,2,53340.70,106681.40
ORDER_000001458_ITEM_001,ORDER_000001458,PRODUCT_000000240,5,8842.70,44213.50
ORDER_000001458_ITEM_002,ORDER_000001458,PRODUCT_000000132,4,48602.08,194408.32
ORDER_000001459_ITEM_001,ORDER_000001459,PRODUCT_000000256,4,1724.12,6896.48
ORDER_000001459_ITEM_002,ORDER_000001459,PRODUCT_000000350,4,27003.79,108015.16
ORDER_000001460_ITEM_001,ORDER_000001460,PRODUCT_000000086,3,8488.74,25466.22
ORDER_000001460_ITEM_002,ORDER_000001460,PRODUCT_000000295,4,38276.02,153104.08
ORDER_000001461_ITEM_001,ORDER_000001461,PRODUCT_000000122,5,5503.57,27517.85
ORDER_000001461_ITEM_002,ORDER_000001461,PRODUCT_000000021,4,2952.32,11809.28
ORDER_000001462_ITEM_001,ORDER_000001462,PRODUCT_000000125,3,48262.53,144787.59
ORDER_000001462_ITEM_002,ORDER_000001462,PRODUCT_000000067,4,14987.74,59950.96
ORDER_000001463_ITEM_001,ORDER_000001463,PRODUCT_000000069,1,4621.50,4621.50
ORDER_000001463_ITEM_002,ORDER_000001463,PRODUCT_000000299,3,109951.12,329853.36
ORDER_000001464_ITEM_001,ORDER_000001464,PRODUCT_000000050,2,191762.22,383524.44
ORDER_000001464_ITEM_002,ORDER_000001464,PRODUCT_000000148,4,13436.93,53747.72
ORDER_000001465_ITEM_001,ORDER_000001465,PRODUCT_000000216,2,189337.30,378674.60
ORDER_000001465_ITEM_002,ORDER_000001465,PRODUCT_000000305,4,2574.22,10296.88
ORDER_000001466_ITEM_001,ORDER_000001466,PRODUCT_000000474,4,690.90,2763.60
ORDER_000001466_ITEM_002,ORDER_000001466,PRODUCT_000000105,2,630.25,1260.50
ORDER_000001467_ITEM_001,ORDER_000001467,PRODUCT_000000365,1,1131.39,1131.39
ORDER_000001467_ITEM_002,ORDER_000001467,PRODUCT_000000286,5,18315.20,91576.00
ORDER_000001468_ITEM_001,ORDER_000001468,PRODUCT_000000250,4,74845.58,299382.32
ORDER_000001468_ITEM_002,ORDER_000001468,PRODUCT_000000265,1,7416.00,7416.00
ORDER_000001469_ITEM_001,ORDER_000001469,PRODUCT_000000230,4,104957.16,419828.64
ORDER_000001469_ITEM_002,ORDER_000001469,PRODUCT_000000121,3,67658.89,202976.67
ORDER_000001470_ITEM_001,ORDER_000001470,PRODUCT_000000084,4,69985.17,279940.68
ORDER_000001470_ITEM_002,ORDER_000001470,PRODUCT_000000037,3,28745.87,86237.61
ORDER_000001471_ITEM_001,ORDER_000001471,PRODUCT_000000462,5,87564.19,437820.95
ORDER_000001471_ITEM_002,ORDER_000001471,PRODUCT_000000089,4,7426.76,29707.04
ORDER_000001472_ITEM_001,ORDER_000001472,PRODUCT_000000081,2,51812.13,103624.26
ORDER_000001472_ITEM_002,ORDER_000001472,PRODUCT_000000246,3,84103.35,252310.05
ORDER_000001473_ITEM_001,ORDER_000001473,PRODUCT_000000042,5,81949.03,409745.15
ORDER_000001473_ITEM_002,ORDER_000001473,PRODUCT_000000448,3,30757.35,92272.05
ORDER_000001474_ITEM_001,ORDER_000001474,PRODUCT_000000414,5,57878.53,289392.65
ORDER_000001474_ITEM_002,ORDER_000001474,PRODUCT_000000221,2,4631.09,9262.18
ORDER_000001475_ITEM_001,ORDER_000001475,PRODUCT_000000308,3,10454.59,31363.77
ORDER_000001475_ITEM_002,ORDER_000001475,PRODUCT_000000256,3,1724.12,5172.36
ORDER_000001476_ITEM_001,ORDER_000001476,PRODUCT_000000269,3,396.98,1190.94
ORDER_000001476_ITEM_002,ORDER_000001476,PRODUCT_000000352,1,17207.18,17207.18
ORDER_000001477_ITEM_001,ORDER_000001477,PRODUCT_000000263,3,114743.85,344231.55
ORDER_000001477_ITEM_002,ORDER_000001477,PRODUCT_000000001,3,47526.13,142578.39
ORDER_000001478_ITEM_001,ORDER_000001478,PRODUCT_000000307,1,8253.54,8253.54
ORDER_000001478_ITEM_002,ORDER_000001478,PRODUCT_000000119,2,10653.04,21306.08
ORDER_000001479_ITEM_001,ORDER_000001479,PRODUCT_000000018,4,54878.11,219512.44
ORDER_000001479_ITEM_002,ORDER_000001479,PRODUCT_000000102,3,81407.93,244223.79
ORDER_000001480_ITEM_001,ORDER_000001480,PRODUCT_000000036,3,49982.53,149947.59
ORDER_000001480_ITEM_002,ORDER_000001480,PRODUCT_000000015,4,140055.39,560221.56
ORDER_000001481_ITEM_001,ORDER_000001481,PRODUCT_000000100,4,4028.63,16114.52
ORDER_000001481_ITEM_002,ORDER_000001481,PRODUCT_000000440,1,4395.21,4395.21
ORDER_000001482_ITEM_001,ORDER_000001482,PRODUCT_000000329,2,9319.38,18638.76
ORDER_000001482_ITEM_002,ORDER_000001482,PRODUCT_000000404,3,2884.96,8654.88
ORDER_000001483_ITEM_001,ORDER_000001483,PRODUCT_000000156,4,17875.07,71500.28
ORDER_000001483_ITEM_002,ORDER_000001483,PRODUCT_000000099,2,13369.90,26739.80
ORDER_000001484_ITEM_001,ORDER_000001484,PRODUCT_000000320,5,1644.19,8220.95
ORDER_000001484_ITEM_002,ORDER_000001484,PRODUCT_000000025,3,1480.92,4442.76
ORDER_000001485_ITEM_001,ORDER_000001485,PRODUCT_000000406,3,130798.44,392395.32
ORDER_000001485_ITEM_002,ORDER_000001485,PRODUCT_000000339,5,14282.13,71410.65
ORDER_000001486_ITEM_001,ORDER_000001486,PRODUCT_000000329,4,9319.38,37277.52
ORDER_000001486_ITEM_002,ORDER_000001486,PRODUCT_000000063,5,16707.24,83536.20
ORDER_000001487_ITEM_001,ORDER_000001487,PRODUCT_000000486,3,411.42,1234.26
ORDER_000001487_ITEM_002,ORDER_000001487,PRODUCT_000000462,2,87564.19,175128.38
ORDER_000001488_ITEM_001,ORDER_000001488,PRODUCT_000000484,5,54819.53,274097.65
ORDER_000001488_ITEM_002,ORDER_000001488,PRODUCT_000000114,1,140563.09,140563.09
ORDER_000001489_ITEM_001,ORDER_000001489,PRODUCT_000000107,5,835.56,4177.80
ORDER_000001489_ITEM_002,ORDER_000001489,PRODUCT_000000300,5,3971.91,19859.55
ORDER_000001490_ITEM_001,ORDER_000001490,PRODUCT_000000499,3,22717.74,68153.22
ORDER_000001490_ITEM_002,ORDER_000001490,PRODUCT_000000073,3,595.40,1786.20
ORDER_000001491_ITEM_001,ORDER_000001491,PRODUCT_000000364,5,87653.60,438268.00
ORDER_000001491_ITEM_002,ORDER_000001491,PRODUCT_000000412,5,65524.59,327622.95
ORDER_000001492_ITEM_001,ORDER_000001492,PRODUCT_000000343,5,62824.31,314121.55
ORDER_000001492_ITEM_002,ORDER_000001492,PRODUCT_000000048,1,71251.17,71251.17
ORDER_000001493_ITEM_001,ORDER_000001493,PRODUCT_000000112,5,20260.19,101300.95
ORDER_000001493_ITEM_002,ORDER_000001493,PRODUCT_000000283,4,4001.25,16005.00
ORDER_000001494_ITEM_001,ORDER_000001494,PRODUCT_000000284,1,25462.80,25462.80
ORDER_000001494_ITEM_002,ORDER_000001494,PRODUCT_000000340,2,46977.00,93954.00
ORDER_000001495_ITEM_001,ORDER_000001495,PRODUCT_000000068,4,603.83,2415.32
ORDER_000001495_ITEM_002,ORDER_000001495,PRODUCT_000000495,3,111322.66,333967.98
ORDER_000001496_ITEM_001,ORDER_000001496,PRODUCT_000000440,5,4395.21,21976.05
ORDER_000001496_ITEM_002,ORDER_000001496,PRODUCT_000000351,3,186960.69,560882.07
ORDER_000001497_ITEM_001,ORDER_000001497,PRODUCT_000000222,1,26935.38,26935.38
ORDER_000001497_ITEM_002,ORDER_000001497,PRODUCT_000000084,5,69985.17,349925.85
ORDER_000001498_ITEM_001,ORDER_000001498,PRODUCT_000000018,2,54878.11,109756.22
ORDER_000001498_ITEM_002,ORDER_000001498,PRODUCT_000000026,2,18909.61,37819.22
ORDER_000001499_ITEM_001,ORDER_000001499,PRODUCT_000000273,5,93376.09,466880.45
ORDER_000001499_ITEM_002,ORDER_000001499,PRODUCT_000000251,4,1112.09,4448.36
ORDER_000001500_ITEM_001,ORDER_000001500,PRODUCT_000000448,3,30757.35,92272.05
ORDER_000001500_ITEM_002,ORDER_000001500,PRODUCT_000000227,4,51780.80,207123.20
ORDER_000001501_ITEM_001,ORDER_000001501,PRODUCT_000000489,3,65761.05,197283.15
ORDER_000001501_ITEM_002,ORDER_000001501,PRODUCT_000000369,1,1041.90,1041.90
ORDER_000001502_ITEM_001,ORDER_000001502,PRODUCT_000000480,5,4616.48,23082.40
ORDER_000001502_ITEM_002,ORDER_000001502,PRODUCT_000000115,3,1102.21,3306.63
ORDER_000001503_ITEM_001,ORDER_000001503,PRODUCT_000000424,2,6433.07,12866.14
ORDER_000001503_ITEM_002,ORDER_000001503,PRODUCT_000000353,3,761.53,2284.59
ORDER_000001504_ITEM_001,ORDER_000001504,PRODUCT_000000201,4,92050.96,368203.84
ORDER_000001504_ITEM_002,ORDER_000001504,PRODUCT_000000153,1,1314.83,1314.83
ORDER_000001505_ITEM_001,ORDER_000001505,PRODUCT_000000363,1,1679.27,1679.27
ORDER_000001505_ITEM_002,ORDER_000001505,PRODUCT_000000078,4,99659.01,398636.04
ORDER_000001506_ITEM_001,ORDER_000001506,PRODUCT_000000061,3,378.02,1134.06
ORDER_000001506_ITEM_002,ORDER_000001506,PRODUCT_000000132,3,48602.08,145806.24
ORDER_000001507_ITEM_001,ORDER_000001507,PRODUCT_000000279,4,1444.98,5779.92
ORDER_000001507_ITEM_002,ORDER_000001507,PRODUCT_000000417,4,2286.08,9144.32
ORDER_000001508_ITEM_001,ORDER_000001508,PRODUCT_000000287,5,2545.20,12726.00
ORDER_000001508_ITEM_002,ORDER_000001508,PRODUCT_000000401,4,1258.44,5033.76
ORDER_000001509_ITEM_001,ORDER_000001509,PRODUCT_000000383,3,1933.39,5800.17
ORDER_000001509_ITEM_002,ORDER_000001509,PRODUCT_000000376,4,1235.61,4942.44
ORDER_000001510_ITEM_001,ORDER_000001510,PRODUCT_000000352,1,17207.18,17207.18
ORDER_000001510_ITEM_002,ORDER_000001510,PRODUCT_000000250,3,74845.58,224536.74
ORDER_000001511_ITEM_001,ORDER_000001511,PRODUCT_000000194,5,2124.84,10624.20
ORDER_000001511_ITEM_002,ORDER_000001511,PRODUCT_000000339,5,14282.13,71410.65
ORDER_000001512_ITEM_001,ORDER_000001512,PRODUCT_000000012,2,116699.02,233398.04
ORDER_000001512_ITEM_002,ORDER_000001512,PRODUCT_000000040,3,21212.12,63636.36
ORDER_000001513_ITEM_001,ORDER_000001513,PRODUCT_000000074,2,75286.95,150573.90
ORDER_000001513_ITEM_002,ORDER_000001513,PRODUCT_000000419,5,1633.27,8166.35
ORDER_000001514_ITEM_001,ORDER_000001514,PRODUCT_000000232,4,4022.49,16089.96
ORDER_000001514_ITEM_002,ORDER_000001514,PRODUCT_000000303,5,28560.91,142804.55
ORDER_000001515_ITEM_001,ORDER_000001515,PRODUCT_000000369,4,1041.90,4167.60
ORDER_000001515_ITEM_002,ORDER_000001515,PRODUCT_000000338,1,17766.86,17766.86
ORDER_000001516_ITEM_001,ORDER_000001516,PRODUCT_000000095,3,112715.59,338146.77
ORDER_000001516_ITEM_002,ORDER_000001516,PRODUCT_000000227,5,51780.80,258904.00
ORDER_000001517_ITEM_001,ORDER_000001517,PRODUCT_000000032,2,916.80,1833.60
ORDER_000001517_ITEM_002,ORDER_000001517,PRODUCT_000000017,2,17512.73,35025.46
ORDER_000001518_ITEM_001,ORDER_000001518,PRODUCT_000000151,2,77780.21,155560.42
ORDER_000001518_ITEM_002,ORDER_000001518,PRODUCT_000000101,5,1447.61,7238.05
ORDER_000001519_ITEM_001,ORDER_000001519,PRODUCT_000000369,1,1041.90,1041.90
ORDER_000001519_ITEM_002,ORDER_000001519,PRODUCT_000000332,1,1477.19,1477.19
ORDER_000001520_ITEM_001,ORDER_000001520,PRODUCT_000000073,3,595.40,1786.20
ORDER_000001520_ITEM_002,ORDER_000001520,PRODUCT_000000151,1,77780.21,77780.21
ORDER_000001521_ITEM_001,ORDER_000001521,PRODUCT_000000140,3,2815.66,8446.98
ORDER_000001521_ITEM_002,ORDER_000001521,PRODUCT_000000369,5,1041.90,5209.50
ORDER_000001522_ITEM_001,ORDER_000001522,PRODUCT_000000493,2,1452.96,2905.92
ORDER_000001522_ITEM_002,ORDER_000001522,PRODUCT_000000041,1,4860.87,4860.87
ORDER_000001523_ITEM_001,ORDER_000001523,PRODUCT_000000303,3,28560.91,85682.73
ORDER_000001523_ITEM_002,ORDER_000001523,PRODUCT_000000372,1,55828.82,55828.82
ORDER_000001524_ITEM_001,ORDER_000001524,PRODUCT_000000057,1,181686.00,181686.00
ORDER_000001524_ITEM_002,ORDER_000001524,PRODUCT_000000094,3,159079.65,477238.95
ORDER_000001525_ITEM_001,ORDER_000001525,PRODUCT_000000205,1,3783.93,3783.93
ORDER_000001525_ITEM_002,ORDER_000001525,PRODUCT_000000404,1,2884.96,2884.96
ORDER_000001526_ITEM_001,ORDER_000001526,PRODUCT_000000456,1,5850.98,5850.98
ORDER_000001526_ITEM_002,ORDER_000001526,PRODUCT_000000006,2,78496.47,156992.94
ORDER_000001527_ITEM_001,ORDER_000001527,PRODUCT_000000400,1,50864.82,50864.82
ORDER_000001527_ITEM_002,ORDER_000001527,PRODUCT_000000158,2,21685.09,43370.18
ORDER_000001528_ITEM_001,ORDER_000001528,PRODUCT_000000274,2,145414.87,290829.74
ORDER_000001528_ITEM_002,ORDER_000001528,PRODUCT_000000031,3,223997.16,671991.48
ORDER_000001529_ITEM_001,ORDER_000001529,PRODUCT_000000334,1,921.24,921.24
ORDER_000001529_ITEM_002,ORDER_000001529,PRODUCT_000000284,1,25462.80,25462.80
ORDER_000001530_ITEM_001,ORDER_000001530,PRODUCT_000000364,3,87653.60,262960.80
ORDER_000001530_ITEM_002,ORDER_000001530,PRODUCT_000000484,3,54819.53,164458.59
ORDER_000001531_ITEM_001,ORDER_000001531,PRODUCT_000000380,4,2099.88,8399.52
ORDER_000001531_ITEM_002,ORDER_000001531,PRODUCT_000000111,5,5144.89,25724.45
ORDER_000001532_ITEM_001,ORDER_000001532,PRODUCT_000000417,5,2286.08,11430.40
ORDER_000001532_ITEM_002,ORDER_000001532,PRODUCT_000000243,2,14614.47,29228.94
ORDER_000001533_ITEM_001,ORDER_000001533,PRODUCT_000000251,5,1112.09,5560.45
ORDER_000001533_ITEM_002,ORDER_000001533,PRODUCT_000000390,3,36528.52,109585.56
ORDER_000001534_ITEM_001,ORDER_000001534,PRODUCT_000000223,1,3175.58,3175.58
ORDER_000001534_ITEM_002,ORDER_000001534,PRODUCT_000000324,1,58960.31,58960.31
ORDER_000001535_ITEM_001,ORDER_000001535,PRODUCT_000000309,1,281.12,281.12
ORDER_000001535_ITEM_002,ORDER_000001535,PRODUCT_000000307,2,8253.54,16507.08
ORDER_000001536_ITEM_001,ORDER_000001536,PRODUCT_000000365,1,1131.39,1131.39
ORDER_000001536_ITEM_002,ORDER_000001536,PRODUCT_000000150,4,97514.34,390057.36
ORDER_000001537_ITEM_001,ORDER_000001537,PRODUCT_000000419,2,1633.27,3266.54
ORDER_000001537_ITEM_002,ORDER_000001537,PRODUCT_000000190,3,1821.64,5464.92
ORDER_000001538_ITEM_001,ORDER_000001538,PRODUCT_000000029,4,2844.42,11377.68
ORDER_000001538_ITEM_002,ORDER_000001538,PRODUCT_000000456,5,5850.98,29254.90
ORDER_000001539_ITEM_001,ORDER_000001539,PRODUCT_000000302,4,3481.66,13926.64
ORDER_000001539_ITEM_002,ORDER_000001539,PRODUCT_000000117,2,186308.09,372616.18
ORDER_000001540_ITEM_001,ORDER_000001540,PRODUCT_000000292,2,16024.87,32049.74
ORDER_000001540_ITEM_002,ORDER_000001540,PRODUCT_000000261,5,26099.88,130499.40
ORDER_000001541_ITEM_001,ORDER_000001541,PRODUCT_000000193,3,1656.01,4968.03
ORDER_000001541_ITEM_002,ORDER_000001541,PRODUCT_000000327,4,10245.94,40983.76
ORDER_000001542_ITEM_001,ORDER_000001542,PRODUCT_000000021,1,2952.32,2952.32
ORDER_000001542_ITEM_002,ORDER_000001542,PRODUCT_000000350,4,27003.79,108015.16
ORDER_000001543_ITEM_001,ORDER_000001543,PRODUCT_000000011,3,5081.83,15245.49
ORDER_000001543_ITEM_002,ORDER_000001543,PRODUCT_000000172,5,4761.64,23808.20
ORDER_000001544_ITEM_001,ORDER_000001544,PRODUCT_000000395,5,606.04,3030.20
ORDER_000001544_ITEM_002,ORDER_000001544,PRODUCT_000000095,4,112715.59,450862.36
ORDER_000001545_ITEM_001,ORDER_000001545,PRODUCT_000000468,2,11339.62,22679.24
ORDER_000001545_ITEM_002,ORDER_000001545,PRODUCT_000000455,5,5380.81,26904.05
ORDER_000001546_ITEM_001,ORDER_000001546,PRODUCT_000000262,5,34449.06,172245.30
ORDER_000001546_ITEM_002,ORDER_000001546,PRODUCT_000000309,5,281.12,1405.60
ORDER_000001547_ITEM_001,ORDER_000001547,PRODUCT_000000137,3,2720.00,8160.00
ORDER_000001547_ITEM_002,ORDER_000001547,PRODUCT_000000065,2,3214.64,6429.28
ORDER_000001548_ITEM_001,ORDER_000001548,PRODUCT_000000019,3,6627.77,19883.31
ORDER_000001548_ITEM_002,ORDER_000001548,PRODUCT_000000062,4,5183.35,20733.40
ORDER_000001549_ITEM_001,ORDER_000001549,PRODUCT_000000471,5,26176.74,130883.70
ORDER_000001549_ITEM_002,ORDER_000001549,PRODUCT_000000161,5,684.54,3422.70
ORDER_000001550_ITEM_001,ORDER_000001550,PRODUCT_000000374,3,194612.79,583838.37
ORDER_000001550_ITEM_002,ORDER_000001550,PRODUCT_000000448,3,30757.35,92272.05
ORDER_000001551_ITEM_001,ORDER_000001551,PRODUCT_000000127,5,47505.08,237525.40
ORDER_000001551_ITEM_002,ORDER_000001551,PRODUCT_000000027,5,122387.75,611938.75
ORDER_000001552_ITEM_001,ORDER_000001552,PRODUCT_000000416,3,2364.84,7094.52
ORDER_000001552_ITEM_002,ORDER_000001552,PRODUCT_000000348,2,511.50,1023.00
ORDER_000001553_ITEM_001,ORDER_000001553,PRODUCT_000000005,5,3906.48,19532.40
ORDER_000001553_ITEM_002,ORDER_000001553,PRODUCT_000000316,1,7149.36,7149.36
ORDER_000001554_ITEM_001,ORDER_000001554,PRODUCT_000000001,4,47526.13,190104.52
ORDER_000001554_ITEM_002,ORDER_000001554,PRODUCT_000000031,3,223997.16,671991.48
ORDER_000001555_ITEM_001,ORDER_000001555,PRODUCT_000000073,4,595.40,2381.60
ORDER_000001555_ITEM_002,ORDER_000001555,PRODUCT_000000451,3,557.23,1671.69
ORDER_000001556_ITEM_001,ORDER_000001556,PRODUCT_000000048,2,71251.17,142502.34
ORDER_000001556_ITEM_002,ORDER_000001556,PRODUCT_000000011,4,5081.83,20327.32
ORDER_000001557_ITEM_001,ORDER_000001557,PRODUCT_000000352,2,17207.18,34414.36
ORDER_000001557_ITEM_002,ORDER_000001557,PRODUCT_000000200,2,22985.98,45971.96
ORDER_000001558_ITEM_001,ORDER_000001558,PRODUCT_000000414,3,57878.53,173635.59
ORDER_000001558_ITEM_002,ORDER_000001558,PRODUCT_000000094,5,159079.65,795398.25
ORDER_000001559_ITEM_001,ORDER_000001559,PRODUCT_000000338,2,17766.86,35533.72
ORDER_000001559_ITEM_002,ORDER_000001559,PRODUCT_000000303,1,28560.91,28560.91
ORDER_000001560_ITEM_001,ORDER_000001560,PRODUCT_000000223,5,3175.58,15877.90
ORDER_000001560_ITEM_002,ORDER_000001560,PRODUCT_000000420,3,33996.43,101989.29
ORDER_000001561_ITEM_001,ORDER_000001561,PRODUCT_000000193,5,1656.01,8280.05
ORDER_000001561_ITEM_002,ORDER_000001561,PRODUCT_000000315,1,1366.86,1366.86
ORDER_000001562_ITEM_001,ORDER_000001562,PRODUCT_000000156,5,17875.07,89375.35
ORDER_000001562_ITEM_002,ORDER_000001562,PRODUCT_000000003,1,166254.56,166254.56
ORDER_000001563_ITEM_001,ORDER_000001563,PRODUCT_000000111,1,5144.89,5144.89
ORDER_000001563_ITEM_002,ORDER_000001563,PRODUCT_000000179,2,16969.41,33938.82
ORDER_000001564_ITEM_001,ORDER_000001564,PRODUCT_000000191,2,936.27,1872.54
ORDER_000001564_ITEM_002,ORDER_000001564,PRODUCT_000000048,2,71251.17,142502.34
ORDER_000001565_ITEM_001,ORDER_000001565,PRODUCT_000000474,4,690.90,2763.60
ORDER_000001565_ITEM_002,ORDER_000001565,PRODUCT_000000309,3,281.12,843.36
ORDER_000001566_ITEM_001,ORDER_000001566,PRODUCT_000000323,5,111157.95,555789.75
ORDER_000001566_ITEM_002,ORDER_000001566,PRODUCT_000000496,4,970.45,3881.80
ORDER_000001567_ITEM_001,ORDER_000001567,PRODUCT_000000305,4,2574.22,10296.88
ORDER_000001567_ITEM_002,ORDER_000001567,PRODUCT_000000009,1,51529.17,51529.17
ORDER_000001568_ITEM_001,ORDER_000001568,PRODUCT_000000197,5,54944.74,274723.70
ORDER_000001568_ITEM_002,ORDER_000001568,PRODUCT_000000461,1,66176.77,66176.77
ORDER_000001569_ITEM_001,ORDER_000001569,PRODUCT_000000293,1,68391.63,68391.63
ORDER_000001569_ITEM_002,ORDER_000001569,PRODUCT_000000447,5,5903.88,29519.40
ORDER_000001570_ITEM_001,ORDER_000001570,PRODUCT_000000277,4,11671.40,46685.60
ORDER_000001570_ITEM_002,ORDER_000001570,PRODUCT_000000221,4,4631.09,18524.36
ORDER_000001571_ITEM_001,ORDER_000001571,PRODUCT_000000219,4,10831.78,43327.12
ORDER_000001571_ITEM_002,ORDER_000001571,PRODUCT_000000467,1,89885.32,89885.32
ORDER_000001572_ITEM_001,ORDER_000001572,PRODUCT_000000369,2,1041.90,2083.80
ORDER_000001572_ITEM_002,ORDER_000001572,PRODUCT_000000432,4,67458.36,269833.44
ORDER_000001573_ITEM_001,ORDER_000001573,PRODUCT_000000413,5,782.86,3914.30
ORDER_000001573_ITEM_002,ORDER_000001573,PRODUCT_000000456,5,5850.98,29254.90
ORDER_000001574_ITEM_001,ORDER_000001574,PRODUCT_000000087,3,55215.64,165646.92
ORDER_000001574_ITEM_002,ORDER_000001574,PRODUCT_000000377,2,11772.95,23545.90
ORDER_000001575_ITEM_001,ORDER_000001575,PRODUCT_000000176,1,498.75,498.75
ORDER_000001575_ITEM_002,ORDER_000001575,PRODUCT_000000163,1,21213.87,21213.87
ORDER_000001576_ITEM_001,ORDER_000001576,PRODUCT_000000176,3,498.75,1496.25
ORDER_000001576_ITEM_002,ORDER_000001576,PRODUCT_000000167,1,29972.62,29972.62
ORDER_000001577_ITEM_001,ORDER_000001577,PRODUCT_000000311,5,6289.30,31446.50
ORDER_000001577_ITEM_002,ORDER_000001577,PRODUCT_000000126,2,23808.94,47617.88
ORDER_000001578_ITEM_001,ORDER_000001578,PRODUCT_000000015,1,140055.39,140055.39
ORDER_000001578_ITEM_002,ORDER_000001578,PRODUCT_000000178,2,11187.40,22374.80
ORDER_000001579_ITEM_001,ORDER_000001579,PRODUCT_000000140,2,2815.66,5631.32
ORDER_000001579_ITEM_002,ORDER_000001579,PRODUCT_000000238,1,709.92,709.92
ORDER_000001580_ITEM_001,ORDER_000001580,PRODUCT_000000018,5,54878.11,274390.55
ORDER_000001580_ITEM_002,ORDER_000001580,PRODUCT_000000395,1,606.04,606.04
ORDER_000001581_ITEM_001,ORDER_000001581,PRODUCT_000000442,4,50728.25,202913.00
ORDER_000001581_ITEM_002,ORDER_000001581,PRODUCT_000000114,5,140563.09,702815.45
ORDER_000001582_ITEM_001,ORDER_000001582,PRODUCT_000000455,2,5380.81,10761.62
ORDER_000001582_ITEM_002,ORDER_000001582,PRODUCT_000000351,4,186960.69,747842.76
ORDER_000001583_ITEM_001,ORDER_000001583,PRODUCT_000000213,5,12880.62,64403.10
ORDER_000001583_ITEM_002,ORDER_000001583,PRODUCT_000000451,1,557.23,557.23
ORDER_000001584_ITEM_001,ORDER_000001584,PRODUCT_000000187,3,1398.69,4196.07
ORDER_000001584_ITEM_002,ORDER_000001584,PRODUCT_000000274,5,145414.87,727074.35
ORDER_000001585_ITEM_001,ORDER_000001585,PRODUCT_000000426,2,14178.77,28357.54
ORDER_000001585_ITEM_002,ORDER_000001585,PRODUCT_000000125,3,48262.53,144787.59
ORDER_000001586_ITEM_001,ORDER_000001586,PRODUCT_000000079,5,20185.32,100926.60
ORDER_000001586_ITEM_002,ORDER_000001586,PRODUCT_000000079,2,20185.32,40370.64
ORDER_000001587_ITEM_001,ORDER_000001587,PRODUCT_000000302,2,3481.66,6963.32
ORDER_000001587_ITEM_002,ORDER_000001587,PRODUCT_000000175,1,40112.08,40112.08
ORDER_000001588_ITEM_001,ORDER_000001588,PRODUCT_000000455,1,5380.81,5380.81
ORDER_000001588_ITEM_002,ORDER_000001588,PRODUCT_000000212,4,10759.26,43037.04
ORDER_000001589_ITEM_001,ORDER_000001589,PRODUCT_000000345,4,106411.74,425646.96
ORDER_000001589_ITEM_002,ORDER_000001589,PRODUCT_000000431,3,28619.97,85859.91
ORDER_000001590_ITEM_001,ORDER_000001590,PRODUCT_000000346,1,90006.80,90006.80
ORDER_000001590_ITEM_002,ORDER_000001590,PRODUCT_000000123,5,18655.96,93279.80
ORDER_000001591_ITEM_001,ORDER_000001591,PRODUCT_000000232,1,4022.49,4022.49
ORDER_000001591_ITEM_002,ORDER_000001591,PRODUCT_000000416,3,2364.84,7094.52
ORDER_000001592_ITEM_001,ORDER_000001592,PRODUCT_000000292,3,16024.87,48074.61
ORDER_000001592_ITEM_002,ORDER_000001592,PRODUCT_000000407,3,71009.01,213027.03
ORDER_000001593_ITEM_001,ORDER_000001593,PRODUCT_000000163,4,21213.87,84855.48
ORDER_000001593_ITEM_002,ORDER_000001593,PRODUCT_000000198,2,53251.57,106503.14
ORDER_000001594_ITEM_001,ORDER_000001594,PRODUCT_000000032,4,916.80,3667.20
ORDER_000001594_ITEM_002,ORDER_000001594,PRODUCT_000000169,3,1720.94,5162.82
ORDER_000001595_ITEM_001,ORDER_000001595,PRODUCT_000000389,5,71784.35,358921.75
ORDER_000001595_ITEM_002,ORDER_000001595,PRODUCT_000000418,2,3679.29,7358.58
ORDER_000001596_ITEM_001,ORDER_000001596,PRODUCT_000000223,4,3175.58,12702.32
ORDER_000001596_ITEM_002,ORDER_000001596,PRODUCT_000000064,3,174728.07,524184.21
ORDER_000001597_ITEM_001,ORDER_000001597,PRODUCT_000000047,5,13490.87,67454.35
ORDER_000001597_ITEM_002,ORDER_000001597,PRODUCT_000000434,4,1900.67,7602.68
ORDER_000001598_ITEM_001,ORDER_000001598,PRODUCT_000000481,1,242.93,242.93
ORDER_000001598_ITEM_002,ORDER_000001598,PRODUCT_000000203,4,131189.59,524758.36
ORDER_000001599_ITEM_001,ORDER_000001599,PRODUCT_000000445,2,957.74,1915.48
ORDER_000001599_ITEM_002,ORDER_000001599,PRODUCT_000000065,3,3214.64,9643.92
ORDER_000001600_ITEM_001,ORDER_000001600,PRODUCT_000000086,1,8488.74,8488.74
ORDER_000001600_ITEM_002,ORDER_000001600,PRODUCT_000000169,4,1720.94,6883.76
ORDER_000001601_ITEM_001,ORDER_000001601,PRODUCT_000000186,3,11204.19,33612.57
ORDER_000001601_ITEM_002,ORDER_000001601,PRODUCT_000000276,2,6006.43,12012.86
ORDER_000001602_ITEM_001,ORDER_000001602,PRODUCT_000000324,1,58960.31,58960.31
ORDER_000001602_ITEM_002,ORDER_000001602,PRODUCT_000000210,2,961.15,1922.30
ORDER_000001603_ITEM_001,ORDER_000001603,PRODUCT_000000253,2,1399.91,2799.82
ORDER_000001603_ITEM_002,ORDER_000001603,PRODUCT_000000183,2,39378.79,78757.58
ORDER_000001604_ITEM_001,ORDER_000001604,PRODUCT_000000421,4,26929.93,107719.72
ORDER_000001604_ITEM_002,ORDER_000001604,PRODUCT_000000060,1,61306.51,61306.51
ORDER_000001605_ITEM_001,ORDER_000001605,PRODUCT_000000266,2,139987.08,279974.16
ORDER_000001605_ITEM_002,ORDER_000001605,PRODUCT_000000351,4,186960.69,747842.76
ORDER_000001606_ITEM_001,ORDER_000001606,PRODUCT_000000188,1,35973.47,35973.47
ORDER_000001606_ITEM_002,ORDER_000001606,PRODUCT_000000318,3,11683.06,35049.18
ORDER_000001607_ITEM_001,ORDER_000001607,PRODUCT_000000218,2,7029.23,14058.46
ORDER_000001607_ITEM_002,ORDER_000001607,PRODUCT_000000184,5,120740.28,603701.40
ORDER_000001608_ITEM_001,ORDER_000001608,PRODUCT_000000329,5,9319.38,46596.90
ORDER_000001608_ITEM_002,ORDER_000001608,PRODUCT_000000174,2,121049.76,242099.52
ORDER_000001609_ITEM_001,ORDER_000001609,PRODUCT_000000344,5,108319.93,541599.65
ORDER_000001609_ITEM_002,ORDER_000001609,PRODUCT_000000271,5,7343.39,36716.95
ORDER_000001610_ITEM_001,ORDER_000001610,PRODUCT_000000068,3,603.83,1811.49
ORDER_000001610_ITEM_002,ORDER_000001610,PRODUCT_000000090,1,727.26,727.26
ORDER_000001611_ITEM_001,ORDER_000001611,PRODUCT_000000430,5,56850.26,284251.30
ORDER_000001611_ITEM_002,ORDER_000001611,PRODUCT_000000322,3,6422.03,19266.09
ORDER_000001612_ITEM_001,ORDER_000001612,PRODUCT_000000313,4,108316.97,433267.88
ORDER_000001612_ITEM_002,ORDER_000001612,PRODUCT_000000348,2,511.50,1023.00
ORDER_000001613_ITEM_001,ORDER_000001613,PRODUCT_000000476,1,65466.46,65466.46
ORDER_000001613_ITEM_002,ORDER_000001613,PRODUCT_000000153,1,1314.83,1314.83
ORDER_000001614_ITEM_001,ORDER_000001614,PRODUCT_000000149,1,500.36,500.36
ORDER_000001614_ITEM_002,ORDER_000001614,PRODUCT_000000314,5,13535.22,67676.10
ORDER_000001615_ITEM_001,ORDER_000001615,PRODUCT_000000498,3,2542.71,7628.13
ORDER_000001615_ITEM_002,ORDER_000001615,PRODUCT_000000311,5,6289.30,31446.50
ORDER_000001616_ITEM_001,ORDER_000001616,PRODUCT_000000232,4,4022.49,16089.96
ORDER_000001616_ITEM_002,ORDER_000001616,PRODUCT_000000097,2,29573.36,59146.72
ORDER_000001617_ITEM_001,ORDER_000001617,PRODUCT_000000457,2,20677.50,41355.00
ORDER_000001617_ITEM_002,ORDER_000001617,PRODUCT_000000129,3,109019.55,327058.65
ORDER_000001618_ITEM_001,ORDER_000001618,PRODUCT_000000252,4,18522.97,74091.88
ORDER_000001618_ITEM_002,ORDER_000001618,PRODUCT_000000370,3,3741.06,11223.18
ORDER_000001619_ITEM_001,ORDER_000001619,PRODUCT_000000209,3,4970.11,14910.33
ORDER_000001619_ITEM_002,ORDER_000001619,PRODUCT_000000347,2,424.29,848.58
ORDER_000001620_ITEM_001,ORDER_000001620,PRODUCT_000000206,4,338.63,1354.52
ORDER_000001620_ITEM_002,ORDER_000001620,PRODUCT_000000496,1,970.45,970.45
ORDER_000001621_ITEM_001,ORDER_000001621,PRODUCT_000000483,5,11174.40,55872.00
ORDER_000001621_ITEM_002,ORDER_000001621,PRODUCT_000000485,5,123226.74,616133.70
ORDER_000001622_ITEM_001,ORDER_000001622,PRODUCT_000000011,1,5081.83,5081.83
ORDER_000001622_ITEM_002,ORDER_000001622,PRODUCT_000000091,4,85829.09,343316.36
ORDER_000001623_ITEM_001,ORDER_000001623,PRODUCT_000000312,5,508.37,2541.85
ORDER_000001623_ITEM_002,ORDER_000001623,PRODUCT_000000474,5,690.90,3454.50
ORDER_000001624_ITEM_001,ORDER_000001624,PRODUCT_000000428,3,180920.89,542762.67
ORDER_000001624_ITEM_002,ORDER_000001624,PRODUCT_000000395,5,606.04,3030.20
ORDER_000001625_ITEM_001,ORDER_000001625,PRODUCT_000000045,1,35447.12,35447.12
ORDER_000001625_ITEM_002,ORDER_000001625,PRODUCT_000000468,4,11339.62,45358.48
ORDER_000001626_ITEM_001,ORDER_000001626,PRODUCT_000000500,5,66111.23,330556.15
ORDER_000001626_ITEM_002,ORDER_000001626,PRODUCT_000000379,3,788.70,2366.10
ORDER_000001627_ITEM_001,ORDER_000001627,PRODUCT_000000400,5,50864.82,254324.10
ORDER_000001627_ITEM_002,ORDER_000001627,PRODUCT_000000292,5,16024.87,80124.35
ORDER_000001628_ITEM_001,ORDER_000001628,PRODUCT_000000241,3,19528.30,58584.90
ORDER_000001628_ITEM_002,ORDER_000001628,PRODUCT_000000441,2,38509.69,77019.38
ORDER_000001629_ITEM_001,ORDER_000001629,PRODUCT_000000157,1,1512.91,1512.91
ORDER_000001629_ITEM_002,ORDER_000001629,PRODUCT_000000120,3,73826.11,221478.33
ORDER_000001630_ITEM_001,ORDER_000001630,PRODUCT_000000277,1,11671.40,11671.40
ORDER_000001630_ITEM_002,ORDER_000001630,PRODUCT_000000108,5,3286.97,16434.85
ORDER_000001631_ITEM_001,ORDER_000001631,PRODUCT_000000233,3,2536.45,7609.35
ORDER_000001631_ITEM_002,ORDER_000001631,PRODUCT_000000217,2,5712.09,11424.18
ORDER_000001632_ITEM_001,ORDER_000001632,PRODUCT_000000004,1,84297.47,84297.47
ORDER_000001632_ITEM_002,ORDER_000001632,PRODUCT_000000467,1,89885.32,89885.32
ORDER_000001633_ITEM_001,ORDER_000001633,PRODUCT_000000272,3,13222.81,39668.43
ORDER_000001633_ITEM_002,ORDER_000001633,PRODUCT_000000315,5,1366.86,6834.30
ORDER_000001634_ITEM_001,ORDER_000001634,PRODUCT_000000415,3,77825.19,233475.57
ORDER_000001634_ITEM_002,ORDER_000001634,PRODUCT_000000170,1,2022.45,2022.45
ORDER_000001635_ITEM_001,ORDER_000001635,PRODUCT_000000485,3,123226.74,369680.22
ORDER_000001635_ITEM_002,ORDER_000001635,PRODUCT_000000158,1,21685.09,21685.09
ORDER_000001636_ITEM_001,ORDER_000001636,PRODUCT_000000105,3,630.25,1890.75
ORDER_000001636_ITEM_002,ORDER_000001636,PRODUCT_000000218,3,7029.23,21087.69
ORDER_000001637_ITEM_001,ORDER_000001637,PRODUCT_000000199,3,48433.40,145300.20
ORDER_000001637_ITEM_002,ORDER_000001637,PRODUCT_000000500,4,66111.23,264444.92
ORDER_000001638_ITEM_001,ORDER_000001638,PRODUCT_000000016,3,71215.48,213646.44
ORDER_000001638_ITEM_002,ORDER_000001638,PRODUCT_000000481,3,242.93,728.79
ORDER_000001639_ITEM_001,ORDER_000001639,PRODUCT_000000297,4,6305.72,25222.88
ORDER_000001639_ITEM_002,ORDER_000001639,PRODUCT_000000285,3,59012.72,177038.16
ORDER_000001640_ITEM_001,ORDER_000001640,PRODUCT_000000082,1,904.37,904.37
ORDER_000001640_ITEM_002,ORDER_000001640,PRODUCT_000000305,4,2574.22,10296.88
ORDER_000001641_ITEM_001,ORDER_000001641,PRODUCT_000000083,4,68919.06,275676.24
ORDER_000001641_ITEM_002,ORDER_000001641,PRODUCT_000000388,5,16147.61,80738.05
ORDER_000001642_ITEM_001,ORDER_000001642,PRODUCT_000000055,3,77397.64,232192.92
ORDER_000001642_ITEM_002,ORDER_000001642,PRODUCT_000000337,5,3208.91,16044.55
ORDER_000001643_ITEM_001,ORDER_000001643,PRODUCT_000000140,1,2815.66,2815.66
ORDER_000001643_ITEM_002,ORDER_000001643,PRODUCT_000000112,5,20260.19,101300.95
ORDER_000001644_ITEM_001,ORDER_000001644,PRODUCT_000000267,1,451.33,451.33
ORDER_000001644_ITEM_002,ORDER_000001644,PRODUCT_000000333,4,530.81,2123.24
ORDER_000001645_ITEM_001,ORDER_000001645,PRODUCT_000000500,3,66111.23,198333.69
ORDER_000001645_ITEM_002,ORDER_000001645,PRODUCT_000000348,3,511.50,1534.50
ORDER_000001646_ITEM_001,ORDER_000001646,PRODUCT_000000462,4,87564.19,350256.76
ORDER_000001646_ITEM_002,ORDER_000001646,PRODUCT_000000322,5,6422.03,32110.15
ORDER_000001647_ITEM_001,ORDER_000001647,PRODUCT_000000471,4,26176.74,104706.96
ORDER_000001647_ITEM_002,ORDER_000001647,PRODUCT_000000412,5,65524.59,327622.95
ORDER_000001648_ITEM_001,ORDER_000001648,PRODUCT_000000190,2,1821.64,3643.28
ORDER_000001648_ITEM_002,ORDER_000001648,PRODUCT_000000411,3,261.77,785.31
ORDER_000001649_ITEM_001,ORDER_000001649,PRODUCT_000000387,2,22127.64,44255.28
ORDER_000001649_ITEM_002,ORDER_000001649,PRODUCT_000000194,1,2124.84,2124.84
ORDER_000001650_ITEM_001,ORDER_000001650,PRODUCT_000000384,1,1879.95,1879.95
ORDER_000001650_ITEM_002,ORDER_000001650,PRODUCT_000000162,2,12519.41,25038.82
ORDER_000001651_ITEM_001,ORDER_000001651,PRODUCT_000000473,5,10475.93,52379.65
ORDER_000001651_ITEM_002,ORDER_000001651,PRODUCT_000000240,4,8842.70,35370.80
ORDER_000001652_ITEM_001,ORDER_000001652,PRODUCT_000000321,2,11193.14,22386.28
ORDER_000001652_ITEM_002,ORDER_000001652,PRODUCT_000000121,5,67658.89,338294.45
ORDER_000001653_ITEM_001,ORDER_000001653,PRODUCT_000000429,2,54612.57,109225.14
ORDER_000001653_ITEM_002,ORDER_000001653,PRODUCT_000000188,5,35973.47,179867.35
ORDER_000001654_ITEM_001,ORDER_000001654,PRODUCT_000000382,4,36449.53,145798.12
ORDER_000001654_ITEM_002,ORDER_000001654,PRODUCT_000000254,1,208122.29,208122.29
ORDER_000001655_ITEM_001,ORDER_000001655,PRODUCT_000000058,2,20181.60,40363.20
ORDER_000001655_ITEM_002,ORDER_000001655,PRODUCT_000000024,1,2660.53,2660.53
ORDER_000001656_ITEM_001,ORDER_000001656,PRODUCT_000000431,4,28619.97,114479.88
ORDER_000001656_ITEM_002,ORDER_000001656,PRODUCT_000000493,5,1452.96,7264.80
ORDER_000001657_ITEM_001,ORDER_000001657,PRODUCT_000000288,5,105802.00,529010.00
ORDER_000001657_ITEM_002,ORDER_000001657,PRODUCT_000000341,2,80395.16,160790.32
ORDER_000001658_ITEM_001,ORDER_000001658,PRODUCT_000000240,3,8842.70,26528.10
ORDER_000001658_ITEM_002,ORDER_000001658,PRODUCT_000000093,2,17022.09,34044.18
ORDER_000001659_ITEM_001,ORDER_000001659,PRODUCT_000000460,1,49238.06,49238.06
ORDER_000001659_ITEM_002,ORDER_000001659,PRODUCT_000000387,2,22127.64,44255.28
ORDER_000001660_ITEM_001,ORDER_000001660,PRODUCT_000000152,2,1691.46,3382.92
ORDER_000001660_ITEM_002,ORDER_000001660,PRODUCT_000000296,4,105785.14,423140.56
ORDER_000001661_ITEM_001,ORDER_000001661,PRODUCT_000000350,4,27003.79,108015.16
ORDER_000001661_ITEM_002,ORDER_000001661,PRODUCT_000000365,4,1131.39,4525.56
ORDER_000001662_ITEM_001,ORDER_000001662,PRODUCT_000000035,5,6152.71,30763.55
ORDER_000001662_ITEM_002,ORDER_000001662,PRODUCT_000000133,5,107202.22,536011.10
ORDER_000001663_ITEM_001,ORDER_000001663,PRODUCT_000000044,4,24208.61,96834.44
ORDER_000001663_ITEM_002,ORDER_000001663,PRODUCT_000000438,3,40311.65,120934.95
ORDER_000001664_ITEM_001,ORDER_000001664,PRODUCT_000000430,1,56850.26,56850.26
ORDER_000001664_ITEM_002,ORDER_000001664,PRODUCT_000000046,4,3078.68,12314.72
ORDER_000001665_ITEM_001,ORDER_000001665,PRODUCT_000000375,4,2168.98,8675.92
ORDER_000001665_ITEM_002,ORDER_000001665,PRODUCT_000000222,3,26935.38,80806.14
ORDER_000001666_ITEM_001,ORDER_000001666,PRODUCT_000000202,2,22299.06,44598.12
ORDER_000001666_ITEM_002,ORDER_000001666,PRODUCT_000000026,5,18909.61,94548.05
ORDER_000001667_ITEM_001,ORDER_000001667,PRODUCT_000000351,3,186960.69,560882.07
ORDER_000001667_ITEM_002,ORDER_000001667,PRODUCT_000000447,4,5903.88,23615.52
ORDER_000001668_ITEM_001,ORDER_000001668,PRODUCT_000000118,5,115069.78,575348.90
ORDER_000001668_ITEM_002,ORDER_000001668,PRODUCT_000000141,4,11546.35,46185.40
ORDER_000001669_ITEM_001,ORDER_000001669,PRODUCT_000000376,1,1235.61,1235.61
ORDER_000001669_ITEM_002,ORDER_000001669,PRODUCT_000000394,5,1417.36,7086.80
ORDER_000001670_ITEM_001,ORDER_000001670,PRODUCT_000000187,2,1398.69,2797.38
ORDER_000001670_ITEM_002,ORDER_000001670,PRODUCT_000000174,3,121049.76,363149.28
ORDER_000001671_ITEM_001,ORDER_000001671,PRODUCT_000000416,4,2364.84,9459.36
ORDER_000001671_ITEM_002,ORDER_000001671,PRODUCT_000000270,3,4362.80,13088.40
ORDER_000001672_ITEM_001,ORDER_000001672,PRODUCT_000000261,1,26099.88,26099.88
ORDER_000001672_ITEM_002,ORDER_000001672,PRODUCT_000000127,1,47505.08,47505.08
ORDER_000001673_ITEM_001,ORDER_000001673,PRODUCT_000000366,2,11041.34,22082.68
ORDER_000001673_ITEM_002,ORDER_000001673,PRODUCT_000000179,4,16969.41,67877.64
ORDER_000001674_ITEM_001,ORDER_000001674,PRODUCT_000000440,3,4395.21,13185.63
ORDER_000001674_ITEM_002,ORDER_000001674,PRODUCT_000000328,4,95553.61,382214.44
ORDER_000001675_ITEM_001,ORDER_000001675,PRODUCT_000000249,1,33792.11,33792.11
ORDER_000001675_ITEM_002,ORDER_000001675,PRODUCT_000000053,3,120555.53,361666.59
ORDER_000001676_ITEM_001,ORDER_000001676,PRODUCT_000000472,3,2444.82,7334.46
ORDER_000001676_ITEM_002,ORDER_000001676,PRODUCT_000000025,3,1480.92,4442.76
ORDER_000001677_ITEM_001,ORDER_000001677,PRODUCT_000000482,3,1961.27,5883.81
ORDER_000001677_ITEM_002,ORDER_000001677,PRODUCT_000000136,4,50895.01,203580.04
ORDER_000001678_ITEM_001,ORDER_000001678,PRODUCT_000000105,1,630.25,630.25
ORDER_000001678_ITEM_002,ORDER_000001678,PRODUCT_000000266,5,139987.08,699935.40
ORDER_000001679_ITEM_001,ORDER_000001679,PRODUCT_000000233,3,2536.45,7609.35
ORDER_000001679_ITEM_002,ORDER_000001679,PRODUCT_000000063,4,16707.24,66828.96
ORDER_000001680_ITEM_001,ORDER_000001680,PRODUCT_000000445,2,957.74,1915.48
ORDER_000001680_ITEM_002,ORDER_000001680,PRODUCT_000000246,5,84103.35,420516.75
ORDER_000001681_ITEM_001,ORDER_000001681,PRODUCT_000000321,1,11193.14,11193.14
ORDER_000001681_ITEM_002,ORDER_000001681,PRODUCT_000000040,3,21212.12,63636.36
ORDER_000001682_ITEM_001,ORDER_000001682,PRODUCT_000000246,3,84103.35,252310.05
ORDER_000001682_ITEM_002,ORDER_000001682,PRODUCT_000000176,5,498.75,2493.75
ORDER_000001683_ITEM_001,ORDER_000001683,PRODUCT_000000205,5,3783.93,18919.65
ORDER_000001683_ITEM_002,ORDER_000001683,PRODUCT_000000060,3,61306.51,183919.53
ORDER_000001684_ITEM_001,ORDER_000001684,PRODUCT_000000356,5,53340.70,266703.50
ORDER_000001684_ITEM_002,ORDER_000001684,PRODUCT_000000007,3,3112.46,9337.38
ORDER_000001685_ITEM_001,ORDER_000001685,PRODUCT_000000143,3,71000.26,213000.78
ORDER_000001685_ITEM_002,ORDER_000001685,PRODUCT_000000149,4,500.36,2001.44
ORDER_000001686_ITEM_001,ORDER_000001686,PRODUCT_000000065,5,3214.64,16073.20
ORDER_000001686_ITEM_002,ORDER_000001686,PRODUCT_000000040,5,21212.12,106060.60
ORDER_000001687_ITEM_001,ORDER_000001687,PRODUCT_000000398,2,5027.03,10054.06
ORDER_000001687_ITEM_002,ORDER_000001687,PRODUCT_000000071,1,27899.72,27899.72
ORDER_000001688_ITEM_001,ORDER_000001688,PRODUCT_000000175,2,40112.08,80224.16
ORDER_000001688_ITEM_002,ORDER_000001688,PRODUCT_000000260,3,2417.05,7251.15
ORDER_000001689_ITEM_001,ORDER_000001689,PRODUCT_000000333,5,530.81,2654.05
ORDER_000001689_ITEM_002,ORDER_000001689,PRODUCT_000000220,3,5722.11,17166.33
ORDER_000001690_ITEM_001,ORDER_000001690,PRODUCT_000000159,5,40197.32,200986.60
ORDER_000001690_ITEM_002,ORDER_000001690,PRODUCT_000000454,3,1504.58,4513.74
ORDER_000001691_ITEM_001,ORDER_000001691,PRODUCT_000000498,2,2542.71,5085.42
ORDER_000001691_ITEM_002,ORDER_000001691,PRODUCT_000000360,5,102821.06,514105.30
ORDER_000001692_ITEM_001,ORDER_000001692,PRODUCT_000000225,5,3256.60,16283.00
ORDER_000001692_ITEM_002,ORDER_000001692,PRODUCT_000000376,3,1235.61,3706.83
ORDER_000001693_ITEM_001,ORDER_000001693,PRODUCT_000000293,3,68391.63,205174.89
ORDER_000001693_ITEM_002,ORDER_000001693,PRODUCT_000000275,3,37395.96,112187.88
ORDER_000001694_ITEM_001,ORDER_000001694,PRODUCT_000000120,2,73826.11,147652.22
ORDER_000001694_ITEM_002,ORDER_000001694,PRODUCT_000000484,1,54819.53,54819.53
ORDER_000001695_ITEM_001,ORDER_000001695,PRODUCT_000000372,3,55828.82,167486.46
ORDER_000001695_ITEM_002,ORDER_000001695,PRODUCT_000000215,3,5520.21,16560.63
ORDER_000001696_ITEM_001,ORDER_000001696,PRODUCT_000000350,1,27003.79,27003.79
ORDER_000001696_ITEM_002,ORDER_000001696,PRODUCT_000000059,1,96024.22,96024.22
ORDER_000001697_ITEM_001,ORDER_000001697,PRODUCT_000000180,1,131161.69,131161.69
ORDER_000001697_ITEM_002,ORDER_000001697,PRODUCT_000000252,1,18522.97,18522.97
ORDER_000001698_ITEM_001,ORDER_000001698,PRODUCT_000000376,5,1235.61,6178.05
ORDER_000001698_ITEM_002,ORDER_000001698,PRODUCT_000000192,4,10837.79,43351.16
ORDER_000001699_ITEM_001,ORDER_000001699,PRODUCT_000000489,4,65761.05,263044.20
ORDER_000001699_ITEM_002,ORDER_000001699,PRODUCT_000000465,4,27686.57,110746.28
ORDER_000001700_ITEM_001,ORDER_000001700,PRODUCT_000000338,5,17766.86,88834.30
ORDER_000001700_ITEM_002,ORDER_000001700,PRODUCT_000000428,4,180920.89,723683.56
ORDER_000001701_ITEM_001,ORDER_000001701,PRODUCT_000000170,2,2022.45,4044.90
ORDER_000001701_ITEM_002,ORDER_000001701,PRODUCT_000000335,3,7748.73,23246.19
ORDER_000001702_ITEM_001,ORDER_000001702,PRODUCT_000000057,2,181686.00,363372.00
ORDER_000001702_ITEM_002,ORDER_000001702,PRODUCT_000000405,2,6190.14,12380.28
ORDER_000001703_ITEM_001,ORDER_000001703,PRODUCT_000000288,3,105802.00,317406.00
ORDER_000001703_ITEM_002,ORDER_000001703,PRODUCT_000000356,2,53340.70,106681.40
ORDER_000001704_ITEM_001,ORDER_000001704,PRODUCT_000000198,5,53251.57,266257.85
ORDER_000001704_ITEM_002,ORDER_000001704,PRODUCT_000000313,4,108316.97,433267.88
ORDER_000001705_ITEM_001,ORDER_000001705,PRODUCT_000000380,3,2099.88,6299.64
ORDER_000001705_ITEM_002,ORDER_000001705,PRODUCT_000000353,2,761.53,1523.06
ORDER_000001706_ITEM_001,ORDER_000001706,PRODUCT_000000153,2,1314.83,2629.66
ORDER_000001706_ITEM_002,ORDER_000001706,PRODUCT_000000139,2,955.15,1910.30
ORDER_000001707_ITEM_001,ORDER_000001707,PRODUCT_000000101,5,1447.61,7238.05
ORDER_000001707_ITEM_002,ORDER_000001707,PRODUCT_000000410,5,6005.71,30028.55
ORDER_000001708_ITEM_001,ORDER_000001708,PRODUCT_000000149,4,500.36,2001.44
ORDER_000001708_ITEM_002,ORDER_000001708,PRODUCT_000000040,2,21212.12,42424.24
ORDER_000001709_ITEM_001,ORDER_000001709,PRODUCT_000000353,4,761.53,3046.12
ORDER_000001709_ITEM_002,ORDER_000001709,PRODUCT_000000094,2,159079.65,318159.30
ORDER_000001710_ITEM_001,ORDER_000001710,PRODUCT_000000223,2,3175.58,6351.16
ORDER_000001710_ITEM_002,ORDER_000001710,PRODUCT_000000210,1,961.15,961.15
ORDER_000001711_ITEM_001,ORDER_000001711,PRODUCT_000000219,1,10831.78,10831.78
ORDER_000001711_ITEM_002,ORDER_000001711,PRODUCT_000000194,5,2124.84,10624.20
ORDER_000001712_ITEM_001,ORDER_000001712,PRODUCT_000000032,2,916.80,1833.60
ORDER_000001712_ITEM_002,ORDER_000001712,PRODUCT_000000294,3,98126.54,294379.62
ORDER_000001713_ITEM_001,ORDER_000001713,PRODUCT_000000277,3,11671.40,35014.20
ORDER_000001713_ITEM_002,ORDER_000001713,PRODUCT_000000498,1,2542.71,2542.71
ORDER_000001714_ITEM_001,ORDER_000001714,PRODUCT_000000078,3,99659.01,298977.03
ORDER_000001714_ITEM_002,ORDER_000001714,PRODUCT_000000361,2,2902.94,5805.88
ORDER_000001715_ITEM_001,ORDER_000001715,PRODUCT_000000352,4,17207.18,68828.72
ORDER_000001715_ITEM_002,ORDER_000001715,PRODUCT_000000130,2,2919.96,5839.92
ORDER_000001716_ITEM_001,ORDER_000001716,PRODUCT_000000409,1,20583.82,20583.82
ORDER_000001716_ITEM_002,ORDER_000001716,PRODUCT_000000368,3,9454.76,28364.28
ORDER_000001717_ITEM_001,ORDER_000001717,PRODUCT_000000088,3,4393.00,13179.00
ORDER_000001717_ITEM_002,ORDER_000001717,PRODUCT_000000083,3,68919.06,206757.18
ORDER_000001718_ITEM_001,ORDER_000001718,PRODUCT_000000279,3,1444.98,4334.94
ORDER_000001718_ITEM_002,ORDER_000001718,PRODUCT_000000472,2,2444.82,4889.64
ORDER_000001719_ITEM_001,ORDER_000001719,PRODUCT_000000074,3,75286.95,225860.85
ORDER_000001719_ITEM_002,ORDER_000001719,PRODUCT_000000247,3,976.86,2930.58
ORDER_000001720_ITEM_001,ORDER_000001720,PRODUCT_000000486,3,411.42,1234.26
ORDER_000001720_ITEM_002,ORDER_000001720,PRODUCT_000000166,3,6151.35,18454.05
ORDER_000001721_ITEM_001,ORDER_000001721,PRODUCT_000000174,4,121049.76,484199.04
ORDER_000001721_ITEM_002,ORDER_000001721,PRODUCT_000000432,5,67458.36,337291.80
ORDER_000001722_ITEM_001,ORDER_000001722,PRODUCT_000000255,2,52583.68,105167.36
ORDER_000001722_ITEM_002,ORDER_000001722,PRODUCT_000000342,2,63802.09,127604.18
ORDER_000001723_ITEM_001,ORDER_000001723,PRODUCT_000000109,5,11755.22,58776.10
ORDER_000001723_ITEM_002,ORDER_000001723,PRODUCT_000000252,2,18522.97,37045.94
ORDER_000001724_ITEM_001,ORDER_000001724,PRODUCT_000000151,5,77780.21,388901.05
ORDER_000001724_ITEM_002,ORDER_000001724,PRODUCT_000000369,2,1041.90,2083.80
ORDER_000001725_ITEM_001,ORDER_000001725,PRODUCT_000000381,3,80434.33,241302.99
ORDER_000001725_ITEM_002,ORDER_000001725,PRODUCT_000000435,5,66739.12,333695.60
ORDER_000001726_ITEM_001,ORDER_000001726,PRODUCT_000000001,4,47526.13,190104.52
ORDER_000001726_ITEM_002,ORDER_000001726,PRODUCT_000000034,1,3282.53,3282.53
ORDER_000001727_ITEM_001,ORDER_000001727,PRODUCT_000000004,5,84297.47,421487.35
ORDER_000001727_ITEM_002,ORDER_000001727,PRODUCT_000000450,2,137048.55,274097.10
ORDER_000001728_ITEM_001,ORDER_000001728,PRODUCT_000000173,3,18158.57,54475.71
ORDER_000001728_ITEM_002,ORDER_000001728,PRODUCT_000000008,3,113431.81,340295.43
ORDER_000001729_ITEM_001,ORDER_000001729,PRODUCT_000000020,3,4087.52,12262.56
ORDER_000001729_ITEM_002,ORDER_000001729,PRODUCT_000000004,2,84297.47,168594.94
ORDER_000001730_ITEM_001,ORDER_000001730,PRODUCT_000000244,2,13044.75,26089.50
ORDER_000001730_ITEM_002,ORDER_000001730,PRODUCT_000000464,2,46076.82,92153.64
ORDER_000001731_ITEM_001,ORDER_000001731,PRODUCT_000000222,2,26935.38,53870.76
ORDER_000001731_ITEM_002,ORDER_000001731,PRODUCT_000000460,1,49238.06,49238.06
ORDER_000001732_ITEM_001,ORDER_000001732,PRODUCT_000000476,5,65466.46,327332.30
ORDER_000001732_ITEM_002,ORDER_000001732,PRODUCT_000000247,1,976.86,976.86
ORDER_000001733_ITEM_001,ORDER_000001733,PRODUCT_000000021,4,2952.32,11809.28
ORDER_000001733_ITEM_002,ORDER_000001733,PRODUCT_000000432,2,67458.36,134916.72
ORDER_000001734_ITEM_001,ORDER_000001734,PRODUCT_000000251,3,1112.09,3336.27
ORDER_000001734_ITEM_002,ORDER_000001734,PRODUCT_000000281,2,385.35,770.70
ORDER_000001735_ITEM_001,ORDER_000001735,PRODUCT_000000282,1,114133.14,114133.14
ORDER_000001735_ITEM_002,ORDER_000001735,PRODUCT_000000493,3,1452.96,4358.88
ORDER_000001736_ITEM_001,ORDER_000001736,PRODUCT_000000099,5,13369.90,66849.50
ORDER_000001736_ITEM_002,ORDER_000001736,PRODUCT_000000219,1,10831.78,10831.78
ORDER_000001737_ITEM_001,ORDER_000001737,PRODUCT_000000264,2,2135.20,4270.40
ORDER_000001737_ITEM_002,ORDER_000001737,PRODUCT_000000301,3,3608.69,10826.07
ORDER_000001738_ITEM_001,ORDER_000001738,PRODUCT_000000032,4,916.80,3667.20
ORDER_000001738_ITEM_002,ORDER_000001738,PRODUCT_000000365,3,1131.39,3394.17
ORDER_000001739_ITEM_001,ORDER_000001739,PRODUCT_000000270,2,4362.80,8725.60
ORDER_000001739_ITEM_002,ORDER_000001739,PRODUCT_000000015,3,140055.39,420166.17
ORDER_000001740_ITEM_001,ORDER_000001740,PRODUCT_000000373,3,1253.40,3760.20
ORDER_000001740_ITEM_002,ORDER_000001740,PRODUCT_000000330,2,732.17,1464.34
ORDER_000001741_ITEM_001,ORDER_000001741,PRODUCT_000000117,5,186308.09,931540.45
ORDER_000001741_ITEM_002,ORDER_000001741,PRODUCT_000000223,1,3175.58,3175.58
ORDER_000001742_ITEM_001,ORDER_000001742,PRODUCT_000000490,2,5004.64,10009.28
ORDER_000001742_ITEM_002,ORDER_000001742,PRODUCT_000000151,1,77780.21,77780.21
ORDER_000001743_ITEM_001,ORDER_000001743,PRODUCT_000000005,3,3906.48,11719.44
ORDER_000001743_ITEM_002,ORDER_000001743,PRODUCT_000000441,1,38509.69,38509.69
ORDER_000001744_ITEM_001,ORDER_000001744,PRODUCT_000000091,3,85829.09,257487.27
ORDER_000001744_ITEM_002,ORDER_000001744,PRODUCT_000000224,1,89554.05,89554.05
ORDER_000001745_ITEM_001,ORDER_000001745,PRODUCT_000000004,1,84297.47,84297.47
ORDER_000001745_ITEM_002,ORDER_000001745,PRODUCT_000000222,3,26935.38,80806.14
ORDER_000001746_ITEM_001,ORDER_000001746,PRODUCT_000000302,5,3481.66,17408.30
ORDER_000001746_ITEM_002,ORDER_000001746,PRODUCT_000000460,4,49238.06,196952.24
ORDER_000001747_ITEM_001,ORDER_000001747,PRODUCT_000000065,3,3214.64,9643.92
ORDER_000001747_ITEM_002,ORDER_000001747,PRODUCT_000000169,4,1720.94,6883.76
ORDER_000001748_ITEM_001,ORDER_000001748,PRODUCT_000000204,1,502.82,502.82
ORDER_000001748_ITEM_002,ORDER_000001748,PRODUCT_000000373,4,1253.40,5013.60
ORDER_000001749_ITEM_001,ORDER_000001749,PRODUCT_000000497,4,86756.62,347026.48
ORDER_000001749_ITEM_002,ORDER_000001749,PRODUCT_000000348,5,511.50,2557.50
ORDER_000001750_ITEM_001,ORDER_000001750,PRODUCT_000000477,1,130157.67,130157.67
ORDER_000001750_ITEM_002,ORDER_000001750,PRODUCT_000000326,4,12706.30,50825.20
ORDER_000001751_ITEM_001,ORDER_000001751,PRODUCT_000000444,2,3373.26,6746.52
ORDER_000001751_ITEM_002,ORDER_000001751,PRODUCT_000000065,5,3214.64,16073.20
ORDER_000001752_ITEM_001,ORDER_000001752,PRODUCT_000000213,5,12880.62,64403.10
ORDER_000001752_ITEM_002,ORDER_000001752,PRODUCT_000000235,1,10340.23,10340.23
ORDER_000001753_ITEM_001,ORDER_000001753,PRODUCT_000000247,4,976.86,3907.44
ORDER_000001753_ITEM_002,ORDER_000001753,PRODUCT_000000126,1,23808.94,23808.94
ORDER_000001754_ITEM_001,ORDER_000001754,PRODUCT_000000350,4,27003.79,108015.16
ORDER_000001754_ITEM_002,ORDER_000001754,PRODUCT_000000344,1,108319.93,108319.93
ORDER_000001755_ITEM_001,ORDER_000001755,PRODUCT_000000378,1,253.91,253.91
ORDER_000001755_ITEM_002,ORDER_000001755,PRODUCT_000000367,2,84997.19,169994.38
ORDER_000001756_ITEM_001,ORDER_000001756,PRODUCT_000000330,1,732.17,732.17
ORDER_000001756_ITEM_002,ORDER_000001756,PRODUCT_000000475,3,60287.81,180863.43
ORDER_000001757_ITEM_001,ORDER_000001757,PRODUCT_000000245,3,2849.98,8549.94
ORDER_000001757_ITEM_002,ORDER_000001757,PRODUCT_000000055,2,77397.64,154795.28
ORDER_000001758_ITEM_001,ORDER_000001758,PRODUCT_000000040,2,21212.12,42424.24
ORDER_000001758_ITEM_002,ORDER_000001758,PRODUCT_000000068,1,603.83,603.83
ORDER_000001759_ITEM_001,ORDER_000001759,PRODUCT_000000393,3,2674.57,8023.71
ORDER_000001759_ITEM_002,ORDER_000001759,PRODUCT_000000183,3,39378.79,118136.37
ORDER_000001760_ITEM_001,ORDER_000001760,PRODUCT_000000251,1,1112.09,1112.09
ORDER_000001760_ITEM_002,ORDER_000001760,PRODUCT_000000271,5,7343.39,36716.95
ORDER_000001761_ITEM_001,ORDER_000001761,PRODUCT_000000044,3,24208.61,72625.83
ORDER_000001761_ITEM_002,ORDER_000001761,PRODUCT_000000443,3,1322.46,3967.38
ORDER_000001762_ITEM_001,ORDER_000001762,PRODUCT_000000438,5,40311.65,201558.25
ORDER_000001762_ITEM_002,ORDER_000001762,PRODUCT_000000478,2,5870.96,11741.92
ORDER_000001763_ITEM_001,ORDER_000001763,PRODUCT_000000268,4,230.02,920.08
ORDER_000001763_ITEM_002,ORDER_000001763,PRODUCT_000000500,4,66111.23,264444.92
ORDER_000001764_ITEM_001,ORDER_000001764,PRODUCT_000000494,4,535.49,2141.96
ORDER_000001764_ITEM_002,ORDER_000001764,PRODUCT_000000489,3,65761.05,197283.15
ORDER_000001765_ITEM_001,ORDER_000001765,PRODUCT_000000342,4,63802.09,255208.36
ORDER_000001765_ITEM_002,ORDER_000001765,PRODUCT_000000208,2,62048.54,124097.08
ORDER_000001766_ITEM_001,ORDER_000001766,PRODUCT_000000054,5,1153.40,5767.00
ORDER_000001766_ITEM_002,ORDER_000001766,PRODUCT_000000298,1,335.33,335.33
ORDER_000001767_ITEM_001,ORDER_000001767,PRODUCT_000000036,2,49982.53,99965.06
ORDER_000001767_ITEM_002,ORDER_000001767,PRODUCT_000000236,2,1537.45,3074.90
ORDER_000001768_ITEM_001,ORDER_000001768,PRODUCT_000000050,4,191762.22,767048.88
ORDER_000001768_ITEM_002,ORDER_000001768,PRODUCT_000000314,2,13535.22,27070.44
ORDER_000001769_ITEM_001,ORDER_000001769,PRODUCT_000000489,5,65761.05,328805.25
ORDER_000001769_ITEM_002,ORDER_000001769,PRODUCT_000000373,3,1253.40,3760.20
ORDER_000001770_ITEM_001,ORDER_000001770,PRODUCT_000000201,5,92050.96,460254.80
ORDER_000001770_ITEM_002,ORDER_000001770,PRODUCT_000000495,4,111322.66,445290.64
ORDER_000001771_ITEM_001,ORDER_000001771,PRODUCT_000000200,5,22985.98,114929.90
ORDER_000001771_ITEM_002,ORDER_000001771,PRODUCT_000000370,2,3741.06,7482.12
ORDER_000001772_ITEM_001,ORDER_000001772,PRODUCT_000000446,1,2878.87,2878.87
ORDER_000001772_ITEM_002,ORDER_000001772,PRODUCT_000000233,5,2536.45,12682.25
ORDER_000001773_ITEM_001,ORDER_000001773,PRODUCT_000000328,4,95553.61,382214.44
ORDER_000001773_ITEM_002,ORDER_000001773,PRODUCT_000000303,3,28560.91,85682.73
ORDER_000001774_ITEM_001,ORDER_000001774,PRODUCT_000000051,3,45102.28,135306.84
ORDER_000001774_ITEM_002,ORDER_000001774,PRODUCT_000000479,4,436.69,1746.76
ORDER_000001775_ITEM_001,ORDER_000001775,PRODUCT_000000304,3,12926.90,38780.70
ORDER_000001775_ITEM_002,ORDER_000001775,PRODUCT_000000041,2,4860.87,9721.74
ORDER_000001776_ITEM_001,ORDER_000001776,PRODUCT_000000247,5,976.86,4884.30
ORDER_000001776_ITEM_002,ORDER_000001776,PRODUCT_000000442,1,50728.25,50728.25
ORDER_000001777_ITEM_001,ORDER_000001777,PRODUCT_000000047,1,13490.87,13490.87
ORDER_000001777_ITEM_002,ORDER_000001777,PRODUCT_000000259,1,8268.46,8268.46
ORDER_000001778_ITEM_001,ORDER_000001778,PRODUCT_000000120,1,73826.11,73826.11
ORDER_000001778_ITEM_002,ORDER_000001778,PRODUCT_000000086,4,8488.74,33954.96
ORDER_000001779_ITEM_001,ORDER_000001779,PRODUCT_000000493,1,1452.96,1452.96
ORDER_000001779_ITEM_002,ORDER_000001779,PRODUCT_000000135,4,19292.87,77171.48
ORDER_000001780_ITEM_001,ORDER_000001780,PRODUCT_000000342,5,63802.09,319010.45
ORDER_000001780_ITEM_002,ORDER_000001780,PRODUCT_000000421,1,26929.93,26929.93
ORDER_000001781_ITEM_001,ORDER_000001781,PRODUCT_000000152,5,1691.46,8457.30
ORDER_000001781_ITEM_002,ORDER_000001781,PRODUCT_000000358,3,459.97,1379.91
ORDER_000001782_ITEM_001,ORDER_000001782,PRODUCT_000000129,4,109019.55,436078.20
ORDER_000001782_ITEM_002,ORDER_000001782,PRODUCT_000000371,4,7881.87,31527.48
ORDER_000001783_ITEM_001,ORDER_000001783,PRODUCT_000000294,5,98126.54,490632.70
ORDER_000001783_ITEM_002,ORDER_000001783,PRODUCT_000000138,5,9019.79,45098.95
ORDER_000001784_ITEM_001,ORDER_000001784,PRODUCT_000000388,4,16147.61,64590.44
ORDER_000001784_ITEM_002,ORDER_000001784,PRODUCT_000000428,3,180920.89,542762.67
ORDER_000001785_ITEM_001,ORDER_000001785,PRODUCT_000000495,2,111322.66,222645.32
ORDER_000001785_ITEM_002,ORDER_000001785,PRODUCT_000000495,4,111322.66,445290.64
ORDER_000001786_ITEM_001,ORDER_000001786,PRODUCT_000000442,3,50728.25,152184.75
ORDER_000001786_ITEM_002,ORDER_000001786,PRODUCT_000000324,2,58960.31,117920.62
ORDER_000001787_ITEM_001,ORDER_000001787,PRODUCT_000000282,4,114133.14,456532.56
ORDER_000001787_ITEM_002,ORDER_000001787,PRODUCT_000000039,1,399.38,399.38
ORDER_000001788_ITEM_001,ORDER_000001788,PRODUCT_000000363,4,1679.27,6717.08
ORDER_000001788_ITEM_002,ORDER_000001788,PRODUCT_000000441,3,38509.69,115529.07
ORDER_000001789_ITEM_001,ORDER_000001789,PRODUCT_000000464,3,46076.82,138230.46
ORDER_000001789_ITEM_002,ORDER_000001789,PRODUCT_000000413,5,782.86,3914.30
ORDER_000001790_ITEM_001,ORDER_000001790,PRODUCT_000000078,1,99659.01,99659.01
ORDER_000001790_ITEM_002,ORDER_000001790,PRODUCT_000000226,4,2585.73,10342.92
ORDER_000001791_ITEM_001,ORDER_000001791,PRODUCT_000000493,3,1452.96,4358.88
ORDER_000001791_ITEM_002,ORDER_000001791,PRODUCT_000000124,1,2352.93,2352.93
ORDER_000001792_ITEM_001,ORDER_000001792,PRODUCT_000000366,5,11041.34,55206.70
ORDER_000001792_ITEM_002,ORDER_000001792,PRODUCT_000000047,5,13490.87,67454.35
ORDER_000001793_ITEM_001,ORDER_000001793,PRODUCT_000000002,4,64148.53,256594.12
ORDER_000001793_ITEM_002,ORDER_000001793,PRODUCT_000000258,2,1110.13,2220.26
ORDER_000001794_ITEM_001,ORDER_000001794,PRODUCT_000000119,4,10653.04,42612.16
ORDER_000001794_ITEM_002,ORDER_000001794,PRODUCT_000000462,5,87564.19,437820.95
ORDER_000001795_ITEM_001,ORDER_000001795,PRODUCT_000000273,3,93376.09,280128.27
ORDER_000001795_ITEM_002,ORDER_000001795,PRODUCT_000000392,1,38277.40,38277.40
ORDER_000001796_ITEM_001,ORDER_000001796,PRODUCT_000000285,1,59012.72,59012.72
ORDER_000001796_ITEM_002,ORDER_000001796,PRODUCT_000000304,4,12926.90,51707.60
ORDER_000001797_ITEM_001,ORDER_000001797,PRODUCT_000000252,5,18522.97,92614.85
ORDER_000001797_ITEM_002,ORDER_000001797,PRODUCT_000000155,4,37803.93,151215.72
ORDER_000001798_ITEM_001,ORDER_000001798,PRODUCT_000000002,2,64148.53,128297.06
ORDER_000001798_ITEM_002,ORDER_000001798,PRODUCT_000000352,4,17207.18,68828.72
ORDER_000001799_ITEM_001,ORDER_000001799,PRODUCT_000000343,1,62824.31,62824.31
ORDER_000001799_ITEM_002,ORDER_000001799,PRODUCT_000000178,4,11187.40,44749.60
ORDER_000001800_ITEM_001,ORDER_000001800,PRODUCT_000000195,3,3974.21,11922.63
ORDER_000001800_ITEM_002,ORDER_000001800,PRODUCT_000000292,1,16024.87,16024.87
ORDER_000001801_ITEM_001,ORDER_000001801,PRODUCT_000000087,2,55215.64,110431.28
ORDER_000001801_ITEM_002,ORDER_000001801,PRODUCT_000000327,4,10245.94,40983.76
ORDER_000001802_ITEM_001,ORDER_000001802,PRODUCT_000000436,1,39362.73,39362.73
ORDER_000001802_ITEM_002,ORDER_000001802,PRODUCT_000000250,5,74845.58,374227.90
ORDER_000001803_ITEM_001,ORDER_000001803,PRODUCT_000000468,1,11339.62,11339.62
ORDER_000001803_ITEM_002,ORDER_000001803,PRODUCT_000000411,3,261.77,785.31
ORDER_000001804_ITEM_001,ORDER_000001804,PRODUCT_000000468,3,11339.62,34018.86
ORDER_000001804_ITEM_002,ORDER_000001804,PRODUCT_000000120,2,73826.11,147652.22
ORDER_000001805_ITEM_001,ORDER_000001805,PRODUCT_000000480,2,4616.48,9232.96
ORDER_000001805_ITEM_002,ORDER_000001805,PRODUCT_000000215,3,5520.21,16560.63
ORDER_000001806_ITEM_001,ORDER_000001806,PRODUCT_000000199,3,48433.40,145300.20
ORDER_000001806_ITEM_002,ORDER_000001806,PRODUCT_000000308,1,10454.59,10454.59
ORDER_000001807_ITEM_001,ORDER_000001807,PRODUCT_000000058,5,20181.60,100908.00
ORDER_000001807_ITEM_002,ORDER_000001807,PRODUCT_000000428,5,180920.89,904604.45
ORDER_000001808_ITEM_001,ORDER_000001808,PRODUCT_000000395,5,606.04,3030.20
ORDER_000001808_ITEM_002,ORDER_000001808,PRODUCT_000000380,5,2099.88,10499.40
ORDER_000001809_ITEM_001,ORDER_000001809,PRODUCT_000000379,3,788.70,2366.10
ORDER_000001809_ITEM_002,ORDER_000001809,PRODUCT_000000377,4,11772.95,47091.80
ORDER_000001810_ITEM_001,ORDER_000001810,PRODUCT_000000232,5,4022.49,20112.45
ORDER_000001810_ITEM_002,ORDER_000001810,PRODUCT_000000225,3,3256.60,9769.80
ORDER_000001811_ITEM_001,ORDER_000001811,PRODUCT_000000331,4,16339.42,65357.68
ORDER_000001811_ITEM_002,ORDER_000001811,PRODUCT_000000081,1,51812.13,51812.13
ORDER_000001812_ITEM_001,ORDER_000001812,PRODUCT_000000057,3,181686.00,545058.00
ORDER_000001812_ITEM_002,ORDER_000001812,PRODUCT_000000249,1,33792.11,33792.11
ORDER_000001813_ITEM_001,ORDER_000001813,PRODUCT_000000189,1,2291.77,2291.77
ORDER_000001813_ITEM_002,ORDER_000001813,PRODUCT_000000384,1,1879.95,1879.95
ORDER_000001814_ITEM_001,ORDER_000001814,PRODUCT_000000032,1,916.80,916.80
ORDER_000001814_ITEM_002,ORDER_000001814,PRODUCT_000000382,3,36449.53,109348.59
ORDER_000001815_ITEM_001,ORDER_000001815,PRODUCT_000000318,3,11683.06,35049.18
ORDER_000001815_ITEM_002,ORDER_000001815,PRODUCT_000000345,2,106411.74,212823.48
ORDER_000001816_ITEM_001,ORDER_000001816,PRODUCT_000000252,3,18522.97,55568.91
ORDER_000001816_ITEM_002,ORDER_000001816,PRODUCT_000000329,1,9319.38,9319.38
ORDER_000001817_ITEM_001,ORDER_000001817,PRODUCT_000000482,2,1961.27,3922.54
ORDER_000001817_ITEM_002,ORDER_000001817,PRODUCT_000000462,1,87564.19,87564.19
ORDER_000001818_ITEM_001,ORDER_000001818,PRODUCT_000000272,1,13222.81,13222.81
ORDER_000001818_ITEM_002,ORDER_000001818,PRODUCT_000000131,4,8366.73,33466.92
ORDER_000001819_ITEM_001,ORDER_000001819,PRODUCT_000000364,2,87653.60,175307.20
ORDER_000001819_ITEM_002,ORDER_000001819,PRODUCT_000000069,2,4621.50,9243.00
ORDER_000001820_ITEM_001,ORDER_000001820,PRODUCT_000000285,5,59012.72,295063.60
ORDER_000001820_ITEM_002,ORDER_000001820,PRODUCT_000000095,1,112715.59,112715.59
ORDER_000001821_ITEM_001,ORDER_000001821,PRODUCT_000000130,4,2919.96,11679.84
ORDER_000001821_ITEM_002,ORDER_000001821,PRODUCT_000000027,3,122387.75,367163.25
ORDER_000001822_ITEM_001,ORDER_000001822,PRODUCT_000000412,3,65524.59,196573.77
ORDER_000001822_ITEM_002,ORDER_000001822,PRODUCT_000000374,5,194612.79,973063.95
ORDER_000001823_ITEM_001,ORDER_000001823,PRODUCT_000000297,3,6305.72,18917.16
ORDER_000001823_ITEM_002,ORDER_000001823,PRODUCT_000000250,4,74845.58,299382.32
ORDER_000001824_ITEM_001,ORDER_000001824,PRODUCT_000000293,2,68391.63,136783.26
ORDER_000001824_ITEM_002,ORDER_000001824,PRODUCT_000000257,4,6078.96,24315.84
ORDER_000001825_ITEM_001,ORDER_000001825,PRODUCT_000000246,5,84103.35,420516.75
ORDER_000001825_ITEM_002,ORDER_000001825,PRODUCT_000000273,2,93376.09,186752.18
ORDER_000001826_ITEM_001,ORDER_000001826,PRODUCT_000000277,3,11671.40,35014.20
ORDER_000001826_ITEM_002,ORDER_000001826,PRODUCT_000000020,3,4087.52,12262.56
ORDER_000001827_ITEM_001,ORDER_000001827,PRODUCT_000000188,1,35973.47,35973.47
ORDER_000001827_ITEM_002,ORDER_000001827,PRODUCT_000000105,2,630.25,1260.50
ORDER_000001828_ITEM_001,ORDER_000001828,PRODUCT_000000216,2,189337.30,378674.60
ORDER_000001828_ITEM_002,ORDER_000001828,PRODUCT_000000316,5,7149.36,35746.80
ORDER_000001829_ITEM_001,ORDER_000001829,PRODUCT_000000266,1,139987.08,139987.08
ORDER_000001829_ITEM_002,ORDER_000001829,PRODUCT_000000314,5,13535.22,67676.10
ORDER_000001830_ITEM_001,ORDER_000001830,PRODUCT_000000321,4,11193.14,44772.56
ORDER_000001830_ITEM_002,ORDER_000001830,PRODUCT_000000023,4,1295.31,5181.24
ORDER_000001831_ITEM_001,ORDER_000001831,PRODUCT_000000184,3,120740.28,362220.84
ORDER_000001831_ITEM_002,ORDER_000001831,PRODUCT_000000105,1,630.25,630.25
ORDER_000001832_ITEM_001,ORDER_000001832,PRODUCT_000000440,2,4395.21,8790.42
ORDER_000001832_ITEM_002,ORDER_000001832,PRODUCT_000000118,3,115069.78,345209.34
ORDER_000001833_ITEM_001,ORDER_000001833,PRODUCT_000000010,1,2629.61,2629.61
ORDER_000001833_ITEM_002,ORDER_000001833,PRODUCT_000000452,4,66502.26,266009.04
ORDER_000001834_ITEM_001,ORDER_000001834,PRODUCT_000000218,5,7029.23,35146.15
ORDER_000001834_ITEM_002,ORDER_000001834,PRODUCT_000000455,5,5380.81,26904.05
ORDER_000001835_ITEM_001,ORDER_000001835,PRODUCT_000000284,2,25462.80,50925.60
ORDER_000001835_ITEM_002,ORDER_000001835,PRODUCT_000000050,4,191762.22,767048.88
ORDER_000001836_ITEM_001,ORDER_000001836,PRODUCT_000000359,2,31351.97,62703.94
ORDER_000001836_ITEM_002,ORDER_000001836,PRODUCT_000000344,5,108319.93,541599.65
ORDER_000001837_ITEM_001,ORDER_000001837,PRODUCT_000000319,4,52057.41,208229.64
ORDER_000001837_ITEM_002,ORDER_000001837,PRODUCT_000000301,4,3608.69,14434.76
ORDER_000001838_ITEM_001,ORDER_000001838,PRODUCT_000000265,1,7416.00,7416.00
ORDER_000001838_ITEM_002,ORDER_000001838,PRODUCT_000000342,5,63802.09,319010.45
ORDER_000001839_ITEM_001,ORDER_000001839,PRODUCT_000000445,5,957.74,4788.70
ORDER_000001839_ITEM_002,ORDER_000001839,PRODUCT_000000147,4,79052.74,316210.96
ORDER_000001840_ITEM_001,ORDER_000001840,PRODUCT_000000292,3,16024.87,48074.61
ORDER_000001840_ITEM_002,ORDER_000001840,PRODUCT_000000164,3,63385.92,190157.76
ORDER_000001841_ITEM_001,ORDER_000001841,PRODUCT_000000251,2,1112.09,2224.18
ORDER_000001841_ITEM_002,ORDER_000001841,PRODUCT_000000496,3,970.45,2911.35
ORDER_000001842_ITEM_001,ORDER_000001842,PRODUCT_000000049,4,194087.22,776348.88
ORDER_000001842_ITEM_002,ORDER_000001842,PRODUCT_000000376,3,1235.61,3706.83
ORDER_000001843_ITEM_001,ORDER_000001843,PRODUCT_000000194,2,2124.84,4249.68
ORDER_000001843_ITEM_002,ORDER_000001843,PRODUCT_000000479,3,436.69,1310.07
ORDER_000001844_ITEM_001,ORDER_000001844,PRODUCT_000000174,5,121049.76,605248.80
ORDER_000001844_ITEM_002,ORDER_000001844,PRODUCT_000000285,5,59012.72,295063.60
ORDER_000001845_ITEM_001,ORDER_000001845,PRODUCT_000000007,3,3112.46,9337.38
ORDER_000001845_ITEM_002,ORDER_000001845,PRODUCT_000000152,4,1691.46,6765.84
ORDER_000001846_ITEM_001,ORDER_000001846,PRODUCT_000000088,5,4393.00,21965.00
ORDER_000001846_ITEM_002,ORDER_000001846,PRODUCT_000000306,1,16336.98,16336.98
ORDER_000001847_ITEM_001,ORDER_000001847,PRODUCT_000000372,3,55828.82,167486.46
ORDER_000001847_ITEM_002,ORDER_000001847,PRODUCT_000000203,1,131189.59,131189.59
ORDER_000001848_ITEM_001,ORDER_000001848,PRODUCT_000000261,1,26099.88,26099.88
ORDER_000001848_ITEM_002,ORDER_000001848,PRODUCT_000000361,3,2902.94,8708.82
ORDER_000001849_ITEM_001,ORDER_000001849,PRODUCT_000000145,4,3868.10,15472.40
ORDER_000001849_ITEM_002,ORDER_000001849,PRODUCT_000000298,3,335.33,1005.99
ORDER_000001850_ITEM_001,ORDER_000001850,PRODUCT_000000283,1,4001.25,4001.25
ORDER_000001850_ITEM_002,ORDER_000001850,PRODUCT_000000197,5,54944.74,274723.70
ORDER_000001851_ITEM_001,ORDER_000001851,PRODUCT_000000259,4,8268.46,33073.84
ORDER_000001851_ITEM_002,ORDER_000001851,PRODUCT_000000313,5,108316.97,541584.85
ORDER_000001852_ITEM_001,ORDER_000001852,PRODUCT_000000087,2,55215.64,110431.28
ORDER_000001852_ITEM_002,ORDER_000001852,PRODUCT_000000329,1,9319.38,9319.38
ORDER_000001853_ITEM_001,ORDER_000001853,PRODUCT_000000453,2,179948.29,359896.58
ORDER_000001853_ITEM_002,ORDER_000001853,PRODUCT_000000054,4,1153.40,4613.60
ORDER_000001854_ITEM_001,ORDER_000001854,PRODUCT_000000483,1,11174.40,11174.40
ORDER_000001854_ITEM_002,ORDER_000001854,PRODUCT_000000042,3,81949.03,245847.09
ORDER_000001855_ITEM_001,ORDER_000001855,PRODUCT_000000480,1,4616.48,4616.48
ORDER_000001855_ITEM_002,ORDER_000001855,PRODUCT_000000267,3,451.33,1353.99
ORDER_000001856_ITEM_001,ORDER_000001856,PRODUCT_000000096,2,1255.12,2510.24
ORDER_000001856_ITEM_002,ORDER_000001856,PRODUCT_000000412,3,65524.59,196573.77
ORDER_000001857_ITEM_001,ORDER_000001857,PRODUCT_000000130,1,2919.96,2919.96
ORDER_000001857_ITEM_002,ORDER_000001857,PRODUCT_000000068,1,603.83,603.83
ORDER_000001858_ITEM_001,ORDER_000001858,PRODUCT_000000085,4,95727.09,382908.36
ORDER_000001858_ITEM_002,ORDER_000001858,PRODUCT_000000312,5,508.37,2541.85
ORDER_000001859_ITEM_001,ORDER_000001859,PRODUCT_000000324,2,58960.31,117920.62
ORDER_000001859_ITEM_002,ORDER_000001859,PRODUCT_000000412,4,65524.59,262098.36
ORDER_000001860_ITEM_001,ORDER_000001860,PRODUCT_000000244,1,13044.75,13044.75
ORDER_000001860_ITEM_002,ORDER_000001860,PRODUCT_000000289,3,66663.17,199989.51
ORDER_000001861_ITEM_001,ORDER_000001861,PRODUCT_000000074,4,75286.95,301147.80
ORDER_000001861_ITEM_002,ORDER_000001861,PRODUCT_000000117,1,186308.09,186308.09
ORDER_000001862_ITEM_001,ORDER_000001862,PRODUCT_000000127,2,47505.08,95010.16
ORDER_000001862_ITEM_002,ORDER_000001862,PRODUCT_000000255,3,52583.68,157751.04
ORDER_000001863_ITEM_001,ORDER_000001863,PRODUCT_000000451,3,557.23,1671.69
ORDER_000001863_ITEM_002,ORDER_000001863,PRODUCT_000000414,5,57878.53,289392.65
ORDER_000001864_ITEM_001,ORDER_000001864,PRODUCT_000000216,1,189337.30,189337.30
ORDER_000001864_ITEM_002,ORDER_000001864,PRODUCT_000000178,5,11187.40,55937.00
ORDER_000001865_ITEM_001,ORDER_000001865,PRODUCT_000000006,1,78496.47,78496.47
ORDER_000001865_ITEM_002,ORDER_000001865,PRODUCT_000000313,5,108316.97,541584.85
ORDER_000001866_ITEM_001,ORDER_000001866,PRODUCT_000000162,4,12519.41,50077.64
ORDER_000001866_ITEM_002,ORDER_000001866,PRODUCT_000000188,5,35973.47,179867.35
ORDER_000001867_ITEM_001,ORDER_000001867,PRODUCT_000000381,5,80434.33,402171.65
ORDER_000001867_ITEM_002,ORDER_000001867,PRODUCT_000000119,4,10653.04,42612.16
ORDER_000001868_ITEM_001,ORDER_000001868,PRODUCT_000000316,4,7149.36,28597.44
ORDER_000001868_ITEM_002,ORDER_000001868,PRODUCT_000000041,1,4860.87,4860.87
ORDER_000001869_ITEM_001,ORDER_000001869,PRODUCT_000000106,1,1964.81,1964.81
ORDER_000001869_ITEM_002,ORDER_000001869,PRODUCT_000000147,3,79052.74,237158.22
ORDER_000001870_ITEM_001,ORDER_000001870,PRODUCT_000000330,4,732.17,2928.68
ORDER_000001870_ITEM_002,ORDER_000001870,PRODUCT_000000239,5,30240.84,151204.20
ORDER_000001871_ITEM_001,ORDER_000001871,PRODUCT_000000124,3,2352.93,7058.79
ORDER_000001871_ITEM_002,ORDER_000001871,PRODUCT_000000493,3,1452.96,4358.88
ORDER_000001872_ITEM_001,ORDER_000001872,PRODUCT_000000433,3,3121.66,9364.98
ORDER_000001872_ITEM_002,ORDER_000001872,PRODUCT_000000482,4,1961.27,7845.08
ORDER_000001873_ITEM_001,ORDER_000001873,PRODUCT_000000004,3,84297.47,252892.41
ORDER_000001873_ITEM_002,ORDER_000001873,PRODUCT_000000370,5,3741.06,18705.30
ORDER_000001874_ITEM_001,ORDER_000001874,PRODUCT_000000330,5,732.17,3660.85
ORDER_000001874_ITEM_002,ORDER_000001874,PRODUCT_000000372,2,55828.82,111657.64
ORDER_000001875_ITEM_001,ORDER_000001875,PRODUCT_000000406,5,130798.44,653992.20
ORDER_000001875_ITEM_002,ORDER_000001875,PRODUCT_000000335,4,7748.73,30994.92
ORDER_000001876_ITEM_001,ORDER_000001876,PRODUCT_000000145,1,3868.10,3868.10
ORDER_000001876_ITEM_002,ORDER_000001876,PRODUCT_000000086,3,8488.74,25466.22
ORDER_000001877_ITEM_001,ORDER_000001877,PRODUCT_000000324,2,58960.31,117920.62
ORDER_000001877_ITEM_002,ORDER_000001877,PRODUCT_000000007,5,3112.46,15562.30
ORDER_000001878_ITEM_001,ORDER_000001878,PRODUCT_000000044,3,24208.61,72625.83
ORDER_000001878_ITEM_002,ORDER_000001878,PRODUCT_000000297,5,6305.72,31528.60
ORDER_000001879_ITEM_001,ORDER_000001879,PRODUCT_000000412,2,65524.59,131049.18
ORDER_000001879_ITEM_002,ORDER_000001879,PRODUCT_000000009,3,51529.17,154587.51
ORDER_000001880_ITEM_001,ORDER_000001880,PRODUCT_000000356,3,53340.70,160022.10
ORDER_000001880_ITEM_002,ORDER_000001880,PRODUCT_000000088,5,4393.00,21965.00
ORDER_000001881_ITEM_001,ORDER_000001881,PRODUCT_000000103,4,63093.38,252373.52
ORDER_000001881_ITEM_002,ORDER_000001881,PRODUCT_000000498,3,2542.71,7628.13
ORDER_000001882_ITEM_001,ORDER_000001882,PRODUCT_000000282,3,114133.14,342399.42
ORDER_000001882_ITEM_002,ORDER_000001882,PRODUCT_000000480,1,4616.48,4616.48
ORDER_000001883_ITEM_001,ORDER_000001883,PRODUCT_000000424,3,6433.07,19299.21
ORDER_000001883_ITEM_002,ORDER_000001883,PRODUCT_000000459,4,5188.95,20755.80
ORDER_000001884_ITEM_001,ORDER_000001884,PRODUCT_000000233,4,2536.45,10145.80
ORDER_000001884_ITEM_002,ORDER_000001884,PRODUCT_000000475,5,60287.81,301439.05
ORDER_000001885_ITEM_001,ORDER_000001885,PRODUCT_000000345,1,106411.74,106411.74
ORDER_000001885_ITEM_002,ORDER_000001885,PRODUCT_000000022,3,3619.59,10858.77
ORDER_000001886_ITEM_001,ORDER_000001886,PRODUCT_000000216,4,189337.30,757349.20
ORDER_000001886_ITEM_002,ORDER_000001886,PRODUCT_000000215,1,5520.21,5520.21
ORDER_000001887_ITEM_001,ORDER_000001887,PRODUCT_000000393,4,2674.57,10698.28
ORDER_000001887_ITEM_002,ORDER_000001887,PRODUCT_000000134,5,2948.45,14742.25
ORDER_000001888_ITEM_001,ORDER_000001888,PRODUCT_000000394,2,1417.36,2834.72
ORDER_000001888_ITEM_002,ORDER_000001888,PRODUCT_000000495,4,111322.66,445290.64
ORDER_000001889_ITEM_001,ORDER_000001889,PRODUCT_000000392,5,38277.40,191387.00
ORDER_000001889_ITEM_002,ORDER_000001889,PRODUCT_000000446,1,2878.87,2878.87
ORDER_000001890_ITEM_001,ORDER_000001890,PRODUCT_000000430,1,56850.26,56850.26
ORDER_000001890_ITEM_002,ORDER_000001890,PRODUCT_000000245,2,2849.98,5699.96
ORDER_000001891_ITEM_001,ORDER_000001891,PRODUCT_000000389,5,71784.35,358921.75
ORDER_000001891_ITEM_002,ORDER_000001891,PRODUCT_000000482,5,1961.27,9806.35
ORDER_000001892_ITEM_001,ORDER_000001892,PRODUCT_000000176,5,498.75,2493.75
ORDER_000001892_ITEM_002,ORDER_000001892,PRODUCT_000000453,2,179948.29,359896.58
ORDER_000001893_ITEM_001,ORDER_000001893,PRODUCT_000000420,1,33996.43,33996.43
ORDER_000001893_ITEM_002,ORDER_000001893,PRODUCT_000000407,1,71009.01,71009.01
ORDER_000001894_ITEM_001,ORDER_000001894,PRODUCT_000000439,5,72153.89,360769.45
ORDER_000001894_ITEM_002,ORDER_000001894,PRODUCT_000000272,3,13222.81,39668.43
ORDER_000001895_ITEM_001,ORDER_000001895,PRODUCT_000000061,2,378.02,756.04
ORDER_000001895_ITEM_002,ORDER_000001895,PRODUCT_000000282,1,114133.14,114133.14
ORDER_000001896_ITEM_001,ORDER_000001896,PRODUCT_000000085,3,95727.09,287181.27
ORDER_000001896_ITEM_002,ORDER_000001896,PRODUCT_000000170,2,2022.45,4044.90
ORDER_000001897_ITEM_001,ORDER_000001897,PRODUCT_000000473,5,10475.93,52379.65
ORDER_000001897_ITEM_002,ORDER_000001897,PRODUCT_000000407,5,71009.01,355045.05
ORDER_000001898_ITEM_001,ORDER_000001898,PRODUCT_000000335,1,7748.73,7748.73
ORDER_000001898_ITEM_002,ORDER_000001898,PRODUCT_000000079,5,20185.32,100926.60
ORDER_000001899_ITEM_001,ORDER_000001899,PRODUCT_000000257,5,6078.96,30394.80
ORDER_000001899_ITEM_002,ORDER_000001899,PRODUCT_000000016,1,71215.48,71215.48
ORDER_000001900_ITEM_001,ORDER_000001900,PRODUCT_000000400,2,50864.82,101729.64
ORDER_000001900_ITEM_002,ORDER_000001900,PRODUCT_000000241,3,19528.30,58584.90
ORDER_000001901_ITEM_001,ORDER_000001901,PRODUCT_000000290,4,32348.76,129395.04
ORDER_000001901_ITEM_002,ORDER_000001901,PRODUCT_000000491,3,116914.83,350744.49
ORDER_000001902_ITEM_001,ORDER_000001902,PRODUCT_000000027,3,122387.75,367163.25
ORDER_000001902_ITEM_002,ORDER_000001902,PRODUCT_000000023,1,1295.31,1295.31
ORDER_000001903_ITEM_001,ORDER_000001903,PRODUCT_000000469,5,4611.19,23055.95
ORDER_000001903_ITEM_002,ORDER_000001903,PRODUCT_000000001,1,47526.13,47526.13
ORDER_000001904_ITEM_001,ORDER_000001904,PRODUCT_000000059,4,96024.22,384096.88
ORDER_000001904_ITEM_002,ORDER_000001904,PRODUCT_000000290,1,32348.76,32348.76
ORDER_000001905_ITEM_001,ORDER_000001905,PRODUCT_000000084,2,69985.17,139970.34
ORDER_000001905_ITEM_002,ORDER_000001905,PRODUCT_000000146,4,1443.25,5773.00
ORDER_000001906_ITEM_001,ORDER_000001906,PRODUCT_000000143,3,71000.26,213000.78
ORDER_000001906_ITEM_002,ORDER_000001906,PRODUCT_000000194,1,2124.84,2124.84
ORDER_000001907_ITEM_001,ORDER_000001907,PRODUCT_000000257,5,6078.96,30394.80
ORDER_000001907_ITEM_002,ORDER_000001907,PRODUCT_000000007,5,3112.46,15562.30
ORDER_000001908_ITEM_001,ORDER_000001908,PRODUCT_000000361,5,2902.94,14514.70
ORDER_000001908_ITEM_002,ORDER_000001908,PRODUCT_000000248,4,6350.16,25400.64
ORDER_000001909_ITEM_001,ORDER_000001909,PRODUCT_000000201,4,92050.96,368203.84
ORDER_000001909_ITEM_002,ORDER_000001909,PRODUCT_000000399,1,1168.76,1168.76
ORDER_000001910_ITEM_001,ORDER_000001910,PRODUCT_000000330,2,732.17,1464.34
ORDER_000001910_ITEM_002,ORDER_000001910,PRODUCT_000000427,5,820.10,4100.50
ORDER_000001911_ITEM_001,ORDER_000001911,PRODUCT_000000157,2,1512.91,3025.82
ORDER_000001911_ITEM_002,ORDER_000001911,PRODUCT_000000337,4,3208.91,12835.64
ORDER_000001912_ITEM_001,ORDER_000001912,PRODUCT_000000049,1,194087.22,194087.22
ORDER_000001912_ITEM_002,ORDER_000001912,PRODUCT_000000386,3,7104.14,21312.42
ORDER_000001913_ITEM_001,ORDER_000001913,PRODUCT_000000356,2,53340.70,106681.40
ORDER_000001913_ITEM_002,ORDER_000001913,PRODUCT_000000369,3,1041.90,3125.70
ORDER_000001914_ITEM_001,ORDER_000001914,PRODUCT_000000374,3,194612.79,583838.37
ORDER_000001914_ITEM_002,ORDER_000001914,PRODUCT_000000035,1,6152.71,6152.71
ORDER_000001915_ITEM_001,ORDER_000001915,PRODUCT_000000273,5,93376.09,466880.45
ORDER_000001915_ITEM_002,ORDER_000001915,PRODUCT_000000032,1,916.80,916.80
ORDER_000001916_ITEM_001,ORDER_000001916,PRODUCT_000000229,5,12881.53,64407.65
ORDER_000001916_ITEM_002,ORDER_000001916,PRODUCT_000000113,4,13504.86,54019.44
ORDER_000001917_ITEM_001,ORDER_000001917,PRODUCT_000000119,2,10653.04,21306.08
ORDER_000001917_ITEM_002,ORDER_000001917,PRODUCT_000000311,1,6289.30,6289.30
ORDER_000001918_ITEM_001,ORDER_000001918,PRODUCT_000000281,1,385.35,385.35
ORDER_000001918_ITEM_002,ORDER_000001918,PRODUCT_000000306,5,16336.98,81684.90
ORDER_000001919_ITEM_001,ORDER_000001919,PRODUCT_000000010,4,2629.61,10518.44
ORDER_000001919_ITEM_002,ORDER_000001919,PRODUCT_000000285,4,59012.72,236050.88
ORDER_000001920_ITEM_001,ORDER_000001920,PRODUCT_000000200,5,22985.98,114929.90
ORDER_000001920_ITEM_002,ORDER_000001920,PRODUCT_000000001,4,47526.13,190104.52
ORDER_000001921_ITEM_001,ORDER_000001921,PRODUCT_000000017,4,17512.73,70050.92
ORDER_000001921_ITEM_002,ORDER_000001921,PRODUCT_000000383,5,1933.39,9666.95
ORDER_000001922_ITEM_001,ORDER_000001922,PRODUCT_000000321,1,11193.14,11193.14
ORDER_000001922_ITEM_002,ORDER_000001922,PRODUCT_000000123,3,18655.96,55967.88
ORDER_000001923_ITEM_001,ORDER_000001923,PRODUCT_000000068,3,603.83,1811.49
ORDER_000001923_ITEM_002,ORDER_000001923,PRODUCT_000000039,1,399.38,399.38
ORDER_000001924_ITEM_001,ORDER_000001924,PRODUCT_000000169,4,1720.94,6883.76
ORDER_000001924_ITEM_002,ORDER_000001924,PRODUCT_000000252,3,18522.97,55568.91
ORDER_000001925_ITEM_001,ORDER_000001925,PRODUCT_000000333,1,530.81,530.81
ORDER_000001925_ITEM_002,ORDER_000001925,PRODUCT_000000120,4,73826.11,295304.44
ORDER_000001926_ITEM_001,ORDER_000001926,PRODUCT_000000380,5,2099.88,10499.40
ORDER_000001926_ITEM_002,ORDER_000001926,PRODUCT_000000105,1,630.25,630.25
ORDER_000001927_ITEM_001,ORDER_000001927,PRODUCT_000000293,5,68391.63,341958.15
ORDER_000001927_ITEM_002,ORDER_000001927,PRODUCT_000000387,3,22127.64,66382.92
ORDER_000001928_ITEM_001,ORDER_000001928,PRODUCT_000000091,3,85829.09,257487.27
ORDER_000001928_ITEM_002,ORDER_000001928,PRODUCT_000000417,2,2286.08,4572.16
ORDER_000001929_ITEM_001,ORDER_000001929,PRODUCT_000000217,1,5712.09,5712.09
ORDER_000001929_ITEM_002,ORDER_000001929,PRODUCT_000000473,1,10475.93,10475.93
ORDER_000001930_ITEM_001,ORDER_000001930,PRODUCT_000000249,3,33792.11,101376.33
ORDER_000001930_ITEM_002,ORDER_000001930,PRODUCT_000000357,5,64399.68,321998.40
ORDER_000001931_ITEM_001,ORDER_000001931,PRODUCT_000000244,2,13044.75,26089.50
ORDER_000001931_ITEM_002,ORDER_000001931,PRODUCT_000000179,1,16969.41,16969.41
ORDER_000001932_ITEM_001,ORDER_000001932,PRODUCT_000000275,4,37395.96,149583.84
ORDER_000001932_ITEM_002,ORDER_000001932,PRODUCT_000000027,3,122387.75,367163.25
ORDER_000001933_ITEM_001,ORDER_000001933,PRODUCT_000000092,1,38553.85,38553.85
ORDER_000001933_ITEM_002,ORDER_000001933,PRODUCT_000000298,5,335.33,1676.65
ORDER_000001934_ITEM_001,ORDER_000001934,PRODUCT_000000036,4,49982.53,199930.12
ORDER_000001934_ITEM_002,ORDER_000001934,PRODUCT_000000002,1,64148.53,64148.53
ORDER_000001935_ITEM_001,ORDER_000001935,PRODUCT_000000134,5,2948.45,14742.25
ORDER_000001935_ITEM_002,ORDER_000001935,PRODUCT_000000199,3,48433.40,145300.20
ORDER_000001936_ITEM_001,ORDER_000001936,PRODUCT_000000422,4,76372.72,305490.88
ORDER_000001936_ITEM_002,ORDER_000001936,PRODUCT_000000028,3,22480.60,67441.80
ORDER_000001937_ITEM_001,ORDER_000001937,PRODUCT_000000029,2,2844.42,5688.84
ORDER_000001937_ITEM_002,ORDER_000001937,PRODUCT_000000422,4,76372.72,305490.88
ORDER_000001938_ITEM_001,ORDER_000001938,PRODUCT_000000022,2,3619.59,7239.18
ORDER_000001938_ITEM_002,ORDER_000001938,PRODUCT_000000221,3,4631.09,13893.27
ORDER_000001939_ITEM_001,ORDER_000001939,PRODUCT_000000428,5,180920.89,904604.45
ORDER_000001939_ITEM_002,ORDER_000001939,PRODUCT_000000304,1,12926.90,12926.90
ORDER_000001940_ITEM_001,ORDER_000001940,PRODUCT_000000468,5,11339.62,56698.10
ORDER_000001940_ITEM_002,ORDER_000001940,PRODUCT_000000386,4,7104.14,28416.56
ORDER_000001941_ITEM_001,ORDER_000001941,PRODUCT_000000060,1,61306.51,61306.51
ORDER_000001941_ITEM_002,ORDER_000001941,PRODUCT_000000010,4,2629.61,10518.44
ORDER_000001942_ITEM_001,ORDER_000001942,PRODUCT_000000443,1,1322.46,1322.46
ORDER_000001942_ITEM_002,ORDER_000001942,PRODUCT_000000225,1,3256.60,3256.60
ORDER_000001943_ITEM_001,ORDER_000001943,PRODUCT_000000049,1,194087.22,194087.22
ORDER_000001943_ITEM_002,ORDER_000001943,PRODUCT_000000223,2,3175.58,6351.16
ORDER_000001944_ITEM_001,ORDER_000001944,PRODUCT_000000180,3,131161.69,393485.07
ORDER_000001944_ITEM_002,ORDER_000001944,PRODUCT_000000192,1,10837.79,10837.79
ORDER_000001945_ITEM_001,ORDER_000001945,PRODUCT_000000440,3,4395.21,13185.63
ORDER_000001945_ITEM_002,ORDER_000001945,PRODUCT_000000018,1,54878.11,54878.11
ORDER_000001946_ITEM_001,ORDER_000001946,PRODUCT_000000326,3,12706.30,38118.90
ORDER_000001946_ITEM_002,ORDER_000001946,PRODUCT_000000418,2,3679.29,7358.58
ORDER_000001947_ITEM_001,ORDER_000001947,PRODUCT_000000175,2,40112.08,80224.16
ORDER_000001947_ITEM_002,ORDER_000001947,PRODUCT_000000135,3,19292.87,57878.61
ORDER_000001948_ITEM_001,ORDER_000001948,PRODUCT_000000494,4,535.49,2141.96
ORDER_000001948_ITEM_002,ORDER_000001948,PRODUCT_000000019,3,6627.77,19883.31
ORDER_000001949_ITEM_001,ORDER_000001949,PRODUCT_000000205,5,3783.93,18919.65
ORDER_000001949_ITEM_002,ORDER_000001949,PRODUCT_000000348,2,511.50,1023.00
ORDER_000001950_ITEM_001,ORDER_000001950,PRODUCT_000000136,1,50895.01,50895.01
ORDER_000001950_ITEM_002,ORDER_000001950,PRODUCT_000000064,2,174728.07,349456.14
ORDER_000001951_ITEM_001,ORDER_000001951,PRODUCT_000000318,2,11683.06,23366.12
ORDER_000001951_ITEM_002,ORDER_000001951,PRODUCT_000000153,4,1314.83,5259.32
ORDER_000001952_ITEM_001,ORDER_000001952,PRODUCT_000000022,5,3619.59,18097.95
ORDER_000001952_ITEM_002,ORDER_000001952,PRODUCT_000000394,2,1417.36,2834.72
ORDER_000001953_ITEM_001,ORDER_000001953,PRODUCT_000000327,4,10245.94,40983.76
ORDER_000001953_ITEM_002,ORDER_000001953,PRODUCT_000000008,5,113431.81,567159.05
ORDER_000001954_ITEM_001,ORDER_000001954,PRODUCT_000000460,5,49238.06,246190.30
ORDER_000001954_ITEM_002,ORDER_000001954,PRODUCT_000000318,2,11683.06,23366.12
ORDER_000001955_ITEM_001,ORDER_000001955,PRODUCT_000000488,4,7299.35,29197.40
ORDER_000001955_ITEM_002,ORDER_000001955,PRODUCT_000000413,5,782.86,3914.30
ORDER_000001956_ITEM_001,ORDER_000001956,PRODUCT_000000110,3,7868.39,23605.17
ORDER_000001956_ITEM_002,ORDER_000001956,PRODUCT_000000034,5,3282.53,16412.65
ORDER_000001957_ITEM_001,ORDER_000001957,PRODUCT_000000053,5,120555.53,602777.65
ORDER_000001957_ITEM_002,ORDER_000001957,PRODUCT_000000085,1,95727.09,95727.09
ORDER_000001958_ITEM_001,ORDER_000001958,PRODUCT_000000266,4,139987.08,559948.32
ORDER_000001958_ITEM_002,ORDER_000001958,PRODUCT_000000295,2,38276.02,76552.04
ORDER_000001959_ITEM_001,ORDER_000001959,PRODUCT_000000471,3,26176.74,78530.22
ORDER_000001959_ITEM_002,ORDER_000001959,PRODUCT_000000211,4,11540.41,46161.64
ORDER_000001960_ITEM_001,ORDER_000001960,PRODUCT_000000351,1,186960.69,186960.69
ORDER_000001960_ITEM_002,ORDER_000001960,PRODUCT_000000117,5,186308.09,931540.45
ORDER_000001961_ITEM_001,ORDER_000001961,PRODUCT_000000410,2,6005.71,12011.42
ORDER_000001961_ITEM_002,ORDER_000001961,PRODUCT_000000194,4,2124.84,8499.36
ORDER_000001962_ITEM_001,ORDER_000001962,PRODUCT_000000183,1,39378.79,39378.79
ORDER_000001962_ITEM_002,ORDER_000001962,PRODUCT_000000148,1,13436.93,13436.93
ORDER_000001963_ITEM_001,ORDER_000001963,PRODUCT_000000100,3,4028.63,12085.89
ORDER_000001963_ITEM_002,ORDER_000001963,PRODUCT_000000410,2,6005.71,12011.42
ORDER_000001964_ITEM_001,ORDER_000001964,PRODUCT_000000222,4,26935.38,107741.52
ORDER_000001964_ITEM_002,ORDER_000001964,PRODUCT_000000245,2,2849.98,5699.96
ORDER_000001965_ITEM_001,ORDER_000001965,PRODUCT_000000298,5,335.33,1676.65
ORDER_000001965_ITEM_002,ORDER_000001965,PRODUCT_000000495,4,111322.66,445290.64
ORDER_000001966_ITEM_001,ORDER_000001966,PRODUCT_000000366,3,11041.34,33124.02
ORDER_000001966_ITEM_002,ORDER_000001966,PRODUCT_000000082,5,904.37,4521.85
ORDER_000001967_ITEM_001,ORDER_000001967,PRODUCT_000000167,3,29972.62,89917.86
ORDER_000001967_ITEM_002,ORDER_000001967,PRODUCT_000000127,2,47505.08,95010.16
ORDER_000001968_ITEM_001,ORDER_000001968,PRODUCT_000000195,5,3974.21,19871.05
ORDER_000001968_ITEM_002,ORDER_000001968,PRODUCT_000000110,2,7868.39,15736.78
ORDER_000001969_ITEM_001,ORDER_000001969,PRODUCT_000000445,1,957.74,957.74
ORDER_000001969_ITEM_002,ORDER_000001969,PRODUCT_000000451,4,557.23,2228.92
ORDER_000001970_ITEM_001,ORDER_000001970,PRODUCT_000000476,3,65466.46,196399.38
ORDER_000001970_ITEM_002,ORDER_000001970,PRODUCT_000000428,4,180920.89,723683.56
ORDER_000001971_ITEM_001,ORDER_000001971,PRODUCT_000000155,5,37803.93,189019.65
ORDER_000001971_ITEM_002,ORDER_000001971,PRODUCT_000000384,2,1879.95,3759.90
ORDER_000001972_ITEM_001,ORDER_000001972,PRODUCT_000000489,1,65761.05,65761.05
ORDER_000001972_ITEM_002,ORDER_000001972,PRODUCT_000000300,4,3971.91,15887.64
ORDER_000001973_ITEM_001,ORDER_000001973,PRODUCT_000000054,5,1153.40,5767.00
ORDER_000001973_ITEM_002,ORDER_000001973,PRODUCT_000000384,1,1879.95,1879.95
ORDER_000001974_ITEM_001,ORDER_000001974,PRODUCT_000000259,2,8268.46,16536.92
ORDER_000001974_ITEM_002,ORDER_000001974,PRODUCT_000000256,4,1724.12,6896.48
ORDER_000001975_ITEM_001,ORDER_000001975,PRODUCT_000000127,2,47505.08,95010.16
ORDER_000001975_ITEM_002,ORDER_000001975,PRODUCT_000000009,2,51529.17,103058.34
ORDER_000001976_ITEM_001,ORDER_000001976,PRODUCT_000000480,5,4616.48,23082.40
ORDER_000001976_ITEM_002,ORDER_000001976,PRODUCT_000000054,5,1153.40,5767.00
ORDER_000001977_ITEM_001,ORDER_000001977,PRODUCT_000000240,3,8842.70,26528.10
ORDER_000001977_ITEM_002,ORDER_000001977,PRODUCT_000000342,3,63802.09,191406.27
ORDER_000001978_ITEM_001,ORDER_000001978,PRODUCT_000000067,5,14987.74,74938.70
ORDER_000001978_ITEM_002,ORDER_000001978,PRODUCT_000000419,3,1633.27,4899.81
ORDER_000001979_ITEM_001,ORDER_000001979,PRODUCT_000000146,4,1443.25,5773.00
ORDER_000001979_ITEM_002,ORDER_000001979,PRODUCT_000000018,1,54878.11,54878.11
ORDER_000001980_ITEM_001,ORDER_000001980,PRODUCT_000000460,5,49238.06,246190.30
ORDER_000001980_ITEM_002,ORDER_000001980,PRODUCT_000000043,4,143690.78,574763.12
ORDER_000001981_ITEM_001,ORDER_000001981,PRODUCT_000000360,5,102821.06,514105.30
ORDER_000001981_ITEM_002,ORDER_000001981,PRODUCT_000000300,1,3971.91,3971.91
ORDER_000001982_ITEM_001,ORDER_000001982,PRODUCT_000000162,2,12519.41,25038.82
ORDER_000001982_ITEM_002,ORDER_000001982,PRODUCT_000000289,3,66663.17,199989.51
ORDER_000001983_ITEM_001,ORDER_000001983,PRODUCT_000000450,4,137048.55,548194.20
ORDER_000001983_ITEM_002,ORDER_000001983,PRODUCT_000000033,4,84979.83,339919.32
ORDER_000001984_ITEM_001,ORDER_000001984,PRODUCT_000000141,4,11546.35,46185.40
ORDER_000001984_ITEM_002,ORDER_000001984,PRODUCT_000000318,3,11683.06,35049.18
ORDER_000001985_ITEM_001,ORDER_000001985,PRODUCT_000000306,5,16336.98,81684.90
ORDER_000001985_ITEM_002,ORDER_000001985,PRODUCT_000000069,1,4621.50,4621.50
ORDER_000001986_ITEM_001,ORDER_000001986,PRODUCT_000000352,5,17207.18,86035.90
ORDER_000001986_ITEM_002,ORDER_000001986,PRODUCT_000000164,4,63385.92,253543.68
ORDER_000001987_ITEM_001,ORDER_000001987,PRODUCT_000000138,5,9019.79,45098.95
ORDER_000001987_ITEM_002,ORDER_000001987,PRODUCT_000000388,1,16147.61,16147.61
ORDER_000001988_ITEM_001,ORDER_000001988,PRODUCT_000000327,3,10245.94,30737.82
ORDER_000001988_ITEM_002,ORDER_000001988,PRODUCT_000000274,5,145414.87,727074.35
ORDER_000001989_ITEM_001,ORDER_000001989,PRODUCT_000000362,2,311.22,622.44
ORDER_000001989_ITEM_002,ORDER_000001989,PRODUCT_000000317,4,5032.06,20128.24
ORDER_000001990_ITEM_001,ORDER_000001990,PRODUCT_000000157,5,1512.91,7564.55
ORDER_000001990_ITEM_002,ORDER_000001990,PRODUCT_000000087,2,55215.64,110431.28
ORDER_000001991_ITEM_001,ORDER_000001991,PRODUCT_000000073,4,595.40,2381.60
ORDER_000001991_ITEM_002,ORDER_000001991,PRODUCT_000000402,2,51496.58,102993.16
ORDER_000001992_ITEM_001,ORDER_000001992,PRODUCT_000000048,3,71251.17,213753.51
ORDER_000001992_ITEM_002,ORDER_000001992,PRODUCT_000000221,5,4631.09,23155.45
ORDER_000001993_ITEM_001,ORDER_000001993,PRODUCT_000000358,3,459.97,1379.91
ORDER_000001993_ITEM_002,ORDER_000001993,PRODUCT_000000463,2,1804.78,3609.56
ORDER_000001994_ITEM_001,ORDER_000001994,PRODUCT_000000102,3,81407.93,244223.79
ORDER_000001994_ITEM_002,ORDER_000001994,PRODUCT_000000358,3,459.97,1379.91
ORDER_000001995_ITEM_001,ORDER_000001995,PRODUCT_000000204,2,502.82,1005.64
ORDER_000001995_ITEM_002,ORDER_000001995,PRODUCT_000000384,5,1879.95,9399.75
ORDER_000001996_ITEM_001,ORDER_000001996,PRODUCT_000000414,1,57878.53,57878.53
ORDER_000001996_ITEM_002,ORDER_000001996,PRODUCT_000000226,4,2585.73,10342.92
ORDER_000001997_ITEM_001,ORDER_000001997,PRODUCT_000000169,3,1720.94,5162.82
ORDER_000001997_ITEM_002,ORDER_000001997,PRODUCT_000000115,2,1102.21,2204.42
ORDER_000001998_ITEM_001,ORDER_000001998,PRODUCT_000000132,2,48602.08,97204.16
ORDER_000001998_ITEM_002,ORDER_000001998,PRODUCT_000000119,1,10653.04,10653.04
ORDER_000001999_ITEM_001,ORDER_000001999,PRODUCT_000000396,4,32148.93,128595.72
ORDER_000001999_ITEM_002,ORDER_000001999,PRODUCT_000000495,4,111322.66,445290.64
ORDER_000002000_ITEM_001,ORDER_000002000,PRODUCT_000000132,2,48602.08,97204.16
ORDER_000002000_ITEM_002,ORDER_000002000,PRODUCT_000000329,3,9319.38,27958.14
ORDER_000002001_ITEM_001,ORDER_000002001,PRODUCT_000000260,4,2417.05,9668.20
ORDER_000002001_ITEM_002,ORDER_000002001,PRODUCT_000000274,5,145414.87,727074.35
ORDER_000002002_ITEM_001,ORDER_000002002,PRODUCT_000000488,4,7299.35,29197.40
ORDER_000002002_ITEM_002,ORDER_000002002,PRODUCT_000000209,5,4970.11,24850.55
ORDER_000002003_ITEM_001,ORDER_000002003,PRODUCT_000000225,2,3256.60,6513.20
ORDER_000002003_ITEM_002,ORDER_000002003,PRODUCT_000000263,4,114743.85,458975.40
ORDER_000002004_ITEM_001,ORDER_000002004,PRODUCT_000000126,4,23808.94,95235.76
ORDER_000002004_ITEM_002,ORDER_000002004,PRODUCT_000000418,4,3679.29,14717.16
ORDER_000002005_ITEM_001,ORDER_000002005,PRODUCT_000000063,3,16707.24,50121.72
ORDER_000002005_ITEM_002,ORDER_000002005,PRODUCT_000000179,1,16969.41,16969.41
ORDER_000002006_ITEM_001,ORDER_000002006,PRODUCT_000000185,2,30648.96,61297.92
ORDER_000002006_ITEM_002,ORDER_000002006,PRODUCT_000000452,4,66502.26,266009.04
ORDER_000002007_ITEM_001,ORDER_000002007,PRODUCT_000000104,3,42385.77,127157.31
ORDER_000002007_ITEM_002,ORDER_000002007,PRODUCT_000000327,2,10245.94,20491.88
ORDER_000002008_ITEM_001,ORDER_000002008,PRODUCT_000000399,4,1168.76,4675.04
ORDER_000002008_ITEM_002,ORDER_000002008,PRODUCT_000000188,4,35973.47,143893.88
ORDER_000002009_ITEM_001,ORDER_000002009,PRODUCT_000000021,4,2952.32,11809.28
ORDER_000002009_ITEM_002,ORDER_000002009,PRODUCT_000000070,5,82897.23,414486.15
ORDER_000002010_ITEM_001,ORDER_000002010,PRODUCT_000000118,4,115069.78,460279.12
ORDER_000002010_ITEM_002,ORDER_000002010,PRODUCT_000000275,5,37395.96,186979.80
ORDER_000002011_ITEM_001,ORDER_000002011,PRODUCT_000000256,4,1724.12,6896.48
ORDER_000002011_ITEM_002,ORDER_000002011,PRODUCT_000000175,3,40112.08,120336.24
ORDER_000002012_ITEM_001,ORDER_000002012,PRODUCT_000000149,1,500.36,500.36
ORDER_000002012_ITEM_002,ORDER_000002012,PRODUCT_000000073,4,595.40,2381.60
ORDER_000002013_ITEM_001,ORDER_000002013,PRODUCT_000000218,3,7029.23,21087.69
ORDER_000002013_ITEM_002,ORDER_000002013,PRODUCT_000000351,5,186960.69,934803.45
ORDER_000002014_ITEM_001,ORDER_000002014,PRODUCT_000000145,5,3868.10,19340.50
ORDER_000002014_ITEM_002,ORDER_000002014,PRODUCT_000000280,1,8266.88,8266.88
ORDER_000002015_ITEM_001,ORDER_000002015,PRODUCT_000000017,5,17512.73,87563.65
ORDER_000002015_ITEM_002,ORDER_000002015,PRODUCT_000000019,4,6627.77,26511.08
ORDER_000002016_ITEM_001,ORDER_000002016,PRODUCT_000000468,4,11339.62,45358.48
ORDER_000002016_ITEM_002,ORDER_000002016,PRODUCT_000000298,1,335.33,335.33
ORDER_000002017_ITEM_001,ORDER_000002017,PRODUCT_000000495,4,111322.66,445290.64
ORDER_000002017_ITEM_002,ORDER_000002017,PRODUCT_000000005,3,3906.48,11719.44
ORDER_000002018_ITEM_001,ORDER_000002018,PRODUCT_000000236,1,1537.45,1537.45
ORDER_000002018_ITEM_002,ORDER_000002018,PRODUCT_000000079,1,20185.32,20185.32
ORDER_000002019_ITEM_001,ORDER_000002019,PRODUCT_000000293,2,68391.63,136783.26
ORDER_000002019_ITEM_002,ORDER_000002019,PRODUCT_000000477,2,130157.67,260315.34
ORDER_000002020_ITEM_001,ORDER_000002020,PRODUCT_000000170,2,2022.45,4044.90
ORDER_000002020_ITEM_002,ORDER_000002020,PRODUCT_000000291,2,108213.93,216427.86
ORDER_000002021_ITEM_001,ORDER_000002021,PRODUCT_000000297,4,6305.72,25222.88
ORDER_000002021_ITEM_002,ORDER_000002021,PRODUCT_000000411,1,261.77,261.77
ORDER_000002022_ITEM_001,ORDER_000002022,PRODUCT_000000170,3,2022.45,6067.35
ORDER_000002022_ITEM_002,ORDER_000002022,PRODUCT_000000490,2,5004.64,10009.28
ORDER_000002023_ITEM_001,ORDER_000002023,PRODUCT_000000219,3,10831.78,32495.34
ORDER_000002023_ITEM_002,ORDER_000002023,PRODUCT_000000226,4,2585.73,10342.92
ORDER_000002024_ITEM_001,ORDER_000002024,PRODUCT_000000223,2,3175.58,6351.16
ORDER_000002024_ITEM_002,ORDER_000002024,PRODUCT_000000224,5,89554.05,447770.25
ORDER_000002025_ITEM_001,ORDER_000002025,PRODUCT_000000351,4,186960.69,747842.76
ORDER_000002025_ITEM_002,ORDER_000002025,PRODUCT_000000472,5,2444.82,12224.10
ORDER_000002026_ITEM_001,ORDER_000002026,PRODUCT_000000011,4,5081.83,20327.32
ORDER_000002026_ITEM_002,ORDER_000002026,PRODUCT_000000365,1,1131.39,1131.39
ORDER_000002027_ITEM_001,ORDER_000002027,PRODUCT_000000018,5,54878.11,274390.55
ORDER_000002027_ITEM_002,ORDER_000002027,PRODUCT_000000273,3,93376.09,280128.27
ORDER_000002028_ITEM_001,ORDER_000002028,PRODUCT_000000363,5,1679.27,8396.35
ORDER_000002028_ITEM_002,ORDER_000002028,PRODUCT_000000418,5,3679.29,18396.45
ORDER_000002029_ITEM_001,ORDER_000002029,PRODUCT_000000430,4,56850.26,227401.04
ORDER_000002029_ITEM_002,ORDER_000002029,PRODUCT_000000387,2,22127.64,44255.28
ORDER_000002030_ITEM_001,ORDER_000002030,PRODUCT_000000202,2,22299.06,44598.12
ORDER_000002030_ITEM_002,ORDER_000002030,PRODUCT_000000444,1,3373.26,3373.26
ORDER_000002031_ITEM_001,ORDER_000002031,PRODUCT_000000003,4,166254.56,665018.24
ORDER_000002031_ITEM_002,ORDER_000002031,PRODUCT_000000125,1,48262.53,48262.53
ORDER_000002032_ITEM_001,ORDER_000002032,PRODUCT_000000334,3,921.24,2763.72
ORDER_000002032_ITEM_002,ORDER_000002032,PRODUCT_000000215,5,5520.21,27601.05
ORDER_000002033_ITEM_001,ORDER_000002033,PRODUCT_000000375,5,2168.98,10844.90
ORDER_000002033_ITEM_002,ORDER_000002033,PRODUCT_000000125,2,48262.53,96525.06
ORDER_000002034_ITEM_001,ORDER_000002034,PRODUCT_000000051,2,45102.28,90204.56
ORDER_000002034_ITEM_002,ORDER_000002034,PRODUCT_000000295,4,38276.02,153104.08
ORDER_000002035_ITEM_001,ORDER_000002035,PRODUCT_000000025,5,1480.92,7404.60
ORDER_000002035_ITEM_002,ORDER_000002035,PRODUCT_000000180,4,131161.69,524646.76
ORDER_000002036_ITEM_001,ORDER_000002036,PRODUCT_000000134,1,2948.45,2948.45
ORDER_000002036_ITEM_002,ORDER_000002036,PRODUCT_000000181,3,1727.48,5182.44
ORDER_000002037_ITEM_001,ORDER_000002037,PRODUCT_000000411,3,261.77,785.31
ORDER_000002037_ITEM_002,ORDER_000002037,PRODUCT_000000319,5,52057.41,260287.05
ORDER_000002038_ITEM_001,ORDER_000002038,PRODUCT_000000194,3,2124.84,6374.52
ORDER_000002038_ITEM_002,ORDER_000002038,PRODUCT_000000156,5,17875.07,89375.35
ORDER_000002039_ITEM_001,ORDER_000002039,PRODUCT_000000073,5,595.40,2977.00
ORDER_000002039_ITEM_002,ORDER_000002039,PRODUCT_000000440,2,4395.21,8790.42
ORDER_000002040_ITEM_001,ORDER_000002040,PRODUCT_000000372,3,55828.82,167486.46
ORDER_000002040_ITEM_002,ORDER_000002040,PRODUCT_000000496,1,970.45,970.45
ORDER_000002041_ITEM_001,ORDER_000002041,PRODUCT_000000233,5,2536.45,12682.25
ORDER_000002041_ITEM_002,ORDER_000002041,PRODUCT_000000490,4,5004.64,20018.56
ORDER_000002042_ITEM_001,ORDER_000002042,PRODUCT_000000129,4,109019.55,436078.20
ORDER_000002042_ITEM_002,ORDER_000002042,PRODUCT_000000439,3,72153.89,216461.67
ORDER_000002043_ITEM_001,ORDER_000002043,PRODUCT_000000274,2,145414.87,290829.74
ORDER_000002043_ITEM_002,ORDER_000002043,PRODUCT_000000087,2,55215.64,110431.28
ORDER_000002044_ITEM_001,ORDER_000002044,PRODUCT_000000122,3,5503.57,16510.71
ORDER_000002044_ITEM_002,ORDER_000002044,PRODUCT_000000149,2,500.36,1000.72
ORDER_000002045_ITEM_001,ORDER_000002045,PRODUCT_000000111,5,5144.89,25724.45
ORDER_000002045_ITEM_002,ORDER_000002045,PRODUCT_000000401,1,1258.44,1258.44
ORDER_000002046_ITEM_001,ORDER_000002046,PRODUCT_000000263,1,114743.85,114743.85
ORDER_000002046_ITEM_002,ORDER_000002046,PRODUCT_000000061,3,378.02,1134.06
ORDER_000002047_ITEM_001,ORDER_000002047,PRODUCT_000000021,5,2952.32,14761.60
ORDER_000002047_ITEM_002,ORDER_000002047,PRODUCT_000000040,2,21212.12,42424.24
ORDER_000002048_ITEM_001,ORDER_000002048,PRODUCT_000000144,1,1419.24,1419.24
ORDER_000002048_ITEM_002,ORDER_000002048,PRODUCT_000000477,1,130157.67,130157.67
ORDER_000002049_ITEM_001,ORDER_000002049,PRODUCT_000000481,5,242.93,1214.65
ORDER_000002049_ITEM_002,ORDER_000002049,PRODUCT_000000140,5,2815.66,14078.30
ORDER_000002050_ITEM_001,ORDER_000002050,PRODUCT_000000179,4,16969.41,67877.64
ORDER_000002050_ITEM_002,ORDER_000002050,PRODUCT_000000242,2,2669.01,5338.02
ORDER_000002051_ITEM_001,ORDER_000002051,PRODUCT_000000108,5,3286.97,16434.85
ORDER_000002051_ITEM_002,ORDER_000002051,PRODUCT_000000467,3,89885.32,269655.96
ORDER_000002052_ITEM_001,ORDER_000002052,PRODUCT_000000199,2,48433.40,96866.80
ORDER_000002052_ITEM_002,ORDER_000002052,PRODUCT_000000152,3,1691.46,5074.38
ORDER_000002053_ITEM_001,ORDER_000002053,PRODUCT_000000079,3,20185.32,60555.96
ORDER_000002053_ITEM_002,ORDER_000002053,PRODUCT_000000355,5,2839.63,14198.15
ORDER_000002054_ITEM_001,ORDER_000002054,PRODUCT_000000424,1,6433.07,6433.07
ORDER_000002054_ITEM_002,ORDER_000002054,PRODUCT_000000404,4,2884.96,11539.84
ORDER_000002055_ITEM_001,ORDER_000002055,PRODUCT_000000146,2,1443.25,2886.50
ORDER_000002055_ITEM_002,ORDER_000002055,PRODUCT_000000315,3,1366.86,4100.58
ORDER_000002056_ITEM_001,ORDER_000002056,PRODUCT_000000354,3,8755.37,26266.11
ORDER_000002056_ITEM_002,ORDER_000002056,PRODUCT_000000470,4,1763.05,7052.20
ORDER_000002057_ITEM_001,ORDER_000002057,PRODUCT_000000389,4,71784.35,287137.40
ORDER_000002057_ITEM_002,ORDER_000002057,PRODUCT_000000343,4,62824.31,251297.24
ORDER_000002058_ITEM_001,ORDER_000002058,PRODUCT_000000228,4,79825.81,319303.24
ORDER_000002058_ITEM_002,ORDER_000002058,PRODUCT_000000380,4,2099.88,8399.52
ORDER_000002059_ITEM_001,ORDER_000002059,PRODUCT_000000320,4,1644.19,6576.76
ORDER_000002059_ITEM_002,ORDER_000002059,PRODUCT_000000408,2,291.08,582.16
ORDER_000002060_ITEM_001,ORDER_000002060,PRODUCT_000000420,2,33996.43,67992.86
ORDER_000002060_ITEM_002,ORDER_000002060,PRODUCT_000000036,4,49982.53,199930.12
ORDER_000002061_ITEM_001,ORDER_000002061,PRODUCT_000000216,5,189337.30,946686.50
ORDER_000002061_ITEM_002,ORDER_000002061,PRODUCT_000000054,3,1153.40,3460.20
ORDER_000002062_ITEM_001,ORDER_000002062,PRODUCT_000000397,2,2067.45,4134.90
ORDER_000002062_ITEM_002,ORDER_000002062,PRODUCT_000000128,3,10367.22,31101.66
ORDER_000002063_ITEM_001,ORDER_000002063,PRODUCT_000000296,3,105785.14,317355.42
ORDER_000002063_ITEM_002,ORDER_000002063,PRODUCT_000000479,4,436.69,1746.76
ORDER_000002064_ITEM_001,ORDER_000002064,PRODUCT_000000252,4,18522.97,74091.88
ORDER_000002064_ITEM_002,ORDER_000002064,PRODUCT_000000497,1,86756.62,86756.62
ORDER_000002065_ITEM_001,ORDER_000002065,PRODUCT_000000291,4,108213.93,432855.72
ORDER_000002065_ITEM_002,ORDER_000002065,PRODUCT_000000065,3,3214.64,9643.92
ORDER_000002066_ITEM_001,ORDER_000002066,PRODUCT_000000466,3,7087.91,21263.73
ORDER_000002066_ITEM_002,ORDER_000002066,PRODUCT_000000097,5,29573.36,147866.80
ORDER_000002067_ITEM_001,ORDER_000002067,PRODUCT_000000120,5,73826.11,369130.55
ORDER_000002067_ITEM_002,ORDER_000002067,PRODUCT_000000206,4,338.63,1354.52
ORDER_000002068_ITEM_001,ORDER_000002068,PRODUCT_000000045,3,35447.12,106341.36
ORDER_000002068_ITEM_002,ORDER_000002068,PRODUCT_000000257,5,6078.96,30394.80
ORDER_000002069_ITEM_001,ORDER_000002069,PRODUCT_000000416,4,2364.84,9459.36
ORDER_000002069_ITEM_002,ORDER_000002069,PRODUCT_000000269,2,396.98,793.96
ORDER_000002070_ITEM_001,ORDER_000002070,PRODUCT_000000068,2,603.83,1207.66
ORDER_000002070_ITEM_002,ORDER_000002070,PRODUCT_000000364,4,87653.60,350614.40
ORDER_000002071_ITEM_001,ORDER_000002071,PRODUCT_000000200,3,22985.98,68957.94
ORDER_000002071_ITEM_002,ORDER_000002071,PRODUCT_000000312,5,508.37,2541.85
ORDER_000002072_ITEM_001,ORDER_000002072,PRODUCT_000000261,2,26099.88,52199.76
ORDER_000002072_ITEM_002,ORDER_000002072,PRODUCT_000000250,3,74845.58,224536.74
ORDER_000002073_ITEM_001,ORDER_000002073,PRODUCT_000000340,1,46977.00,46977.00
ORDER_000002073_ITEM_002,ORDER_000002073,PRODUCT_000000153,4,1314.83,5259.32
ORDER_000002074_ITEM_001,ORDER_000002074,PRODUCT_000000269,1,396.98,396.98
ORDER_000002074_ITEM_002,ORDER_000002074,PRODUCT_000000045,3,35447.12,106341.36
ORDER_000002075_ITEM_001,ORDER_000002075,PRODUCT_000000406,4,130798.44,523193.76
ORDER_000002075_ITEM_002,ORDER_000002075,PRODUCT_000000488,4,7299.35,29197.40
ORDER_000002076_ITEM_001,ORDER_000002076,PRODUCT_000000448,1,30757.35,30757.35
ORDER_000002076_ITEM_002,ORDER_000002076,PRODUCT_000000331,4,16339.42,65357.68
ORDER_000002077_ITEM_001,ORDER_000002077,PRODUCT_000000132,1,48602.08,48602.08
ORDER_000002077_ITEM_002,ORDER_000002077,PRODUCT_000000322,5,6422.03,32110.15
ORDER_000002078_ITEM_001,ORDER_000002078,PRODUCT_000000266,1,139987.08,139987.08
ORDER_000002078_ITEM_002,ORDER_000002078,PRODUCT_000000414,3,57878.53,173635.59
ORDER_000002079_ITEM_001,ORDER_000002079,PRODUCT_000000260,5,2417.05,12085.25
ORDER_000002079_ITEM_002,ORDER_000002079,PRODUCT_000000195,5,3974.21,19871.05
ORDER_000002080_ITEM_001,ORDER_000002080,PRODUCT_000000184,3,120740.28,362220.84
ORDER_000002080_ITEM_002,ORDER_000002080,PRODUCT_000000140,2,2815.66,5631.32
ORDER_000002081_ITEM_001,ORDER_000002081,PRODUCT_000000341,4,80395.16,321580.64
ORDER_000002081_ITEM_002,ORDER_000002081,PRODUCT_000000047,4,13490.87,53963.48
ORDER_000002082_ITEM_001,ORDER_000002082,PRODUCT_000000468,5,11339.62,56698.10
ORDER_000002082_ITEM_002,ORDER_000002082,PRODUCT_000000187,5,1398.69,6993.45
ORDER_000002083_ITEM_001,ORDER_000002083,PRODUCT_000000260,4,2417.05,9668.20
ORDER_000002083_ITEM_002,ORDER_000002083,PRODUCT_000000122,1,5503.57,5503.57
ORDER_000002084_ITEM_001,ORDER_000002084,PRODUCT_000000499,3,22717.74,68153.22
ORDER_000002084_ITEM_002,ORDER_000002084,PRODUCT_000000431,2,28619.97,57239.94
ORDER_000002085_ITEM_001,ORDER_000002085,PRODUCT_000000271,3,7343.39,22030.17
ORDER_000002085_ITEM_002,ORDER_000002085,PRODUCT_000000458,3,38414.84,115244.52
ORDER_000002086_ITEM_001,ORDER_000002086,PRODUCT_000000337,5,3208.91,16044.55
ORDER_000002086_ITEM_002,ORDER_000002086,PRODUCT_000000500,2,66111.23,132222.46
ORDER_000002087_ITEM_001,ORDER_000002087,PRODUCT_000000234,4,8118.02,32472.08
ORDER_000002087_ITEM_002,ORDER_000002087,PRODUCT_000000415,1,77825.19,77825.19
ORDER_000002088_ITEM_001,ORDER_000002088,PRODUCT_000000288,5,105802.00,529010.00
ORDER_000002088_ITEM_002,ORDER_000002088,PRODUCT_000000324,3,58960.31,176880.93
ORDER_000002089_ITEM_001,ORDER_000002089,PRODUCT_000000279,2,1444.98,2889.96
ORDER_000002089_ITEM_002,ORDER_000002089,PRODUCT_000000459,2,5188.95,10377.90
ORDER_000002090_ITEM_001,ORDER_000002090,PRODUCT_000000337,1,3208.91,3208.91
ORDER_000002090_ITEM_002,ORDER_000002090,PRODUCT_000000323,3,111157.95,333473.85
ORDER_000002091_ITEM_001,ORDER_000002091,PRODUCT_000000209,5,4970.11,24850.55
ORDER_000002091_ITEM_002,ORDER_000002091,PRODUCT_000000086,5,8488.74,42443.70
ORDER_000002092_ITEM_001,ORDER_000002092,PRODUCT_000000303,2,28560.91,57121.82
ORDER_000002092_ITEM_002,ORDER_000002092,PRODUCT_000000069,5,4621.50,23107.50
ORDER_000002093_ITEM_001,ORDER_000002093,PRODUCT_000000487,2,62096.00,124192.00
ORDER_000002093_ITEM_002,ORDER_000002093,PRODUCT_000000107,4,835.56,3342.24
ORDER_000002094_ITEM_001,ORDER_000002094,PRODUCT_000000462,2,87564.19,175128.38
ORDER_000002094_ITEM_002,ORDER_000002094,PRODUCT_000000386,5,7104.14,35520.70
ORDER_000002095_ITEM_001,ORDER_000002095,PRODUCT_000000151,2,77780.21,155560.42
ORDER_000002095_ITEM_002,ORDER_000002095,PRODUCT_000000216,1,189337.30,189337.30
ORDER_000002096_ITEM_001,ORDER_000002096,PRODUCT_000000104,5,42385.77,211928.85
ORDER_000002096_ITEM_002,ORDER_000002096,PRODUCT_000000351,5,186960.69,934803.45
ORDER_000002097_ITEM_001,ORDER_000002097,PRODUCT_000000494,4,535.49,2141.96
ORDER_000002097_ITEM_002,ORDER_000002097,PRODUCT_000000056,3,1746.83,5240.49
ORDER_000002098_ITEM_001,ORDER_000002098,PRODUCT_000000210,5,961.15,4805.75
ORDER_000002098_ITEM_002,ORDER_000002098,PRODUCT_000000128,2,10367.22,20734.44
ORDER_000002099_ITEM_001,ORDER_000002099,PRODUCT_000000451,5,557.23,2786.15
ORDER_000002099_ITEM_002,ORDER_000002099,PRODUCT_000000107,3,835.56,2506.68
ORDER_000002100_ITEM_001,ORDER_000002100,PRODUCT_000000335,1,7748.73,7748.73
ORDER_000002100_ITEM_002,ORDER_000002100,PRODUCT_000000031,4,223997.16,895988.64
ORDER_000002101_ITEM_001,ORDER_000002101,PRODUCT_000000320,3,1644.19,4932.57
ORDER_000002101_ITEM_002,ORDER_000002101,PRODUCT_000000340,2,46977.00,93954.00
ORDER_000002102_ITEM_001,ORDER_000002102,PRODUCT_000000456,2,5850.98,11701.96
ORDER_000002102_ITEM_002,ORDER_000002102,PRODUCT_000000067,2,14987.74,29975.48
ORDER_000002103_ITEM_001,ORDER_000002103,PRODUCT_000000288,4,105802.00,423208.00
ORDER_000002103_ITEM_002,ORDER_000002103,PRODUCT_000000172,1,4761.64,4761.64
ORDER_000002104_ITEM_001,ORDER_000002104,PRODUCT_000000157,3,1512.91,4538.73
ORDER_000002104_ITEM_002,ORDER_000002104,PRODUCT_000000330,3,732.17,2196.51
ORDER_000002105_ITEM_001,ORDER_000002105,PRODUCT_000000037,5,28745.87,143729.35
ORDER_000002105_ITEM_002,ORDER_000002105,PRODUCT_000000271,3,7343.39,22030.17
ORDER_000002106_ITEM_001,ORDER_000002106,PRODUCT_000000135,5,19292.87,96464.35
ORDER_000002106_ITEM_002,ORDER_000002106,PRODUCT_000000378,4,253.91,1015.64
ORDER_000002107_ITEM_001,ORDER_000002107,PRODUCT_000000146,3,1443.25,4329.75
ORDER_000002107_ITEM_002,ORDER_000002107,PRODUCT_000000096,3,1255.12,3765.36
ORDER_000002108_ITEM_001,ORDER_000002108,PRODUCT_000000226,1,2585.73,2585.73
ORDER_000002108_ITEM_002,ORDER_000002108,PRODUCT_000000312,1,508.37,508.37
ORDER_000002109_ITEM_001,ORDER_000002109,PRODUCT_000000038,1,5864.01,5864.01
ORDER_000002109_ITEM_002,ORDER_000002109,PRODUCT_000000047,1,13490.87,13490.87
ORDER_000002110_ITEM_001,ORDER_000002110,PRODUCT_000000120,5,73826.11,369130.55
ORDER_000002110_ITEM_002,ORDER_000002110,PRODUCT_000000325,3,4259.98,12779.94
ORDER_000002111_ITEM_001,ORDER_000002111,PRODUCT_000000199,2,48433.40,96866.80
ORDER_000002111_ITEM_002,ORDER_000002111,PRODUCT_000000447,3,5903.88,17711.64
ORDER_000002112_ITEM_001,ORDER_000002112,PRODUCT_000000045,5,35447.12,177235.60
ORDER_000002112_ITEM_002,ORDER_000002112,PRODUCT_000000111,3,5144.89,15434.67
ORDER_000002113_ITEM_001,ORDER_000002113,PRODUCT_000000357,3,64399.68,193199.04
ORDER_000002113_ITEM_002,ORDER_000002113,PRODUCT_000000376,2,1235.61,2471.22
ORDER_000002114_ITEM_001,ORDER_000002114,PRODUCT_000000389,2,71784.35,143568.70
ORDER_000002114_ITEM_002,ORDER_000002114,PRODUCT_000000080,3,8444.99,25334.97
ORDER_000002115_ITEM_001,ORDER_000002115,PRODUCT_000000127,5,47505.08,237525.40
ORDER_000002115_ITEM_002,ORDER_000002115,PRODUCT_000000161,4,684.54,2738.16
ORDER_000002116_ITEM_001,ORDER_000002116,PRODUCT_000000070,3,82897.23,248691.69
ORDER_000002116_ITEM_002,ORDER_000002116,PRODUCT_000000003,1,166254.56,166254.56
ORDER_000002117_ITEM_001,ORDER_000002117,PRODUCT_000000098,2,82015.47,164030.94
ORDER_000002117_ITEM_002,ORDER_000002117,PRODUCT_000000414,1,57878.53,57878.53
ORDER_000002118_ITEM_001,ORDER_000002118,PRODUCT_000000438,3,40311.65,120934.95
ORDER_000002118_ITEM_002,ORDER_000002118,PRODUCT_000000489,4,65761.05,263044.20
ORDER_000002119_ITEM_001,ORDER_000002119,PRODUCT_000000185,2,30648.96,61297.92
ORDER_000002119_ITEM_002,ORDER_000002119,PRODUCT_000000283,4,4001.25,16005.00
ORDER_000002120_ITEM_001,ORDER_000002120,PRODUCT_000000254,1,208122.29,208122.29
ORDER_000002120_ITEM_002,ORDER_000002120,PRODUCT_000000092,3,38553.85,115661.55
ORDER_000002121_ITEM_001,ORDER_000002121,PRODUCT_000000449,1,10447.59,10447.59
ORDER_000002121_ITEM_002,ORDER_000002121,PRODUCT_000000362,1,311.22,311.22
ORDER_000002122_ITEM_001,ORDER_000002122,PRODUCT_000000045,1,35447.12,35447.12
ORDER_000002122_ITEM_002,ORDER_000002122,PRODUCT_000000256,5,1724.12,8620.60
ORDER_000002123_ITEM_001,ORDER_000002123,PRODUCT_000000356,2,53340.70,106681.40
ORDER_000002123_ITEM_002,ORDER_000002123,PRODUCT_000000014,2,31645.32,63290.64
ORDER_000002124_ITEM_001,ORDER_000002124,PRODUCT_000000347,2,424.29,848.58
ORDER_000002124_ITEM_002,ORDER_000002124,PRODUCT_000000220,1,5722.11,5722.11
ORDER_000002125_ITEM_001,ORDER_000002125,PRODUCT_000000141,1,11546.35,11546.35
ORDER_000002125_ITEM_002,ORDER_000002125,PRODUCT_000000171,2,212543.08,425086.16
ORDER_000002126_ITEM_001,ORDER_000002126,PRODUCT_000000180,1,131161.69,131161.69
ORDER_000002126_ITEM_002,ORDER_000002126,PRODUCT_000000375,3,2168.98,6506.94
ORDER_000002127_ITEM_001,ORDER_000002127,PRODUCT_000000490,4,5004.64,20018.56
ORDER_000002127_ITEM_002,ORDER_000002127,PRODUCT_000000247,5,976.86,4884.30
ORDER_000002128_ITEM_001,ORDER_000002128,PRODUCT_000000238,1,709.92,709.92
ORDER_000002128_ITEM_002,ORDER_000002128,PRODUCT_000000014,4,31645.32,126581.28
ORDER_000002129_ITEM_001,ORDER_000002129,PRODUCT_000000245,5,2849.98,14249.90
ORDER_000002129_ITEM_002,ORDER_000002129,PRODUCT_000000442,1,50728.25,50728.25
ORDER_000002130_ITEM_001,ORDER_000002130,PRODUCT_000000208,2,62048.54,124097.08
ORDER_000002130_ITEM_002,ORDER_000002130,PRODUCT_000000206,4,338.63,1354.52
ORDER_000002131_ITEM_001,ORDER_000002131,PRODUCT_000000258,1,1110.13,1110.13
ORDER_000002131_ITEM_002,ORDER_000002131,PRODUCT_000000018,5,54878.11,274390.55
ORDER_000002132_ITEM_001,ORDER_000002132,PRODUCT_000000068,2,603.83,1207.66
ORDER_000002132_ITEM_002,ORDER_000002132,PRODUCT_000000474,4,690.90,2763.60
ORDER_000002133_ITEM_001,ORDER_000002133,PRODUCT_000000069,5,4621.50,23107.50
ORDER_000002133_ITEM_002,ORDER_000002133,PRODUCT_000000159,3,40197.32,120591.96
ORDER_000002134_ITEM_001,ORDER_000002134,PRODUCT_000000178,5,11187.40,55937.00
ORDER_000002134_ITEM_002,ORDER_000002134,PRODUCT_000000484,4,54819.53,219278.12
ORDER_000002135_ITEM_001,ORDER_000002135,PRODUCT_000000192,3,10837.79,32513.37
ORDER_000002135_ITEM_002,ORDER_000002135,PRODUCT_000000439,1,72153.89,72153.89
ORDER_000002136_ITEM_001,ORDER_000002136,PRODUCT_000000430,4,56850.26,227401.04
ORDER_000002136_ITEM_002,ORDER_000002136,PRODUCT_000000215,2,5520.21,11040.42
ORDER_000002137_ITEM_001,ORDER_000002137,PRODUCT_000000127,1,47505.08,47505.08
ORDER_000002137_ITEM_002,ORDER_000002137,PRODUCT_000000272,1,13222.81,13222.81
ORDER_000002138_ITEM_001,ORDER_000002138,PRODUCT_000000065,2,3214.64,6429.28
ORDER_000002138_ITEM_002,ORDER_000002138,PRODUCT_000000415,5,77825.19,389125.95
ORDER_000002139_ITEM_001,ORDER_000002139,PRODUCT_000000111,3,5144.89,15434.67
ORDER_000002139_ITEM_002,ORDER_000002139,PRODUCT_000000492,2,1512.08,3024.16
ORDER_000002140_ITEM_001,ORDER_000002140,PRODUCT_000000409,5,20583.82,102919.10
ORDER_000002140_ITEM_002,ORDER_000002140,PRODUCT_000000163,5,21213.87,106069.35
ORDER_000002141_ITEM_001,ORDER_000002141,PRODUCT_000000469,4,4611.19,18444.76
ORDER_000002141_ITEM_002,ORDER_000002141,PRODUCT_000000215,5,5520.21,27601.05
ORDER_000002142_ITEM_001,ORDER_000002142,PRODUCT_000000276,4,6006.43,24025.72
ORDER_000002142_ITEM_002,ORDER_000002142,PRODUCT_000000094,2,159079.65,318159.30
ORDER_000002143_ITEM_001,ORDER_000002143,PRODUCT_000000303,1,28560.91,28560.91
ORDER_000002143_ITEM_002,ORDER_000002143,PRODUCT_000000203,4,131189.59,524758.36
ORDER_000002144_ITEM_001,ORDER_000002144,PRODUCT_000000338,5,17766.86,88834.30
ORDER_000002144_ITEM_002,ORDER_000002144,PRODUCT_000000182,4,906.52,3626.08
ORDER_000002145_ITEM_001,ORDER_000002145,PRODUCT_000000234,3,8118.02,24354.06
ORDER_000002145_ITEM_002,ORDER_000002145,PRODUCT_000000375,1,2168.98,2168.98
ORDER_000002146_ITEM_001,ORDER_000002146,PRODUCT_000000380,4,2099.88,8399.52
ORDER_000002146_ITEM_002,ORDER_000002146,PRODUCT_000000342,5,63802.09,319010.45
ORDER_000002147_ITEM_001,ORDER_000002147,PRODUCT_000000064,5,174728.07,873640.35
ORDER_000002147_ITEM_002,ORDER_000002147,PRODUCT_000000088,2,4393.00,8786.00
ORDER_000002148_ITEM_001,ORDER_000002148,PRODUCT_000000468,4,11339.62,45358.48
ORDER_000002148_ITEM_002,ORDER_000002148,PRODUCT_000000182,1,906.52,906.52
ORDER_000002149_ITEM_001,ORDER_000002149,PRODUCT_000000184,4,120740.28,482961.12
ORDER_000002149_ITEM_002,ORDER_000002149,PRODUCT_000000253,2,1399.91,2799.82
ORDER_000002150_ITEM_001,ORDER_000002150,PRODUCT_000000459,3,5188.95,15566.85
ORDER_000002150_ITEM_002,ORDER_000002150,PRODUCT_000000050,4,191762.22,767048.88
ORDER_000002151_ITEM_001,ORDER_000002151,PRODUCT_000000007,5,3112.46,15562.30
ORDER_000002151_ITEM_002,ORDER_000002151,PRODUCT_000000198,2,53251.57,106503.14
ORDER_000002152_ITEM_001,ORDER_000002152,PRODUCT_000000201,3,92050.96,276152.88
ORDER_000002152_ITEM_002,ORDER_000002152,PRODUCT_000000028,4,22480.60,89922.40
ORDER_000002153_ITEM_001,ORDER_000002153,PRODUCT_000000201,2,92050.96,184101.92
ORDER_000002153_ITEM_002,ORDER_000002153,PRODUCT_000000349,5,2148.69,10743.45
ORDER_000002154_ITEM_001,ORDER_000002154,PRODUCT_000000178,1,11187.40,11187.40
ORDER_000002154_ITEM_002,ORDER_000002154,PRODUCT_000000125,2,48262.53,96525.06
ORDER_000002155_ITEM_001,ORDER_000002155,PRODUCT_000000320,2,1644.19,3288.38
ORDER_000002155_ITEM_002,ORDER_000002155,PRODUCT_000000317,4,5032.06,20128.24
ORDER_000002156_ITEM_001,ORDER_000002156,PRODUCT_000000100,3,4028.63,12085.89
ORDER_000002156_ITEM_002,ORDER_000002156,PRODUCT_000000367,3,84997.19,254991.57
ORDER_000002157_ITEM_001,ORDER_000002157,PRODUCT_000000346,1,90006.80,90006.80
ORDER_000002157_ITEM_002,ORDER_000002157,PRODUCT_000000009,3,51529.17,154587.51
ORDER_000002158_ITEM_001,ORDER_000002158,PRODUCT_000000444,5,3373.26,16866.30
ORDER_000002158_ITEM_002,ORDER_000002158,PRODUCT_000000403,2,1868.76,3737.52
ORDER_000002159_ITEM_001,ORDER_000002159,PRODUCT_000000134,5,2948.45,14742.25
ORDER_000002159_ITEM_002,ORDER_000002159,PRODUCT_000000147,1,79052.74,79052.74
ORDER_000002160_ITEM_001,ORDER_000002160,PRODUCT_000000285,2,59012.72,118025.44
ORDER_000002160_ITEM_002,ORDER_000002160,PRODUCT_000000134,1,2948.45,2948.45
ORDER_000002161_ITEM_001,ORDER_000002161,PRODUCT_000000441,3,38509.69,115529.07
ORDER_000002161_ITEM_002,ORDER_000002161,PRODUCT_000000407,4,71009.01,284036.04
ORDER_000002162_ITEM_001,ORDER_000002162,PRODUCT_000000487,2,62096.00,124192.00
ORDER_000002162_ITEM_002,ORDER_000002162,PRODUCT_000000259,2,8268.46,16536.92
ORDER_000002163_ITEM_001,ORDER_000002163,PRODUCT_000000385,1,2562.52,2562.52
ORDER_000002163_ITEM_002,ORDER_000002163,PRODUCT_000000227,3,51780.80,155342.40
ORDER_000002164_ITEM_001,ORDER_000002164,PRODUCT_000000445,2,957.74,1915.48
ORDER_000002164_ITEM_002,ORDER_000002164,PRODUCT_000000011,4,5081.83,20327.32
ORDER_000002165_ITEM_001,ORDER_000002165,PRODUCT_000000184,3,120740.28,362220.84
ORDER_000002165_ITEM_002,ORDER_000002165,PRODUCT_000000227,2,51780.80,103561.60
ORDER_000002166_ITEM_001,ORDER_000002166,PRODUCT_000000204,2,502.82,1005.64
ORDER_000002166_ITEM_002,ORDER_000002166,PRODUCT_000000278,2,2383.85,4767.70
ORDER_000002167_ITEM_001,ORDER_000002167,PRODUCT_000000393,5,2674.57,13372.85
ORDER_000002167_ITEM_002,ORDER_000002167,PRODUCT_000000462,4,87564.19,350256.76
ORDER_000002168_ITEM_001,ORDER_000002168,PRODUCT_000000376,1,1235.61,1235.61
ORDER_000002168_ITEM_002,ORDER_000002168,PRODUCT_000000008,2,113431.81,226863.62
ORDER_000002169_ITEM_001,ORDER_000002169,PRODUCT_000000349,3,2148.69,6446.07
ORDER_000002169_ITEM_002,ORDER_000002169,PRODUCT_000000252,1,18522.97,18522.97
ORDER_000002170_ITEM_001,ORDER_000002170,PRODUCT_000000262,1,34449.06,34449.06
ORDER_000002170_ITEM_002,ORDER_000002170,PRODUCT_000000426,2,14178.77,28357.54
ORDER_000002171_ITEM_001,ORDER_000002171,PRODUCT_000000295,2,38276.02,76552.04
ORDER_000002171_ITEM_002,ORDER_000002171,PRODUCT_000000251,4,1112.09,4448.36
ORDER_000002172_ITEM_001,ORDER_000002172,PRODUCT_000000441,4,38509.69,154038.76
ORDER_000002172_ITEM_002,ORDER_000002172,PRODUCT_000000184,2,120740.28,241480.56
ORDER_000002173_ITEM_001,ORDER_000002173,PRODUCT_000000061,5,378.02,1890.10
ORDER_000002173_ITEM_002,ORDER_000002173,PRODUCT_000000036,4,49982.53,199930.12
ORDER_000002174_ITEM_001,ORDER_000002174,PRODUCT_000000216,5,189337.30,946686.50
ORDER_000002174_ITEM_002,ORDER_000002174,PRODUCT_000000105,1,630.25,630.25
ORDER_000002175_ITEM_001,ORDER_000002175,PRODUCT_000000098,5,82015.47,410077.35
ORDER_000002175_ITEM_002,ORDER_000002175,PRODUCT_000000210,3,961.15,2883.45
ORDER_000002176_ITEM_001,ORDER_000002176,PRODUCT_000000303,4,28560.91,114243.64
ORDER_000002176_ITEM_002,ORDER_000002176,PRODUCT_000000121,3,67658.89,202976.67
ORDER_000002177_ITEM_001,ORDER_000002177,PRODUCT_000000317,3,5032.06,15096.18
ORDER_000002177_ITEM_002,ORDER_000002177,PRODUCT_000000061,1,378.02,378.02
ORDER_000002178_ITEM_001,ORDER_000002178,PRODUCT_000000138,4,9019.79,36079.16
ORDER_000002178_ITEM_002,ORDER_000002178,PRODUCT_000000448,4,30757.35,123029.40
ORDER_000002179_ITEM_001,ORDER_000002179,PRODUCT_000000152,1,1691.46,1691.46
ORDER_000002179_ITEM_002,ORDER_000002179,PRODUCT_000000031,1,223997.16,223997.16
ORDER_000002180_ITEM_001,ORDER_000002180,PRODUCT_000000213,1,12880.62,12880.62
ORDER_000002180_ITEM_002,ORDER_000002180,PRODUCT_000000301,1,3608.69,3608.69
ORDER_000002181_ITEM_001,ORDER_000002181,PRODUCT_000000412,2,65524.59,131049.18
ORDER_000002181_ITEM_002,ORDER_000002181,PRODUCT_000000127,1,47505.08,47505.08
ORDER_000002182_ITEM_001,ORDER_000002182,PRODUCT_000000394,3,1417.36,4252.08
ORDER_000002182_ITEM_002,ORDER_000002182,PRODUCT_000000252,3,18522.97,55568.91
ORDER_000002183_ITEM_001,ORDER_000002183,PRODUCT_000000454,3,1504.58,4513.74
ORDER_000002183_ITEM_002,ORDER_000002183,PRODUCT_000000458,5,38414.84,192074.20
ORDER_000002184_ITEM_001,ORDER_000002184,PRODUCT_000000040,5,21212.12,106060.60
ORDER_000002184_ITEM_002,ORDER_000002184,PRODUCT_000000459,2,5188.95,10377.90
ORDER_000002185_ITEM_001,ORDER_000002185,PRODUCT_000000141,1,11546.35,11546.35
ORDER_000002185_ITEM_002,ORDER_000002185,PRODUCT_000000499,4,22717.74,90870.96
ORDER_000002186_ITEM_001,ORDER_000002186,PRODUCT_000000140,4,2815.66,11262.64
ORDER_000002186_ITEM_002,ORDER_000002186,PRODUCT_000000442,4,50728.25,202913.00
ORDER_000002187_ITEM_001,ORDER_000002187,PRODUCT_000000054,5,1153.40,5767.00
ORDER_000002187_ITEM_002,ORDER_000002187,PRODUCT_000000094,2,159079.65,318159.30
ORDER_000002188_ITEM_001,ORDER_000002188,PRODUCT_000000470,1,1763.05,1763.05
ORDER_000002188_ITEM_002,ORDER_000002188,PRODUCT_000000214,4,37438.96,149755.84
ORDER_000002189_ITEM_001,ORDER_000002189,PRODUCT_000000143,5,71000.26,355001.30
ORDER_000002189_ITEM_002,ORDER_000002189,PRODUCT_000000245,2,2849.98,5699.96
ORDER_000002190_ITEM_001,ORDER_000002190,PRODUCT_000000048,2,71251.17,142502.34
ORDER_000002190_ITEM_002,ORDER_000002190,PRODUCT_000000018,1,54878.11,54878.11
ORDER_000002191_ITEM_001,ORDER_000002191,PRODUCT_000000344,1,108319.93,108319.93
ORDER_000002191_ITEM_002,ORDER_000002191,PRODUCT_000000434,4,1900.67,7602.68
ORDER_000002192_ITEM_001,ORDER_000002192,PRODUCT_000000348,3,511.50,1534.50
ORDER_000002192_ITEM_002,ORDER_000002192,PRODUCT_000000180,3,131161.69,393485.07
ORDER_000002193_ITEM_001,ORDER_000002193,PRODUCT_000000273,4,93376.09,373504.36
ORDER_000002193_ITEM_002,ORDER_000002193,PRODUCT_000000188,2,35973.47,71946.94
ORDER_000002194_ITEM_001,ORDER_000002194,PRODUCT_000000258,5,1110.13,5550.65
ORDER_000002194_ITEM_002,ORDER_000002194,PRODUCT_000000070,5,82897.23,414486.15
ORDER_000002195_ITEM_001,ORDER_000002195,PRODUCT_000000131,3,8366.73,25100.19
ORDER_000002195_ITEM_002,ORDER_000002195,PRODUCT_000000467,1,89885.32,89885.32
ORDER_000002196_ITEM_001,ORDER_000002196,PRODUCT_000000218,1,7029.23,7029.23
ORDER_000002196_ITEM_002,ORDER_000002196,PRODUCT_000000079,4,20185.32,80741.28
ORDER_000002197_ITEM_001,ORDER_000002197,PRODUCT_000000451,2,557.23,1114.46
ORDER_000002197_ITEM_002,ORDER_000002197,PRODUCT_000000151,5,77780.21,388901.05
ORDER_000002198_ITEM_001,ORDER_000002198,PRODUCT_000000190,2,1821.64,3643.28
ORDER_000002198_ITEM_002,ORDER_000002198,PRODUCT_000000433,3,3121.66,9364.98
ORDER_000002199_ITEM_001,ORDER_000002199,PRODUCT_000000379,2,788.70,1577.40
ORDER_000002199_ITEM_002,ORDER_000002199,PRODUCT_000000348,4,511.50,2046.00
ORDER_000002200_ITEM_001,ORDER_000002200,PRODUCT_000000389,5,71784.35,358921.75
ORDER_000002200_ITEM_002,ORDER_000002200,PRODUCT_000000435,1,66739.12,66739.12
ORDER_000002201_ITEM_001,ORDER_000002201,PRODUCT_000000469,5,4611.19,23055.95
ORDER_000002201_ITEM_002,ORDER_000002201,PRODUCT_000000147,4,79052.74,316210.96
ORDER_000002202_ITEM_001,ORDER_000002202,PRODUCT_000000286,5,18315.20,91576.00
ORDER_000002202_ITEM_002,ORDER_000002202,PRODUCT_000000056,3,1746.83,5240.49
ORDER_000002203_ITEM_001,ORDER_000002203,PRODUCT_000000141,2,11546.35,23092.70
ORDER_000002203_ITEM_002,ORDER_000002203,PRODUCT_000000469,2,4611.19,9222.38
ORDER_000002204_ITEM_001,ORDER_000002204,PRODUCT_000000298,2,335.33,670.66
ORDER_000002204_ITEM_002,ORDER_000002204,PRODUCT_000000016,4,71215.48,284861.92
ORDER_000002205_ITEM_001,ORDER_000002205,PRODUCT_000000326,5,12706.30,63531.50
ORDER_000002205_ITEM_002,ORDER_000002205,PRODUCT_000000335,3,7748.73,23246.19
ORDER_000002206_ITEM_001,ORDER_000002206,PRODUCT_000000389,2,71784.35,143568.70
ORDER_000002206_ITEM_002,ORDER_000002206,PRODUCT_000000355,5,2839.63,14198.15
ORDER_000002207_ITEM_001,ORDER_000002207,PRODUCT_000000019,5,6627.77,33138.85
ORDER_000002207_ITEM_002,ORDER_000002207,PRODUCT_000000251,3,1112.09,3336.27
ORDER_000002208_ITEM_001,ORDER_000002208,PRODUCT_000000470,4,1763.05,7052.20
ORDER_000002208_ITEM_002,ORDER_000002208,PRODUCT_000000114,1,140563.09,140563.09
ORDER_000002209_ITEM_001,ORDER_000002209,PRODUCT_000000108,1,3286.97,3286.97
ORDER_000002209_ITEM_002,ORDER_000002209,PRODUCT_000000109,2,11755.22,23510.44
ORDER_000002210_ITEM_001,ORDER_000002210,PRODUCT_000000490,1,5004.64,5004.64
ORDER_000002210_ITEM_002,ORDER_000002210,PRODUCT_000000082,1,904.37,904.37
ORDER_000002211_ITEM_001,ORDER_000002211,PRODUCT_000000340,4,46977.00,187908.00
ORDER_000002211_ITEM_002,ORDER_000002211,PRODUCT_000000342,2,63802.09,127604.18
ORDER_000002212_ITEM_001,ORDER_000002212,PRODUCT_000000022,5,3619.59,18097.95
ORDER_000002212_ITEM_002,ORDER_000002212,PRODUCT_000000100,5,4028.63,20143.15
ORDER_000002213_ITEM_001,ORDER_000002213,PRODUCT_000000216,4,189337.30,757349.20
ORDER_000002213_ITEM_002,ORDER_000002213,PRODUCT_000000464,5,46076.82,230384.10
ORDER_000002214_ITEM_001,ORDER_000002214,PRODUCT_000000079,3,20185.32,60555.96
ORDER_000002214_ITEM_002,ORDER_000002214,PRODUCT_000000355,4,2839.63,11358.52
ORDER_000002215_ITEM_001,ORDER_000002215,PRODUCT_000000314,3,13535.22,40605.66
ORDER_000002215_ITEM_002,ORDER_000002215,PRODUCT_000000494,2,535.49,1070.98
ORDER_000002216_ITEM_001,ORDER_000002216,PRODUCT_000000453,4,179948.29,719793.16
ORDER_000002216_ITEM_002,ORDER_000002216,PRODUCT_000000386,2,7104.14,14208.28
ORDER_000002217_ITEM_001,ORDER_000002217,PRODUCT_000000245,2,2849.98,5699.96
ORDER_000002217_ITEM_002,ORDER_000002217,PRODUCT_000000193,5,1656.01,8280.05
ORDER_000002218_ITEM_001,ORDER_000002218,PRODUCT_000000242,3,2669.01,8007.03
ORDER_000002218_ITEM_002,ORDER_000002218,PRODUCT_000000001,3,47526.13,142578.39
ORDER_000002219_ITEM_001,ORDER_000002219,PRODUCT_000000473,1,10475.93,10475.93
ORDER_000002219_ITEM_002,ORDER_000002219,PRODUCT_000000487,1,62096.00,62096.00
ORDER_000002220_ITEM_001,ORDER_000002220,PRODUCT_000000403,4,1868.76,7475.04
ORDER_000002220_ITEM_002,ORDER_000002220,PRODUCT_000000331,4,16339.42,65357.68
ORDER_000002221_ITEM_001,ORDER_000002221,PRODUCT_000000173,2,18158.57,36317.14
ORDER_000002221_ITEM_002,ORDER_000002221,PRODUCT_000000175,3,40112.08,120336.24
ORDER_000002222_ITEM_001,ORDER_000002222,PRODUCT_000000050,2,191762.22,383524.44
ORDER_000002222_ITEM_002,ORDER_000002222,PRODUCT_000000345,5,106411.74,532058.70
ORDER_000002223_ITEM_001,ORDER_000002223,PRODUCT_000000240,2,8842.70,17685.40
ORDER_000002223_ITEM_002,ORDER_000002223,PRODUCT_000000292,5,16024.87,80124.35
ORDER_000002224_ITEM_001,ORDER_000002224,PRODUCT_000000471,4,26176.74,104706.96
ORDER_000002224_ITEM_002,ORDER_000002224,PRODUCT_000000134,3,2948.45,8845.35
ORDER_000002225_ITEM_001,ORDER_000002225,PRODUCT_000000198,5,53251.57,266257.85
ORDER_000002225_ITEM_002,ORDER_000002225,PRODUCT_000000085,1,95727.09,95727.09
ORDER_000002226_ITEM_001,ORDER_000002226,PRODUCT_000000167,4,29972.62,119890.48
ORDER_000002226_ITEM_002,ORDER_000002226,PRODUCT_000000095,1,112715.59,112715.59
ORDER_000002227_ITEM_001,ORDER_000002227,PRODUCT_000000398,5,5027.03,25135.15
ORDER_000002227_ITEM_002,ORDER_000002227,PRODUCT_000000112,2,20260.19,40520.38
ORDER_000002228_ITEM_001,ORDER_000002228,PRODUCT_000000456,4,5850.98,23403.92
ORDER_000002228_ITEM_002,ORDER_000002228,PRODUCT_000000475,5,60287.81,301439.05
ORDER_000002229_ITEM_001,ORDER_000002229,PRODUCT_000000225,3,3256.60,9769.80
ORDER_000002229_ITEM_002,ORDER_000002229,PRODUCT_000000488,5,7299.35,36496.75
ORDER_000002230_ITEM_001,ORDER_000002230,PRODUCT_000000499,1,22717.74,22717.74
ORDER_000002230_ITEM_002,ORDER_000002230,PRODUCT_000000107,5,835.56,4177.80
ORDER_000002231_ITEM_001,ORDER_000002231,PRODUCT_000000376,3,1235.61,3706.83
ORDER_000002231_ITEM_002,ORDER_000002231,PRODUCT_000000410,4,6005.71,24022.84
ORDER_000002232_ITEM_001,ORDER_000002232,PRODUCT_000000149,1,500.36,500.36
ORDER_000002232_ITEM_002,ORDER_000002232,PRODUCT_000000110,2,7868.39,15736.78
ORDER_000002233_ITEM_001,ORDER_000002233,PRODUCT_000000307,4,8253.54,33014.16
ORDER_000002233_ITEM_002,ORDER_000002233,PRODUCT_000000224,4,89554.05,358216.20
ORDER_000002234_ITEM_001,ORDER_000002234,PRODUCT_000000457,1,20677.50,20677.50
ORDER_000002234_ITEM_002,ORDER_000002234,PRODUCT_000000492,4,1512.08,6048.32
ORDER_000002235_ITEM_001,ORDER_000002235,PRODUCT_000000336,2,9981.53,19963.06
ORDER_000002235_ITEM_002,ORDER_000002235,PRODUCT_000000470,2,1763.05,3526.10
ORDER_000002236_ITEM_001,ORDER_000002236,PRODUCT_000000298,3,335.33,1005.99
ORDER_000002236_ITEM_002,ORDER_000002236,PRODUCT_000000347,3,424.29,1272.87
ORDER_000002237_ITEM_001,ORDER_000002237,PRODUCT_000000178,3,11187.40,33562.20
ORDER_000002237_ITEM_002,ORDER_000002237,PRODUCT_000000164,4,63385.92,253543.68
ORDER_000002238_ITEM_001,ORDER_000002238,PRODUCT_000000378,1,253.91,253.91
ORDER_000002238_ITEM_002,ORDER_000002238,PRODUCT_000000098,3,82015.47,246046.41
ORDER_000002239_ITEM_001,ORDER_000002239,PRODUCT_000000086,3,8488.74,25466.22
ORDER_000002239_ITEM_002,ORDER_000002239,PRODUCT_000000184,4,120740.28,482961.12
ORDER_000002240_ITEM_001,ORDER_000002240,PRODUCT_000000003,4,166254.56,665018.24
ORDER_000002240_ITEM_002,ORDER_000002240,PRODUCT_000000218,4,7029.23,28116.92
ORDER_000002241_ITEM_001,ORDER_000002241,PRODUCT_000000477,4,130157.67,520630.68
ORDER_000002241_ITEM_002,ORDER_000002241,PRODUCT_000000432,4,67458.36,269833.44
ORDER_000002242_ITEM_001,ORDER_000002242,PRODUCT_000000127,4,47505.08,190020.32
ORDER_000002242_ITEM_002,ORDER_000002242,PRODUCT_000000115,1,1102.21,1102.21
ORDER_000002243_ITEM_001,ORDER_000002243,PRODUCT_000000184,2,120740.28,241480.56
ORDER_000002243_ITEM_002,ORDER_000002243,PRODUCT_000000037,4,28745.87,114983.48
ORDER_000002244_ITEM_001,ORDER_000002244,PRODUCT_000000379,5,788.70,3943.50
ORDER_000002244_ITEM_002,ORDER_000002244,PRODUCT_000000314,3,13535.22,40605.66
ORDER_000002245_ITEM_001,ORDER_000002245,PRODUCT_000000135,2,19292.87,38585.74
ORDER_000002245_ITEM_002,ORDER_000002245,PRODUCT_000000185,2,30648.96,61297.92
ORDER_000002246_ITEM_001,ORDER_000002246,PRODUCT_000000324,3,58960.31,176880.93
ORDER_000002246_ITEM_002,ORDER_000002246,PRODUCT_000000218,5,7029.23,35146.15
ORDER_000002247_ITEM_001,ORDER_000002247,PRODUCT_000000354,4,8755.37,35021.48
ORDER_000002247_ITEM_002,ORDER_000002247,PRODUCT_000000182,3,906.52,2719.56
ORDER_000002248_ITEM_001,ORDER_000002248,PRODUCT_000000304,5,12926.90,64634.50
ORDER_000002248_ITEM_002,ORDER_000002248,PRODUCT_000000432,4,67458.36,269833.44
ORDER_000002249_ITEM_001,ORDER_000002249,PRODUCT_000000247,2,976.86,1953.72
ORDER_000002249_ITEM_002,ORDER_000002249,PRODUCT_000000320,3,1644.19,4932.57
ORDER_000002250_ITEM_001,ORDER_000002250,PRODUCT_000000134,4,2948.45,11793.80
ORDER_000002250_ITEM_002,ORDER_000002250,PRODUCT_000000368,5,9454.76,47273.80
ORDER_000002251_ITEM_001,ORDER_000002251,PRODUCT_000000273,5,93376.09,466880.45
ORDER_000002251_ITEM_002,ORDER_000002251,PRODUCT_000000211,1,11540.41,11540.41
ORDER_000002252_ITEM_001,ORDER_000002252,PRODUCT_000000172,5,4761.64,23808.20
ORDER_000002252_ITEM_002,ORDER_000002252,PRODUCT_000000261,4,26099.88,104399.52
ORDER_000002253_ITEM_001,ORDER_000002253,PRODUCT_000000243,3,14614.47,43843.41
ORDER_000002253_ITEM_002,ORDER_000002253,PRODUCT_000000231,2,15947.02,31894.04
ORDER_000002254_ITEM_001,ORDER_000002254,PRODUCT_000000411,1,261.77,261.77
ORDER_000002254_ITEM_002,ORDER_000002254,PRODUCT_000000460,3,49238.06,147714.18
ORDER_000002255_ITEM_001,ORDER_000002255,PRODUCT_000000299,2,109951.12,219902.24
ORDER_000002255_ITEM_002,ORDER_000002255,PRODUCT_000000388,2,16147.61,32295.22
ORDER_000002256_ITEM_001,ORDER_000002256,PRODUCT_000000066,1,166045.11,166045.11
ORDER_000002256_ITEM_002,ORDER_000002256,PRODUCT_000000338,1,17766.86,17766.86
ORDER_000002257_ITEM_001,ORDER_000002257,PRODUCT_000000142,5,77646.41,388232.05
ORDER_000002257_ITEM_002,ORDER_000002257,PRODUCT_000000412,4,65524.59,262098.36
ORDER_000002258_ITEM_001,ORDER_000002258,PRODUCT_000000120,2,73826.11,147652.22
ORDER_000002258_ITEM_002,ORDER_000002258,PRODUCT_000000268,1,230.02,230.02
ORDER_000002259_ITEM_001,ORDER_000002259,PRODUCT_000000253,4,1399.91,5599.64
ORDER_000002259_ITEM_002,ORDER_000002259,PRODUCT_000000103,4,63093.38,252373.52
ORDER_000002260_ITEM_001,ORDER_000002260,PRODUCT_000000204,3,502.82,1508.46
ORDER_000002260_ITEM_002,ORDER_000002260,PRODUCT_000000320,2,1644.19,3288.38
ORDER_000002261_ITEM_001,ORDER_000002261,PRODUCT_000000033,2,84979.83,169959.66
ORDER_000002261_ITEM_002,ORDER_000002261,PRODUCT_000000421,4,26929.93,107719.72
ORDER_000002262_ITEM_001,ORDER_000002262,PRODUCT_000000395,2,606.04,1212.08
ORDER_000002262_ITEM_002,ORDER_000002262,PRODUCT_000000298,1,335.33,335.33
ORDER_000002263_ITEM_001,ORDER_000002263,PRODUCT_000000351,3,186960.69,560882.07
ORDER_000002263_ITEM_002,ORDER_000002263,PRODUCT_000000044,2,24208.61,48417.22
ORDER_000002264_ITEM_001,ORDER_000002264,PRODUCT_000000119,4,10653.04,42612.16
ORDER_000002264_ITEM_002,ORDER_000002264,PRODUCT_000000100,4,4028.63,16114.52
ORDER_000002265_ITEM_001,ORDER_000002265,PRODUCT_000000361,1,2902.94,2902.94
ORDER_000002265_ITEM_002,ORDER_000002265,PRODUCT_000000064,3,174728.07,524184.21
ORDER_000002266_ITEM_001,ORDER_000002266,PRODUCT_000000463,4,1804.78,7219.12
ORDER_000002266_ITEM_002,ORDER_000002266,PRODUCT_000000028,4,22480.60,89922.40
ORDER_000002267_ITEM_001,ORDER_000002267,PRODUCT_000000346,4,90006.80,360027.20
ORDER_000002267_ITEM_002,ORDER_000002267,PRODUCT_000000215,2,5520.21,11040.42
ORDER_000002268_ITEM_001,ORDER_000002268,PRODUCT_000000103,5,63093.38,315466.90
ORDER_000002268_ITEM_002,ORDER_000002268,PRODUCT_000000042,2,81949.03,163898.06
ORDER_000002269_ITEM_001,ORDER_000002269,PRODUCT_000000304,5,12926.90,64634.50
ORDER_000002269_ITEM_002,ORDER_000002269,PRODUCT_000000003,1,166254.56,166254.56
ORDER_000002270_ITEM_001,ORDER_000002270,PRODUCT_000000162,4,12519.41,50077.64
ORDER_000002270_ITEM_002,ORDER_000002270,PRODUCT_000000133,3,107202.22,321606.66
ORDER_000002271_ITEM_001,ORDER_000002271,PRODUCT_000000242,2,2669.01,5338.02
ORDER_000002271_ITEM_002,ORDER_000002271,PRODUCT_000000354,3,8755.37,26266.11
ORDER_000002272_ITEM_001,ORDER_000002272,PRODUCT_000000498,3,2542.71,7628.13
ORDER_000002272_ITEM_002,ORDER_000002272,PRODUCT_000000448,4,30757.35,123029.40
ORDER_000002273_ITEM_001,ORDER_000002273,PRODUCT_000000170,1,2022.45,2022.45
ORDER_000002273_ITEM_002,ORDER_000002273,PRODUCT_000000485,4,123226.74,492906.96
ORDER_000002274_ITEM_001,ORDER_000002274,PRODUCT_000000054,4,1153.40,4613.60
ORDER_000002274_ITEM_002,ORDER_000002274,PRODUCT_000000103,1,63093.38,63093.38
ORDER_000002275_ITEM_001,ORDER_000002275,PRODUCT_000000301,5,3608.69,18043.45
ORDER_000002275_ITEM_002,ORDER_000002275,PRODUCT_000000308,3,10454.59,31363.77
ORDER_000002276_ITEM_001,ORDER_000002276,PRODUCT_000000124,3,2352.93,7058.79
ORDER_000002276_ITEM_002,ORDER_000002276,PRODUCT_000000009,2,51529.17,103058.34
ORDER_000002277_ITEM_001,ORDER_000002277,PRODUCT_000000456,1,5850.98,5850.98
ORDER_000002277_ITEM_002,ORDER_000002277,PRODUCT_000000212,3,10759.26,32277.78
ORDER_000002278_ITEM_001,ORDER_000002278,PRODUCT_000000434,3,1900.67,5702.01
ORDER_000002278_ITEM_002,ORDER_000002278,PRODUCT_000000273,1,93376.09,93376.09
ORDER_000002279_ITEM_001,ORDER_000002279,PRODUCT_000000012,1,116699.02,116699.02
ORDER_000002279_ITEM_002,ORDER_000002279,PRODUCT_000000185,3,30648.96,91946.88
ORDER_000002280_ITEM_001,ORDER_000002280,PRODUCT_000000235,3,10340.23,31020.69
ORDER_000002280_ITEM_002,ORDER_000002280,PRODUCT_000000324,2,58960.31,117920.62
ORDER_000002281_ITEM_001,ORDER_000002281,PRODUCT_000000280,4,8266.88,33067.52
ORDER_000002281_ITEM_002,ORDER_000002281,PRODUCT_000000312,3,508.37,1525.11
ORDER_000002282_ITEM_001,ORDER_000002282,PRODUCT_000000050,1,191762.22,191762.22
ORDER_000002282_ITEM_002,ORDER_000002282,PRODUCT_000000130,4,2919.96,11679.84
ORDER_000002283_ITEM_001,ORDER_000002283,PRODUCT_000000184,4,120740.28,482961.12
ORDER_000002283_ITEM_002,ORDER_000002283,PRODUCT_000000242,3,2669.01,8007.03
ORDER_000002284_ITEM_001,ORDER_000002284,PRODUCT_000000281,5,385.35,1926.75
ORDER_000002284_ITEM_002,ORDER_000002284,PRODUCT_000000477,3,130157.67,390473.01
ORDER_000002285_ITEM_001,ORDER_000002285,PRODUCT_000000131,1,8366.73,8366.73
ORDER_000002285_ITEM_002,ORDER_000002285,PRODUCT_000000285,3,59012.72,177038.16
ORDER_000002286_ITEM_001,ORDER_000002286,PRODUCT_000000404,2,2884.96,5769.92
ORDER_000002286_ITEM_002,ORDER_000002286,PRODUCT_000000459,3,5188.95,15566.85
ORDER_000002287_ITEM_001,ORDER_000002287,PRODUCT_000000417,1,2286.08,2286.08
ORDER_000002287_ITEM_002,ORDER_000002287,PRODUCT_000000153,3,1314.83,3944.49
ORDER_000002288_ITEM_001,ORDER_000002288,PRODUCT_000000364,4,87653.60,350614.40
ORDER_000002288_ITEM_002,ORDER_000002288,PRODUCT_000000485,1,123226.74,123226.74
ORDER_000002289_ITEM_001,ORDER_000002289,PRODUCT_000000426,3,14178.77,42536.31
ORDER_000002289_ITEM_002,ORDER_000002289,PRODUCT_000000171,2,212543.08,425086.16
ORDER_000002290_ITEM_001,ORDER_000002290,PRODUCT_000000063,1,16707.24,16707.24
ORDER_000002290_ITEM_002,ORDER_000002290,PRODUCT_000000274,1,145414.87,145414.87
ORDER_000002291_ITEM_001,ORDER_000002291,PRODUCT_000000455,4,5380.81,21523.24
ORDER_000002291_ITEM_002,ORDER_000002291,PRODUCT_000000045,5,35447.12,177235.60
ORDER_000002292_ITEM_001,ORDER_000002292,PRODUCT_000000184,3,120740.28,362220.84
ORDER_000002292_ITEM_002,ORDER_000002292,PRODUCT_000000200,2,22985.98,45971.96
ORDER_000002293_ITEM_001,ORDER_000002293,PRODUCT_000000101,3,1447.61,4342.83
ORDER_000002293_ITEM_002,ORDER_000002293,PRODUCT_000000193,5,1656.01,8280.05
ORDER_000002294_ITEM_001,ORDER_000002294,PRODUCT_000000018,3,54878.11,164634.33
ORDER_000002294_ITEM_002,ORDER_000002294,PRODUCT_000000149,3,500.36,1501.08
ORDER_000002295_ITEM_001,ORDER_000002295,PRODUCT_000000471,1,26176.74,26176.74
ORDER_000002295_ITEM_002,ORDER_000002295,PRODUCT_000000175,2,40112.08,80224.16
ORDER_000002296_ITEM_001,ORDER_000002296,PRODUCT_000000156,2,17875.07,35750.14
ORDER_000002296_ITEM_002,ORDER_000002296,PRODUCT_000000253,3,1399.91,4199.73
ORDER_000002297_ITEM_001,ORDER_000002297,PRODUCT_000000420,4,33996.43,135985.72
ORDER_000002297_ITEM_002,ORDER_000002297,PRODUCT_000000006,5,78496.47,392482.35
ORDER_000002298_ITEM_001,ORDER_000002298,PRODUCT_000000208,1,62048.54,62048.54
ORDER_000002298_ITEM_002,ORDER_000002298,PRODUCT_000000497,2,86756.62,173513.24
ORDER_000002299_ITEM_001,ORDER_000002299,PRODUCT_000000125,1,48262.53,48262.53
ORDER_000002299_ITEM_002,ORDER_000002299,PRODUCT_000000197,3,54944.74,164834.22
ORDER_000002300_ITEM_001,ORDER_000002300,PRODUCT_000000447,1,5903.88,5903.88
ORDER_000002300_ITEM_002,ORDER_000002300,PRODUCT_000000096,2,1255.12,2510.24
ORDER_000002301_ITEM_001,ORDER_000002301,PRODUCT_000000224,4,89554.05,358216.20
ORDER_000002301_ITEM_002,ORDER_000002301,PRODUCT_000000275,4,37395.96,149583.84
ORDER_000002302_ITEM_001,ORDER_000002302,PRODUCT_000000371,3,7881.87,23645.61
ORDER_000002302_ITEM_002,ORDER_000002302,PRODUCT_000000130,5,2919.96,14599.80
ORDER_000002303_ITEM_001,ORDER_000002303,PRODUCT_000000170,1,2022.45,2022.45
ORDER_000002303_ITEM_002,ORDER_000002303,PRODUCT_000000206,5,338.63,1693.15
ORDER_000002304_ITEM_001,ORDER_000002304,PRODUCT_000000252,3,18522.97,55568.91
ORDER_000002304_ITEM_002,ORDER_000002304,PRODUCT_000000379,3,788.70,2366.10
ORDER_000002305_ITEM_001,ORDER_000002305,PRODUCT_000000180,5,131161.69,655808.45
ORDER_000002305_ITEM_002,ORDER_000002305,PRODUCT_000000220,5,5722.11,28610.55
ORDER_000002306_ITEM_001,ORDER_000002306,PRODUCT_000000146,5,1443.25,7216.25
ORDER_000002306_ITEM_002,ORDER_000002306,PRODUCT_000000009,4,51529.17,206116.68
ORDER_000002307_ITEM_001,ORDER_000002307,PRODUCT_000000014,5,31645.32,158226.60
ORDER_000002307_ITEM_002,ORDER_000002307,PRODUCT_000000055,1,77397.64,77397.64
ORDER_000002308_ITEM_001,ORDER_000002308,PRODUCT_000000430,2,56850.26,113700.52
ORDER_000002308_ITEM_002,ORDER_000002308,PRODUCT_000000443,3,1322.46,3967.38
ORDER_000002309_ITEM_001,ORDER_000002309,PRODUCT_000000129,3,109019.55,327058.65
ORDER_000002309_ITEM_002,ORDER_000002309,PRODUCT_000000391,2,21049.94,42099.88
ORDER_000002310_ITEM_001,ORDER_000002310,PRODUCT_000000152,2,1691.46,3382.92
ORDER_000002310_ITEM_002,ORDER_000002310,PRODUCT_000000185,5,30648.96,153244.80
ORDER_000002311_ITEM_001,ORDER_000002311,PRODUCT_000000343,5,62824.31,314121.55
ORDER_000002311_ITEM_002,ORDER_000002311,PRODUCT_000000474,5,690.90,3454.50
ORDER_000002312_ITEM_001,ORDER_000002312,PRODUCT_000000242,4,2669.01,10676.04
ORDER_000002312_ITEM_002,ORDER_000002312,PRODUCT_000000388,1,16147.61,16147.61
ORDER_000002313_ITEM_001,ORDER_000002313,PRODUCT_000000458,3,38414.84,115244.52
ORDER_000002313_ITEM_002,ORDER_000002313,PRODUCT_000000410,1,6005.71,6005.71
ORDER_000002314_ITEM_001,ORDER_000002314,PRODUCT_000000340,3,46977.00,140931.00
ORDER_000002314_ITEM_002,ORDER_000002314,PRODUCT_000000406,5,130798.44,653992.20
ORDER_000002315_ITEM_001,ORDER_000002315,PRODUCT_000000240,4,8842.70,35370.80
ORDER_000002315_ITEM_002,ORDER_000002315,PRODUCT_000000478,1,5870.96,5870.96
ORDER_000002316_ITEM_001,ORDER_000002316,PRODUCT_000000359,2,31351.97,62703.94
ORDER_000002316_ITEM_002,ORDER_000002316,PRODUCT_000000287,5,2545.20,12726.00
ORDER_000002317_ITEM_001,ORDER_000002317,PRODUCT_000000224,2,89554.05,179108.10
ORDER_000002317_ITEM_002,ORDER_000002317,PRODUCT_000000201,3,92050.96,276152.88
ORDER_000002318_ITEM_001,ORDER_000002318,PRODUCT_000000218,1,7029.23,7029.23
ORDER_000002318_ITEM_002,ORDER_000002318,PRODUCT_000000022,2,3619.59,7239.18
ORDER_000002319_ITEM_001,ORDER_000002319,PRODUCT_000000162,5,12519.41,62597.05
ORDER_000002319_ITEM_002,ORDER_000002319,PRODUCT_000000239,4,30240.84,120963.36
ORDER_000002320_ITEM_001,ORDER_000002320,PRODUCT_000000129,3,109019.55,327058.65
ORDER_000002320_ITEM_002,ORDER_000002320,PRODUCT_000000121,1,67658.89,67658.89
ORDER_000002321_ITEM_001,ORDER_000002321,PRODUCT_000000076,3,2000.71,6002.13
ORDER_000002321_ITEM_002,ORDER_000002321,PRODUCT_000000181,5,1727.48,8637.40
ORDER_000002322_ITEM_001,ORDER_000002322,PRODUCT_000000472,5,2444.82,12224.10
ORDER_000002322_ITEM_002,ORDER_000002322,PRODUCT_000000057,2,181686.00,363372.00
ORDER_000002323_ITEM_001,ORDER_000002323,PRODUCT_000000142,3,77646.41,232939.23
ORDER_000002323_ITEM_002,ORDER_000002323,PRODUCT_000000207,1,551.65,551.65
ORDER_000002324_ITEM_001,ORDER_000002324,PRODUCT_000000458,1,38414.84,38414.84
ORDER_000002324_ITEM_002,ORDER_000002324,PRODUCT_000000048,3,71251.17,213753.51
ORDER_000002325_ITEM_001,ORDER_000002325,PRODUCT_000000111,5,5144.89,25724.45
ORDER_000002325_ITEM_002,ORDER_000002325,PRODUCT_000000342,3,63802.09,191406.27
ORDER_000002326_ITEM_001,ORDER_000002326,PRODUCT_000000015,4,140055.39,560221.56
ORDER_000002326_ITEM_002,ORDER_000002326,PRODUCT_000000261,5,26099.88,130499.40
ORDER_000002327_ITEM_001,ORDER_000002327,PRODUCT_000000128,2,10367.22,20734.44
ORDER_000002327_ITEM_002,ORDER_000002327,PRODUCT_000000343,5,62824.31,314121.55
ORDER_000002328_ITEM_001,ORDER_000002328,PRODUCT_000000452,5,66502.26,332511.30
ORDER_000002328_ITEM_002,ORDER_000002328,PRODUCT_000000252,3,18522.97,55568.91
ORDER_000002329_ITEM_001,ORDER_000002329,PRODUCT_000000134,5,2948.45,14742.25
ORDER_000002329_ITEM_002,ORDER_000002329,PRODUCT_000000208,1,62048.54,62048.54
ORDER_000002330_ITEM_001,ORDER_000002330,PRODUCT_000000152,4,1691.46,6765.84
ORDER_000002330_ITEM_002,ORDER_000002330,PRODUCT_000000317,5,5032.06,25160.30
ORDER_000002331_ITEM_001,ORDER_000002331,PRODUCT_000000485,3,123226.74,369680.22
ORDER_000002331_ITEM_002,ORDER_000002331,PRODUCT_000000364,4,87653.60,350614.40
ORDER_000002332_ITEM_001,ORDER_000002332,PRODUCT_000000077,5,77023.77,385118.85
ORDER_000002332_ITEM_002,ORDER_000002332,PRODUCT_000000413,3,782.86,2348.58
ORDER_000002333_ITEM_001,ORDER_000002333,PRODUCT_000000044,3,24208.61,72625.83
ORDER_000002333_ITEM_002,ORDER_000002333,PRODUCT_000000297,1,6305.72,6305.72
ORDER_000002334_ITEM_001,ORDER_000002334,PRODUCT_000000344,1,108319.93,108319.93
ORDER_000002334_ITEM_002,ORDER_000002334,PRODUCT_000000047,3,13490.87,40472.61
ORDER_000002335_ITEM_001,ORDER_000002335,PRODUCT_000000036,4,49982.53,199930.12
ORDER_000002335_ITEM_002,ORDER_000002335,PRODUCT_000000071,5,27899.72,139498.60
ORDER_000002336_ITEM_001,ORDER_000002336,PRODUCT_000000187,3,1398.69,4196.07
ORDER_000002336_ITEM_002,ORDER_000002336,PRODUCT_000000183,3,39378.79,118136.37
ORDER_000002337_ITEM_001,ORDER_000002337,PRODUCT_000000187,2,1398.69,2797.38
ORDER_000002337_ITEM_002,ORDER_000002337,PRODUCT_000000200,2,22985.98,45971.96
ORDER_000002338_ITEM_001,ORDER_000002338,PRODUCT_000000203,4,131189.59,524758.36
ORDER_000002338_ITEM_002,ORDER_000002338,PRODUCT_000000406,2,130798.44,261596.88
ORDER_000002339_ITEM_001,ORDER_000002339,PRODUCT_000000418,2,3679.29,7358.58
ORDER_000002339_ITEM_002,ORDER_000002339,PRODUCT_000000119,1,10653.04,10653.04
ORDER_000002340_ITEM_001,ORDER_000002340,PRODUCT_000000163,4,21213.87,84855.48
ORDER_000002340_ITEM_002,ORDER_000002340,PRODUCT_000000439,3,72153.89,216461.67
ORDER_000002341_ITEM_001,ORDER_000002341,PRODUCT_000000490,3,5004.64,15013.92
ORDER_000002341_ITEM_002,ORDER_000002341,PRODUCT_000000193,3,1656.01,4968.03
ORDER_000002342_ITEM_001,ORDER_000002342,PRODUCT_000000323,5,111157.95,555789.75
ORDER_000002342_ITEM_002,ORDER_000002342,PRODUCT_000000276,5,6006.43,30032.15
ORDER_000002343_ITEM_001,ORDER_000002343,PRODUCT_000000176,2,498.75,997.50
ORDER_000002343_ITEM_002,ORDER_000002343,PRODUCT_000000063,4,16707.24,66828.96
ORDER_000002344_ITEM_001,ORDER_000002344,PRODUCT_000000482,2,1961.27,3922.54
ORDER_000002344_ITEM_002,ORDER_000002344,PRODUCT_000000038,3,5864.01,17592.03
ORDER_000002345_ITEM_001,ORDER_000002345,PRODUCT_000000443,1,1322.46,1322.46
ORDER_000002345_ITEM_002,ORDER_000002345,PRODUCT_000000087,2,55215.64,110431.28
ORDER_000002346_ITEM_001,ORDER_000002346,PRODUCT_000000189,2,2291.77,4583.54
ORDER_000002346_ITEM_002,ORDER_000002346,PRODUCT_000000012,5,116699.02,583495.10
ORDER_000002347_ITEM_001,ORDER_000002347,PRODUCT_000000339,4,14282.13,57128.52
ORDER_000002347_ITEM_002,ORDER_000002347,PRODUCT_000000082,4,904.37,3617.48
ORDER_000002348_ITEM_001,ORDER_000002348,PRODUCT_000000130,4,2919.96,11679.84
ORDER_000002348_ITEM_002,ORDER_000002348,PRODUCT_000000212,4,10759.26,43037.04
ORDER_000002349_ITEM_001,ORDER_000002349,PRODUCT_000000484,4,54819.53,219278.12
ORDER_000002349_ITEM_002,ORDER_000002349,PRODUCT_000000203,4,131189.59,524758.36
ORDER_000002350_ITEM_001,ORDER_000002350,PRODUCT_000000388,2,16147.61,32295.22
ORDER_000002350_ITEM_002,ORDER_000002350,PRODUCT_000000497,3,86756.62,260269.86
ORDER_000002351_ITEM_001,ORDER_000002351,PRODUCT_000000326,5,12706.30,63531.50
ORDER_000002351_ITEM_002,ORDER_000002351,PRODUCT_000000185,4,30648.96,122595.84
ORDER_000002352_ITEM_001,ORDER_000002352,PRODUCT_000000328,5,95553.61,477768.05
ORDER_000002352_ITEM_002,ORDER_000002352,PRODUCT_000000031,4,223997.16,895988.64
ORDER_000002353_ITEM_001,ORDER_000002353,PRODUCT_000000296,3,105785.14,317355.42
ORDER_000002353_ITEM_002,ORDER_000002353,PRODUCT_000000483,4,11174.40,44697.60
ORDER_000002354_ITEM_001,ORDER_000002354,PRODUCT_000000353,2,761.53,1523.06
ORDER_000002354_ITEM_002,ORDER_000002354,PRODUCT_000000244,1,13044.75,13044.75
ORDER_000002355_ITEM_001,ORDER_000002355,PRODUCT_000000199,1,48433.40,48433.40
ORDER_000002355_ITEM_002,ORDER_000002355,PRODUCT_000000229,1,12881.53,12881.53
ORDER_000002356_ITEM_001,ORDER_000002356,PRODUCT_000000282,1,114133.14,114133.14
ORDER_000002356_ITEM_002,ORDER_000002356,PRODUCT_000000277,4,11671.40,46685.60
ORDER_000002357_ITEM_001,ORDER_000002357,PRODUCT_000000161,1,684.54,684.54
ORDER_000002357_ITEM_002,ORDER_000002357,PRODUCT_000000046,4,3078.68,12314.72
ORDER_000002358_ITEM_001,ORDER_000002358,PRODUCT_000000058,3,20181.60,60544.80
ORDER_000002358_ITEM_002,ORDER_000002358,PRODUCT_000000165,1,91589.22,91589.22
ORDER_000002359_ITEM_001,ORDER_000002359,PRODUCT_000000470,1,1763.05,1763.05
ORDER_000002359_ITEM_002,ORDER_000002359,PRODUCT_000000209,5,4970.11,24850.55
ORDER_000002360_ITEM_001,ORDER_000002360,PRODUCT_000000443,5,1322.46,6612.30
ORDER_000002360_ITEM_002,ORDER_000002360,PRODUCT_000000137,4,2720.00,10880.00
ORDER_000002361_ITEM_001,ORDER_000002361,PRODUCT_000000322,1,6422.03,6422.03
ORDER_000002361_ITEM_002,ORDER_000002361,PRODUCT_000000346,5,90006.80,450034.00
ORDER_000002362_ITEM_001,ORDER_000002362,PRODUCT_000000458,2,38414.84,76829.68
ORDER_000002362_ITEM_002,ORDER_000002362,PRODUCT_000000436,5,39362.73,196813.65
ORDER_000002363_ITEM_001,ORDER_000002363,PRODUCT_000000062,3,5183.35,15550.05
ORDER_000002363_ITEM_002,ORDER_000002363,PRODUCT_000000088,2,4393.00,8786.00
ORDER_000002364_ITEM_001,ORDER_000002364,PRODUCT_000000414,3,57878.53,173635.59
ORDER_000002364_ITEM_002,ORDER_000002364,PRODUCT_000000447,1,5903.88,5903.88
ORDER_000002365_ITEM_001,ORDER_000002365,PRODUCT_000000300,5,3971.91,19859.55
ORDER_000002365_ITEM_002,ORDER_000002365,PRODUCT_000000128,1,10367.22,10367.22
ORDER_000002366_ITEM_001,ORDER_000002366,PRODUCT_000000336,1,9981.53,9981.53
ORDER_000002366_ITEM_002,ORDER_000002366,PRODUCT_000000298,5,335.33,1676.65
ORDER_000002367_ITEM_001,ORDER_000002367,PRODUCT_000000279,1,1444.98,1444.98
ORDER_000002367_ITEM_002,ORDER_000002367,PRODUCT_000000177,3,29457.82,88373.46
ORDER_000002368_ITEM_001,ORDER_000002368,PRODUCT_000000067,3,14987.74,44963.22
ORDER_000002368_ITEM_002,ORDER_000002368,PRODUCT_000000012,5,116699.02,583495.10
ORDER_000002369_ITEM_001,ORDER_000002369,PRODUCT_000000171,3,212543.08,637629.24
ORDER_000002369_ITEM_002,ORDER_000002369,PRODUCT_000000223,5,3175.58,15877.90
ORDER_000002370_ITEM_001,ORDER_000002370,PRODUCT_000000034,4,3282.53,13130.12
ORDER_000002370_ITEM_002,ORDER_000002370,PRODUCT_000000421,3,26929.93,80789.79
ORDER_000002371_ITEM_001,ORDER_000002371,PRODUCT_000000292,4,16024.87,64099.48
ORDER_000002371_ITEM_002,ORDER_000002371,PRODUCT_000000408,2,291.08,582.16
ORDER_000002372_ITEM_001,ORDER_000002372,PRODUCT_000000216,2,189337.30,378674.60
ORDER_000002372_ITEM_002,ORDER_000002372,PRODUCT_000000231,4,15947.02,63788.08
ORDER_000002373_ITEM_001,ORDER_000002373,PRODUCT_000000316,2,7149.36,14298.72
ORDER_000002373_ITEM_002,ORDER_000002373,PRODUCT_000000102,5,81407.93,407039.65
ORDER_000002374_ITEM_001,ORDER_000002374,PRODUCT_000000010,4,2629.61,10518.44
ORDER_000002374_ITEM_002,ORDER_000002374,PRODUCT_000000443,1,1322.46,1322.46
ORDER_000002375_ITEM_001,ORDER_000002375,PRODUCT_000000364,5,87653.60,438268.00
ORDER_000002375_ITEM_002,ORDER_000002375,PRODUCT_000000183,4,39378.79,157515.16
ORDER_000002376_ITEM_001,ORDER_000002376,PRODUCT_000000114,5,140563.09,702815.45
ORDER_000002376_ITEM_002,ORDER_000002376,PRODUCT_000000343,5,62824.31,314121.55
ORDER_000002377_ITEM_001,ORDER_000002377,PRODUCT_000000293,5,68391.63,341958.15
ORDER_000002377_ITEM_002,ORDER_000002377,PRODUCT_000000234,1,8118.02,8118.02
ORDER_000002378_ITEM_001,ORDER_000002378,PRODUCT_000000153,4,1314.83,5259.32
ORDER_000002378_ITEM_002,ORDER_000002378,PRODUCT_000000212,3,10759.26,32277.78
ORDER_000002379_ITEM_001,ORDER_000002379,PRODUCT_000000244,4,13044.75,52179.00
ORDER_000002379_ITEM_002,ORDER_000002379,PRODUCT_000000365,1,1131.39,1131.39
ORDER_000002380_ITEM_001,ORDER_000002380,PRODUCT_000000327,4,10245.94,40983.76
ORDER_000002380_ITEM_002,ORDER_000002380,PRODUCT_000000164,1,63385.92,63385.92
ORDER_000002381_ITEM_001,ORDER_000002381,PRODUCT_000000492,4,1512.08,6048.32
ORDER_000002381_ITEM_002,ORDER_000002381,PRODUCT_000000179,5,16969.41,84847.05
ORDER_000002382_ITEM_001,ORDER_000002382,PRODUCT_000000196,5,713.24,3566.20
ORDER_000002382_ITEM_002,ORDER_000002382,PRODUCT_000000210,4,961.15,3844.60
ORDER_000002383_ITEM_001,ORDER_000002383,PRODUCT_000000391,4,21049.94,84199.76
ORDER_000002383_ITEM_002,ORDER_000002383,PRODUCT_000000406,5,130798.44,653992.20
ORDER_000002384_ITEM_001,ORDER_000002384,PRODUCT_000000191,4,936.27,3745.08
ORDER_000002384_ITEM_002,ORDER_000002384,PRODUCT_000000347,4,424.29,1697.16
ORDER_000002385_ITEM_001,ORDER_000002385,PRODUCT_000000108,3,3286.97,9860.91
ORDER_000002385_ITEM_002,ORDER_000002385,PRODUCT_000000193,2,1656.01,3312.02
ORDER_000002386_ITEM_001,ORDER_000002386,PRODUCT_000000056,5,1746.83,8734.15
ORDER_000002386_ITEM_002,ORDER_000002386,PRODUCT_000000059,4,96024.22,384096.88
ORDER_000002387_ITEM_001,ORDER_000002387,PRODUCT_000000435,4,66739.12,266956.48
ORDER_000002387_ITEM_002,ORDER_000002387,PRODUCT_000000479,2,436.69,873.38
ORDER_000002388_ITEM_001,ORDER_000002388,PRODUCT_000000481,1,242.93,242.93
ORDER_000002388_ITEM_002,ORDER_000002388,PRODUCT_000000303,3,28560.91,85682.73
ORDER_000002389_ITEM_001,ORDER_000002389,PRODUCT_000000286,2,18315.20,36630.40
ORDER_000002389_ITEM_002,ORDER_000002389,PRODUCT_000000069,4,4621.50,18486.00
ORDER_000002390_ITEM_001,ORDER_000002390,PRODUCT_000000243,3,14614.47,43843.41
ORDER_000002390_ITEM_002,ORDER_000002390,PRODUCT_000000036,1,49982.53,49982.53
ORDER_000002391_ITEM_001,ORDER_000002391,PRODUCT_000000289,1,66663.17,66663.17
ORDER_000002391_ITEM_002,ORDER_000002391,PRODUCT_000000466,3,7087.91,21263.73
ORDER_000002392_ITEM_001,ORDER_000002392,PRODUCT_000000012,2,116699.02,233398.04
ORDER_000002392_ITEM_002,ORDER_000002392,PRODUCT_000000469,1,4611.19,4611.19
ORDER_000002393_ITEM_001,ORDER_000002393,PRODUCT_000000377,2,11772.95,23545.90
ORDER_000002393_ITEM_002,ORDER_000002393,PRODUCT_000000113,4,13504.86,54019.44
ORDER_000002394_ITEM_001,ORDER_000002394,PRODUCT_000000379,2,788.70,1577.40
ORDER_000002394_ITEM_002,ORDER_000002394,PRODUCT_000000368,4,9454.76,37819.04
ORDER_000002395_ITEM_001,ORDER_000002395,PRODUCT_000000337,2,3208.91,6417.82
ORDER_000002395_ITEM_002,ORDER_000002395,PRODUCT_000000390,3,36528.52,109585.56
ORDER_000002396_ITEM_001,ORDER_000002396,PRODUCT_000000047,3,13490.87,40472.61
ORDER_000002396_ITEM_002,ORDER_000002396,PRODUCT_000000344,2,108319.93,216639.86
ORDER_000002397_ITEM_001,ORDER_000002397,PRODUCT_000000198,5,53251.57,266257.85
ORDER_000002397_ITEM_002,ORDER_000002397,PRODUCT_000000166,4,6151.35,24605.40
ORDER_000002398_ITEM_001,ORDER_000002398,PRODUCT_000000438,2,40311.65,80623.30
ORDER_000002398_ITEM_002,ORDER_000002398,PRODUCT_000000021,4,2952.32,11809.28
ORDER_000002399_ITEM_001,ORDER_000002399,PRODUCT_000000417,5,2286.08,11430.40
ORDER_000002399_ITEM_002,ORDER_000002399,PRODUCT_000000461,1,66176.77,66176.77
ORDER_000002400_ITEM_001,ORDER_000002400,PRODUCT_000000128,4,10367.22,41468.88
ORDER_000002400_ITEM_002,ORDER_000002400,PRODUCT_000000413,2,782.86,1565.72
ORDER_000002401_ITEM_001,ORDER_000002401,PRODUCT_000000077,1,77023.77,77023.77
ORDER_000002401_ITEM_002,ORDER_000002401,PRODUCT_000000452,1,66502.26,66502.26
ORDER_000002402_ITEM_001,ORDER_000002402,PRODUCT_000000431,3,28619.97,85859.91
ORDER_000002402_ITEM_002,ORDER_000002402,PRODUCT_000000045,3,35447.12,106341.36
ORDER_000002403_ITEM_001,ORDER_000002403,PRODUCT_000000017,2,17512.73,35025.46
ORDER_000002403_ITEM_002,ORDER_000002403,PRODUCT_000000274,2,145414.87,290829.74
ORDER_000002404_ITEM_001,ORDER_000002404,PRODUCT_000000176,2,498.75,997.50
ORDER_000002404_ITEM_002,ORDER_000002404,PRODUCT_000000216,1,189337.30,189337.30
ORDER_000002405_ITEM_001,ORDER_000002405,PRODUCT_000000282,3,114133.14,342399.42
ORDER_000002405_ITEM_002,ORDER_000002405,PRODUCT_000000343,5,62824.31,314121.55
ORDER_000002406_ITEM_001,ORDER_000002406,PRODUCT_000000262,1,34449.06,34449.06
ORDER_000002406_ITEM_002,ORDER_000002406,PRODUCT_000000206,1,338.63,338.63
ORDER_000002407_ITEM_001,ORDER_000002407,PRODUCT_000000230,5,104957.16,524785.80
ORDER_000002407_ITEM_002,ORDER_000002407,PRODUCT_000000290,3,32348.76,97046.28
ORDER_000002408_ITEM_001,ORDER_000002408,PRODUCT_000000025,5,1480.92,7404.60
ORDER_000002408_ITEM_002,ORDER_000002408,PRODUCT_000000172,4,4761.64,19046.56
ORDER_000002409_ITEM_001,ORDER_000002409,PRODUCT_000000146,5,1443.25,7216.25
ORDER_000002409_ITEM_002,ORDER_000002409,PRODUCT_000000248,3,6350.16,19050.48
ORDER_000002410_ITEM_001,ORDER_000002410,PRODUCT_000000368,4,9454.76,37819.04
ORDER_000002410_ITEM_002,ORDER_000002410,PRODUCT_000000133,2,107202.22,214404.44
ORDER_000002411_ITEM_001,ORDER_000002411,PRODUCT_000000347,5,424.29,2121.45
ORDER_000002411_ITEM_002,ORDER_000002411,PRODUCT_000000140,5,2815.66,14078.30
ORDER_000002412_ITEM_001,ORDER_000002412,PRODUCT_000000279,2,1444.98,2889.96
ORDER_000002412_ITEM_002,ORDER_000002412,PRODUCT_000000171,2,212543.08,425086.16
ORDER_000002413_ITEM_001,ORDER_000002413,PRODUCT_000000199,1,48433.40,48433.40
ORDER_000002413_ITEM_002,ORDER_000002413,PRODUCT_000000325,1,4259.98,4259.98
ORDER_000002414_ITEM_001,ORDER_000002414,PRODUCT_000000020,3,4087.52,12262.56
ORDER_000002414_ITEM_002,ORDER_000002414,PRODUCT_000000282,2,114133.14,228266.28
ORDER_000002415_ITEM_001,ORDER_000002415,PRODUCT_000000414,3,57878.53,173635.59
ORDER_000002415_ITEM_002,ORDER_000002415,PRODUCT_000000195,4,3974.21,15896.84
ORDER_000002416_ITEM_001,ORDER_000002416,PRODUCT_000000127,3,47505.08,142515.24
ORDER_000002416_ITEM_002,ORDER_000002416,PRODUCT_000000298,2,335.33,670.66
ORDER_000002417_ITEM_001,ORDER_000002417,PRODUCT_000000483,5,11174.40,55872.00
ORDER_000002417_ITEM_002,ORDER_000002417,PRODUCT_000000127,2,47505.08,95010.16
ORDER_000002418_ITEM_001,ORDER_000002418,PRODUCT_000000337,3,3208.91,9626.73
ORDER_000002418_ITEM_002,ORDER_000002418,PRODUCT_000000112,2,20260.19,40520.38
ORDER_000002419_ITEM_001,ORDER_000002419,PRODUCT_000000086,1,8488.74,8488.74
ORDER_000002419_ITEM_002,ORDER_000002419,PRODUCT_000000110,1,7868.39,7868.39
ORDER_000002420_ITEM_001,ORDER_000002420,PRODUCT_000000478,1,5870.96,5870.96
ORDER_000002420_ITEM_002,ORDER_000002420,PRODUCT_000000361,5,2902.94,14514.70
ORDER_000002421_ITEM_001,ORDER_000002421,PRODUCT_000000033,5,84979.83,424899.15
ORDER_000002421_ITEM_002,ORDER_000002421,PRODUCT_000000425,4,3973.74,15894.96
ORDER_000002422_ITEM_001,ORDER_000002422,PRODUCT_000000126,4,23808.94,95235.76
ORDER_000002422_ITEM_002,ORDER_000002422,PRODUCT_000000234,5,8118.02,40590.10
ORDER_000002423_ITEM_001,ORDER_000002423,PRODUCT_000000169,1,1720.94,1720.94
ORDER_000002423_ITEM_002,ORDER_000002423,PRODUCT_000000348,1,511.50,511.50
ORDER_000002424_ITEM_001,ORDER_000002424,PRODUCT_000000153,5,1314.83,6574.15
ORDER_000002424_ITEM_002,ORDER_000002424,PRODUCT_000000312,2,508.37,1016.74
ORDER_000002425_ITEM_001,ORDER_000002425,PRODUCT_000000375,4,2168.98,8675.92
ORDER_000002425_ITEM_002,ORDER_000002425,PRODUCT_000000379,2,788.70,1577.40
ORDER_000002426_ITEM_001,ORDER_000002426,PRODUCT_000000193,1,1656.01,1656.01
ORDER_000002426_ITEM_002,ORDER_000002426,PRODUCT_000000057,1,181686.00,181686.00
ORDER_000002427_ITEM_001,ORDER_000002427,PRODUCT_000000108,5,3286.97,16434.85
ORDER_000002427_ITEM_002,ORDER_000002427,PRODUCT_000000262,3,34449.06,103347.18
ORDER_000002428_ITEM_001,ORDER_000002428,PRODUCT_000000080,3,8444.99,25334.97
ORDER_000002428_ITEM_002,ORDER_000002428,PRODUCT_000000033,5,84979.83,424899.15
ORDER_000002429_ITEM_001,ORDER_000002429,PRODUCT_000000428,5,180920.89,904604.45
ORDER_000002429_ITEM_002,ORDER_000002429,PRODUCT_000000104,3,42385.77,127157.31
ORDER_000002430_ITEM_001,ORDER_000002430,PRODUCT_000000069,5,4621.50,23107.50
ORDER_000002430_ITEM_002,ORDER_000002430,PRODUCT_000000170,4,2022.45,8089.80
ORDER_000002431_ITEM_001,ORDER_000002431,PRODUCT_000000267,2,451.33,902.66
ORDER_000002431_ITEM_002,ORDER_000002431,PRODUCT_000000152,4,1691.46,6765.84
ORDER_000002432_ITEM_001,ORDER_000002432,PRODUCT_000000231,3,15947.02,47841.06
ORDER_000002432_ITEM_002,ORDER_000002432,PRODUCT_000000401,3,1258.44,3775.32
ORDER_000002433_ITEM_001,ORDER_000002433,PRODUCT_000000015,3,140055.39,420166.17
ORDER_000002433_ITEM_002,ORDER_000002433,PRODUCT_000000490,4,5004.64,20018.56
ORDER_000002434_ITEM_001,ORDER_000002434,PRODUCT_000000439,3,72153.89,216461.67
ORDER_000002434_ITEM_002,ORDER_000002434,PRODUCT_000000307,5,8253.54,41267.70
ORDER_000002435_ITEM_001,ORDER_000002435,PRODUCT_000000309,5,281.12,1405.60
ORDER_000002435_ITEM_002,ORDER_000002435,PRODUCT_000000287,1,2545.20,2545.20
ORDER_000002436_ITEM_001,ORDER_000002436,PRODUCT_000000014,3,31645.32,94935.96
ORDER_000002436_ITEM_002,ORDER_000002436,PRODUCT_000000046,5,3078.68,15393.40
ORDER_000002437_ITEM_001,ORDER_000002437,PRODUCT_000000334,2,921.24,1842.48
ORDER_000002437_ITEM_002,ORDER_000002437,PRODUCT_000000086,3,8488.74,25466.22
ORDER_000002438_ITEM_001,ORDER_000002438,PRODUCT_000000042,5,81949.03,409745.15
ORDER_000002438_ITEM_002,ORDER_000002438,PRODUCT_000000284,1,25462.80,25462.80
ORDER_000002439_ITEM_001,ORDER_000002439,PRODUCT_000000268,5,230.02,1150.10
ORDER_000002439_ITEM_002,ORDER_000002439,PRODUCT_000000103,5,63093.38,315466.90
ORDER_000002440_ITEM_001,ORDER_000002440,PRODUCT_000000146,3,1443.25,4329.75
ORDER_000002440_ITEM_002,ORDER_000002440,PRODUCT_000000072,5,7200.43,36002.15
ORDER_000002441_ITEM_001,ORDER_000002441,PRODUCT_000000451,4,557.23,2228.92
ORDER_000002441_ITEM_002,ORDER_000002441,PRODUCT_000000287,1,2545.20,2545.20
ORDER_000002442_ITEM_001,ORDER_000002442,PRODUCT_000000139,2,955.15,1910.30
ORDER_000002442_ITEM_002,ORDER_000002442,PRODUCT_000000011,3,5081.83,15245.49
ORDER_000002443_ITEM_001,ORDER_000002443,PRODUCT_000000107,2,835.56,1671.12
ORDER_000002443_ITEM_002,ORDER_000002443,PRODUCT_000000047,5,13490.87,67454.35
ORDER_000002444_ITEM_001,ORDER_000002444,PRODUCT_000000159,5,40197.32,200986.60
ORDER_000002444_ITEM_002,ORDER_000002444,PRODUCT_000000113,1,13504.86,13504.86
ORDER_000002445_ITEM_001,ORDER_000002445,PRODUCT_000000421,2,26929.93,53859.86
ORDER_000002445_ITEM_002,ORDER_000002445,PRODUCT_000000385,3,2562.52,7687.56
ORDER_000002446_ITEM_001,ORDER_000002446,PRODUCT_000000344,2,108319.93,216639.86
ORDER_000002446_ITEM_002,ORDER_000002446,PRODUCT_000000390,5,36528.52,182642.60
ORDER_000002447_ITEM_001,ORDER_000002447,PRODUCT_000000124,4,2352.93,9411.72
ORDER_000002447_ITEM_002,ORDER_000002447,PRODUCT_000000468,4,11339.62,45358.48
ORDER_000002448_ITEM_001,ORDER_000002448,PRODUCT_000000208,3,62048.54,186145.62
ORDER_000002448_ITEM_002,ORDER_000002448,PRODUCT_000000105,3,630.25,1890.75
ORDER_000002449_ITEM_001,ORDER_000002449,PRODUCT_000000260,5,2417.05,12085.25
ORDER_000002449_ITEM_002,ORDER_000002449,PRODUCT_000000488,3,7299.35,21898.05
ORDER_000002450_ITEM_001,ORDER_000002450,PRODUCT_000000458,3,38414.84,115244.52
ORDER_000002450_ITEM_002,ORDER_000002450,PRODUCT_000000406,4,130798.44,523193.76
ORDER_000002451_ITEM_001,ORDER_000002451,PRODUCT_000000053,5,120555.53,602777.65
ORDER_000002451_ITEM_002,ORDER_000002451,PRODUCT_000000016,2,71215.48,142430.96
ORDER_000002452_ITEM_001,ORDER_000002452,PRODUCT_000000445,3,957.74,2873.22
ORDER_000002452_ITEM_002,ORDER_000002452,PRODUCT_000000477,2,130157.67,260315.34
ORDER_000002453_ITEM_001,ORDER_000002453,PRODUCT_000000183,4,39378.79,157515.16
ORDER_000002453_ITEM_002,ORDER_000002453,PRODUCT_000000468,2,11339.62,22679.24
ORDER_000002454_ITEM_001,ORDER_000002454,PRODUCT_000000051,2,45102.28,90204.56
ORDER_000002454_ITEM_002,ORDER_000002454,PRODUCT_000000067,4,14987.74,59950.96
ORDER_000002455_ITEM_001,ORDER_000002455,PRODUCT_000000325,2,4259.98,8519.96
ORDER_000002455_ITEM_002,ORDER_000002455,PRODUCT_000000154,3,17743.63,53230.89
ORDER_000002456_ITEM_001,ORDER_000002456,PRODUCT_000000046,3,3078.68,9236.04
ORDER_000002456_ITEM_002,ORDER_000002456,PRODUCT_000000418,4,3679.29,14717.16
ORDER_000002457_ITEM_001,ORDER_000002457,PRODUCT_000000072,4,7200.43,28801.72
ORDER_000002457_ITEM_002,ORDER_000002457,PRODUCT_000000008,1,113431.81,113431.81
ORDER_000002458_ITEM_001,ORDER_000002458,PRODUCT_000000116,1,108578.88,108578.88
ORDER_000002458_ITEM_002,ORDER_000002458,PRODUCT_000000480,2,4616.48,9232.96
ORDER_000002459_ITEM_001,ORDER_000002459,PRODUCT_000000111,1,5144.89,5144.89
ORDER_000002459_ITEM_002,ORDER_000002459,PRODUCT_000000495,1,111322.66,111322.66
ORDER_000002460_ITEM_001,ORDER_000002460,PRODUCT_000000037,5,28745.87,143729.35
ORDER_000002460_ITEM_002,ORDER_000002460,PRODUCT_000000214,3,37438.96,112316.88
ORDER_000002461_ITEM_001,ORDER_000002461,PRODUCT_000000411,3,261.77,785.31
ORDER_000002461_ITEM_002,ORDER_000002461,PRODUCT_000000480,3,4616.48,13849.44
ORDER_000002462_ITEM_001,ORDER_000002462,PRODUCT_000000431,4,28619.97,114479.88
ORDER_000002462_ITEM_002,ORDER_000002462,PRODUCT_000000307,5,8253.54,41267.70
ORDER_000002463_ITEM_001,ORDER_000002463,PRODUCT_000000335,3,7748.73,23246.19
ORDER_000002463_ITEM_002,ORDER_000002463,PRODUCT_000000368,2,9454.76,18909.52
ORDER_000002464_ITEM_001,ORDER_000002464,PRODUCT_000000370,5,3741.06,18705.30
ORDER_000002464_ITEM_002,ORDER_000002464,PRODUCT_000000096,3,1255.12,3765.36
ORDER_000002465_ITEM_001,ORDER_000002465,PRODUCT_000000419,4,1633.27,6533.08
ORDER_000002465_ITEM_002,ORDER_000002465,PRODUCT_000000226,3,2585.73,7757.19
ORDER_000002466_ITEM_001,ORDER_000002466,PRODUCT_000000309,3,281.12,843.36
ORDER_000002466_ITEM_002,ORDER_000002466,PRODUCT_000000052,3,175783.69,527351.07
ORDER_000002467_ITEM_001,ORDER_000002467,PRODUCT_000000428,1,180920.89,180920.89
ORDER_000002467_ITEM_002,ORDER_000002467,PRODUCT_000000115,5,1102.21,5511.05
ORDER_000002468_ITEM_001,ORDER_000002468,PRODUCT_000000113,2,13504.86,27009.72
ORDER_000002468_ITEM_002,ORDER_000002468,PRODUCT_000000076,3,2000.71,6002.13
ORDER_000002469_ITEM_001,ORDER_000002469,PRODUCT_000000086,2,8488.74,16977.48
ORDER_000002469_ITEM_002,ORDER_000002469,PRODUCT_000000160,2,243.20,486.40
ORDER_000002470_ITEM_001,ORDER_000002470,PRODUCT_000000227,4,51780.80,207123.20
ORDER_000002470_ITEM_002,ORDER_000002470,PRODUCT_000000434,3,1900.67,5702.01
ORDER_000002471_ITEM_001,ORDER_000002471,PRODUCT_000000237,4,40793.49,163173.96
ORDER_000002471_ITEM_002,ORDER_000002471,PRODUCT_000000288,5,105802.00,529010.00
ORDER_000002472_ITEM_001,ORDER_000002472,PRODUCT_000000462,1,87564.19,87564.19
ORDER_000002472_ITEM_002,ORDER_000002472,PRODUCT_000000462,5,87564.19,437820.95
ORDER_000002473_ITEM_001,ORDER_000002473,PRODUCT_000000130,3,2919.96,8759.88
ORDER_000002473_ITEM_002,ORDER_000002473,PRODUCT_000000056,5,1746.83,8734.15
ORDER_000002474_ITEM_001,ORDER_000002474,PRODUCT_000000446,1,2878.87,2878.87
ORDER_000002474_ITEM_002,ORDER_000002474,PRODUCT_000000329,2,9319.38,18638.76
ORDER_000002475_ITEM_001,ORDER_000002475,PRODUCT_000000060,3,61306.51,183919.53
ORDER_000002475_ITEM_002,ORDER_000002475,PRODUCT_000000075,5,13044.69,65223.45
ORDER_000002476_ITEM_001,ORDER_000002476,PRODUCT_000000328,5,95553.61,477768.05
ORDER_000002476_ITEM_002,ORDER_000002476,PRODUCT_000000319,2,52057.41,104114.82
ORDER_000002477_ITEM_001,ORDER_000002477,PRODUCT_000000042,3,81949.03,245847.09
ORDER_000002477_ITEM_002,ORDER_000002477,PRODUCT_000000025,4,1480.92,5923.68
ORDER_000002478_ITEM_001,ORDER_000002478,PRODUCT_000000304,1,12926.90,12926.90
ORDER_000002478_ITEM_002,ORDER_000002478,PRODUCT_000000304,1,12926.90,12926.90
ORDER_000002479_ITEM_001,ORDER_000002479,PRODUCT_000000349,5,2148.69,10743.45
ORDER_000002479_ITEM_002,ORDER_000002479,PRODUCT_000000372,1,55828.82,55828.82
ORDER_000002480_ITEM_001,ORDER_000002480,PRODUCT_000000180,5,131161.69,655808.45
ORDER_000002480_ITEM_002,ORDER_000002480,PRODUCT_000000029,1,2844.42,2844.42
ORDER_000002481_ITEM_001,ORDER_000002481,PRODUCT_000000495,1,111322.66,111322.66
ORDER_000002481_ITEM_002,ORDER_000002481,PRODUCT_000000204,3,502.82,1508.46
ORDER_000002482_ITEM_001,ORDER_000002482,PRODUCT_000000407,3,71009.01,213027.03
ORDER_000002482_ITEM_002,ORDER_000002482,PRODUCT_000000151,3,77780.21,233340.63
ORDER_000002483_ITEM_001,ORDER_000002483,PRODUCT_000000461,2,66176.77,132353.54
ORDER_000002483_ITEM_002,ORDER_000002483,PRODUCT_000000214,4,37438.96,149755.84
ORDER_000002484_ITEM_001,ORDER_000002484,PRODUCT_000000478,3,5870.96,17612.88
ORDER_000002484_ITEM_002,ORDER_000002484,PRODUCT_000000317,1,5032.06,5032.06
ORDER_000002485_ITEM_001,ORDER_000002485,PRODUCT_000000094,4,159079.65,636318.60
ORDER_000002485_ITEM_002,ORDER_000002485,PRODUCT_000000155,4,37803.93,151215.72
ORDER_000002486_ITEM_001,ORDER_000002486,PRODUCT_000000044,3,24208.61,72625.83
ORDER_000002486_ITEM_002,ORDER_000002486,PRODUCT_000000129,3,109019.55,327058.65
ORDER_000002487_ITEM_001,ORDER_000002487,PRODUCT_000000037,3,28745.87,86237.61
ORDER_000002487_ITEM_002,ORDER_000002487,PRODUCT_000000084,2,69985.17,139970.34
ORDER_000002488_ITEM_001,ORDER_000002488,PRODUCT_000000022,4,3619.59,14478.36
ORDER_000002488_ITEM_002,ORDER_000002488,PRODUCT_000000172,5,4761.64,23808.20
ORDER_000002489_ITEM_001,ORDER_000002489,PRODUCT_000000024,3,2660.53,7981.59
ORDER_000002489_ITEM_002,ORDER_000002489,PRODUCT_000000417,2,2286.08,4572.16
ORDER_000002490_ITEM_001,ORDER_000002490,PRODUCT_000000041,3,4860.87,14582.61
ORDER_000002490_ITEM_002,ORDER_000002490,PRODUCT_000000313,3,108316.97,324950.91
ORDER_000002491_ITEM_001,ORDER_000002491,PRODUCT_000000211,5,11540.41,57702.05
ORDER_000002491_ITEM_002,ORDER_000002491,PRODUCT_000000392,4,38277.40,153109.60
ORDER_000002492_ITEM_001,ORDER_000002492,PRODUCT_000000188,5,35973.47,179867.35
ORDER_000002492_ITEM_002,ORDER_000002492,PRODUCT_000000309,2,281.12,562.24
ORDER_000002493_ITEM_001,ORDER_000002493,PRODUCT_000000156,1,17875.07,17875.07
ORDER_000002493_ITEM_002,ORDER_000002493,PRODUCT_000000073,1,595.40,595.40
ORDER_000002494_ITEM_001,ORDER_000002494,PRODUCT_000000399,4,1168.76,4675.04
ORDER_000002494_ITEM_002,ORDER_000002494,PRODUCT_000000342,3,63802.09,191406.27
ORDER_000002495_ITEM_001,ORDER_000002495,PRODUCT_000000096,2,1255.12,2510.24
ORDER_000002495_ITEM_002,ORDER_000002495,PRODUCT_000000038,2,5864.01,11728.02
ORDER_000002496_ITEM_001,ORDER_000002496,PRODUCT_000000038,1,5864.01,5864.01
ORDER_000002496_ITEM_002,ORDER_000002496,PRODUCT_000000449,3,10447.59,31342.77
ORDER_000002497_ITEM_001,ORDER_000002497,PRODUCT_000000097,2,29573.36,59146.72
ORDER_000002497_ITEM_002,ORDER_000002497,PRODUCT_000000001,2,47526.13,95052.26
ORDER_000002498_ITEM_001,ORDER_000002498,PRODUCT_000000270,4,4362.80,17451.20
ORDER_000002498_ITEM_002,ORDER_000002498,PRODUCT_000000095,5,112715.59,563577.95
ORDER_000002499_ITEM_001,ORDER_000002499,PRODUCT_000000343,2,62824.31,125648.62
ORDER_000002499_ITEM_002,ORDER_000002499,PRODUCT_000000405,4,6190.14,24760.56
ORDER_000002500_ITEM_001,ORDER_000002500,PRODUCT_000000382,1,36449.53,36449.53
ORDER_000002500_ITEM_002,ORDER_000002500,PRODUCT_000000353,4,761.53,3046.12
ORDER_000002501_ITEM_001,ORDER_000002501,PRODUCT_000000483,5,11174.40,55872.00
ORDER_000002501_ITEM_002,ORDER_000002501,PRODUCT_000000455,5,5380.81,26904.05
ORDER_000002502_ITEM_001,ORDER_000002502,PRODUCT_000000298,3,335.33,1005.99
ORDER_000002502_ITEM_002,ORDER_000002502,PRODUCT_000000175,4,40112.08,160448.32
ORDER_000002503_ITEM_001,ORDER_000002503,PRODUCT_000000399,1,1168.76,1168.76
ORDER_000002503_ITEM_002,ORDER_000002503,PRODUCT_000000159,3,40197.32,120591.96
ORDER_000002504_ITEM_001,ORDER_000002504,PRODUCT_000000469,3,4611.19,13833.57
ORDER_000002504_ITEM_002,ORDER_000002504,PRODUCT_000000080,5,8444.99,42224.95
ORDER_000002505_ITEM_001,ORDER_000002505,PRODUCT_000000238,3,709.92,2129.76
ORDER_000002505_ITEM_002,ORDER_000002505,PRODUCT_000000006,5,78496.47,392482.35
ORDER_000002506_ITEM_001,ORDER_000002506,PRODUCT_000000304,1,12926.90,12926.90
ORDER_000002506_ITEM_002,ORDER_000002506,PRODUCT_000000243,5,14614.47,73072.35
ORDER_000002507_ITEM_001,ORDER_000002507,PRODUCT_000000283,2,4001.25,8002.50
ORDER_000002507_ITEM_002,ORDER_000002507,PRODUCT_000000442,1,50728.25,50728.25
ORDER_000002508_ITEM_001,ORDER_000002508,PRODUCT_000000240,4,8842.70,35370.80
ORDER_000002508_ITEM_002,ORDER_000002508,PRODUCT_000000417,4,2286.08,9144.32
ORDER_000002509_ITEM_001,ORDER_000002509,PRODUCT_000000372,1,55828.82,55828.82
ORDER_000002509_ITEM_002,ORDER_000002509,PRODUCT_000000418,4,3679.29,14717.16
ORDER_000002510_ITEM_001,ORDER_000002510,PRODUCT_000000404,1,2884.96,2884.96
ORDER_000002510_ITEM_002,ORDER_000002510,PRODUCT_000000450,1,137048.55,137048.55
ORDER_000002511_ITEM_001,ORDER_000002511,PRODUCT_000000232,3,4022.49,12067.47
ORDER_000002511_ITEM_002,ORDER_000002511,PRODUCT_000000335,1,7748.73,7748.73
ORDER_000002512_ITEM_001,ORDER_000002512,PRODUCT_000000032,3,916.80,2750.40
ORDER_000002512_ITEM_002,ORDER_000002512,PRODUCT_000000384,3,1879.95,5639.85
ORDER_000002513_ITEM_001,ORDER_000002513,PRODUCT_000000392,1,38277.40,38277.40
ORDER_000002513_ITEM_002,ORDER_000002513,PRODUCT_000000357,2,64399.68,128799.36
ORDER_000002514_ITEM_001,ORDER_000002514,PRODUCT_000000198,1,53251.57,53251.57
ORDER_000002514_ITEM_002,ORDER_000002514,PRODUCT_000000441,1,38509.69,38509.69
ORDER_000002515_ITEM_001,ORDER_000002515,PRODUCT_000000480,5,4616.48,23082.40
ORDER_000002515_ITEM_002,ORDER_000002515,PRODUCT_000000304,3,12926.90,38780.70
ORDER_000002516_ITEM_001,ORDER_000002516,PRODUCT_000000024,1,2660.53,2660.53
ORDER_000002516_ITEM_002,ORDER_000002516,PRODUCT_000000268,2,230.02,460.04
ORDER_000002517_ITEM_001,ORDER_000002517,PRODUCT_000000254,2,208122.29,416244.58
ORDER_000002517_ITEM_002,ORDER_000002517,PRODUCT_000000172,4,4761.64,19046.56
ORDER_000002518_ITEM_001,ORDER_000002518,PRODUCT_000000492,4,1512.08,6048.32
ORDER_000002518_ITEM_002,ORDER_000002518,PRODUCT_000000183,2,39378.79,78757.58
ORDER_000002519_ITEM_001,ORDER_000002519,PRODUCT_000000140,2,2815.66,5631.32
ORDER_000002519_ITEM_002,ORDER_000002519,PRODUCT_000000041,3,4860.87,14582.61
ORDER_000002520_ITEM_001,ORDER_000002520,PRODUCT_000000112,4,20260.19,81040.76
ORDER_000002520_ITEM_002,ORDER_000002520,PRODUCT_000000070,4,82897.23,331588.92
ORDER_000002521_ITEM_001,ORDER_000002521,PRODUCT_000000097,2,29573.36,59146.72
ORDER_000002521_ITEM_002,ORDER_000002521,PRODUCT_000000228,2,79825.81,159651.62
ORDER_000002522_ITEM_001,ORDER_000002522,PRODUCT_000000096,4,1255.12,5020.48
ORDER_000002522_ITEM_002,ORDER_000002522,PRODUCT_000000252,1,18522.97,18522.97
ORDER_000002523_ITEM_001,ORDER_000002523,PRODUCT_000000499,3,22717.74,68153.22
ORDER_000002523_ITEM_002,ORDER_000002523,PRODUCT_000000333,5,530.81,2654.05
ORDER_000002524_ITEM_001,ORDER_000002524,PRODUCT_000000036,3,49982.53,149947.59
ORDER_000002524_ITEM_002,ORDER_000002524,PRODUCT_000000420,5,33996.43,169982.15
ORDER_000002525_ITEM_001,ORDER_000002525,PRODUCT_000000354,3,8755.37,26266.11
ORDER_000002525_ITEM_002,ORDER_000002525,PRODUCT_000000332,4,1477.19,5908.76
ORDER_000002526_ITEM_001,ORDER_000002526,PRODUCT_000000329,3,9319.38,27958.14
ORDER_000002526_ITEM_002,ORDER_000002526,PRODUCT_000000003,2,166254.56,332509.12
ORDER_000002527_ITEM_001,ORDER_000002527,PRODUCT_000000305,1,2574.22,2574.22
ORDER_000002527_ITEM_002,ORDER_000002527,PRODUCT_000000195,1,3974.21,3974.21
ORDER_000002528_ITEM_001,ORDER_000002528,PRODUCT_000000210,1,961.15,961.15
ORDER_000002528_ITEM_002,ORDER_000002528,PRODUCT_000000199,4,48433.40,193733.60
ORDER_000002529_ITEM_001,ORDER_000002529,PRODUCT_000000203,2,131189.59,262379.18
ORDER_000002529_ITEM_002,ORDER_000002529,PRODUCT_000000032,1,916.80,916.80
ORDER_000002530_ITEM_001,ORDER_000002530,PRODUCT_000000379,3,788.70,2366.10
ORDER_000002530_ITEM_002,ORDER_000002530,PRODUCT_000000175,3,40112.08,120336.24
ORDER_000002531_ITEM_001,ORDER_000002531,PRODUCT_000000278,3,2383.85,7151.55
ORDER_000002531_ITEM_002,ORDER_000002531,PRODUCT_000000173,4,18158.57,72634.28
ORDER_000002532_ITEM_001,ORDER_000002532,PRODUCT_000000414,2,57878.53,115757.06
ORDER_000002532_ITEM_002,ORDER_000002532,PRODUCT_000000003,5,166254.56,831272.80
ORDER_000002533_ITEM_001,ORDER_000002533,PRODUCT_000000244,3,13044.75,39134.25
ORDER_000002533_ITEM_002,ORDER_000002533,PRODUCT_000000155,4,37803.93,151215.72
ORDER_000002534_ITEM_001,ORDER_000002534,PRODUCT_000000341,3,80395.16,241185.48
ORDER_000002534_ITEM_002,ORDER_000002534,PRODUCT_000000362,2,311.22,622.44
ORDER_000002535_ITEM_001,ORDER_000002535,PRODUCT_000000106,5,1964.81,9824.05
ORDER_000002535_ITEM_002,ORDER_000002535,PRODUCT_000000470,5,1763.05,8815.25
ORDER_000002536_ITEM_001,ORDER_000002536,PRODUCT_000000060,2,61306.51,122613.02
ORDER_000002536_ITEM_002,ORDER_000002536,PRODUCT_000000167,3,29972.62,89917.86
ORDER_000002537_ITEM_001,ORDER_000002537,PRODUCT_000000031,2,223997.16,447994.32
ORDER_000002537_ITEM_002,ORDER_000002537,PRODUCT_000000114,3,140563.09,421689.27
ORDER_000002538_ITEM_001,ORDER_000002538,PRODUCT_000000270,1,4362.80,4362.80
ORDER_000002538_ITEM_002,ORDER_000002538,PRODUCT_000000222,2,26935.38,53870.76
ORDER_000002539_ITEM_001,ORDER_000002539,PRODUCT_000000081,4,51812.13,207248.52
ORDER_000002539_ITEM_002,ORDER_000002539,PRODUCT_000000295,5,38276.02,191380.10
ORDER_000002540_ITEM_001,ORDER_000002540,PRODUCT_000000030,3,27973.94,83921.82
ORDER_000002540_ITEM_002,ORDER_000002540,PRODUCT_000000171,1,212543.08,212543.08
ORDER_000002541_ITEM_001,ORDER_000002541,PRODUCT_000000371,4,7881.87,31527.48
ORDER_000002541_ITEM_002,ORDER_000002541,PRODUCT_000000406,5,130798.44,653992.20
ORDER_000002542_ITEM_001,ORDER_000002542,PRODUCT_000000172,5,4761.64,23808.20
ORDER_000002542_ITEM_002,ORDER_000002542,PRODUCT_000000017,1,17512.73,17512.73
ORDER_000002543_ITEM_001,ORDER_000002543,PRODUCT_000000150,4,97514.34,390057.36
ORDER_000002543_ITEM_002,ORDER_000002543,PRODUCT_000000367,3,84997.19,254991.57
ORDER_000002544_ITEM_001,ORDER_000002544,PRODUCT_000000229,1,12881.53,12881.53
ORDER_000002544_ITEM_002,ORDER_000002544,PRODUCT_000000115,2,1102.21,2204.42
ORDER_000002545_ITEM_001,ORDER_000002545,PRODUCT_000000037,5,28745.87,143729.35
ORDER_000002545_ITEM_002,ORDER_000002545,PRODUCT_000000299,5,109951.12,549755.60
ORDER_000002546_ITEM_001,ORDER_000002546,PRODUCT_000000243,2,14614.47,29228.94
ORDER_000002546_ITEM_002,ORDER_000002546,PRODUCT_000000149,4,500.36,2001.44
ORDER_000002547_ITEM_001,ORDER_000002547,PRODUCT_000000091,5,85829.09,429145.45
ORDER_000002547_ITEM_002,ORDER_000002547,PRODUCT_000000256,1,1724.12,1724.12
ORDER_000002548_ITEM_001,ORDER_000002548,PRODUCT_000000348,1,511.50,511.50
ORDER_000002548_ITEM_002,ORDER_000002548,PRODUCT_000000109,1,11755.22,11755.22
ORDER_000002549_ITEM_001,ORDER_000002549,PRODUCT_000000490,1,5004.64,5004.64
ORDER_000002549_ITEM_002,ORDER_000002549,PRODUCT_000000027,3,122387.75,367163.25
ORDER_000002550_ITEM_001,ORDER_000002550,PRODUCT_000000185,4,30648.96,122595.84
ORDER_000002550_ITEM_002,ORDER_000002550,PRODUCT_000000284,1,25462.80,25462.80
ORDER_000002551_ITEM_001,ORDER_000002551,PRODUCT_000000213,4,12880.62,51522.48
ORDER_000002551_ITEM_002,ORDER_000002551,PRODUCT_000000453,5,179948.29,899741.45
ORDER_000002552_ITEM_001,ORDER_000002552,PRODUCT_000000443,5,1322.46,6612.30
ORDER_000002552_ITEM_002,ORDER_000002552,PRODUCT_000000375,5,2168.98,10844.90
ORDER_000002553_ITEM_001,ORDER_000002553,PRODUCT_000000235,4,10340.23,41360.92
ORDER_000002553_ITEM_002,ORDER_000002553,PRODUCT_000000049,4,194087.22,776348.88
ORDER_000002554_ITEM_001,ORDER_000002554,PRODUCT_000000111,5,5144.89,25724.45
ORDER_000002554_ITEM_002,ORDER_000002554,PRODUCT_000000080,3,8444.99,25334.97
ORDER_000002555_ITEM_001,ORDER_000002555,PRODUCT_000000445,2,957.74,1915.48
ORDER_000002555_ITEM_002,ORDER_000002555,PRODUCT_000000479,2,436.69,873.38
ORDER_000002556_ITEM_001,ORDER_000002556,PRODUCT_000000050,1,191762.22,191762.22
ORDER_000002556_ITEM_002,ORDER_000002556,PRODUCT_000000349,3,2148.69,6446.07
ORDER_000002557_ITEM_001,ORDER_000002557,PRODUCT_000000089,2,7426.76,14853.52
ORDER_000002557_ITEM_002,ORDER_000002557,PRODUCT_000000386,1,7104.14,7104.14
ORDER_000002558_ITEM_001,ORDER_000002558,PRODUCT_000000112,2,20260.19,40520.38
ORDER_000002558_ITEM_002,ORDER_000002558,PRODUCT_000000250,1,74845.58,74845.58
ORDER_000002559_ITEM_001,ORDER_000002559,PRODUCT_000000225,1,3256.60,3256.60
ORDER_000002559_ITEM_002,ORDER_000002559,PRODUCT_000000439,5,72153.89,360769.45
ORDER_000002560_ITEM_001,ORDER_000002560,PRODUCT_000000339,2,14282.13,28564.26
ORDER_000002560_ITEM_002,ORDER_000002560,PRODUCT_000000066,3,166045.11,498135.33
ORDER_000002561_ITEM_001,ORDER_000002561,PRODUCT_000000357,2,64399.68,128799.36
ORDER_000002561_ITEM_002,ORDER_000002561,PRODUCT_000000072,3,7200.43,21601.29
ORDER_000002562_ITEM_001,ORDER_000002562,PRODUCT_000000232,4,4022.49,16089.96
ORDER_000002562_ITEM_002,ORDER_000002562,PRODUCT_000000412,4,65524.59,262098.36
ORDER_000002563_ITEM_001,ORDER_000002563,PRODUCT_000000441,4,38509.69,154038.76
ORDER_000002563_ITEM_002,ORDER_000002563,PRODUCT_000000191,2,936.27,1872.54
ORDER_000002564_ITEM_001,ORDER_000002564,PRODUCT_000000092,4,38553.85,154215.40
ORDER_000002564_ITEM_002,ORDER_000002564,PRODUCT_000000071,1,27899.72,27899.72
ORDER_000002565_ITEM_001,ORDER_000002565,PRODUCT_000000192,2,10837.79,21675.58
ORDER_000002565_ITEM_002,ORDER_000002565,PRODUCT_000000096,2,1255.12,2510.24
ORDER_000002566_ITEM_001,ORDER_000002566,PRODUCT_000000091,2,85829.09,171658.18
ORDER_000002566_ITEM_002,ORDER_000002566,PRODUCT_000000332,2,1477.19,2954.38
ORDER_000002567_ITEM_001,ORDER_000002567,PRODUCT_000000214,4,37438.96,149755.84
ORDER_000002567_ITEM_002,ORDER_000002567,PRODUCT_000000234,2,8118.02,16236.04
ORDER_000002568_ITEM_001,ORDER_000002568,PRODUCT_000000107,1,835.56,835.56
ORDER_000002568_ITEM_002,ORDER_000002568,PRODUCT_000000439,4,72153.89,288615.56
ORDER_000002569_ITEM_001,ORDER_000002569,PRODUCT_000000268,3,230.02,690.06
ORDER_000002569_ITEM_002,ORDER_000002569,PRODUCT_000000343,1,62824.31,62824.31
ORDER_000002570_ITEM_001,ORDER_000002570,PRODUCT_000000024,4,2660.53,10642.12
ORDER_000002570_ITEM_002,ORDER_000002570,PRODUCT_000000246,1,84103.35,84103.35
ORDER_000002571_ITEM_001,ORDER_000002571,PRODUCT_000000417,5,2286.08,11430.40
ORDER_000002571_ITEM_002,ORDER_000002571,PRODUCT_000000077,1,77023.77,77023.77
ORDER_000002572_ITEM_001,ORDER_000002572,PRODUCT_000000128,2,10367.22,20734.44
ORDER_000002572_ITEM_002,ORDER_000002572,PRODUCT_000000390,3,36528.52,109585.56
ORDER_000002573_ITEM_001,ORDER_000002573,PRODUCT_000000045,5,35447.12,177235.60
ORDER_000002573_ITEM_002,ORDER_000002573,PRODUCT_000000105,2,630.25,1260.50
ORDER_000002574_ITEM_001,ORDER_000002574,PRODUCT_000000123,3,18655.96,55967.88
ORDER_000002574_ITEM_002,ORDER_000002574,PRODUCT_000000184,4,120740.28,482961.12
ORDER_000002575_ITEM_001,ORDER_000002575,PRODUCT_000000075,5,13044.69,65223.45
ORDER_000002575_ITEM_002,ORDER_000002575,PRODUCT_000000422,1,76372.72,76372.72
ORDER_000002576_ITEM_001,ORDER_000002576,PRODUCT_000000055,3,77397.64,232192.92
ORDER_000002576_ITEM_002,ORDER_000002576,PRODUCT_000000242,4,2669.01,10676.04
ORDER_000002577_ITEM_001,ORDER_000002577,PRODUCT_000000208,1,62048.54,62048.54
ORDER_000002577_ITEM_002,ORDER_000002577,PRODUCT_000000111,1,5144.89,5144.89
ORDER_000002578_ITEM_001,ORDER_000002578,PRODUCT_000000247,3,976.86,2930.58
ORDER_000002578_ITEM_002,ORDER_000002578,PRODUCT_000000275,5,37395.96,186979.80
ORDER_000002579_ITEM_001,ORDER_000002579,PRODUCT_000000447,5,5903.88,29519.40
ORDER_000002579_ITEM_002,ORDER_000002579,PRODUCT_000000428,3,180920.89,542762.67
ORDER_000002580_ITEM_001,ORDER_000002580,PRODUCT_000000187,5,1398.69,6993.45
ORDER_000002580_ITEM_002,ORDER_000002580,PRODUCT_000000363,1,1679.27,1679.27
ORDER_000002581_ITEM_001,ORDER_000002581,PRODUCT_000000190,3,1821.64,5464.92
ORDER_000002581_ITEM_002,ORDER_000002581,PRODUCT_000000346,2,90006.80,180013.60
ORDER_000002582_ITEM_001,ORDER_000002582,PRODUCT_000000019,4,6627.77,26511.08
ORDER_000002582_ITEM_002,ORDER_000002582,PRODUCT_000000171,3,212543.08,637629.24
ORDER_000002583_ITEM_001,ORDER_000002583,PRODUCT_000000125,5,48262.53,241312.65
ORDER_000002583_ITEM_002,ORDER_000002583,PRODUCT_000000374,5,194612.79,973063.95
ORDER_000002584_ITEM_001,ORDER_000002584,PRODUCT_000000401,2,1258.44,2516.88
ORDER_000002584_ITEM_002,ORDER_000002584,PRODUCT_000000327,4,10245.94,40983.76
ORDER_000002585_ITEM_001,ORDER_000002585,PRODUCT_000000069,5,4621.50,23107.50
ORDER_000002585_ITEM_002,ORDER_000002585,PRODUCT_000000245,4,2849.98,11399.92
ORDER_000002586_ITEM_001,ORDER_000002586,PRODUCT_000000118,3,115069.78,345209.34
ORDER_000002586_ITEM_002,ORDER_000002586,PRODUCT_000000467,4,89885.32,359541.28
ORDER_000002587_ITEM_001,ORDER_000002587,PRODUCT_000000089,2,7426.76,14853.52
ORDER_000002587_ITEM_002,ORDER_000002587,PRODUCT_000000298,1,335.33,335.33
ORDER_000002588_ITEM_001,ORDER_000002588,PRODUCT_000000096,1,1255.12,1255.12
ORDER_000002588_ITEM_002,ORDER_000002588,PRODUCT_000000012,1,116699.02,116699.02
ORDER_000002589_ITEM_001,ORDER_000002589,PRODUCT_000000255,2,52583.68,105167.36
ORDER_000002589_ITEM_002,ORDER_000002589,PRODUCT_000000351,4,186960.69,747842.76
ORDER_000002590_ITEM_001,ORDER_000002590,PRODUCT_000000170,3,2022.45,6067.35
ORDER_000002590_ITEM_002,ORDER_000002590,PRODUCT_000000091,1,85829.09,85829.09
ORDER_000002591_ITEM_001,ORDER_000002591,PRODUCT_000000330,4,732.17,2928.68
ORDER_000002591_ITEM_002,ORDER_000002591,PRODUCT_000000319,5,52057.41,260287.05
ORDER_000002592_ITEM_001,ORDER_000002592,PRODUCT_000000213,4,12880.62,51522.48
ORDER_000002592_ITEM_002,ORDER_000002592,PRODUCT_000000277,1,11671.40,11671.40
ORDER_000002593_ITEM_001,ORDER_000002593,PRODUCT_000000387,5,22127.64,110638.20
ORDER_000002593_ITEM_002,ORDER_000002593,PRODUCT_000000383,4,1933.39,7733.56
ORDER_000002594_ITEM_001,ORDER_000002594,PRODUCT_000000202,5,22299.06,111495.30
ORDER_000002594_ITEM_002,ORDER_000002594,PRODUCT_000000488,3,7299.35,21898.05
ORDER_000002595_ITEM_001,ORDER_000002595,PRODUCT_000000349,1,2148.69,2148.69
ORDER_000002595_ITEM_002,ORDER_000002595,PRODUCT_000000193,3,1656.01,4968.03
ORDER_000002596_ITEM_001,ORDER_000002596,PRODUCT_000000410,1,6005.71,6005.71
ORDER_000002596_ITEM_002,ORDER_000002596,PRODUCT_000000225,5,3256.60,16283.00
ORDER_000002597_ITEM_001,ORDER_000002597,PRODUCT_000000080,4,8444.99,33779.96
ORDER_000002597_ITEM_002,ORDER_000002597,PRODUCT_000000127,5,47505.08,237525.40
ORDER_000002598_ITEM_001,ORDER_000002598,PRODUCT_000000428,2,180920.89,361841.78
ORDER_000002598_ITEM_002,ORDER_000002598,PRODUCT_000000414,5,57878.53,289392.65
ORDER_000002599_ITEM_001,ORDER_000002599,PRODUCT_000000399,1,1168.76,1168.76
ORDER_000002599_ITEM_002,ORDER_000002599,PRODUCT_000000191,5,936.27,4681.35
ORDER_000002600_ITEM_001,ORDER_000002600,PRODUCT_000000023,3,1295.31,3885.93
ORDER_000002600_ITEM_002,ORDER_000002600,PRODUCT_000000119,1,10653.04,10653.04
ORDER_000002601_ITEM_001,ORDER_000002601,PRODUCT_000000112,1,20260.19,20260.19
ORDER_000002601_ITEM_002,ORDER_000002601,PRODUCT_000000117,3,186308.09,558924.27
ORDER_000002602_ITEM_001,ORDER_000002602,PRODUCT_000000451,1,557.23,557.23
ORDER_000002602_ITEM_002,ORDER_000002602,PRODUCT_000000263,1,114743.85,114743.85
ORDER_000002603_ITEM_001,ORDER_000002603,PRODUCT_000000445,3,957.74,2873.22
ORDER_000002603_ITEM_002,ORDER_000002603,PRODUCT_000000009,2,51529.17,103058.34
ORDER_000002604_ITEM_001,ORDER_000002604,PRODUCT_000000017,1,17512.73,17512.73
ORDER_000002604_ITEM_002,ORDER_000002604,PRODUCT_000000438,4,40311.65,161246.60
ORDER_000002605_ITEM_001,ORDER_000002605,PRODUCT_000000018,1,54878.11,54878.11
ORDER_000002605_ITEM_002,ORDER_000002605,PRODUCT_000000331,4,16339.42,65357.68
ORDER_000002606_ITEM_001,ORDER_000002606,PRODUCT_000000258,4,1110.13,4440.52
ORDER_000002606_ITEM_002,ORDER_000002606,PRODUCT_000000293,4,68391.63,273566.52
ORDER_000002607_ITEM_001,ORDER_000002607,PRODUCT_000000234,2,8118.02,16236.04
ORDER_000002607_ITEM_002,ORDER_000002607,PRODUCT_000000459,3,5188.95,15566.85
ORDER_000002608_ITEM_001,ORDER_000002608,PRODUCT_000000167,3,29972.62,89917.86
ORDER_000002608_ITEM_002,ORDER_000002608,PRODUCT_000000008,5,113431.81,567159.05
ORDER_000002609_ITEM_001,ORDER_000002609,PRODUCT_000000066,4,166045.11,664180.44
ORDER_000002609_ITEM_002,ORDER_000002609,PRODUCT_000000068,2,603.83,1207.66
ORDER_000002610_ITEM_001,ORDER_000002610,PRODUCT_000000407,2,71009.01,142018.02
ORDER_000002610_ITEM_002,ORDER_000002610,PRODUCT_000000448,2,30757.35,61514.70
ORDER_000002611_ITEM_001,ORDER_000002611,PRODUCT_000000017,4,17512.73,70050.92
ORDER_000002611_ITEM_002,ORDER_000002611,PRODUCT_000000194,3,2124.84,6374.52
ORDER_000002612_ITEM_001,ORDER_000002612,PRODUCT_000000199,5,48433.40,242167.00
ORDER_000002612_ITEM_002,ORDER_000002612,PRODUCT_000000166,1,6151.35,6151.35
ORDER_000002613_ITEM_001,ORDER_000002613,PRODUCT_000000354,3,8755.37,26266.11
ORDER_000002613_ITEM_002,ORDER_000002613,PRODUCT_000000448,1,30757.35,30757.35
ORDER_000002614_ITEM_001,ORDER_000002614,PRODUCT_000000005,2,3906.48,7812.96
ORDER_000002614_ITEM_002,ORDER_000002614,PRODUCT_000000035,3,6152.71,18458.13
ORDER_000002615_ITEM_001,ORDER_000002615,PRODUCT_000000036,3,49982.53,149947.59
ORDER_000002615_ITEM_002,ORDER_000002615,PRODUCT_000000337,1,3208.91,3208.91
ORDER_000002616_ITEM_001,ORDER_000002616,PRODUCT_000000156,4,17875.07,71500.28
ORDER_000002616_ITEM_002,ORDER_000002616,PRODUCT_000000084,4,69985.17,279940.68
ORDER_000002617_ITEM_001,ORDER_000002617,PRODUCT_000000492,5,1512.08,7560.40
ORDER_000002617_ITEM_002,ORDER_000002617,PRODUCT_000000162,2,12519.41,25038.82
ORDER_000002618_ITEM_001,ORDER_000002618,PRODUCT_000000196,2,713.24,1426.48
ORDER_000002618_ITEM_002,ORDER_000002618,PRODUCT_000000146,2,1443.25,2886.50
ORDER_000002619_ITEM_001,ORDER_000002619,PRODUCT_000000101,1,1447.61,1447.61
ORDER_000002619_ITEM_002,ORDER_000002619,PRODUCT_000000182,2,906.52,1813.04
ORDER_000002620_ITEM_001,ORDER_000002620,PRODUCT_000000224,5,89554.05,447770.25
ORDER_000002620_ITEM_002,ORDER_000002620,PRODUCT_000000138,3,9019.79,27059.37
ORDER_000002621_ITEM_001,ORDER_000002621,PRODUCT_000000472,3,2444.82,7334.46
ORDER_000002621_ITEM_002,ORDER_000002621,PRODUCT_000000181,1,1727.48,1727.48
ORDER_000002622_ITEM_001,ORDER_000002622,PRODUCT_000000100,4,4028.63,16114.52
ORDER_000002622_ITEM_002,ORDER_000002622,PRODUCT_000000079,1,20185.32,20185.32
ORDER_000002623_ITEM_001,ORDER_000002623,PRODUCT_000000043,2,143690.78,287381.56
ORDER_000002623_ITEM_002,ORDER_000002623,PRODUCT_000000072,5,7200.43,36002.15
ORDER_000002624_ITEM_001,ORDER_000002624,PRODUCT_000000488,2,7299.35,14598.70
ORDER_000002624_ITEM_002,ORDER_000002624,PRODUCT_000000095,4,112715.59,450862.36
ORDER_000002625_ITEM_001,ORDER_000002625,PRODUCT_000000081,5,51812.13,259060.65
ORDER_000002625_ITEM_002,ORDER_000002625,PRODUCT_000000431,4,28619.97,114479.88
ORDER_000002626_ITEM_001,ORDER_000002626,PRODUCT_000000025,5,1480.92,7404.60
ORDER_000002626_ITEM_002,ORDER_000002626,PRODUCT_000000017,3,17512.73,52538.19
ORDER_000002627_ITEM_001,ORDER_000002627,PRODUCT_000000150,2,97514.34,195028.68
ORDER_000002627_ITEM_002,ORDER_000002627,PRODUCT_000000445,3,957.74,2873.22
ORDER_000002628_ITEM_001,ORDER_000002628,PRODUCT_000000168,2,4563.70,9127.40
ORDER_000002628_ITEM_002,ORDER_000002628,PRODUCT_000000032,2,916.80,1833.60
ORDER_000002629_ITEM_001,ORDER_000002629,PRODUCT_000000029,1,2844.42,2844.42
ORDER_000002629_ITEM_002,ORDER_000002629,PRODUCT_000000477,3,130157.67,390473.01
ORDER_000002630_ITEM_001,ORDER_000002630,PRODUCT_000000273,2,93376.09,186752.18
ORDER_000002630_ITEM_002,ORDER_000002630,PRODUCT_000000426,5,14178.77,70893.85
ORDER_000002631_ITEM_001,ORDER_000002631,PRODUCT_000000334,2,921.24,1842.48
ORDER_000002631_ITEM_002,ORDER_000002631,PRODUCT_000000395,5,606.04,3030.20
ORDER_000002632_ITEM_001,ORDER_000002632,PRODUCT_000000320,4,1644.19,6576.76
ORDER_000002632_ITEM_002,ORDER_000002632,PRODUCT_000000352,2,17207.18,34414.36
ORDER_000002633_ITEM_001,ORDER_000002633,PRODUCT_000000030,1,27973.94,27973.94
ORDER_000002633_ITEM_002,ORDER_000002633,PRODUCT_000000459,5,5188.95,25944.75
ORDER_000002634_ITEM_001,ORDER_000002634,PRODUCT_000000145,1,3868.10,3868.10
ORDER_000002634_ITEM_002,ORDER_000002634,PRODUCT_000000399,3,1168.76,3506.28
ORDER_000002635_ITEM_001,ORDER_000002635,PRODUCT_000000426,2,14178.77,28357.54
ORDER_000002635_ITEM_002,ORDER_000002635,PRODUCT_000000346,1,90006.80,90006.80
ORDER_000002636_ITEM_001,ORDER_000002636,PRODUCT_000000066,3,166045.11,498135.33
ORDER_000002636_ITEM_002,ORDER_000002636,PRODUCT_000000440,4,4395.21,17580.84
ORDER_000002637_ITEM_001,ORDER_000002637,PRODUCT_000000021,2,2952.32,5904.64
ORDER_000002637_ITEM_002,ORDER_000002637,PRODUCT_000000034,5,3282.53,16412.65
ORDER_000002638_ITEM_001,ORDER_000002638,PRODUCT_000000040,3,21212.12,63636.36
ORDER_000002638_ITEM_002,ORDER_000002638,PRODUCT_000000264,2,2135.20,4270.40
ORDER_000002639_ITEM_001,ORDER_000002639,PRODUCT_000000406,2,130798.44,261596.88
ORDER_000002639_ITEM_002,ORDER_000002639,PRODUCT_000000489,1,65761.05,65761.05
ORDER_000002640_ITEM_001,ORDER_000002640,PRODUCT_000000359,1,31351.97,31351.97
ORDER_000002640_ITEM_002,ORDER_000002640,PRODUCT_000000008,3,113431.81,340295.43
ORDER_000002641_ITEM_001,ORDER_000002641,PRODUCT_000000373,1,1253.40,1253.40
ORDER_000002641_ITEM_002,ORDER_000002641,PRODUCT_000000100,2,4028.63,8057.26
ORDER_000002642_ITEM_001,ORDER_000002642,PRODUCT_000000088,1,4393.00,4393.00
ORDER_000002642_ITEM_002,ORDER_000002642,PRODUCT_000000096,2,1255.12,2510.24
ORDER_000002643_ITEM_001,ORDER_000002643,PRODUCT_000000274,4,145414.87,581659.48
ORDER_000002643_ITEM_002,ORDER_000002643,PRODUCT_000000175,1,40112.08,40112.08
ORDER_000002644_ITEM_001,ORDER_000002644,PRODUCT_000000246,3,84103.35,252310.05
ORDER_000002644_ITEM_002,ORDER_000002644,PRODUCT_000000278,1,2383.85,2383.85
ORDER_000002645_ITEM_001,ORDER_000002645,PRODUCT_000000083,5,68919.06,344595.30
ORDER_000002645_ITEM_002,ORDER_000002645,PRODUCT_000000287,2,2545.20,5090.40
ORDER_000002646_ITEM_001,ORDER_000002646,PRODUCT_000000263,3,114743.85,344231.55
ORDER_000002646_ITEM_002,ORDER_000002646,PRODUCT_000000276,5,6006.43,30032.15
ORDER_000002647_ITEM_001,ORDER_000002647,PRODUCT_000000055,1,77397.64,77397.64
ORDER_000002647_ITEM_002,ORDER_000002647,PRODUCT_000000163,5,21213.87,106069.35
ORDER_000002648_ITEM_001,ORDER_000002648,PRODUCT_000000153,5,1314.83,6574.15
ORDER_000002648_ITEM_002,ORDER_000002648,PRODUCT_000000118,2,115069.78,230139.56
ORDER_000002649_ITEM_001,ORDER_000002649,PRODUCT_000000009,4,51529.17,206116.68
ORDER_000002649_ITEM_002,ORDER_000002649,PRODUCT_000000028,4,22480.60,89922.40
ORDER_000002650_ITEM_001,ORDER_000002650,PRODUCT_000000122,3,5503.57,16510.71
ORDER_000002650_ITEM_002,ORDER_000002650,PRODUCT_000000438,3,40311.65,120934.95
ORDER_000002651_ITEM_001,ORDER_000002651,PRODUCT_000000080,4,8444.99,33779.96
ORDER_000002651_ITEM_002,ORDER_000002651,PRODUCT_000000389,1,71784.35,71784.35
ORDER_000002652_ITEM_001,ORDER_000002652,PRODUCT_000000226,3,2585.73,7757.19
ORDER_000002652_ITEM_002,ORDER_000002652,PRODUCT_000000074,1,75286.95,75286.95
ORDER_000002653_ITEM_001,ORDER_000002653,PRODUCT_000000076,2,2000.71,4001.42
ORDER_000002653_ITEM_002,ORDER_000002653,PRODUCT_000000402,1,51496.58,51496.58
ORDER_000002654_ITEM_001,ORDER_000002654,PRODUCT_000000045,1,35447.12,35447.12
ORDER_000002654_ITEM_002,ORDER_000002654,PRODUCT_000000163,1,21213.87,21213.87
ORDER_000002655_ITEM_001,ORDER_000002655,PRODUCT_000000167,4,29972.62,119890.48
ORDER_000002655_ITEM_002,ORDER_000002655,PRODUCT_000000230,2,104957.16,209914.32
ORDER_000002656_ITEM_001,ORDER_000002656,PRODUCT_000000236,1,1537.45,1537.45
ORDER_000002656_ITEM_002,ORDER_000002656,PRODUCT_000000073,5,595.40,2977.00
ORDER_000002657_ITEM_001,ORDER_000002657,PRODUCT_000000465,4,27686.57,110746.28
ORDER_000002657_ITEM_002,ORDER_000002657,PRODUCT_000000254,2,208122.29,416244.58
ORDER_000002658_ITEM_001,ORDER_000002658,PRODUCT_000000139,2,955.15,1910.30
ORDER_000002658_ITEM_002,ORDER_000002658,PRODUCT_000000019,2,6627.77,13255.54
ORDER_000002659_ITEM_001,ORDER_000002659,PRODUCT_000000082,5,904.37,4521.85
ORDER_000002659_ITEM_002,ORDER_000002659,PRODUCT_000000442,1,50728.25,50728.25
ORDER_000002660_ITEM_001,ORDER_000002660,PRODUCT_000000259,5,8268.46,41342.30
ORDER_000002660_ITEM_002,ORDER_000002660,PRODUCT_000000303,3,28560.91,85682.73
ORDER_000002661_ITEM_001,ORDER_000002661,PRODUCT_000000395,3,606.04,1818.12
ORDER_000002661_ITEM_002,ORDER_000002661,PRODUCT_000000266,2,139987.08,279974.16
ORDER_000002662_ITEM_001,ORDER_000002662,PRODUCT_000000105,2,630.25,1260.50
ORDER_000002662_ITEM_002,ORDER_000002662,PRODUCT_000000413,5,782.86,3914.30
ORDER_000002663_ITEM_001,ORDER_000002663,PRODUCT_000000032,5,916.80,4584.00
ORDER_000002663_ITEM_002,ORDER_000002663,PRODUCT_000000477,5,130157.67,650788.35
ORDER_000002664_ITEM_001,ORDER_000002664,PRODUCT_000000160,5,243.20,1216.00
ORDER_000002664_ITEM_002,ORDER_000002664,PRODUCT_000000421,4,26929.93,107719.72
ORDER_000002665_ITEM_001,ORDER_000002665,PRODUCT_000000168,2,4563.70,9127.40
ORDER_000002665_ITEM_002,ORDER_000002665,PRODUCT_000000279,3,1444.98,4334.94
ORDER_000002666_ITEM_001,ORDER_000002666,PRODUCT_000000255,5,52583.68,262918.40
ORDER_000002666_ITEM_002,ORDER_000002666,PRODUCT_000000305,1,2574.22,2574.22
ORDER_000002667_ITEM_001,ORDER_000002667,PRODUCT_000000141,3,11546.35,34639.05
ORDER_000002667_ITEM_002,ORDER_000002667,PRODUCT_000000031,1,223997.16,223997.16
ORDER_000002668_ITEM_001,ORDER_000002668,PRODUCT_000000452,5,66502.26,332511.30
ORDER_000002668_ITEM_002,ORDER_000002668,PRODUCT_000000362,3,311.22,933.66
ORDER_000002669_ITEM_001,ORDER_000002669,PRODUCT_000000463,1,1804.78,1804.78
ORDER_000002669_ITEM_002,ORDER_000002669,PRODUCT_000000477,4,130157.67,520630.68
ORDER_000002670_ITEM_001,ORDER_000002670,PRODUCT_000000217,2,5712.09,11424.18
ORDER_000002670_ITEM_002,ORDER_000002670,PRODUCT_000000445,5,957.74,4788.70
ORDER_000002671_ITEM_001,ORDER_000002671,PRODUCT_000000477,3,130157.67,390473.01
ORDER_000002671_ITEM_002,ORDER_000002671,PRODUCT_000000319,4,52057.41,208229.64
ORDER_000002672_ITEM_001,ORDER_000002672,PRODUCT_000000303,1,28560.91,28560.91
ORDER_000002672_ITEM_002,ORDER_000002672,PRODUCT_000000018,2,54878.11,109756.22
ORDER_000002673_ITEM_001,ORDER_000002673,PRODUCT_000000462,2,87564.19,175128.38
ORDER_000002673_ITEM_002,ORDER_000002673,PRODUCT_000000225,4,3256.60,13026.40
ORDER_000002674_ITEM_001,ORDER_000002674,PRODUCT_000000046,4,3078.68,12314.72
ORDER_000002674_ITEM_002,ORDER_000002674,PRODUCT_000000304,5,12926.90,64634.50
ORDER_000002675_ITEM_001,ORDER_000002675,PRODUCT_000000332,5,1477.19,7385.95
ORDER_000002675_ITEM_002,ORDER_000002675,PRODUCT_000000451,3,557.23,1671.69
ORDER_000002676_ITEM_001,ORDER_000002676,PRODUCT_000000417,5,2286.08,11430.40
ORDER_000002676_ITEM_002,ORDER_000002676,PRODUCT_000000259,2,8268.46,16536.92
ORDER_000002677_ITEM_001,ORDER_000002677,PRODUCT_000000215,3,5520.21,16560.63
ORDER_000002677_ITEM_002,ORDER_000002677,PRODUCT_000000106,4,1964.81,7859.24
ORDER_000002678_ITEM_001,ORDER_000002678,PRODUCT_000000457,5,20677.50,103387.50
ORDER_000002678_ITEM_002,ORDER_000002678,PRODUCT_000000263,5,114743.85,573719.25
ORDER_000002679_ITEM_001,ORDER_000002679,PRODUCT_000000160,5,243.20,1216.00
ORDER_000002679_ITEM_002,ORDER_000002679,PRODUCT_000000245,1,2849.98,2849.98
ORDER_000002680_ITEM_001,ORDER_000002680,PRODUCT_000000025,3,1480.92,4442.76
ORDER_000002680_ITEM_002,ORDER_000002680,PRODUCT_000000298,1,335.33,335.33
ORDER_000002681_ITEM_001,ORDER_000002681,PRODUCT_000000025,2,1480.92,2961.84
ORDER_000002681_ITEM_002,ORDER_000002681,PRODUCT_000000184,3,120740.28,362220.84
ORDER_000002682_ITEM_001,ORDER_000002682,PRODUCT_000000261,5,26099.88,130499.40
ORDER_000002682_ITEM_002,ORDER_000002682,PRODUCT_000000426,1,14178.77,14178.77
ORDER_000002683_ITEM_001,ORDER_000002683,PRODUCT_000000223,4,3175.58,12702.32
ORDER_000002683_ITEM_002,ORDER_000002683,PRODUCT_000000353,5,761.53,3807.65
ORDER_000002684_ITEM_001,ORDER_000002684,PRODUCT_000000235,3,10340.23,31020.69
ORDER_000002684_ITEM_002,ORDER_000002684,PRODUCT_000000448,1,30757.35,30757.35
ORDER_000002685_ITEM_001,ORDER_000002685,PRODUCT_000000203,4,131189.59,524758.36
ORDER_000002685_ITEM_002,ORDER_000002685,PRODUCT_000000186,2,11204.19,22408.38
ORDER_000002686_ITEM_001,ORDER_000002686,PRODUCT_000000339,3,14282.13,42846.39
ORDER_000002686_ITEM_002,ORDER_000002686,PRODUCT_000000302,4,3481.66,13926.64
ORDER_000002687_ITEM_001,ORDER_000002687,PRODUCT_000000237,2,40793.49,81586.98
ORDER_000002687_ITEM_002,ORDER_000002687,PRODUCT_000000412,1,65524.59,65524.59
ORDER_000002688_ITEM_001,ORDER_000002688,PRODUCT_000000161,5,684.54,3422.70
ORDER_000002688_ITEM_002,ORDER_000002688,PRODUCT_000000444,5,3373.26,16866.30
ORDER_000002689_ITEM_001,ORDER_000002689,PRODUCT_000000001,4,47526.13,190104.52
ORDER_000002689_ITEM_002,ORDER_000002689,PRODUCT_000000350,3,27003.79,81011.37
ORDER_000002690_ITEM_001,ORDER_000002690,PRODUCT_000000109,2,11755.22,23510.44
ORDER_000002690_ITEM_002,ORDER_000002690,PRODUCT_000000034,5,3282.53,16412.65
ORDER_000002691_ITEM_001,ORDER_000002691,PRODUCT_000000098,3,82015.47,246046.41
ORDER_000002691_ITEM_002,ORDER_000002691,PRODUCT_000000487,3,62096.00,186288.00
ORDER_000002692_ITEM_001,ORDER_000002692,PRODUCT_000000483,3,11174.40,33523.20
ORDER_000002692_ITEM_002,ORDER_000002692,PRODUCT_000000343,5,62824.31,314121.55
ORDER_000002693_ITEM_001,ORDER_000002693,PRODUCT_000000255,2,52583.68,105167.36
ORDER_000002693_ITEM_002,ORDER_000002693,PRODUCT_000000455,4,5380.81,21523.24
ORDER_000002694_ITEM_001,ORDER_000002694,PRODUCT_000000447,1,5903.88,5903.88
ORDER_000002694_ITEM_002,ORDER_000002694,PRODUCT_000000120,4,73826.11,295304.44
ORDER_000002695_ITEM_001,ORDER_000002695,PRODUCT_000000250,5,74845.58,374227.90
ORDER_000002695_ITEM_002,ORDER_000002695,PRODUCT_000000206,2,338.63,677.26
ORDER_000002696_ITEM_001,ORDER_000002696,PRODUCT_000000470,4,1763.05,7052.20
ORDER_000002696_ITEM_002,ORDER_000002696,PRODUCT_000000178,5,11187.40,55937.00
ORDER_000002697_ITEM_001,ORDER_000002697,PRODUCT_000000115,1,1102.21,1102.21
ORDER_000002697_ITEM_002,ORDER_000002697,PRODUCT_000000486,2,411.42,822.84
ORDER_000002698_ITEM_001,ORDER_000002698,PRODUCT_000000237,3,40793.49,122380.47
ORDER_000002698_ITEM_002,ORDER_000002698,PRODUCT_000000105,1,630.25,630.25
ORDER_000002699_ITEM_001,ORDER_000002699,PRODUCT_000000184,5,120740.28,603701.40
ORDER_000002699_ITEM_002,ORDER_000002699,PRODUCT_000000366,5,11041.34,55206.70
ORDER_000002700_ITEM_001,ORDER_000002700,PRODUCT_000000431,5,28619.97,143099.85
ORDER_000002700_ITEM_002,ORDER_000002700,PRODUCT_000000402,2,51496.58,102993.16
ORDER_000002701_ITEM_001,ORDER_000002701,PRODUCT_000000230,3,104957.16,314871.48
ORDER_000002701_ITEM_002,ORDER_000002701,PRODUCT_000000434,4,1900.67,7602.68
ORDER_000002702_ITEM_001,ORDER_000002702,PRODUCT_000000088,3,4393.00,13179.00
ORDER_000002702_ITEM_002,ORDER_000002702,PRODUCT_000000464,2,46076.82,92153.64
ORDER_000002703_ITEM_001,ORDER_000002703,PRODUCT_000000180,4,131161.69,524646.76
ORDER_000002703_ITEM_002,ORDER_000002703,PRODUCT_000000222,1,26935.38,26935.38
ORDER_000002704_ITEM_001,ORDER_000002704,PRODUCT_000000054,3,1153.40,3460.20
ORDER_000002704_ITEM_002,ORDER_000002704,PRODUCT_000000076,5,2000.71,10003.55
ORDER_000002705_ITEM_001,ORDER_000002705,PRODUCT_000000224,3,89554.05,268662.15
ORDER_000002705_ITEM_002,ORDER_000002705,PRODUCT_000000122,1,5503.57,5503.57
ORDER_000002706_ITEM_001,ORDER_000002706,PRODUCT_000000403,3,1868.76,5606.28
ORDER_000002706_ITEM_002,ORDER_000002706,PRODUCT_000000478,4,5870.96,23483.84
ORDER_000002707_ITEM_001,ORDER_000002707,PRODUCT_000000433,3,3121.66,9364.98
ORDER_000002707_ITEM_002,ORDER_000002707,PRODUCT_000000304,2,12926.90,25853.80
ORDER_000002708_ITEM_001,ORDER_000002708,PRODUCT_000000361,2,2902.94,5805.88
ORDER_000002708_ITEM_002,ORDER_000002708,PRODUCT_000000188,4,35973.47,143893.88
ORDER_000002709_ITEM_001,ORDER_000002709,PRODUCT_000000048,1,71251.17,71251.17
ORDER_000002709_ITEM_002,ORDER_000002709,PRODUCT_000000142,1,77646.41,77646.41
ORDER_000002710_ITEM_001,ORDER_000002710,PRODUCT_000000120,3,73826.11,221478.33
ORDER_000002710_ITEM_002,ORDER_000002710,PRODUCT_000000080,5,8444.99,42224.95
ORDER_000002711_ITEM_001,ORDER_000002711,PRODUCT_000000016,4,71215.48,284861.92
ORDER_000002711_ITEM_002,ORDER_000002711,PRODUCT_000000417,1,2286.08,2286.08
ORDER_000002712_ITEM_001,ORDER_000002712,PRODUCT_000000037,3,28745.87,86237.61
ORDER_000002712_ITEM_002,ORDER_000002712,PRODUCT_000000093,4,17022.09,68088.36
ORDER_000002713_ITEM_001,ORDER_000002713,PRODUCT_000000018,1,54878.11,54878.11
ORDER_000002713_ITEM_002,ORDER_000002713,PRODUCT_000000415,5,77825.19,389125.95
ORDER_000002714_ITEM_001,ORDER_000002714,PRODUCT_000000260,1,2417.05,2417.05
ORDER_000002714_ITEM_002,ORDER_000002714,PRODUCT_000000419,2,1633.27,3266.54
ORDER_000002715_ITEM_001,ORDER_000002715,PRODUCT_000000203,2,131189.59,262379.18
ORDER_000002715_ITEM_002,ORDER_000002715,PRODUCT_000000077,4,77023.77,308095.08
ORDER_000002716_ITEM_001,ORDER_000002716,PRODUCT_000000410,2,6005.71,12011.42
ORDER_000002716_ITEM_002,ORDER_000002716,PRODUCT_000000046,1,3078.68,3078.68
ORDER_000002717_ITEM_001,ORDER_000002717,PRODUCT_000000348,2,511.50,1023.00
ORDER_000002717_ITEM_002,ORDER_000002717,PRODUCT_000000252,3,18522.97,55568.91
ORDER_000002718_ITEM_001,ORDER_000002718,PRODUCT_000000323,1,111157.95,111157.95
ORDER_000002718_ITEM_002,ORDER_000002718,PRODUCT_000000091,1,85829.09,85829.09
ORDER_000002719_ITEM_001,ORDER_000002719,PRODUCT_000000075,2,13044.69,26089.38
ORDER_000002719_ITEM_002,ORDER_000002719,PRODUCT_000000107,5,835.56,4177.80
ORDER_000002720_ITEM_001,ORDER_000002720,PRODUCT_000000484,3,54819.53,164458.59
ORDER_000002720_ITEM_002,ORDER_000002720,PRODUCT_000000434,1,1900.67,1900.67
ORDER_000002721_ITEM_001,ORDER_000002721,PRODUCT_000000190,4,1821.64,7286.56
ORDER_000002721_ITEM_002,ORDER_000002721,PRODUCT_000000450,4,137048.55,548194.20
ORDER_000002722_ITEM_001,ORDER_000002722,PRODUCT_000000474,4,690.90,2763.60
ORDER_000002722_ITEM_002,ORDER_000002722,PRODUCT_000000430,5,56850.26,284251.30
ORDER_000002723_ITEM_001,ORDER_000002723,PRODUCT_000000311,1,6289.30,6289.30
ORDER_000002723_ITEM_002,ORDER_000002723,PRODUCT_000000237,2,40793.49,81586.98
ORDER_000002724_ITEM_001,ORDER_000002724,PRODUCT_000000365,3,1131.39,3394.17
ORDER_000002724_ITEM_002,ORDER_000002724,PRODUCT_000000327,3,10245.94,30737.82
ORDER_000002725_ITEM_001,ORDER_000002725,PRODUCT_000000051,5,45102.28,225511.40
ORDER_000002725_ITEM_002,ORDER_000002725,PRODUCT_000000272,1,13222.81,13222.81
ORDER_000002726_ITEM_001,ORDER_000002726,PRODUCT_000000391,5,21049.94,105249.70
ORDER_000002726_ITEM_002,ORDER_000002726,PRODUCT_000000184,5,120740.28,603701.40
ORDER_000002727_ITEM_001,ORDER_000002727,PRODUCT_000000046,3,3078.68,9236.04
ORDER_000002727_ITEM_002,ORDER_000002727,PRODUCT_000000020,3,4087.52,12262.56
ORDER_000002728_ITEM_001,ORDER_000002728,PRODUCT_000000413,1,782.86,782.86
ORDER_000002728_ITEM_002,ORDER_000002728,PRODUCT_000000350,1,27003.79,27003.79
ORDER_000002729_ITEM_001,ORDER_000002729,PRODUCT_000000118,1,115069.78,115069.78
ORDER_000002729_ITEM_002,ORDER_000002729,PRODUCT_000000419,2,1633.27,3266.54
ORDER_000002730_ITEM_001,ORDER_000002730,PRODUCT_000000486,4,411.42,1645.68
ORDER_000002730_ITEM_002,ORDER_000002730,PRODUCT_000000225,2,3256.60,6513.20
ORDER_000002731_ITEM_001,ORDER_000002731,PRODUCT_000000297,2,6305.72,12611.44
ORDER_000002731_ITEM_002,ORDER_000002731,PRODUCT_000000262,3,34449.06,103347.18
ORDER_000002732_ITEM_001,ORDER_000002732,PRODUCT_000000189,1,2291.77,2291.77
ORDER_000002732_ITEM_002,ORDER_000002732,PRODUCT_000000356,4,53340.70,213362.80
ORDER_000002733_ITEM_001,ORDER_000002733,PRODUCT_000000499,5,22717.74,113588.70
ORDER_000002733_ITEM_002,ORDER_000002733,PRODUCT_000000345,3,106411.74,319235.22
ORDER_000002734_ITEM_001,ORDER_000002734,PRODUCT_000000234,4,8118.02,32472.08
ORDER_000002734_ITEM_002,ORDER_000002734,PRODUCT_000000261,2,26099.88,52199.76
ORDER_000002735_ITEM_001,ORDER_000002735,PRODUCT_000000089,4,7426.76,29707.04
ORDER_000002735_ITEM_002,ORDER_000002735,PRODUCT_000000144,1,1419.24,1419.24
ORDER_000002736_ITEM_001,ORDER_000002736,PRODUCT_000000003,5,166254.56,831272.80
ORDER_000002736_ITEM_002,ORDER_000002736,PRODUCT_000000451,4,557.23,2228.92
ORDER_000002737_ITEM_001,ORDER_000002737,PRODUCT_000000336,4,9981.53,39926.12
ORDER_000002737_ITEM_002,ORDER_000002737,PRODUCT_000000148,3,13436.93,40310.79
ORDER_000002738_ITEM_001,ORDER_000002738,PRODUCT_000000487,1,62096.00,62096.00
ORDER_000002738_ITEM_002,ORDER_000002738,PRODUCT_000000497,2,86756.62,173513.24
ORDER_000002739_ITEM_001,ORDER_000002739,PRODUCT_000000302,2,3481.66,6963.32
ORDER_000002739_ITEM_002,ORDER_000002739,PRODUCT_000000111,3,5144.89,15434.67
ORDER_000002740_ITEM_001,ORDER_000002740,PRODUCT_000000084,3,69985.17,209955.51
ORDER_000002740_ITEM_002,ORDER_000002740,PRODUCT_000000080,3,8444.99,25334.97
ORDER_000002741_ITEM_001,ORDER_000002741,PRODUCT_000000027,2,122387.75,244775.50
ORDER_000002741_ITEM_002,ORDER_000002741,PRODUCT_000000248,4,6350.16,25400.64
ORDER_000002742_ITEM_001,ORDER_000002742,PRODUCT_000000365,3,1131.39,3394.17
ORDER_000002742_ITEM_002,ORDER_000002742,PRODUCT_000000143,2,71000.26,142000.52
ORDER_000002743_ITEM_001,ORDER_000002743,PRODUCT_000000410,4,6005.71,24022.84
ORDER_000002743_ITEM_002,ORDER_000002743,PRODUCT_000000133,3,107202.22,321606.66
ORDER_000002744_ITEM_001,ORDER_000002744,PRODUCT_000000296,2,105785.14,211570.28
ORDER_000002744_ITEM_002,ORDER_000002744,PRODUCT_000000322,5,6422.03,32110.15
ORDER_000002745_ITEM_001,ORDER_000002745,PRODUCT_000000260,2,2417.05,4834.10
ORDER_000002745_ITEM_002,ORDER_000002745,PRODUCT_000000357,1,64399.68,64399.68
ORDER_000002746_ITEM_001,ORDER_000002746,PRODUCT_000000264,4,2135.20,8540.80
ORDER_000002746_ITEM_002,ORDER_000002746,PRODUCT_000000453,1,179948.29,179948.29
ORDER_000002747_ITEM_001,ORDER_000002747,PRODUCT_000000017,2,17512.73,35025.46
ORDER_000002747_ITEM_002,ORDER_000002747,PRODUCT_000000110,1,7868.39,7868.39
ORDER_000002748_ITEM_001,ORDER_000002748,PRODUCT_000000389,2,71784.35,143568.70
ORDER_000002748_ITEM_002,ORDER_000002748,PRODUCT_000000209,4,4970.11,19880.44
ORDER_000002749_ITEM_001,ORDER_000002749,PRODUCT_000000149,4,500.36,2001.44
ORDER_000002749_ITEM_002,ORDER_000002749,PRODUCT_000000198,4,53251.57,213006.28
ORDER_000002750_ITEM_001,ORDER_000002750,PRODUCT_000000058,5,20181.60,100908.00
ORDER_000002750_ITEM_002,ORDER_000002750,PRODUCT_000000055,4,77397.64,309590.56
ORDER_000002751_ITEM_001,ORDER_000002751,PRODUCT_000000367,2,84997.19,169994.38
ORDER_000002751_ITEM_002,ORDER_000002751,PRODUCT_000000219,4,10831.78,43327.12
ORDER_000002752_ITEM_001,ORDER_000002752,PRODUCT_000000451,2,557.23,1114.46
ORDER_000002752_ITEM_002,ORDER_000002752,PRODUCT_000000495,3,111322.66,333967.98
ORDER_000002753_ITEM_001,ORDER_000002753,PRODUCT_000000329,4,9319.38,37277.52
ORDER_000002753_ITEM_002,ORDER_000002753,PRODUCT_000000384,3,1879.95,5639.85
ORDER_000002754_ITEM_001,ORDER_000002754,PRODUCT_000000218,5,7029.23,35146.15
ORDER_000002754_ITEM_002,ORDER_000002754,PRODUCT_000000187,2,1398.69,2797.38
ORDER_000002755_ITEM_001,ORDER_000002755,PRODUCT_000000222,3,26935.38,80806.14
ORDER_000002755_ITEM_002,ORDER_000002755,PRODUCT_000000138,1,9019.79,9019.79
ORDER_000002756_ITEM_001,ORDER_000002756,PRODUCT_000000284,5,25462.80,127314.00
ORDER_000002756_ITEM_002,ORDER_000002756,PRODUCT_000000415,2,77825.19,155650.38
ORDER_000002757_ITEM_001,ORDER_000002757,PRODUCT_000000348,4,511.50,2046.00
ORDER_000002757_ITEM_002,ORDER_000002757,PRODUCT_000000369,2,1041.90,2083.80
ORDER_000002758_ITEM_001,ORDER_000002758,PRODUCT_000000049,4,194087.22,776348.88
ORDER_000002758_ITEM_002,ORDER_000002758,PRODUCT_000000150,3,97514.34,292543.02
ORDER_000002759_ITEM_001,ORDER_000002759,PRODUCT_000000123,2,18655.96,37311.92
ORDER_000002759_ITEM_002,ORDER_000002759,PRODUCT_000000126,1,23808.94,23808.94
ORDER_000002760_ITEM_001,ORDER_000002760,PRODUCT_000000401,1,1258.44,1258.44
ORDER_000002760_ITEM_002,ORDER_000002760,PRODUCT_000000367,2,84997.19,169994.38
ORDER_000002761_ITEM_001,ORDER_000002761,PRODUCT_000000479,4,436.69,1746.76
ORDER_000002761_ITEM_002,ORDER_000002761,PRODUCT_000000392,2,38277.40,76554.80
ORDER_000002762_ITEM_001,ORDER_000002762,PRODUCT_000000135,2,19292.87,38585.74
ORDER_000002762_ITEM_002,ORDER_000002762,PRODUCT_000000409,1,20583.82,20583.82
ORDER_000002763_ITEM_001,ORDER_000002763,PRODUCT_000000497,1,86756.62,86756.62
ORDER_000002763_ITEM_002,ORDER_000002763,PRODUCT_000000126,3,23808.94,71426.82
ORDER_000002764_ITEM_001,ORDER_000002764,PRODUCT_000000137,3,2720.00,8160.00
ORDER_000002764_ITEM_002,ORDER_000002764,PRODUCT_000000256,4,1724.12,6896.48
ORDER_000002765_ITEM_001,ORDER_000002765,PRODUCT_000000298,4,335.33,1341.32
ORDER_000002765_ITEM_002,ORDER_000002765,PRODUCT_000000074,4,75286.95,301147.80
ORDER_000002766_ITEM_001,ORDER_000002766,PRODUCT_000000325,5,4259.98,21299.90
ORDER_000002766_ITEM_002,ORDER_000002766,PRODUCT_000000312,3,508.37,1525.11
ORDER_000002767_ITEM_001,ORDER_000002767,PRODUCT_000000246,5,84103.35,420516.75
ORDER_000002767_ITEM_002,ORDER_000002767,PRODUCT_000000188,1,35973.47,35973.47
ORDER_000002768_ITEM_001,ORDER_000002768,PRODUCT_000000416,2,2364.84,4729.68
ORDER_000002768_ITEM_002,ORDER_000002768,PRODUCT_000000107,1,835.56,835.56
ORDER_000002769_ITEM_001,ORDER_000002769,PRODUCT_000000117,3,186308.09,558924.27
ORDER_000002769_ITEM_002,ORDER_000002769,PRODUCT_000000230,4,104957.16,419828.64
ORDER_000002770_ITEM_001,ORDER_000002770,PRODUCT_000000192,4,10837.79,43351.16
ORDER_000002770_ITEM_002,ORDER_000002770,PRODUCT_000000374,1,194612.79,194612.79
ORDER_000002771_ITEM_001,ORDER_000002771,PRODUCT_000000086,5,8488.74,42443.70
ORDER_000002771_ITEM_002,ORDER_000002771,PRODUCT_000000014,4,31645.32,126581.28
ORDER_000002772_ITEM_001,ORDER_000002772,PRODUCT_000000077,2,77023.77,154047.54
ORDER_000002772_ITEM_002,ORDER_000002772,PRODUCT_000000209,5,4970.11,24850.55
ORDER_000002773_ITEM_001,ORDER_000002773,PRODUCT_000000099,5,13369.90,66849.50
ORDER_000002773_ITEM_002,ORDER_000002773,PRODUCT_000000190,1,1821.64,1821.64
ORDER_000002774_ITEM_001,ORDER_000002774,PRODUCT_000000016,3,71215.48,213646.44
ORDER_000002774_ITEM_002,ORDER_000002774,PRODUCT_000000082,1,904.37,904.37
ORDER_000002775_ITEM_001,ORDER_000002775,PRODUCT_000000252,5,18522.97,92614.85
ORDER_000002775_ITEM_002,ORDER_000002775,PRODUCT_000000249,2,33792.11,67584.22
ORDER_000002776_ITEM_001,ORDER_000002776,PRODUCT_000000365,4,1131.39,4525.56
ORDER_000002776_ITEM_002,ORDER_000002776,PRODUCT_000000411,4,261.77,1047.08
ORDER_000002777_ITEM_001,ORDER_000002777,PRODUCT_000000043,4,143690.78,574763.12
ORDER_000002777_ITEM_002,ORDER_000002777,PRODUCT_000000497,1,86756.62,86756.62
ORDER_000002778_ITEM_001,ORDER_000002778,PRODUCT_000000397,1,2067.45,2067.45
ORDER_000002778_ITEM_002,ORDER_000002778,PRODUCT_000000385,1,2562.52,2562.52
ORDER_000002779_ITEM_001,ORDER_000002779,PRODUCT_000000315,1,1366.86,1366.86
ORDER_000002779_ITEM_002,ORDER_000002779,PRODUCT_000000073,2,595.40,1190.80
ORDER_000002780_ITEM_001,ORDER_000002780,PRODUCT_000000181,4,1727.48,6909.92
ORDER_000002780_ITEM_002,ORDER_000002780,PRODUCT_000000030,1,27973.94,27973.94
ORDER_000002781_ITEM_001,ORDER_000002781,PRODUCT_000000454,3,1504.58,4513.74
ORDER_000002781_ITEM_002,ORDER_000002781,PRODUCT_000000013,1,85341.86,85341.86
ORDER_000002782_ITEM_001,ORDER_000002782,PRODUCT_000000261,4,26099.88,104399.52
ORDER_000002782_ITEM_002,ORDER_000002782,PRODUCT_000000113,1,13504.86,13504.86
ORDER_000002783_ITEM_001,ORDER_000002783,PRODUCT_000000218,3,7029.23,21087.69
ORDER_000002783_ITEM_002,ORDER_000002783,PRODUCT_000000401,5,1258.44,6292.20
ORDER_000002784_ITEM_001,ORDER_000002784,PRODUCT_000000477,3,130157.67,390473.01
ORDER_000002784_ITEM_002,ORDER_000002784,PRODUCT_000000409,1,20583.82,20583.82
ORDER_000002785_ITEM_001,ORDER_000002785,PRODUCT_000000064,2,174728.07,349456.14
ORDER_000002785_ITEM_002,ORDER_000002785,PRODUCT_000000080,4,8444.99,33779.96
ORDER_000002786_ITEM_001,ORDER_000002786,PRODUCT_000000367,4,84997.19,339988.76
ORDER_000002786_ITEM_002,ORDER_000002786,PRODUCT_000000325,4,4259.98,17039.92
ORDER_000002787_ITEM_001,ORDER_000002787,PRODUCT_000000323,2,111157.95,222315.90
ORDER_000002787_ITEM_002,ORDER_000002787,PRODUCT_000000004,2,84297.47,168594.94
ORDER_000002788_ITEM_001,ORDER_000002788,PRODUCT_000000058,2,20181.60,40363.20
ORDER_000002788_ITEM_002,ORDER_000002788,PRODUCT_000000347,3,424.29,1272.87
ORDER_000002789_ITEM_001,ORDER_000002789,PRODUCT_000000251,2,1112.09,2224.18
ORDER_000002789_ITEM_002,ORDER_000002789,PRODUCT_000000123,1,18655.96,18655.96
ORDER_000002790_ITEM_001,ORDER_000002790,PRODUCT_000000238,2,709.92,1419.84
ORDER_000002790_ITEM_002,ORDER_000002790,PRODUCT_000000314,2,13535.22,27070.44
ORDER_000002791_ITEM_001,ORDER_000002791,PRODUCT_000000007,5,3112.46,15562.30
ORDER_000002791_ITEM_002,ORDER_000002791,PRODUCT_000000161,2,684.54,1369.08
ORDER_000002792_ITEM_001,ORDER_000002792,PRODUCT_000000334,5,921.24,4606.20
ORDER_000002792_ITEM_002,ORDER_000002792,PRODUCT_000000339,5,14282.13,71410.65
ORDER_000002793_ITEM_001,ORDER_000002793,PRODUCT_000000411,2,261.77,523.54
ORDER_000002793_ITEM_002,ORDER_000002793,PRODUCT_000000447,2,5903.88,11807.76
ORDER_000002794_ITEM_001,ORDER_000002794,PRODUCT_000000217,3,5712.09,17136.27
ORDER_000002794_ITEM_002,ORDER_000002794,PRODUCT_000000150,5,97514.34,487571.70
ORDER_000002795_ITEM_001,ORDER_000002795,PRODUCT_000000428,1,180920.89,180920.89
ORDER_000002795_ITEM_002,ORDER_000002795,PRODUCT_000000154,5,17743.63,88718.15
ORDER_000002796_ITEM_001,ORDER_000002796,PRODUCT_000000317,1,5032.06,5032.06
ORDER_000002796_ITEM_002,ORDER_000002796,PRODUCT_000000360,1,102821.06,102821.06
ORDER_000002797_ITEM_001,ORDER_000002797,PRODUCT_000000101,5,1447.61,7238.05
ORDER_000002797_ITEM_002,ORDER_000002797,PRODUCT_000000268,3,230.02,690.06
ORDER_000002798_ITEM_001,ORDER_000002798,PRODUCT_000000188,3,35973.47,107920.41
ORDER_000002798_ITEM_002,ORDER_000002798,PRODUCT_000000438,3,40311.65,120934.95
ORDER_000002799_ITEM_001,ORDER_000002799,PRODUCT_000000190,2,1821.64,3643.28
ORDER_000002799_ITEM_002,ORDER_000002799,PRODUCT_000000169,5,1720.94,8604.70
ORDER_000002800_ITEM_001,ORDER_000002800,PRODUCT_000000120,2,73826.11,147652.22
ORDER_000002800_ITEM_002,ORDER_000002800,PRODUCT_000000268,5,230.02,1150.10
ORDER_000002801_ITEM_001,ORDER_000002801,PRODUCT_000000223,2,3175.58,6351.16
ORDER_000002801_ITEM_002,ORDER_000002801,PRODUCT_000000050,1,191762.22,191762.22
ORDER_000002802_ITEM_001,ORDER_000002802,PRODUCT_000000088,5,4393.00,21965.00
ORDER_000002802_ITEM_002,ORDER_000002802,PRODUCT_000000497,5,86756.62,433783.10
ORDER_000002803_ITEM_001,ORDER_000002803,PRODUCT_000000485,2,123226.74,246453.48
ORDER_000002803_ITEM_002,ORDER_000002803,PRODUCT_000000499,3,22717.74,68153.22
ORDER_000002804_ITEM_001,ORDER_000002804,PRODUCT_000000242,3,2669.01,8007.03
ORDER_000002804_ITEM_002,ORDER_000002804,PRODUCT_000000365,2,1131.39,2262.78
ORDER_000002805_ITEM_001,ORDER_000002805,PRODUCT_000000228,1,79825.81,79825.81
ORDER_000002805_ITEM_002,ORDER_000002805,PRODUCT_000000178,2,11187.40,22374.80
ORDER_000002806_ITEM_001,ORDER_000002806,PRODUCT_000000281,3,385.35,1156.05
ORDER_000002806_ITEM_002,ORDER_000002806,PRODUCT_000000237,3,40793.49,122380.47
ORDER_000002807_ITEM_001,ORDER_000002807,PRODUCT_000000164,2,63385.92,126771.84
ORDER_000002807_ITEM_002,ORDER_000002807,PRODUCT_000000341,5,80395.16,401975.80
ORDER_000002808_ITEM_001,ORDER_000002808,PRODUCT_000000003,4,166254.56,665018.24
ORDER_000002808_ITEM_002,ORDER_000002808,PRODUCT_000000136,3,50895.01,152685.03
ORDER_000002809_ITEM_001,ORDER_000002809,PRODUCT_000000434,2,1900.67,3801.34
ORDER_000002809_ITEM_002,ORDER_000002809,PRODUCT_000000028,4,22480.60,89922.40
ORDER_000002810_ITEM_001,ORDER_000002810,PRODUCT_000000125,5,48262.53,241312.65
ORDER_000002810_ITEM_002,ORDER_000002810,PRODUCT_000000068,4,603.83,2415.32
ORDER_000002811_ITEM_001,ORDER_000002811,PRODUCT_000000104,2,42385.77,84771.54
ORDER_000002811_ITEM_002,ORDER_000002811,PRODUCT_000000070,3,82897.23,248691.69
ORDER_000002812_ITEM_001,ORDER_000002812,PRODUCT_000000177,4,29457.82,117831.28
ORDER_000002812_ITEM_002,ORDER_000002812,PRODUCT_000000061,3,378.02,1134.06
ORDER_000002813_ITEM_001,ORDER_000002813,PRODUCT_000000283,5,4001.25,20006.25
ORDER_000002813_ITEM_002,ORDER_000002813,PRODUCT_000000236,3,1537.45,4612.35
ORDER_000002814_ITEM_001,ORDER_000002814,PRODUCT_000000353,3,761.53,2284.59
ORDER_000002814_ITEM_002,ORDER_000002814,PRODUCT_000000198,3,53251.57,159754.71
ORDER_000002815_ITEM_001,ORDER_000002815,PRODUCT_000000104,2,42385.77,84771.54
ORDER_000002815_ITEM_002,ORDER_000002815,PRODUCT_000000482,2,1961.27,3922.54
ORDER_000002816_ITEM_001,ORDER_000002816,PRODUCT_000000209,5,4970.11,24850.55
ORDER_000002816_ITEM_002,ORDER_000002816,PRODUCT_000000397,1,2067.45,2067.45
ORDER_000002817_ITEM_001,ORDER_000002817,PRODUCT_000000496,4,970.45,3881.80
ORDER_000002817_ITEM_002,ORDER_000002817,PRODUCT_000000159,3,40197.32,120591.96
ORDER_000002818_ITEM_001,ORDER_000002818,PRODUCT_000000435,5,66739.12,333695.60
ORDER_000002818_ITEM_002,ORDER_000002818,PRODUCT_000000143,5,71000.26,355001.30
ORDER_000002819_ITEM_001,ORDER_000002819,PRODUCT_000000103,4,63093.38,252373.52
ORDER_000002819_ITEM_002,ORDER_000002819,PRODUCT_000000345,3,106411.74,319235.22
ORDER_000002820_ITEM_001,ORDER_000002820,PRODUCT_000000339,2,14282.13,28564.26
ORDER_000002820_ITEM_002,ORDER_000002820,PRODUCT_000000045,4,35447.12,141788.48
ORDER_000002821_ITEM_001,ORDER_000002821,PRODUCT_000000138,5,9019.79,45098.95
ORDER_000002821_ITEM_002,ORDER_000002821,PRODUCT_000000102,1,81407.93,81407.93
ORDER_000002822_ITEM_001,ORDER_000002822,PRODUCT_000000008,2,113431.81,226863.62
ORDER_000002822_ITEM_002,ORDER_000002822,PRODUCT_000000184,1,120740.28,120740.28
ORDER_000002823_ITEM_001,ORDER_000002823,PRODUCT_000000092,5,38553.85,192769.25
ORDER_000002823_ITEM_002,ORDER_000002823,PRODUCT_000000149,4,500.36,2001.44
ORDER_000002824_ITEM_001,ORDER_000002824,PRODUCT_000000138,1,9019.79,9019.79
ORDER_000002824_ITEM_002,ORDER_000002824,PRODUCT_000000227,3,51780.80,155342.40
ORDER_000002825_ITEM_001,ORDER_000002825,PRODUCT_000000366,2,11041.34,22082.68
ORDER_000002825_ITEM_002,ORDER_000002825,PRODUCT_000000109,4,11755.22,47020.88
ORDER_000002826_ITEM_001,ORDER_000002826,PRODUCT_000000173,4,18158.57,72634.28
ORDER_000002826_ITEM_002,ORDER_000002826,PRODUCT_000000295,3,38276.02,114828.06
ORDER_000002827_ITEM_001,ORDER_000002827,PRODUCT_000000048,5,71251.17,356255.85
ORDER_000002827_ITEM_002,ORDER_000002827,PRODUCT_000000005,4,3906.48,15625.92
ORDER_000002828_ITEM_001,ORDER_000002828,PRODUCT_000000283,5,4001.25,20006.25
ORDER_000002828_ITEM_002,ORDER_000002828,PRODUCT_000000306,1,16336.98,16336.98
ORDER_000002829_ITEM_001,ORDER_000002829,PRODUCT_000000345,1,106411.74,106411.74
ORDER_000002829_ITEM_002,ORDER_000002829,PRODUCT_000000023,5,1295.31,6476.55
ORDER_000002830_ITEM_001,ORDER_000002830,PRODUCT_000000351,5,186960.69,934803.45
ORDER_000002830_ITEM_002,ORDER_000002830,PRODUCT_000000413,5,782.86,3914.30
ORDER_000002831_ITEM_001,ORDER_000002831,PRODUCT_000000252,5,18522.97,92614.85
ORDER_000002831_ITEM_002,ORDER_000002831,PRODUCT_000000468,1,11339.62,11339.62
ORDER_000002832_ITEM_001,ORDER_000002832,PRODUCT_000000362,5,311.22,1556.10
ORDER_000002832_ITEM_002,ORDER_000002832,PRODUCT_000000075,4,13044.69,52178.76
ORDER_000002833_ITEM_001,ORDER_000002833,PRODUCT_000000451,2,557.23,1114.46
ORDER_000002833_ITEM_002,ORDER_000002833,PRODUCT_000000233,4,2536.45,10145.80
ORDER_000002834_ITEM_001,ORDER_000002834,PRODUCT_000000385,4,2562.52,10250.08
ORDER_000002834_ITEM_002,ORDER_000002834,PRODUCT_000000319,4,52057.41,208229.64
ORDER_000002835_ITEM_001,ORDER_000002835,PRODUCT_000000416,4,2364.84,9459.36
ORDER_000002835_ITEM_002,ORDER_000002835,PRODUCT_000000113,3,13504.86,40514.58
ORDER_000002836_ITEM_001,ORDER_000002836,PRODUCT_000000085,5,95727.09,478635.45
ORDER_000002836_ITEM_002,ORDER_000002836,PRODUCT_000000461,3,66176.77,198530.31
ORDER_000002837_ITEM_001,ORDER_000002837,PRODUCT_000000005,3,3906.48,11719.44
ORDER_000002837_ITEM_002,ORDER_000002837,PRODUCT_000000331,5,16339.42,81697.10
ORDER_000002838_ITEM_001,ORDER_000002838,PRODUCT_000000048,2,71251.17,142502.34
ORDER_000002838_ITEM_002,ORDER_000002838,PRODUCT_000000360,5,102821.06,514105.30
ORDER_000002839_ITEM_001,ORDER_000002839,PRODUCT_000000389,3,71784.35,215353.05
ORDER_000002839_ITEM_002,ORDER_000002839,PRODUCT_000000236,3,1537.45,4612.35
ORDER_000002840_ITEM_001,ORDER_000002840,PRODUCT_000000415,2,77825.19,155650.38
ORDER_000002840_ITEM_002,ORDER_000002840,PRODUCT_000000014,3,31645.32,94935.96
ORDER_000002841_ITEM_001,ORDER_000002841,PRODUCT_000000185,5,30648.96,153244.80
ORDER_000002841_ITEM_002,ORDER_000002841,PRODUCT_000000121,1,67658.89,67658.89
ORDER_000002842_ITEM_001,ORDER_000002842,PRODUCT_000000476,1,65466.46,65466.46
ORDER_000002842_ITEM_002,ORDER_000002842,PRODUCT_000000457,2,20677.50,41355.00
ORDER_000002843_ITEM_001,ORDER_000002843,PRODUCT_000000015,5,140055.39,700276.95
ORDER_000002843_ITEM_002,ORDER_000002843,PRODUCT_000000196,2,713.24,1426.48
ORDER_000002844_ITEM_001,ORDER_000002844,PRODUCT_000000230,3,104957.16,314871.48
ORDER_000002844_ITEM_002,ORDER_000002844,PRODUCT_000000237,4,40793.49,163173.96
ORDER_000002845_ITEM_001,ORDER_000002845,PRODUCT_000000272,3,13222.81,39668.43
ORDER_000002845_ITEM_002,ORDER_000002845,PRODUCT_000000211,3,11540.41,34621.23
ORDER_000002846_ITEM_001,ORDER_000002846,PRODUCT_000000453,2,179948.29,359896.58
ORDER_000002846_ITEM_002,ORDER_000002846,PRODUCT_000000049,4,194087.22,776348.88
ORDER_000002847_ITEM_001,ORDER_000002847,PRODUCT_000000178,3,11187.40,33562.20
ORDER_000002847_ITEM_002,ORDER_000002847,PRODUCT_000000252,5,18522.97,92614.85
ORDER_000002848_ITEM_001,ORDER_000002848,PRODUCT_000000498,1,2542.71,2542.71
ORDER_000002848_ITEM_002,ORDER_000002848,PRODUCT_000000027,2,122387.75,244775.50
ORDER_000002849_ITEM_001,ORDER_000002849,PRODUCT_000000173,1,18158.57,18158.57
ORDER_000002849_ITEM_002,ORDER_000002849,PRODUCT_000000156,2,17875.07,35750.14
ORDER_000002850_ITEM_001,ORDER_000002850,PRODUCT_000000058,5,20181.60,100908.00
ORDER_000002850_ITEM_002,ORDER_000002850,PRODUCT_000000139,5,955.15,4775.75
ORDER_000002851_ITEM_001,ORDER_000002851,PRODUCT_000000363,4,1679.27,6717.08
ORDER_000002851_ITEM_002,ORDER_000002851,PRODUCT_000000168,2,4563.70,9127.40
ORDER_000002852_ITEM_001,ORDER_000002852,PRODUCT_000000070,5,82897.23,414486.15
ORDER_000002852_ITEM_002,ORDER_000002852,PRODUCT_000000012,5,116699.02,583495.10
ORDER_000002853_ITEM_001,ORDER_000002853,PRODUCT_000000467,3,89885.32,269655.96
ORDER_000002853_ITEM_002,ORDER_000002853,PRODUCT_000000242,2,2669.01,5338.02
ORDER_000002854_ITEM_001,ORDER_000002854,PRODUCT_000000160,4,243.20,972.80
ORDER_000002854_ITEM_002,ORDER_000002854,PRODUCT_000000001,1,47526.13,47526.13
ORDER_000002855_ITEM_001,ORDER_000002855,PRODUCT_000000378,4,253.91,1015.64
ORDER_000002855_ITEM_002,ORDER_000002855,PRODUCT_000000167,4,29972.62,119890.48
ORDER_000002856_ITEM_001,ORDER_000002856,PRODUCT_000000443,2,1322.46,2644.92
ORDER_000002856_ITEM_002,ORDER_000002856,PRODUCT_000000273,1,93376.09,93376.09
ORDER_000002857_ITEM_001,ORDER_000002857,PRODUCT_000000490,1,5004.64,5004.64
ORDER_000002857_ITEM_002,ORDER_000002857,PRODUCT_000000275,2,37395.96,74791.92
ORDER_000002858_ITEM_001,ORDER_000002858,PRODUCT_000000342,3,63802.09,191406.27
ORDER_000002858_ITEM_002,ORDER_000002858,PRODUCT_000000093,2,17022.09,34044.18
ORDER_000002859_ITEM_001,ORDER_000002859,PRODUCT_000000429,2,54612.57,109225.14
ORDER_000002859_ITEM_002,ORDER_000002859,PRODUCT_000000087,5,55215.64,276078.20
ORDER_000002860_ITEM_001,ORDER_000002860,PRODUCT_000000386,2,7104.14,14208.28
ORDER_000002860_ITEM_002,ORDER_000002860,PRODUCT_000000381,5,80434.33,402171.65
ORDER_000002861_ITEM_001,ORDER_000002861,PRODUCT_000000031,3,223997.16,671991.48
ORDER_000002861_ITEM_002,ORDER_000002861,PRODUCT_000000211,3,11540.41,34621.23
ORDER_000002862_ITEM_001,ORDER_000002862,PRODUCT_000000122,4,5503.57,22014.28
ORDER_000002862_ITEM_002,ORDER_000002862,PRODUCT_000000345,4,106411.74,425646.96
ORDER_000002863_ITEM_001,ORDER_000002863,PRODUCT_000000408,2,291.08,582.16
ORDER_000002863_ITEM_002,ORDER_000002863,PRODUCT_000000468,1,11339.62,11339.62
ORDER_000002864_ITEM_001,ORDER_000002864,PRODUCT_000000356,3,53340.70,160022.10
ORDER_000002864_ITEM_002,ORDER_000002864,PRODUCT_000000278,2,2383.85,4767.70
ORDER_000002865_ITEM_001,ORDER_000002865,PRODUCT_000000352,2,17207.18,34414.36
ORDER_000002865_ITEM_002,ORDER_000002865,PRODUCT_000000355,1,2839.63,2839.63
ORDER_000002866_ITEM_001,ORDER_000002866,PRODUCT_000000318,2,11683.06,23366.12
ORDER_000002866_ITEM_002,ORDER_000002866,PRODUCT_000000217,4,5712.09,22848.36
ORDER_000002867_ITEM_001,ORDER_000002867,PRODUCT_000000151,1,77780.21,77780.21
ORDER_000002867_ITEM_002,ORDER_000002867,PRODUCT_000000198,5,53251.57,266257.85
ORDER_000002868_ITEM_001,ORDER_000002868,PRODUCT_000000055,5,77397.64,386988.20
ORDER_000002868_ITEM_002,ORDER_000002868,PRODUCT_000000219,1,10831.78,10831.78
ORDER_000002869_ITEM_001,ORDER_000002869,PRODUCT_000000044,2,24208.61,48417.22
ORDER_000002869_ITEM_002,ORDER_000002869,PRODUCT_000000465,1,27686.57,27686.57
ORDER_000002870_ITEM_001,ORDER_000002870,PRODUCT_000000153,4,1314.83,5259.32
ORDER_000002870_ITEM_002,ORDER_000002870,PRODUCT_000000039,2,399.38,798.76
ORDER_000002871_ITEM_001,ORDER_000002871,PRODUCT_000000268,4,230.02,920.08
ORDER_000002871_ITEM_002,ORDER_000002871,PRODUCT_000000233,4,2536.45,10145.80
ORDER_000002872_ITEM_001,ORDER_000002872,PRODUCT_000000477,2,130157.67,260315.34
ORDER_000002872_ITEM_002,ORDER_000002872,PRODUCT_000000308,2,10454.59,20909.18
ORDER_000002873_ITEM_001,ORDER_000002873,PRODUCT_000000452,1,66502.26,66502.26
ORDER_000002873_ITEM_002,ORDER_000002873,PRODUCT_000000419,4,1633.27,6533.08
ORDER_000002874_ITEM_001,ORDER_000002874,PRODUCT_000000060,3,61306.51,183919.53
ORDER_000002874_ITEM_002,ORDER_000002874,PRODUCT_000000433,4,3121.66,12486.64
ORDER_000002875_ITEM_001,ORDER_000002875,PRODUCT_000000241,5,19528.30,97641.50
ORDER_000002875_ITEM_002,ORDER_000002875,PRODUCT_000000312,2,508.37,1016.74
ORDER_000002876_ITEM_001,ORDER_000002876,PRODUCT_000000219,4,10831.78,43327.12
ORDER_000002876_ITEM_002,ORDER_000002876,PRODUCT_000000155,4,37803.93,151215.72
ORDER_000002877_ITEM_001,ORDER_000002877,PRODUCT_000000028,5,22480.60,112403.00
ORDER_000002877_ITEM_002,ORDER_000002877,PRODUCT_000000025,1,1480.92,1480.92
ORDER_000002878_ITEM_001,ORDER_000002878,PRODUCT_000000363,2,1679.27,3358.54
ORDER_000002878_ITEM_002,ORDER_000002878,PRODUCT_000000462,2,87564.19,175128.38
ORDER_000002879_ITEM_001,ORDER_000002879,PRODUCT_000000306,3,16336.98,49010.94
ORDER_000002879_ITEM_002,ORDER_000002879,PRODUCT_000000101,4,1447.61,5790.44
ORDER_000002880_ITEM_001,ORDER_000002880,PRODUCT_000000001,2,47526.13,95052.26
ORDER_000002880_ITEM_002,ORDER_000002880,PRODUCT_000000369,2,1041.90,2083.80
ORDER_000002881_ITEM_001,ORDER_000002881,PRODUCT_000000118,5,115069.78,575348.90
ORDER_000002881_ITEM_002,ORDER_000002881,PRODUCT_000000331,2,16339.42,32678.84
ORDER_000002882_ITEM_001,ORDER_000002882,PRODUCT_000000238,4,709.92,2839.68
ORDER_000002882_ITEM_002,ORDER_000002882,PRODUCT_000000026,4,18909.61,75638.44
ORDER_000002883_ITEM_001,ORDER_000002883,PRODUCT_000000102,5,81407.93,407039.65
ORDER_000002883_ITEM_002,ORDER_000002883,PRODUCT_000000233,2,2536.45,5072.90
ORDER_000002884_ITEM_001,ORDER_000002884,PRODUCT_000000011,4,5081.83,20327.32
ORDER_000002884_ITEM_002,ORDER_000002884,PRODUCT_000000327,4,10245.94,40983.76
ORDER_000002885_ITEM_001,ORDER_000002885,PRODUCT_000000280,2,8266.88,16533.76
ORDER_000002885_ITEM_002,ORDER_000002885,PRODUCT_000000429,5,54612.57,273062.85
ORDER_000002886_ITEM_001,ORDER_000002886,PRODUCT_000000033,3,84979.83,254939.49
ORDER_000002886_ITEM_002,ORDER_000002886,PRODUCT_000000368,2,9454.76,18909.52
ORDER_000002887_ITEM_001,ORDER_000002887,PRODUCT_000000112,4,20260.19,81040.76
ORDER_000002887_ITEM_002,ORDER_000002887,PRODUCT_000000118,3,115069.78,345209.34
ORDER_000002888_ITEM_001,ORDER_000002888,PRODUCT_000000461,5,66176.77,330883.85
ORDER_000002888_ITEM_002,ORDER_000002888,PRODUCT_000000375,3,2168.98,6506.94
ORDER_000002889_ITEM_001,ORDER_000002889,PRODUCT_000000048,4,71251.17,285004.68
ORDER_000002889_ITEM_002,ORDER_000002889,PRODUCT_000000180,2,131161.69,262323.38
ORDER_000002890_ITEM_001,ORDER_000002890,PRODUCT_000000432,4,67458.36,269833.44
ORDER_000002890_ITEM_002,ORDER_000002890,PRODUCT_000000039,2,399.38,798.76
ORDER_000002891_ITEM_001,ORDER_000002891,PRODUCT_000000204,4,502.82,2011.28
ORDER_000002891_ITEM_002,ORDER_000002891,PRODUCT_000000500,4,66111.23,264444.92
ORDER_000002892_ITEM_001,ORDER_000002892,PRODUCT_000000182,4,906.52,3626.08
ORDER_000002892_ITEM_002,ORDER_000002892,PRODUCT_000000200,2,22985.98,45971.96
ORDER_000002893_ITEM_001,ORDER_000002893,PRODUCT_000000089,4,7426.76,29707.04
ORDER_000002893_ITEM_002,ORDER_000002893,PRODUCT_000000119,3,10653.04,31959.12
ORDER_000002894_ITEM_001,ORDER_000002894,PRODUCT_000000318,1,11683.06,11683.06
ORDER_000002894_ITEM_002,ORDER_000002894,PRODUCT_000000048,2,71251.17,142502.34
ORDER_000002895_ITEM_001,ORDER_000002895,PRODUCT_000000043,1,143690.78,143690.78
ORDER_000002895_ITEM_002,ORDER_000002895,PRODUCT_000000420,4,33996.43,135985.72
ORDER_000002896_ITEM_001,ORDER_000002896,PRODUCT_000000142,1,77646.41,77646.41
ORDER_000002896_ITEM_002,ORDER_000002896,PRODUCT_000000173,4,18158.57,72634.28
ORDER_000002897_ITEM_001,ORDER_000002897,PRODUCT_000000313,5,108316.97,541584.85
ORDER_000002897_ITEM_002,ORDER_000002897,PRODUCT_000000083,4,68919.06,275676.24
ORDER_000002898_ITEM_001,ORDER_000002898,PRODUCT_000000262,3,34449.06,103347.18
ORDER_000002898_ITEM_002,ORDER_000002898,PRODUCT_000000478,2,5870.96,11741.92
ORDER_000002899_ITEM_001,ORDER_000002899,PRODUCT_000000355,3,2839.63,8518.89
ORDER_000002899_ITEM_002,ORDER_000002899,PRODUCT_000000164,3,63385.92,190157.76
ORDER_000002900_ITEM_001,ORDER_000002900,PRODUCT_000000290,5,32348.76,161743.80
ORDER_000002900_ITEM_002,ORDER_000002900,PRODUCT_000000101,1,1447.61,1447.61
ORDER_000002901_ITEM_001,ORDER_000002901,PRODUCT_000000185,5,30648.96,153244.80
ORDER_000002901_ITEM_002,ORDER_000002901,PRODUCT_000000166,1,6151.35,6151.35
ORDER_000002902_ITEM_001,ORDER_000002902,PRODUCT_000000459,1,5188.95,5188.95
ORDER_000002902_ITEM_002,ORDER_000002902,PRODUCT_000000335,3,7748.73,23246.19
ORDER_000002903_ITEM_001,ORDER_000002903,PRODUCT_000000102,1,81407.93,81407.93
ORDER_000002903_ITEM_002,ORDER_000002903,PRODUCT_000000234,4,8118.02,32472.08
ORDER_000002904_ITEM_001,ORDER_000002904,PRODUCT_000000473,2,10475.93,20951.86
ORDER_000002904_ITEM_002,ORDER_000002904,PRODUCT_000000048,2,71251.17,142502.34
ORDER_000002905_ITEM_001,ORDER_000002905,PRODUCT_000000115,1,1102.21,1102.21
ORDER_000002905_ITEM_002,ORDER_000002905,PRODUCT_000000189,5,2291.77,11458.85
ORDER_000002906_ITEM_001,ORDER_000002906,PRODUCT_000000101,1,1447.61,1447.61
ORDER_000002906_ITEM_002,ORDER_000002906,PRODUCT_000000220,1,5722.11,5722.11
ORDER_000002907_ITEM_001,ORDER_000002907,PRODUCT_000000489,2,65761.05,131522.10
ORDER_000002907_ITEM_002,ORDER_000002907,PRODUCT_000000485,4,123226.74,492906.96
ORDER_000002908_ITEM_001,ORDER_000002908,PRODUCT_000000491,5,116914.83,584574.15
ORDER_000002908_ITEM_002,ORDER_000002908,PRODUCT_000000429,2,54612.57,109225.14
ORDER_000002909_ITEM_001,ORDER_000002909,PRODUCT_000000096,3,1255.12,3765.36
ORDER_000002909_ITEM_002,ORDER_000002909,PRODUCT_000000116,4,108578.88,434315.52
ORDER_000002910_ITEM_001,ORDER_000002910,PRODUCT_000000175,1,40112.08,40112.08
ORDER_000002910_ITEM_002,ORDER_000002910,PRODUCT_000000026,1,18909.61,18909.61
ORDER_000002911_ITEM_001,ORDER_000002911,PRODUCT_000000223,1,3175.58,3175.58
ORDER_000002911_ITEM_002,ORDER_000002911,PRODUCT_000000276,4,6006.43,24025.72
ORDER_000002912_ITEM_001,ORDER_000002912,PRODUCT_000000214,2,37438.96,74877.92
ORDER_000002912_ITEM_002,ORDER_000002912,PRODUCT_000000003,3,166254.56,498763.68
ORDER_000002913_ITEM_001,ORDER_000002913,PRODUCT_000000189,1,2291.77,2291.77
ORDER_000002913_ITEM_002,ORDER_000002913,PRODUCT_000000485,3,123226.74,369680.22
ORDER_000002914_ITEM_001,ORDER_000002914,PRODUCT_000000306,3,16336.98,49010.94
ORDER_000002914_ITEM_002,ORDER_000002914,PRODUCT_000000131,5,8366.73,41833.65
ORDER_000002915_ITEM_001,ORDER_000002915,PRODUCT_000000166,5,6151.35,30756.75
ORDER_000002915_ITEM_002,ORDER_000002915,PRODUCT_000000344,5,108319.93,541599.65
ORDER_000002916_ITEM_001,ORDER_000002916,PRODUCT_000000020,2,4087.52,8175.04
ORDER_000002916_ITEM_002,ORDER_000002916,PRODUCT_000000409,1,20583.82,20583.82
ORDER_000002917_ITEM_001,ORDER_000002917,PRODUCT_000000119,3,10653.04,31959.12
ORDER_000002917_ITEM_002,ORDER_000002917,PRODUCT_000000485,2,123226.74,246453.48
ORDER_000002918_ITEM_001,ORDER_000002918,PRODUCT_000000066,5,166045.11,830225.55
ORDER_000002918_ITEM_002,ORDER_000002918,PRODUCT_000000425,2,3973.74,7947.48
ORDER_000002919_ITEM_001,ORDER_000002919,PRODUCT_000000432,1,67458.36,67458.36
ORDER_000002919_ITEM_002,ORDER_000002919,PRODUCT_000000406,4,130798.44,523193.76
ORDER_000002920_ITEM_001,ORDER_000002920,PRODUCT_000000155,3,37803.93,113411.79
ORDER_000002920_ITEM_002,ORDER_000002920,PRODUCT_000000257,5,6078.96,30394.80
ORDER_000002921_ITEM_001,ORDER_000002921,PRODUCT_000000366,5,11041.34,55206.70
ORDER_000002921_ITEM_002,ORDER_000002921,PRODUCT_000000423,2,2075.71,4151.42
ORDER_000002922_ITEM_001,ORDER_000002922,PRODUCT_000000179,4,16969.41,67877.64
ORDER_000002922_ITEM_002,ORDER_000002922,PRODUCT_000000015,4,140055.39,560221.56
ORDER_000002923_ITEM_001,ORDER_000002923,PRODUCT_000000032,2,916.80,1833.60
ORDER_000002923_ITEM_002,ORDER_000002923,PRODUCT_000000135,5,19292.87,96464.35
ORDER_000002924_ITEM_001,ORDER_000002924,PRODUCT_000000036,3,49982.53,149947.59
ORDER_000002924_ITEM_002,ORDER_000002924,PRODUCT_000000491,5,116914.83,584574.15
ORDER_000002925_ITEM_001,ORDER_000002925,PRODUCT_000000301,2,3608.69,7217.38
ORDER_000002925_ITEM_002,ORDER_000002925,PRODUCT_000000470,2,1763.05,3526.10
ORDER_000002926_ITEM_001,ORDER_000002926,PRODUCT_000000159,1,40197.32,40197.32
ORDER_000002926_ITEM_002,ORDER_000002926,PRODUCT_000000359,2,31351.97,62703.94
ORDER_000002927_ITEM_001,ORDER_000002927,PRODUCT_000000121,2,67658.89,135317.78
ORDER_000002927_ITEM_002,ORDER_000002927,PRODUCT_000000224,3,89554.05,268662.15
ORDER_000002928_ITEM_001,ORDER_000002928,PRODUCT_000000330,5,732.17,3660.85
ORDER_000002928_ITEM_002,ORDER_000002928,PRODUCT_000000184,2,120740.28,241480.56
ORDER_000002929_ITEM_001,ORDER_000002929,PRODUCT_000000208,2,62048.54,124097.08
ORDER_000002929_ITEM_002,ORDER_000002929,PRODUCT_000000188,3,35973.47,107920.41
ORDER_000002930_ITEM_001,ORDER_000002930,PRODUCT_000000419,5,1633.27,8166.35
ORDER_000002930_ITEM_002,ORDER_000002930,PRODUCT_000000299,1,109951.12,109951.12
ORDER_000002931_ITEM_001,ORDER_000002931,PRODUCT_000000134,2,2948.45,5896.90
ORDER_000002931_ITEM_002,ORDER_000002931,PRODUCT_000000424,1,6433.07,6433.07
ORDER_000002932_ITEM_001,ORDER_000002932,PRODUCT_000000376,5,1235.61,6178.05
ORDER_000002932_ITEM_002,ORDER_000002932,PRODUCT_000000074,3,75286.95,225860.85
ORDER_000002933_ITEM_001,ORDER_000002933,PRODUCT_000000418,1,3679.29,3679.29
ORDER_000002933_ITEM_002,ORDER_000002933,PRODUCT_000000137,4,2720.00,10880.00
ORDER_000002934_ITEM_001,ORDER_000002934,PRODUCT_000000281,2,385.35,770.70
ORDER_000002934_ITEM_002,ORDER_000002934,PRODUCT_000000373,1,1253.40,1253.40
ORDER_000002935_ITEM_001,ORDER_000002935,PRODUCT_000000396,2,32148.93,64297.86
ORDER_000002935_ITEM_002,ORDER_000002935,PRODUCT_000000332,4,1477.19,5908.76
ORDER_000002936_ITEM_001,ORDER_000002936,PRODUCT_000000302,2,3481.66,6963.32
ORDER_000002936_ITEM_002,ORDER_000002936,PRODUCT_000000367,2,84997.19,169994.38
ORDER_000002937_ITEM_001,ORDER_000002937,PRODUCT_000000257,2,6078.96,12157.92
ORDER_000002937_ITEM_002,ORDER_000002937,PRODUCT_000000285,2,59012.72,118025.44
ORDER_000002938_ITEM_001,ORDER_000002938,PRODUCT_000000108,4,3286.97,13147.88
ORDER_000002938_ITEM_002,ORDER_000002938,PRODUCT_000000258,4,1110.13,4440.52
ORDER_000002939_ITEM_001,ORDER_000002939,PRODUCT_000000452,4,66502.26,266009.04
ORDER_000002939_ITEM_002,ORDER_000002939,PRODUCT_000000222,3,26935.38,80806.14
ORDER_000002940_ITEM_001,ORDER_000002940,PRODUCT_000000402,4,51496.58,205986.32
ORDER_000002940_ITEM_002,ORDER_000002940,PRODUCT_000000272,4,13222.81,52891.24
ORDER_000002941_ITEM_001,ORDER_000002941,PRODUCT_000000288,1,105802.00,105802.00
ORDER_000002941_ITEM_002,ORDER_000002941,PRODUCT_000000422,4,76372.72,305490.88
ORDER_000002942_ITEM_001,ORDER_000002942,PRODUCT_000000103,5,63093.38,315466.90
ORDER_000002942_ITEM_002,ORDER_000002942,PRODUCT_000000197,5,54944.74,274723.70
ORDER_000002943_ITEM_001,ORDER_000002943,PRODUCT_000000170,3,2022.45,6067.35
ORDER_000002943_ITEM_002,ORDER_000002943,PRODUCT_000000002,1,64148.53,64148.53
ORDER_000002944_ITEM_001,ORDER_000002944,PRODUCT_000000015,2,140055.39,280110.78
ORDER_000002944_ITEM_002,ORDER_000002944,PRODUCT_000000205,3,3783.93,11351.79
ORDER_000002945_ITEM_001,ORDER_000002945,PRODUCT_000000080,4,8444.99,33779.96
ORDER_000002945_ITEM_002,ORDER_000002945,PRODUCT_000000408,4,291.08,1164.32
ORDER_000002946_ITEM_001,ORDER_000002946,PRODUCT_000000278,4,2383.85,9535.40
ORDER_000002946_ITEM_002,ORDER_000002946,PRODUCT_000000314,3,13535.22,40605.66
ORDER_000002947_ITEM_001,ORDER_000002947,PRODUCT_000000464,3,46076.82,138230.46
ORDER_000002947_ITEM_002,ORDER_000002947,PRODUCT_000000057,1,181686.00,181686.00
ORDER_000002948_ITEM_001,ORDER_000002948,PRODUCT_000000071,1,27899.72,27899.72
ORDER_000002948_ITEM_002,ORDER_000002948,PRODUCT_000000173,3,18158.57,54475.71
ORDER_000002949_ITEM_001,ORDER_000002949,PRODUCT_000000469,1,4611.19,4611.19
ORDER_000002949_ITEM_002,ORDER_000002949,PRODUCT_000000273,3,93376.09,280128.27
ORDER_000002950_ITEM_001,ORDER_000002950,PRODUCT_000000347,3,424.29,1272.87
ORDER_000002950_ITEM_002,ORDER_000002950,PRODUCT_000000429,4,54612.57,218450.28
ORDER_000002951_ITEM_001,ORDER_000002951,PRODUCT_000000347,2,424.29,848.58
ORDER_000002951_ITEM_002,ORDER_000002951,PRODUCT_000000257,5,6078.96,30394.80
ORDER_000002952_ITEM_001,ORDER_000002952,PRODUCT_000000282,5,114133.14,570665.70
ORDER_000002952_ITEM_002,ORDER_000002952,PRODUCT_000000099,4,13369.90,53479.60
ORDER_000002953_ITEM_001,ORDER_000002953,PRODUCT_000000494,5,535.49,2677.45
ORDER_000002953_ITEM_002,ORDER_000002953,PRODUCT_000000456,4,5850.98,23403.92
ORDER_000002954_ITEM_001,ORDER_000002954,PRODUCT_000000379,4,788.70,3154.80
ORDER_000002954_ITEM_002,ORDER_000002954,PRODUCT_000000081,3,51812.13,155436.39
ORDER_000002955_ITEM_001,ORDER_000002955,PRODUCT_000000076,4,2000.71,8002.84
ORDER_000002955_ITEM_002,ORDER_000002955,PRODUCT_000000036,3,49982.53,149947.59
ORDER_000002956_ITEM_001,ORDER_000002956,PRODUCT_000000248,3,6350.16,19050.48
ORDER_000002956_ITEM_002,ORDER_000002956,PRODUCT_000000135,3,19292.87,57878.61
ORDER_000002957_ITEM_001,ORDER_000002957,PRODUCT_000000080,2,8444.99,16889.98
ORDER_000002957_ITEM_002,ORDER_000002957,PRODUCT_000000338,3,17766.86,53300.58
ORDER_000002958_ITEM_001,ORDER_000002958,PRODUCT_000000260,1,2417.05,2417.05
ORDER_000002958_ITEM_002,ORDER_000002958,PRODUCT_000000104,2,42385.77,84771.54
ORDER_000002959_ITEM_001,ORDER_000002959,PRODUCT_000000454,1,1504.58,1504.58
ORDER_000002959_ITEM_002,ORDER_000002959,PRODUCT_000000108,2,3286.97,6573.94
ORDER_000002960_ITEM_001,ORDER_000002960,PRODUCT_000000086,4,8488.74,33954.96
ORDER_000002960_ITEM_002,ORDER_000002960,PRODUCT_000000377,3,11772.95,35318.85
ORDER_000002961_ITEM_001,ORDER_000002961,PRODUCT_000000207,1,551.65,551.65
ORDER_000002961_ITEM_002,ORDER_000002961,PRODUCT_000000341,5,80395.16,401975.80
ORDER_000002962_ITEM_001,ORDER_000002962,PRODUCT_000000306,4,16336.98,65347.92
ORDER_000002962_ITEM_002,ORDER_000002962,PRODUCT_000000130,1,2919.96,2919.96
ORDER_000002963_ITEM_001,ORDER_000002963,PRODUCT_000000435,4,66739.12,266956.48
ORDER_000002963_ITEM_002,ORDER_000002963,PRODUCT_000000393,5,2674.57,13372.85
ORDER_000002964_ITEM_001,ORDER_000002964,PRODUCT_000000208,1,62048.54,62048.54
ORDER_000002964_ITEM_002,ORDER_000002964,PRODUCT_000000036,1,49982.53,49982.53
ORDER_000002965_ITEM_001,ORDER_000002965,PRODUCT_000000047,4,13490.87,53963.48
ORDER_000002965_ITEM_002,ORDER_000002965,PRODUCT_000000486,1,411.42,411.42
ORDER_000002966_ITEM_001,ORDER_000002966,PRODUCT_000000225,5,3256.60,16283.00
ORDER_000002966_ITEM_002,ORDER_000002966,PRODUCT_000000213,2,12880.62,25761.24
ORDER_000002967_ITEM_001,ORDER_000002967,PRODUCT_000000411,5,261.77,1308.85
ORDER_000002967_ITEM_002,ORDER_000002967,PRODUCT_000000381,1,80434.33,80434.33
ORDER_000002968_ITEM_001,ORDER_000002968,PRODUCT_000000355,2,2839.63,5679.26
ORDER_000002968_ITEM_002,ORDER_000002968,PRODUCT_000000260,3,2417.05,7251.15
ORDER_000002969_ITEM_001,ORDER_000002969,PRODUCT_000000486,2,411.42,822.84
ORDER_000002969_ITEM_002,ORDER_000002969,PRODUCT_000000458,1,38414.84,38414.84
ORDER_000002970_ITEM_001,ORDER_000002970,PRODUCT_000000216,4,189337.30,757349.20
ORDER_000002970_ITEM_002,ORDER_000002970,PRODUCT_000000343,3,62824.31,188472.93
ORDER_000002971_ITEM_001,ORDER_000002971,PRODUCT_000000156,4,17875.07,71500.28
ORDER_000002971_ITEM_002,ORDER_000002971,PRODUCT_000000111,2,5144.89,10289.78
ORDER_000002972_ITEM_001,ORDER_000002972,PRODUCT_000000355,3,2839.63,8518.89
ORDER_000002972_ITEM_002,ORDER_000002972,PRODUCT_000000317,2,5032.06,10064.12
ORDER_000002973_ITEM_001,ORDER_000002973,PRODUCT_000000116,1,108578.88,108578.88
ORDER_000002973_ITEM_002,ORDER_000002973,PRODUCT_000000393,5,2674.57,13372.85
ORDER_000002974_ITEM_001,ORDER_000002974,PRODUCT_000000305,4,2574.22,10296.88
ORDER_000002974_ITEM_002,ORDER_000002974,PRODUCT_000000386,4,7104.14,28416.56
ORDER_000002975_ITEM_001,ORDER_000002975,PRODUCT_000000214,4,37438.96,149755.84
ORDER_000002975_ITEM_002,ORDER_000002975,PRODUCT_000000355,1,2839.63,2839.63
ORDER_000002976_ITEM_001,ORDER_000002976,PRODUCT_000000334,2,921.24,1842.48
ORDER_000002976_ITEM_002,ORDER_000002976,PRODUCT_000000266,1,139987.08,139987.08
ORDER_000002977_ITEM_001,ORDER_000002977,PRODUCT_000000298,3,335.33,1005.99
ORDER_000002977_ITEM_002,ORDER_000002977,PRODUCT_000000326,4,12706.30,50825.20
ORDER_000002978_ITEM_001,ORDER_000002978,PRODUCT_000000445,1,957.74,957.74
ORDER_000002978_ITEM_002,ORDER_000002978,PRODUCT_000000059,2,96024.22,192048.44
ORDER_000002979_ITEM_001,ORDER_000002979,PRODUCT_000000262,4,34449.06,137796.24
ORDER_000002979_ITEM_002,ORDER_000002979,PRODUCT_000000043,3,143690.78,431072.34
ORDER_000002980_ITEM_001,ORDER_000002980,PRODUCT_000000286,3,18315.20,54945.60
ORDER_000002980_ITEM_002,ORDER_000002980,PRODUCT_000000371,5,7881.87,39409.35
ORDER_000002981_ITEM_001,ORDER_000002981,PRODUCT_000000463,3,1804.78,5414.34
ORDER_000002981_ITEM_002,ORDER_000002981,PRODUCT_000000224,3,89554.05,268662.15
ORDER_000002982_ITEM_001,ORDER_000002982,PRODUCT_000000172,1,4761.64,4761.64
ORDER_000002982_ITEM_002,ORDER_000002982,PRODUCT_000000224,4,89554.05,358216.20
ORDER_000002983_ITEM_001,ORDER_000002983,PRODUCT_000000082,5,904.37,4521.85
ORDER_000002983_ITEM_002,ORDER_000002983,PRODUCT_000000387,1,22127.64,22127.64
ORDER_000002984_ITEM_001,ORDER_000002984,PRODUCT_000000004,3,84297.47,252892.41
ORDER_000002984_ITEM_002,ORDER_000002984,PRODUCT_000000187,1,1398.69,1398.69
ORDER_000002985_ITEM_001,ORDER_000002985,PRODUCT_000000072,1,7200.43,7200.43
ORDER_000002985_ITEM_002,ORDER_000002985,PRODUCT_000000384,3,1879.95,5639.85
ORDER_000002986_ITEM_001,ORDER_000002986,PRODUCT_000000312,2,508.37,1016.74
ORDER_000002986_ITEM_002,ORDER_000002986,PRODUCT_000000462,2,87564.19,175128.38
ORDER_000002987_ITEM_001,ORDER_000002987,PRODUCT_000000015,1,140055.39,140055.39
ORDER_000002987_ITEM_002,ORDER_000002987,PRODUCT_000000155,1,37803.93,37803.93
ORDER_000002988_ITEM_001,ORDER_000002988,PRODUCT_000000046,4,3078.68,12314.72
ORDER_000002988_ITEM_002,ORDER_000002988,PRODUCT_000000026,2,18909.61,37819.22
ORDER_000002989_ITEM_001,ORDER_000002989,PRODUCT_000000136,5,50895.01,254475.05
ORDER_000002989_ITEM_002,ORDER_000002989,PRODUCT_000000495,5,111322.66,556613.30
ORDER_000002990_ITEM_001,ORDER_000002990,PRODUCT_000000432,5,67458.36,337291.80
ORDER_000002990_ITEM_002,ORDER_000002990,PRODUCT_000000199,5,48433.40,242167.00
ORDER_000002991_ITEM_001,ORDER_000002991,PRODUCT_000000496,5,970.45,4852.25
ORDER_000002991_ITEM_002,ORDER_000002991,PRODUCT_000000360,2,102821.06,205642.12
ORDER_000002992_ITEM_001,ORDER_000002992,PRODUCT_000000169,5,1720.94,8604.70
ORDER_000002992_ITEM_002,ORDER_000002992,PRODUCT_000000411,3,261.77,785.31
ORDER_000002993_ITEM_001,ORDER_000002993,PRODUCT_000000069,5,4621.50,23107.50
ORDER_000002993_ITEM_002,ORDER_000002993,PRODUCT_000000045,2,35447.12,70894.24
ORDER_000002994_ITEM_001,ORDER_000002994,PRODUCT_000000479,4,436.69,1746.76
ORDER_000002994_ITEM_002,ORDER_000002994,PRODUCT_000000181,1,1727.48,1727.48
ORDER_000002995_ITEM_001,ORDER_000002995,PRODUCT_000000429,3,54612.57,163837.71
ORDER_000002995_ITEM_002,ORDER_000002995,PRODUCT_000000356,1,53340.70,53340.70
ORDER_000002996_ITEM_001,ORDER_000002996,PRODUCT_000000368,3,9454.76,28364.28
ORDER_000002996_ITEM_002,ORDER_000002996,PRODUCT_000000469,3,4611.19,13833.57
ORDER_000002997_ITEM_001,ORDER_000002997,PRODUCT_000000290,1,32348.76,32348.76
ORDER_000002997_ITEM_002,ORDER_000002997,PRODUCT_000000114,4,140563.09,562252.36
ORDER_000002998_ITEM_001,ORDER_000002998,PRODUCT_000000220,3,5722.11,17166.33
ORDER_000002998_ITEM_002,ORDER_000002998,PRODUCT_000000364,2,87653.60,175307.20
ORDER_000002999_ITEM_001,ORDER_000002999,PRODUCT_000000107,3,835.56,2506.68
ORDER_000002999_ITEM_002,ORDER_000002999,PRODUCT_000000267,5,451.33,2256.65
ORDER_000003000_ITEM_001,ORDER_000003000,PRODUCT_000000422,2,76372.72,152745.44
ORDER_000003000_ITEM_002,ORDER_000003000,PRODUCT_000000349,1,2148.69,2148.69
ORDER_000003001_ITEM_001,ORDER_000003001,PRODUCT_000000337,1,3208.91,3208.91
ORDER_000003001_ITEM_002,ORDER_000003001,PRODUCT_000000122,5,5503.57,27517.85
ORDER_000003001_ITEM_003,ORDER_000003001,PRODUCT_000000081,3,51812.13,155436.39
ORDER_000003002_ITEM_001,ORDER_000003002,PRODUCT_000000269,4,396.98,1587.92
ORDER_000003002_ITEM_002,ORDER_000003002,PRODUCT_000000332,1,1477.19,1477.19
ORDER_000003002_ITEM_003,ORDER_000003002,PRODUCT_000000310,1,14175.81,14175.81
ORDER_000003003_ITEM_001,ORDER_000003003,PRODUCT_000000484,5,54819.53,274097.65
ORDER_000003003_ITEM_002,ORDER_000003003,PRODUCT_000000329,4,9319.38,37277.52
ORDER_000003003_ITEM_003,ORDER_000003003,PRODUCT_000000010,3,2629.61,7888.83
ORDER_000003004_ITEM_001,ORDER_000003004,PRODUCT_000000190,3,1821.64,5464.92
ORDER_000003004_ITEM_002,ORDER_000003004,PRODUCT_000000008,4,113431.81,453727.24
ORDER_000003004_ITEM_003,ORDER_000003004,PRODUCT_000000001,4,47526.13,190104.52
ORDER_000003005_ITEM_001,ORDER_000003005,PRODUCT_000000239,3,30240.84,90722.52
ORDER_000003005_ITEM_002,ORDER_000003005,PRODUCT_000000393,1,2674.57,2674.57
ORDER_000003005_ITEM_003,ORDER_000003005,PRODUCT_000000079,5,20185.32,100926.60
ORDER_000003006_ITEM_001,ORDER_000003006,PRODUCT_000000494,5,535.49,2677.45
ORDER_000003006_ITEM_002,ORDER_000003006,PRODUCT_000000104,4,42385.77,169543.08
ORDER_000003006_ITEM_003,ORDER_000003006,PRODUCT_000000068,2,603.83,1207.66
ORDER_000003007_ITEM_001,ORDER_000003007,PRODUCT_000000013,4,85341.86,341367.44
ORDER_000003007_ITEM_002,ORDER_000003007,PRODUCT_000000466,2,7087.91,14175.82
ORDER_000003007_ITEM_003,ORDER_000003007,PRODUCT_000000453,1,179948.29,179948.29
ORDER_000003008_ITEM_001,ORDER_000003008,PRODUCT_000000147,1,79052.74,79052.74
ORDER_000003008_ITEM_002,ORDER_000003008,PRODUCT_000000452,1,66502.26,66502.26
ORDER_000003008_ITEM_003,ORDER_000003008,PRODUCT_000000346,1,90006.80,90006.80
ORDER_000003009_ITEM_001,ORDER_000003009,PRODUCT_000000018,1,54878.11,54878.11
ORDER_000003009_ITEM_002,ORDER_000003009,PRODUCT_000000483,4,11174.40,44697.60
ORDER_000003009_ITEM_003,ORDER_000003009,PRODUCT_000000005,1,3906.48,3906.48
ORDER_000003010_ITEM_001,ORDER_000003010,PRODUCT_000000184,2,120740.28,241480.56
ORDER_000003010_ITEM_002,ORDER_000003010,PRODUCT_000000359,5,31351.97,156759.85
ORDER_000003010_ITEM_003,ORDER_000003010,PRODUCT_000000157,4,1512.91,6051.64
ORDER_000003011_ITEM_001,ORDER_000003011,PRODUCT_000000116,2,108578.88,217157.76
ORDER_000003011_ITEM_002,ORDER_000003011,PRODUCT_000000473,4,10475.93,41903.72
ORDER_000003011_ITEM_003,ORDER_000003011,PRODUCT_000000135,5,19292.87,96464.35
ORDER_000003012_ITEM_001,ORDER_000003012,PRODUCT_000000335,4,7748.73,30994.92
ORDER_000003012_ITEM_002,ORDER_000003012,PRODUCT_000000121,4,67658.89,270635.56
ORDER_000003012_ITEM_003,ORDER_000003012,PRODUCT_000000411,2,261.77,523.54
ORDER_000003013_ITEM_001,ORDER_000003013,PRODUCT_000000398,2,5027.03,10054.06
ORDER_000003013_ITEM_002,ORDER_000003013,PRODUCT_000000362,2,311.22,622.44
ORDER_000003013_ITEM_003,ORDER_000003013,PRODUCT_000000358,4,459.97,1839.88
ORDER_000003014_ITEM_001,ORDER_000003014,PRODUCT_000000094,4,159079.65,636318.60
ORDER_000003014_ITEM_002,ORDER_000003014,PRODUCT_000000052,4,175783.69,703134.76
ORDER_000003014_ITEM_003,ORDER_000003014,PRODUCT_000000413,4,782.86,3131.44
ORDER_000003015_ITEM_001,ORDER_000003015,PRODUCT_000000389,5,71784.35,358921.75
ORDER_000003015_ITEM_002,ORDER_000003015,PRODUCT_000000213,2,12880.62,25761.24
ORDER_000003015_ITEM_003,ORDER_000003015,PRODUCT_000000283,4,4001.25,16005.00
ORDER_000003016_ITEM_001,ORDER_000003016,PRODUCT_000000017,3,17512.73,52538.19
ORDER_000003016_ITEM_002,ORDER_000003016,PRODUCT_000000187,2,1398.69,2797.38
ORDER_000003016_ITEM_003,ORDER_000003016,PRODUCT_000000497,2,86756.62,173513.24
ORDER_000003017_ITEM_001,ORDER_000003017,PRODUCT_000000058,3,20181.60,60544.80
ORDER_000003017_ITEM_002,ORDER_000003017,PRODUCT_000000262,1,34449.06,34449.06
ORDER_000003017_ITEM_003,ORDER_000003017,PRODUCT_000000365,5,1131.39,5656.95
ORDER_000003018_ITEM_001,ORDER_000003018,PRODUCT_000000385,5,2562.52,12812.60
ORDER_000003018_ITEM_002,ORDER_000003018,PRODUCT_000000165,3,91589.22,274767.66
ORDER_000003018_ITEM_003,ORDER_000003018,PRODUCT_000000253,4,1399.91,5599.64
ORDER_000003019_ITEM_001,ORDER_000003019,PRODUCT_000000408,5,291.08,1455.40
ORDER_000003019_ITEM_002,ORDER_000003019,PRODUCT_000000007,1,3112.46,3112.46
ORDER_000003019_ITEM_003,ORDER_000003019,PRODUCT_000000263,3,114743.85,344231.55
ORDER_000003020_ITEM_001,ORDER_000003020,PRODUCT_000000490,1,5004.64,5004.64
ORDER_000003020_ITEM_002,ORDER_000003020,PRODUCT_000000162,3,12519.41,37558.23
ORDER_000003020_ITEM_003,ORDER_000003020,PRODUCT_000000348,4,511.50,2046.00
ORDER_000003021_ITEM_001,ORDER_000003021,PRODUCT_000000478,2,5870.96,11741.92
ORDER_000003021_ITEM_002,ORDER_000003021,PRODUCT_000000186,5,11204.19,56020.95
ORDER_000003021_ITEM_003,ORDER_000003021,PRODUCT_000000064,5,174728.07,873640.35
ORDER_000003022_ITEM_001,ORDER_000003022,PRODUCT_000000125,1,48262.53,48262.53
ORDER_000003022_ITEM_002,ORDER_000003022,PRODUCT_000000047,5,13490.87,67454.35
ORDER_000003022_ITEM_003,ORDER_000003022,PRODUCT_000000109,1,11755.22,11755.22
ORDER_000003023_ITEM_001,ORDER_000003023,PRODUCT_000000410,1,6005.71,6005.71
ORDER_000003023_ITEM_002,ORDER_000003023,PRODUCT_000000232,1,4022.49,4022.49
ORDER_000003023_ITEM_003,ORDER_000003023,PRODUCT_000000063,1,16707.24,16707.24
ORDER_000003024_ITEM_001,ORDER_000003024,PRODUCT_000000232,3,4022.49,12067.47
ORDER_000003024_ITEM_002,ORDER_000003024,PRODUCT_000000420,1,33996.43,33996.43
ORDER_000003024_ITEM_003,ORDER_000003024,PRODUCT_000000058,5,20181.60,100908.00
ORDER_000003025_ITEM_001,ORDER_000003025,PRODUCT_000000142,2,77646.41,155292.82
ORDER_000003025_ITEM_002,ORDER_000003025,PRODUCT_000000214,2,37438.96,74877.92
ORDER_000003025_ITEM_003,ORDER_000003025,PRODUCT_000000309,4,281.12,1124.48
ORDER_000003026_ITEM_001,ORDER_000003026,PRODUCT_000000042,5,81949.03,409745.15
ORDER_000003026_ITEM_002,ORDER_000003026,PRODUCT_000000184,5,120740.28,603701.40
ORDER_000003026_ITEM_003,ORDER_000003026,PRODUCT_000000412,1,65524.59,65524.59
ORDER_000003027_ITEM_001,ORDER_000003027,PRODUCT_000000094,3,159079.65,477238.95
ORDER_000003027_ITEM_002,ORDER_000003027,PRODUCT_000000337,1,3208.91,3208.91
ORDER_000003027_ITEM_003,ORDER_000003027,PRODUCT_000000284,4,25462.80,101851.20
ORDER_000003028_ITEM_001,ORDER_000003028,PRODUCT_000000028,2,22480.60,44961.20
ORDER_000003028_ITEM_002,ORDER_000003028,PRODUCT_000000213,3,12880.62,38641.86
ORDER_000003028_ITEM_003,ORDER_000003028,PRODUCT_000000044,1,24208.61,24208.61
ORDER_000003029_ITEM_001,ORDER_000003029,PRODUCT_000000429,4,54612.57,218450.28
ORDER_000003029_ITEM_002,ORDER_000003029,PRODUCT_000000159,5,40197.32,200986.60
ORDER_000003029_ITEM_003,ORDER_000003029,PRODUCT_000000278,4,2383.85,9535.40
ORDER_000003030_ITEM_001,ORDER_000003030,PRODUCT_000000011,3,5081.83,15245.49
ORDER_000003030_ITEM_002,ORDER_000003030,PRODUCT_000000208,3,62048.54,186145.62
ORDER_000003030_ITEM_003,ORDER_000003030,PRODUCT_000000060,3,61306.51,183919.53
ORDER_000003031_ITEM_001,ORDER_000003031,PRODUCT_000000401,4,1258.44,5033.76
ORDER_000003031_ITEM_002,ORDER_000003031,PRODUCT_000000002,4,64148.53,256594.12
ORDER_000003031_ITEM_003,ORDER_000003031,PRODUCT_000000226,3,2585.73,7757.19
ORDER_000003032_ITEM_001,ORDER_000003032,PRODUCT_000000485,1,123226.74,123226.74
ORDER_000003032_ITEM_002,ORDER_000003032,PRODUCT_000000157,3,1512.91,4538.73
ORDER_000003032_ITEM_003,ORDER_000003032,PRODUCT_000000287,2,2545.20,5090.40
ORDER_000003033_ITEM_001,ORDER_000003033,PRODUCT_000000030,2,27973.94,55947.88
ORDER_000003033_ITEM_002,ORDER_000003033,PRODUCT_000000149,4,500.36,2001.44
ORDER_000003033_ITEM_003,ORDER_000003033,PRODUCT_000000418,5,3679.29,18396.45
ORDER_000003034_ITEM_001,ORDER_000003034,PRODUCT_000000222,1,26935.38,26935.38
ORDER_000003034_ITEM_002,ORDER_000003034,PRODUCT_000000499,2,22717.74,45435.48
ORDER_000003034_ITEM_003,ORDER_000003034,PRODUCT_000000397,4,2067.45,8269.80
ORDER_000003035_ITEM_001,ORDER_000003035,PRODUCT_000000232,1,4022.49,4022.49
ORDER_000003035_ITEM_002,ORDER_000003035,PRODUCT_000000008,1,113431.81,113431.81
ORDER_000003035_ITEM_003,ORDER_000003035,PRODUCT_000000071,5,27899.72,139498.60
ORDER_000003036_ITEM_001,ORDER_000003036,PRODUCT_000000496,3,970.45,2911.35
ORDER_000003036_ITEM_002,ORDER_000003036,PRODUCT_000000352,1,17207.18,17207.18
ORDER_000003036_ITEM_003,ORDER_000003036,PRODUCT_000000125,3,48262.53,144787.59
ORDER_000003037_ITEM_001,ORDER_000003037,PRODUCT_000000459,3,5188.95,15566.85
ORDER_000003037_ITEM_002,ORDER_000003037,PRODUCT_000000421,5,26929.93,134649.65
ORDER_000003037_ITEM_003,ORDER_000003037,PRODUCT_000000197,4,54944.74,219778.96
ORDER_000003038_ITEM_001,ORDER_000003038,PRODUCT_000000381,3,80434.33,241302.99
ORDER_000003038_ITEM_002,ORDER_000003038,PRODUCT_000000028,1,22480.60,22480.60
ORDER_000003038_ITEM_003,ORDER_000003038,PRODUCT_000000055,1,77397.64,77397.64
ORDER_000003039_ITEM_001,ORDER_000003039,PRODUCT_000000104,4,42385.77,169543.08
ORDER_000003039_ITEM_002,ORDER_000003039,PRODUCT_000000197,3,54944.74,164834.22
ORDER_000003039_ITEM_003,ORDER_000003039,PRODUCT_000000087,1,55215.64,55215.64
ORDER_000003040_ITEM_001,ORDER_000003040,PRODUCT_000000023,1,1295.31,1295.31
ORDER_000003040_ITEM_002,ORDER_000003040,PRODUCT_000000452,1,66502.26,66502.26
ORDER_000003040_ITEM_003,ORDER_000003040,PRODUCT_000000376,2,1235.61,2471.22
ORDER_000003041_ITEM_001,ORDER_000003041,PRODUCT_000000031,2,223997.16,447994.32
ORDER_000003041_ITEM_002,ORDER_000003041,PRODUCT_000000098,5,82015.47,410077.35
ORDER_000003041_ITEM_003,ORDER_000003041,PRODUCT_000000302,5,3481.66,17408.30
ORDER_000003042_ITEM_001,ORDER_000003042,PRODUCT_000000057,1,181686.00,181686.00
ORDER_000003042_ITEM_002,ORDER_000003042,PRODUCT_000000100,2,4028.63,8057.26
ORDER_000003042_ITEM_003,ORDER_000003042,PRODUCT_000000123,2,18655.96,37311.92
ORDER_000003043_ITEM_001,ORDER_000003043,PRODUCT_000000176,4,498.75,1995.00
ORDER_000003043_ITEM_002,ORDER_000003043,PRODUCT_000000338,2,17766.86,35533.72
ORDER_000003043_ITEM_003,ORDER_000003043,PRODUCT_000000404,3,2884.96,8654.88
ORDER_000003044_ITEM_001,ORDER_000003044,PRODUCT_000000444,4,3373.26,13493.04
ORDER_000003044_ITEM_002,ORDER_000003044,PRODUCT_000000448,5,30757.35,153786.75
ORDER_000003044_ITEM_003,ORDER_000003044,PRODUCT_000000483,1,11174.40,11174.40
ORDER_000003045_ITEM_001,ORDER_000003045,PRODUCT_000000218,2,7029.23,14058.46
ORDER_000003045_ITEM_002,ORDER_000003045,PRODUCT_000000187,5,1398.69,6993.45
ORDER_000003045_ITEM_003,ORDER_000003045,PRODUCT_000000041,3,4860.87,14582.61
ORDER_000003046_ITEM_001,ORDER_000003046,PRODUCT_000000026,4,18909.61,75638.44
ORDER_000003046_ITEM_002,ORDER_000003046,PRODUCT_000000120,2,73826.11,147652.22
ORDER_000003046_ITEM_003,ORDER_000003046,PRODUCT_000000257,2,6078.96,12157.92
ORDER_000003047_ITEM_001,ORDER_000003047,PRODUCT_000000289,4,66663.17,266652.68
ORDER_000003047_ITEM_002,ORDER_000003047,PRODUCT_000000209,3,4970.11,14910.33
ORDER_000003047_ITEM_003,ORDER_000003047,PRODUCT_000000314,1,13535.22,13535.22
ORDER_000003048_ITEM_001,ORDER_000003048,PRODUCT_000000335,2,7748.73,15497.46
ORDER_000003048_ITEM_002,ORDER_000003048,PRODUCT_000000446,5,2878.87,14394.35
ORDER_000003048_ITEM_003,ORDER_000003048,PRODUCT_000000388,1,16147.61,16147.61
ORDER_000003049_ITEM_001,ORDER_000003049,PRODUCT_000000282,2,114133.14,228266.28
ORDER_000003049_ITEM_002,ORDER_000003049,PRODUCT_000000181,5,1727.48,8637.40
ORDER_000003049_ITEM_003,ORDER_000003049,PRODUCT_000000443,3,1322.46,3967.38
ORDER_000003050_ITEM_001,ORDER_000003050,PRODUCT_000000491,1,116914.83,116914.83
ORDER_000003050_ITEM_002,ORDER_000003050,PRODUCT_000000043,4,143690.78,574763.12
ORDER_000003050_ITEM_003,ORDER_000003050,PRODUCT_000000275,3,37395.96,112187.88
ORDER_000003051_ITEM_001,ORDER_000003051,PRODUCT_000000250,3,74845.58,224536.74
ORDER_000003051_ITEM_002,ORDER_000003051,PRODUCT_000000242,2,2669.01,5338.02
ORDER_000003051_ITEM_003,ORDER_000003051,PRODUCT_000000102,4,81407.93,325631.72
ORDER_000003052_ITEM_001,ORDER_000003052,PRODUCT_000000160,4,243.20,972.80
ORDER_000003052_ITEM_002,ORDER_000003052,PRODUCT_000000373,5,1253.40,6267.00
ORDER_000003052_ITEM_003,ORDER_000003052,PRODUCT_000000315,5,1366.86,6834.30
ORDER_000003053_ITEM_001,ORDER_000003053,PRODUCT_000000028,3,22480.60,67441.80
ORDER_000003053_ITEM_002,ORDER_000003053,PRODUCT_000000040,2,21212.12,42424.24
ORDER_000003053_ITEM_003,ORDER_000003053,PRODUCT_000000369,5,1041.90,5209.50
ORDER_000003054_ITEM_001,ORDER_000003054,PRODUCT_000000165,3,91589.22,274767.66
ORDER_000003054_ITEM_002,ORDER_000003054,PRODUCT_000000127,3,47505.08,142515.24
ORDER_000003054_ITEM_003,ORDER_000003054,PRODUCT_000000163,5,21213.87,106069.35
ORDER_000003055_ITEM_001,ORDER_000003055,PRODUCT_000000301,3,3608.69,10826.07
ORDER_000003055_ITEM_002,ORDER_000003055,PRODUCT_000000061,2,378.02,756.04
ORDER_000003055_ITEM_003,ORDER_000003055,PRODUCT_000000419,5,1633.27,8166.35
ORDER_000003056_ITEM_001,ORDER_000003056,PRODUCT_000000395,5,606.04,3030.20
ORDER_000003056_ITEM_002,ORDER_000003056,PRODUCT_000000257,5,6078.96,30394.80
ORDER_000003056_ITEM_003,ORDER_000003056,PRODUCT_000000001,3,47526.13,142578.39
ORDER_000003057_ITEM_001,ORDER_000003057,PRODUCT_000000278,1,2383.85,2383.85
ORDER_000003057_ITEM_002,ORDER_000003057,PRODUCT_000000039,4,399.38,1597.52
ORDER_000003057_ITEM_003,ORDER_000003057,PRODUCT_000000265,4,7416.00,29664.00
ORDER_000003058_ITEM_001,ORDER_000003058,PRODUCT_000000330,3,732.17,2196.51
ORDER_000003058_ITEM_002,ORDER_000003058,PRODUCT_000000103,1,63093.38,63093.38
ORDER_000003058_ITEM_003,ORDER_000003058,PRODUCT_000000381,2,80434.33,160868.66
ORDER_000003059_ITEM_001,ORDER_000003059,PRODUCT_000000251,4,1112.09,4448.36
ORDER_000003059_ITEM_002,ORDER_000003059,PRODUCT_000000248,2,6350.16,12700.32
ORDER_000003059_ITEM_003,ORDER_000003059,PRODUCT_000000097,5,29573.36,147866.80
ORDER_000003060_ITEM_001,ORDER_000003060,PRODUCT_000000406,2,130798.44,261596.88
ORDER_000003060_ITEM_002,ORDER_000003060,PRODUCT_000000324,2,58960.31,117920.62
ORDER_000003060_ITEM_003,ORDER_000003060,PRODUCT_000000452,2,66502.26,133004.52
ORDER_000003061_ITEM_001,ORDER_000003061,PRODUCT_000000492,5,1512.08,7560.40
ORDER_000003061_ITEM_002,ORDER_000003061,PRODUCT_000000307,4,8253.54,33014.16
ORDER_000003061_ITEM_003,ORDER_000003061,PRODUCT_000000052,2,175783.69,351567.38
ORDER_000003062_ITEM_001,ORDER_000003062,PRODUCT_000000171,2,212543.08,425086.16
ORDER_000003062_ITEM_002,ORDER_000003062,PRODUCT_000000318,4,11683.06,46732.24
ORDER_000003062_ITEM_003,ORDER_000003062,PRODUCT_000000068,4,603.83,2415.32
ORDER_000003063_ITEM_001,ORDER_000003063,PRODUCT_000000152,2,1691.46,3382.92
ORDER_000003063_ITEM_002,ORDER_000003063,PRODUCT_000000202,2,22299.06,44598.12
ORDER_000003063_ITEM_003,ORDER_000003063,PRODUCT_000000230,4,104957.16,419828.64
ORDER_000003064_ITEM_001,ORDER_000003064,PRODUCT_000000067,4,14987.74,59950.96
ORDER_000003064_ITEM_002,ORDER_000003064,PRODUCT_000000269,3,396.98,1190.94
ORDER_000003064_ITEM_003,ORDER_000003064,PRODUCT_000000297,2,6305.72,12611.44
ORDER_000003065_ITEM_001,ORDER_000003065,PRODUCT_000000485,4,123226.74,492906.96
ORDER_000003065_ITEM_002,ORDER_000003065,PRODUCT_000000152,5,1691.46,8457.30
ORDER_000003065_ITEM_003,ORDER_000003065,PRODUCT_000000274,3,145414.87,436244.61
ORDER_000003066_ITEM_001,ORDER_000003066,PRODUCT_000000068,3,603.83,1811.49
ORDER_000003066_ITEM_002,ORDER_000003066,PRODUCT_000000500,5,66111.23,330556.15
ORDER_000003066_ITEM_003,ORDER_000003066,PRODUCT_000000367,5,84997.19,424985.95
ORDER_000003067_ITEM_001,ORDER_000003067,PRODUCT_000000432,3,67458.36,202375.08
ORDER_000003067_ITEM_002,ORDER_000003067,PRODUCT_000000047,1,13490.87,13490.87
ORDER_000003067_ITEM_003,ORDER_000003067,PRODUCT_000000049,2,194087.22,388174.44
ORDER_000003068_ITEM_001,ORDER_000003068,PRODUCT_000000339,1,14282.13,14282.13
ORDER_000003068_ITEM_002,ORDER_000003068,PRODUCT_000000460,4,49238.06,196952.24
ORDER_000003068_ITEM_003,ORDER_000003068,PRODUCT_000000370,5,3741.06,18705.30
ORDER_000003069_ITEM_001,ORDER_000003069,PRODUCT_000000237,1,40793.49,40793.49
ORDER_000003069_ITEM_002,ORDER_000003069,PRODUCT_000000142,5,77646.41,388232.05
ORDER_000003069_ITEM_003,ORDER_000003069,PRODUCT_000000063,4,16707.24,66828.96
ORDER_000003070_ITEM_001,ORDER_000003070,PRODUCT_000000267,3,451.33,1353.99
ORDER_000003070_ITEM_002,ORDER_000003070,PRODUCT_000000273,3,93376.09,280128.27
ORDER_000003070_ITEM_003,ORDER_000003070,PRODUCT_000000323,5,111157.95,555789.75
ORDER_000003071_ITEM_001,ORDER_000003071,PRODUCT_000000132,2,48602.08,97204.16
ORDER_000003071_ITEM_002,ORDER_000003071,PRODUCT_000000379,5,788.70,3943.50
ORDER_000003071_ITEM_003,ORDER_000003071,PRODUCT_000000088,2,4393.00,8786.00
ORDER_000003072_ITEM_001,ORDER_000003072,PRODUCT_000000353,2,761.53,1523.06
ORDER_000003072_ITEM_002,ORDER_000003072,PRODUCT_000000058,3,20181.60,60544.80
ORDER_000003072_ITEM_003,ORDER_000003072,PRODUCT_000000418,4,3679.29,14717.16
ORDER_000003073_ITEM_001,ORDER_000003073,PRODUCT_000000295,1,38276.02,38276.02
ORDER_000003073_ITEM_002,ORDER_000003073,PRODUCT_000000192,2,10837.79,21675.58
ORDER_000003073_ITEM_003,ORDER_000003073,PRODUCT_000000122,5,5503.57,27517.85
ORDER_000003074_ITEM_001,ORDER_000003074,PRODUCT_000000046,3,3078.68,9236.04
ORDER_000003074_ITEM_002,ORDER_000003074,PRODUCT_000000362,1,311.22,311.22
ORDER_000003074_ITEM_003,ORDER_000003074,PRODUCT_000000142,5,77646.41,388232.05
ORDER_000003075_ITEM_001,ORDER_000003075,PRODUCT_000000041,5,4860.87,24304.35
ORDER_000003075_ITEM_002,ORDER_000003075,PRODUCT_000000229,4,12881.53,51526.12
ORDER_000003075_ITEM_003,ORDER_000003075,PRODUCT_000000117,2,186308.09,372616.18
ORDER_000003076_ITEM_001,ORDER_000003076,PRODUCT_000000003,4,166254.56,665018.24
ORDER_000003076_ITEM_002,ORDER_000003076,PRODUCT_000000433,2,3121.66,6243.32
ORDER_000003076_ITEM_003,ORDER_000003076,PRODUCT_000000044,1,24208.61,24208.61
ORDER_000003077_ITEM_001,ORDER_000003077,PRODUCT_000000359,1,31351.97,31351.97
ORDER_000003077_ITEM_002,ORDER_000003077,PRODUCT_000000234,4,8118.02,32472.08
ORDER_000003077_ITEM_003,ORDER_000003077,PRODUCT_000000363,1,1679.27,1679.27
ORDER_000003078_ITEM_001,ORDER_000003078,PRODUCT_000000190,3,1821.64,5464.92
ORDER_000003078_ITEM_002,ORDER_000003078,PRODUCT_000000053,2,120555.53,241111.06
ORDER_000003078_ITEM_003,ORDER_000003078,PRODUCT_000000220,4,5722.11,22888.44
ORDER_000003079_ITEM_001,ORDER_000003079,PRODUCT_000000020,2,4087.52,8175.04
ORDER_000003079_ITEM_002,ORDER_000003079,PRODUCT_000000338,1,17766.86,17766.86
ORDER_000003079_ITEM_003,ORDER_000003079,PRODUCT_000000063,4,16707.24,66828.96
ORDER_000003080_ITEM_001,ORDER_000003080,PRODUCT_000000185,5,30648.96,153244.80
ORDER_000003080_ITEM_002,ORDER_000003080,PRODUCT_000000429,1,54612.57,54612.57
ORDER_000003080_ITEM_003,ORDER_000003080,PRODUCT_000000207,3,551.65,1654.95
ORDER_000003081_ITEM_001,ORDER_000003081,PRODUCT_000000278,4,2383.85,9535.40
ORDER_000003081_ITEM_002,ORDER_000003081,PRODUCT_000000442,2,50728.25,101456.50
ORDER_000003081_ITEM_003,ORDER_000003081,PRODUCT_000000394,3,1417.36,4252.08
ORDER_000003082_ITEM_001,ORDER_000003082,PRODUCT_000000133,1,107202.22,107202.22
ORDER_000003082_ITEM_002,ORDER_000003082,PRODUCT_000000290,4,32348.76,129395.04
ORDER_000003082_ITEM_003,ORDER_000003082,PRODUCT_000000293,4,68391.63,273566.52
ORDER_000003083_ITEM_001,ORDER_000003083,PRODUCT_000000341,4,80395.16,321580.64
ORDER_000003083_ITEM_002,ORDER_000003083,PRODUCT_000000359,4,31351.97,125407.88
ORDER_000003083_ITEM_003,ORDER_000003083,PRODUCT_000000416,1,2364.84,2364.84
ORDER_000003084_ITEM_001,ORDER_000003084,PRODUCT_000000240,3,8842.70,26528.10
ORDER_000003084_ITEM_002,ORDER_000003084,PRODUCT_000000491,3,116914.83,350744.49
ORDER_000003084_ITEM_003,ORDER_000003084,PRODUCT_000000013,4,85341.86,341367.44
ORDER_000003085_ITEM_001,ORDER_000003085,PRODUCT_000000401,5,1258.44,6292.20
ORDER_000003085_ITEM_002,ORDER_000003085,PRODUCT_000000341,1,80395.16,80395.16
ORDER_000003085_ITEM_003,ORDER_000003085,PRODUCT_000000248,3,6350.16,19050.48
ORDER_000003086_ITEM_001,ORDER_000003086,PRODUCT_000000103,5,63093.38,315466.90
ORDER_000003086_ITEM_002,ORDER_000003086,PRODUCT_000000338,4,17766.86,71067.44
ORDER_000003086_ITEM_003,ORDER_000003086,PRODUCT_000000164,2,63385.92,126771.84
ORDER_000003087_ITEM_001,ORDER_000003087,PRODUCT_000000074,2,75286.95,150573.90
ORDER_000003087_ITEM_002,ORDER_000003087,PRODUCT_000000204,1,502.82,502.82
ORDER_000003087_ITEM_003,ORDER_000003087,PRODUCT_000000026,4,18909.61,75638.44
ORDER_000003088_ITEM_001,ORDER_000003088,PRODUCT_000000090,1,727.26,727.26
ORDER_000003088_ITEM_002,ORDER_000003088,PRODUCT_000000380,2,2099.88,4199.76
ORDER_000003088_ITEM_003,ORDER_000003088,PRODUCT_000000096,2,1255.12,2510.24
ORDER_000003089_ITEM_001,ORDER_000003089,PRODUCT_000000100,1,4028.63,4028.63
ORDER_000003089_ITEM_002,ORDER_000003089,PRODUCT_000000212,4,10759.26,43037.04
ORDER_000003089_ITEM_003,ORDER_000003089,PRODUCT_000000212,3,10759.26,32277.78
ORDER_000003090_ITEM_001,ORDER_000003090,PRODUCT_000000383,4,1933.39,7733.56
ORDER_000003090_ITEM_002,ORDER_000003090,PRODUCT_000000422,3,76372.72,229118.16
ORDER_000003090_ITEM_003,ORDER_000003090,PRODUCT_000000085,2,95727.09,191454.18
ORDER_000003091_ITEM_001,ORDER_000003091,PRODUCT_000000219,1,10831.78,10831.78
ORDER_000003091_ITEM_002,ORDER_000003091,PRODUCT_000000122,3,5503.57,16510.71
ORDER_000003091_ITEM_003,ORDER_000003091,PRODUCT_000000278,1,2383.85,2383.85
ORDER_000003092_ITEM_001,ORDER_000003092,PRODUCT_000000177,5,29457.82,147289.10
ORDER_000003092_ITEM_002,ORDER_000003092,PRODUCT_000000440,3,4395.21,13185.63
ORDER_000003092_ITEM_003,ORDER_000003092,PRODUCT_000000041,2,4860.87,9721.74
ORDER_000003093_ITEM_001,ORDER_000003093,PRODUCT_000000400,1,50864.82,50864.82
ORDER_000003093_ITEM_002,ORDER_000003093,PRODUCT_000000028,5,22480.60,112403.00
ORDER_000003093_ITEM_003,ORDER_000003093,PRODUCT_000000133,1,107202.22,107202.22
ORDER_000003094_ITEM_001,ORDER_000003094,PRODUCT_000000178,5,11187.40,55937.00
ORDER_000003094_ITEM_002,ORDER_000003094,PRODUCT_000000485,4,123226.74,492906.96
ORDER_000003094_ITEM_003,ORDER_000003094,PRODUCT_000000490,1,5004.64,5004.64
ORDER_000003095_ITEM_001,ORDER_000003095,PRODUCT_000000124,5,2352.93,11764.65
ORDER_000003095_ITEM_002,ORDER_000003095,PRODUCT_000000058,5,20181.60,100908.00
ORDER_000003095_ITEM_003,ORDER_000003095,PRODUCT_000000249,5,33792.11,168960.55
ORDER_000003096_ITEM_001,ORDER_000003096,PRODUCT_000000007,4,3112.46,12449.84
ORDER_000003096_ITEM_002,ORDER_000003096,PRODUCT_000000163,5,21213.87,106069.35
ORDER_000003096_ITEM_003,ORDER_000003096,PRODUCT_000000330,1,732.17,732.17
ORDER_000003097_ITEM_001,ORDER_000003097,PRODUCT_000000277,4,11671.40,46685.60
ORDER_000003097_ITEM_002,ORDER_000003097,PRODUCT_000000134,5,2948.45,14742.25
ORDER_000003097_ITEM_003,ORDER_000003097,PRODUCT_000000033,5,84979.83,424899.15
ORDER_000003098_ITEM_001,ORDER_000003098,PRODUCT_000000356,5,53340.70,266703.50
ORDER_000003098_ITEM_002,ORDER_000003098,PRODUCT_000000293,1,68391.63,68391.63
ORDER_000003098_ITEM_003,ORDER_000003098,PRODUCT_000000207,3,551.65,1654.95
ORDER_000003099_ITEM_001,ORDER_000003099,PRODUCT_000000199,2,48433.40,96866.80
ORDER_000003099_ITEM_002,ORDER_000003099,PRODUCT_000000400,4,50864.82,203459.28
ORDER_000003099_ITEM_003,ORDER_000003099,PRODUCT_000000036,2,49982.53,99965.06
ORDER_000003100_ITEM_001,ORDER_000003100,PRODUCT_000000346,4,90006.80,360027.20
ORDER_000003100_ITEM_002,ORDER_000003100,PRODUCT_000000402,3,51496.58,154489.74
ORDER_000003100_ITEM_003,ORDER_000003100,PRODUCT_000000468,2,11339.62,22679.24
ORDER_000003101_ITEM_001,ORDER_000003101,PRODUCT_000000238,2,709.92,1419.84
ORDER_000003101_ITEM_002,ORDER_000003101,PRODUCT_000000198,4,53251.57,213006.28
ORDER_000003101_ITEM_003,ORDER_000003101,PRODUCT_000000449,4,10447.59,41790.36
ORDER_000003102_ITEM_001,ORDER_000003102,PRODUCT_000000006,3,78496.47,235489.41
ORDER_000003102_ITEM_002,ORDER_000003102,PRODUCT_000000118,4,115069.78,460279.12
ORDER_000003102_ITEM_003,ORDER_000003102,PRODUCT_000000431,4,28619.97,114479.88
ORDER_000003103_ITEM_001,ORDER_000003103,PRODUCT_000000127,5,47505.08,237525.40
ORDER_000003103_ITEM_002,ORDER_000003103,PRODUCT_000000187,5,1398.69,6993.45
ORDER_000003103_ITEM_003,ORDER_000003103,PRODUCT_000000224,4,89554.05,358216.20
ORDER_000003104_ITEM_001,ORDER_000003104,PRODUCT_000000043,5,143690.78,718453.90
ORDER_000003104_ITEM_002,ORDER_000003104,PRODUCT_000000295,3,38276.02,114828.06
ORDER_000003104_ITEM_003,ORDER_000003104,PRODUCT_000000032,1,916.80,916.80
ORDER_000003105_ITEM_001,ORDER_000003105,PRODUCT_000000468,5,11339.62,56698.10
ORDER_000003105_ITEM_002,ORDER_000003105,PRODUCT_000000450,4,137048.55,548194.20
ORDER_000003105_ITEM_003,ORDER_000003105,PRODUCT_000000242,5,2669.01,13345.05
ORDER_000003106_ITEM_001,ORDER_000003106,PRODUCT_000000392,2,38277.40,76554.80
ORDER_000003106_ITEM_002,ORDER_000003106,PRODUCT_000000280,3,8266.88,24800.64
ORDER_000003106_ITEM_003,ORDER_000003106,PRODUCT_000000049,4,194087.22,776348.88
ORDER_000003107_ITEM_001,ORDER_000003107,PRODUCT_000000480,5,4616.48,23082.40
ORDER_000003107_ITEM_002,ORDER_000003107,PRODUCT_000000457,5,20677.50,103387.50
ORDER_000003107_ITEM_003,ORDER_000003107,PRODUCT_000000257,2,6078.96,12157.92
ORDER_000003108_ITEM_001,ORDER_000003108,PRODUCT_000000074,1,75286.95,75286.95
ORDER_000003108_ITEM_002,ORDER_000003108,PRODUCT_000000475,4,60287.81,241151.24
ORDER_000003108_ITEM_003,ORDER_000003108,PRODUCT_000000081,4,51812.13,207248.52
ORDER_000003109_ITEM_001,ORDER_000003109,PRODUCT_000000182,5,906.52,4532.60
ORDER_000003109_ITEM_002,ORDER_000003109,PRODUCT_000000220,4,5722.11,22888.44
ORDER_000003109_ITEM_003,ORDER_000003109,PRODUCT_000000028,5,22480.60,112403.00
ORDER_000003110_ITEM_001,ORDER_000003110,PRODUCT_000000183,2,39378.79,78757.58
ORDER_000003110_ITEM_002,ORDER_000003110,PRODUCT_000000062,5,5183.35,25916.75
ORDER_000003110_ITEM_003,ORDER_000003110,PRODUCT_000000225,2,3256.60,6513.20
ORDER_000003111_ITEM_001,ORDER_000003111,PRODUCT_000000373,1,1253.40,1253.40
ORDER_000003111_ITEM_002,ORDER_000003111,PRODUCT_000000091,5,85829.09,429145.45
ORDER_000003111_ITEM_003,ORDER_000003111,PRODUCT_000000377,5,11772.95,58864.75
ORDER_000003112_ITEM_001,ORDER_000003112,PRODUCT_000000259,4,8268.46,33073.84
ORDER_000003112_ITEM_002,ORDER_000003112,PRODUCT_000000037,2,28745.87,57491.74
ORDER_000003112_ITEM_003,ORDER_000003112,PRODUCT_000000391,4,21049.94,84199.76
ORDER_000003113_ITEM_001,ORDER_000003113,PRODUCT_000000419,5,1633.27,8166.35
ORDER_000003113_ITEM_002,ORDER_000003113,PRODUCT_000000020,3,4087.52,12262.56
ORDER_000003113_ITEM_003,ORDER_000003113,PRODUCT_000000382,3,36449.53,109348.59
ORDER_000003114_ITEM_001,ORDER_000003114,PRODUCT_000000376,1,1235.61,1235.61
ORDER_000003114_ITEM_002,ORDER_000003114,PRODUCT_000000067,3,14987.74,44963.22
ORDER_000003114_ITEM_003,ORDER_000003114,PRODUCT_000000174,3,121049.76,363149.28
ORDER_000003115_ITEM_001,ORDER_000003115,PRODUCT_000000390,3,36528.52,109585.56
ORDER_000003115_ITEM_002,ORDER_000003115,PRODUCT_000000475,1,60287.81,60287.81
ORDER_000003115_ITEM_003,ORDER_000003115,PRODUCT_000000154,5,17743.63,88718.15
ORDER_000003116_ITEM_001,ORDER_000003116,PRODUCT_000000452,2,66502.26,133004.52
ORDER_000003116_ITEM_002,ORDER_000003116,PRODUCT_000000042,2,81949.03,163898.06
ORDER_000003116_ITEM_003,ORDER_000003116,PRODUCT_000000378,5,253.91,1269.55
ORDER_000003117_ITEM_001,ORDER_000003117,PRODUCT_000000070,2,82897.23,165794.46
ORDER_000003117_ITEM_002,ORDER_000003117,PRODUCT_000000012,4,116699.02,466796.08
ORDER_000003117_ITEM_003,ORDER_000003117,PRODUCT_000000023,3,1295.31,3885.93
ORDER_000003118_ITEM_001,ORDER_000003118,PRODUCT_000000265,1,7416.00,7416.00
ORDER_000003118_ITEM_002,ORDER_000003118,PRODUCT_000000080,1,8444.99,8444.99
ORDER_000003118_ITEM_003,ORDER_000003118,PRODUCT_000000251,4,1112.09,4448.36
ORDER_000003119_ITEM_001,ORDER_000003119,PRODUCT_000000023,2,1295.31,2590.62
ORDER_000003119_ITEM_002,ORDER_000003119,PRODUCT_000000012,3,116699.02,350097.06
ORDER_000003119_ITEM_003,ORDER_000003119,PRODUCT_000000490,4,5004.64,20018.56
ORDER_000003120_ITEM_001,ORDER_000003120,PRODUCT_000000377,1,11772.95,11772.95
ORDER_000003120_ITEM_002,ORDER_000003120,PRODUCT_000000128,1,10367.22,10367.22
ORDER_000003120_ITEM_003,ORDER_000003120,PRODUCT_000000060,2,61306.51,122613.02
ORDER_000003121_ITEM_001,ORDER_000003121,PRODUCT_000000422,2,76372.72,152745.44
ORDER_000003121_ITEM_002,ORDER_000003121,PRODUCT_000000022,5,3619.59,18097.95
ORDER_000003121_ITEM_003,ORDER_000003121,PRODUCT_000000095,2,112715.59,225431.18
ORDER_000003122_ITEM_001,ORDER_000003122,PRODUCT_000000035,4,6152.71,24610.84
ORDER_000003122_ITEM_002,ORDER_000003122,PRODUCT_000000442,3,50728.25,152184.75
ORDER_000003122_ITEM_003,ORDER_000003122,PRODUCT_000000346,5,90006.80,450034.00
ORDER_000003123_ITEM_001,ORDER_000003123,PRODUCT_000000444,4,3373.26,13493.04
ORDER_000003123_ITEM_002,ORDER_000003123,PRODUCT_000000488,2,7299.35,14598.70
ORDER_000003123_ITEM_003,ORDER_000003123,PRODUCT_000000384,5,1879.95,9399.75
ORDER_000003124_ITEM_001,ORDER_000003124,PRODUCT_000000031,3,223997.16,671991.48
ORDER_000003124_ITEM_002,ORDER_000003124,PRODUCT_000000158,2,21685.09,43370.18
ORDER_000003124_ITEM_003,ORDER_000003124,PRODUCT_000000114,4,140563.09,562252.36
ORDER_000003125_ITEM_001,ORDER_000003125,PRODUCT_000000438,4,40311.65,161246.60
ORDER_000003125_ITEM_002,ORDER_000003125,PRODUCT_000000045,3,35447.12,106341.36
ORDER_000003125_ITEM_003,ORDER_000003125,PRODUCT_000000079,2,20185.32,40370.64
ORDER_000003126_ITEM_001,ORDER_000003126,PRODUCT_000000323,1,111157.95,111157.95
ORDER_000003126_ITEM_002,ORDER_000003126,PRODUCT_000000369,3,1041.90,3125.70
ORDER_000003126_ITEM_003,ORDER_000003126,PRODUCT_000000381,1,80434.33,80434.33
ORDER_000003127_ITEM_001,ORDER_000003127,PRODUCT_000000275,5,37395.96,186979.80
ORDER_000003127_ITEM_002,ORDER_000003127,PRODUCT_000000420,3,33996.43,101989.29
ORDER_000003127_ITEM_003,ORDER_000003127,PRODUCT_000000120,4,73826.11,295304.44
ORDER_000003128_ITEM_001,ORDER_000003128,PRODUCT_000000488,1,7299.35,7299.35
ORDER_000003128_ITEM_002,ORDER_000003128,PRODUCT_000000085,2,95727.09,191454.18
ORDER_000003128_ITEM_003,ORDER_000003128,PRODUCT_000000138,4,9019.79,36079.16
ORDER_000003129_ITEM_001,ORDER_000003129,PRODUCT_000000041,3,4860.87,14582.61
ORDER_000003129_ITEM_002,ORDER_000003129,PRODUCT_000000021,4,2952.32,11809.28
ORDER_000003129_ITEM_003,ORDER_000003129,PRODUCT_000000479,2,436.69,873.38
ORDER_000003130_ITEM_001,ORDER_000003130,PRODUCT_000000416,3,2364.84,7094.52
ORDER_000003130_ITEM_002,ORDER_000003130,PRODUCT_000000437,4,5692.44,22769.76
ORDER_000003130_ITEM_003,ORDER_000003130,PRODUCT_000000276,1,6006.43,6006.43
ORDER_000003131_ITEM_001,ORDER_000003131,PRODUCT_000000066,4,166045.11,664180.44
ORDER_000003131_ITEM_002,ORDER_000003131,PRODUCT_000000427,5,820.10,4100.50
ORDER_000003131_ITEM_003,ORDER_000003131,PRODUCT_000000177,1,29457.82,29457.82
ORDER_000003132_ITEM_001,ORDER_000003132,PRODUCT_000000107,5,835.56,4177.80
ORDER_000003132_ITEM_002,ORDER_000003132,PRODUCT_000000340,5,46977.00,234885.00
ORDER_000003132_ITEM_003,ORDER_000003132,PRODUCT_000000192,3,10837.79,32513.37
ORDER_000003133_ITEM_001,ORDER_000003133,PRODUCT_000000390,3,36528.52,109585.56
ORDER_000003133_ITEM_002,ORDER_000003133,PRODUCT_000000314,1,13535.22,13535.22
ORDER_000003133_ITEM_003,ORDER_000003133,PRODUCT_000000481,2,242.93,485.86
ORDER_000003134_ITEM_001,ORDER_000003134,PRODUCT_000000347,5,424.29,2121.45
ORDER_000003134_ITEM_002,ORDER_000003134,PRODUCT_000000349,4,2148.69,8594.76
ORDER_000003134_ITEM_003,ORDER_000003134,PRODUCT_000000235,5,10340.23,51701.15
ORDER_000003135_ITEM_001,ORDER_000003135,PRODUCT_000000308,2,10454.59,20909.18
ORDER_000003135_ITEM_002,ORDER_000003135,PRODUCT_000000431,4,28619.97,114479.88
ORDER_000003135_ITEM_003,ORDER_000003135,PRODUCT_000000041,4,4860.87,19443.48
ORDER_000003136_ITEM_001,ORDER_000003136,PRODUCT_000000026,3,18909.61,56728.83
ORDER_000003136_ITEM_002,ORDER_000003136,PRODUCT_000000131,3,8366.73,25100.19
ORDER_000003136_ITEM_003,ORDER_000003136,PRODUCT_000000481,4,242.93,971.72
ORDER_000003137_ITEM_001,ORDER_000003137,PRODUCT_000000195,3,3974.21,11922.63
ORDER_000003137_ITEM_002,ORDER_000003137,PRODUCT_000000434,1,1900.67,1900.67
ORDER_000003137_ITEM_003,ORDER_000003137,PRODUCT_000000026,4,18909.61,75638.44
ORDER_000003138_ITEM_001,ORDER_000003138,PRODUCT_000000288,5,105802.00,529010.00
ORDER_000003138_ITEM_002,ORDER_000003138,PRODUCT_000000184,1,120740.28,120740.28
ORDER_000003138_ITEM_003,ORDER_000003138,PRODUCT_000000228,1,79825.81,79825.81
ORDER_000003139_ITEM_001,ORDER_000003139,PRODUCT_000000443,4,1322.46,5289.84
ORDER_000003139_ITEM_002,ORDER_000003139,PRODUCT_000000257,5,6078.96,30394.80
ORDER_000003139_ITEM_003,ORDER_000003139,PRODUCT_000000224,4,89554.05,358216.20
ORDER_000003140_ITEM_001,ORDER_000003140,PRODUCT_000000429,2,54612.57,109225.14
ORDER_000003140_ITEM_002,ORDER_000003140,PRODUCT_000000500,4,66111.23,264444.92
ORDER_000003140_ITEM_003,ORDER_000003140,PRODUCT_000000112,4,20260.19,81040.76
ORDER_000003141_ITEM_001,ORDER_000003141,PRODUCT_000000045,2,35447.12,70894.24
ORDER_000003141_ITEM_002,ORDER_000003141,PRODUCT_000000293,3,68391.63,205174.89
ORDER_000003141_ITEM_003,ORDER_000003141,PRODUCT_000000243,2,14614.47,29228.94
ORDER_000003142_ITEM_001,ORDER_000003142,PRODUCT_000000476,3,65466.46,196399.38
ORDER_000003142_ITEM_002,ORDER_000003142,PRODUCT_000000474,5,690.90,3454.50
ORDER_000003142_ITEM_003,ORDER_000003142,PRODUCT_000000089,3,7426.76,22280.28
ORDER_000003143_ITEM_001,ORDER_000003143,PRODUCT_000000001,4,47526.13,190104.52
ORDER_000003143_ITEM_002,ORDER_000003143,PRODUCT_000000065,3,3214.64,9643.92
ORDER_000003143_ITEM_003,ORDER_000003143,PRODUCT_000000470,2,1763.05,3526.10
ORDER_000003144_ITEM_001,ORDER_000003144,PRODUCT_000000429,1,54612.57,54612.57
ORDER_000003144_ITEM_002,ORDER_000003144,PRODUCT_000000442,2,50728.25,101456.50
ORDER_000003144_ITEM_003,ORDER_000003144,PRODUCT_000000388,4,16147.61,64590.44
ORDER_000003145_ITEM_001,ORDER_000003145,PRODUCT_000000471,3,26176.74,78530.22
ORDER_000003145_ITEM_002,ORDER_000003145,PRODUCT_000000144,5,1419.24,7096.20
ORDER_000003145_ITEM_003,ORDER_000003145,PRODUCT_000000204,3,502.82,1508.46
ORDER_000003146_ITEM_001,ORDER_000003146,PRODUCT_000000220,1,5722.11,5722.11
ORDER_000003146_ITEM_002,ORDER_000003146,PRODUCT_000000476,4,65466.46,261865.84
ORDER_000003146_ITEM_003,ORDER_000003146,PRODUCT_000000326,4,12706.30,50825.20
ORDER_000003147_ITEM_001,ORDER_000003147,PRODUCT_000000139,4,955.15,3820.60
ORDER_000003147_ITEM_002,ORDER_000003147,PRODUCT_000000106,1,1964.81,1964.81
ORDER_000003147_ITEM_003,ORDER_000003147,PRODUCT_000000155,5,37803.93,189019.65
ORDER_000003148_ITEM_001,ORDER_000003148,PRODUCT_000000360,2,102821.06,205642.12
ORDER_000003148_ITEM_002,ORDER_000003148,PRODUCT_000000076,3,2000.71,6002.13
ORDER_000003148_ITEM_003,ORDER_000003148,PRODUCT_000000062,4,5183.35,20733.40
ORDER_000003149_ITEM_001,ORDER_000003149,PRODUCT_000000350,4,27003.79,108015.16
ORDER_000003149_ITEM_002,ORDER_000003149,PRODUCT_000000051,3,45102.28,135306.84
ORDER_000003149_ITEM_003,ORDER_000003149,PRODUCT_000000310,5,14175.81,70879.05
ORDER_000003150_ITEM_001,ORDER_000003150,PRODUCT_000000369,3,1041.90,3125.70
ORDER_000003150_ITEM_002,ORDER_000003150,PRODUCT_000000134,2,2948.45,5896.90
ORDER_000003150_ITEM_003,ORDER_000003150,PRODUCT_000000138,2,9019.79,18039.58
ORDER_000003151_ITEM_001,ORDER_000003151,PRODUCT_000000386,3,7104.14,21312.42
ORDER_000003151_ITEM_002,ORDER_000003151,PRODUCT_000000258,4,1110.13,4440.52
ORDER_000003151_ITEM_003,ORDER_000003151,PRODUCT_000000320,4,1644.19,6576.76
ORDER_000003152_ITEM_001,ORDER_000003152,PRODUCT_000000303,4,28560.91,114243.64
ORDER_000003152_ITEM_002,ORDER_000003152,PRODUCT_000000239,4,30240.84,120963.36
ORDER_000003152_ITEM_003,ORDER_000003152,PRODUCT_000000392,3,38277.40,114832.20
ORDER_000003153_ITEM_001,ORDER_000003153,PRODUCT_000000029,3,2844.42,8533.26
ORDER_000003153_ITEM_002,ORDER_000003153,PRODUCT_000000010,2,2629.61,5259.22
ORDER_000003153_ITEM_003,ORDER_000003153,PRODUCT_000000263,5,114743.85,573719.25
ORDER_000003154_ITEM_001,ORDER_000003154,PRODUCT_000000036,1,49982.53,49982.53
ORDER_000003154_ITEM_002,ORDER_000003154,PRODUCT_000000319,3,52057.41,156172.23
ORDER_000003154_ITEM_003,ORDER_000003154,PRODUCT_000000013,5,85341.86,426709.30
ORDER_000003155_ITEM_001,ORDER_000003155,PRODUCT_000000394,5,1417.36,7086.80
ORDER_000003155_ITEM_002,ORDER_000003155,PRODUCT_000000497,1,86756.62,86756.62
ORDER_000003155_ITEM_003,ORDER_000003155,PRODUCT_000000117,4,186308.09,745232.36
ORDER_000003156_ITEM_001,ORDER_000003156,PRODUCT_000000268,3,230.02,690.06
ORDER_000003156_ITEM_002,ORDER_000003156,PRODUCT_000000448,1,30757.35,30757.35
ORDER_000003156_ITEM_003,ORDER_000003156,PRODUCT_000000266,3,139987.08,419961.24
ORDER_000003157_ITEM_001,ORDER_000003157,PRODUCT_000000417,1,2286.08,2286.08
ORDER_000003157_ITEM_002,ORDER_000003157,PRODUCT_000000226,4,2585.73,10342.92
ORDER_000003157_ITEM_003,ORDER_000003157,PRODUCT_000000320,5,1644.19,8220.95
ORDER_000003158_ITEM_001,ORDER_000003158,PRODUCT_000000403,2,1868.76,3737.52
ORDER_000003158_ITEM_002,ORDER_000003158,PRODUCT_000000115,1,1102.21,1102.21
ORDER_000003158_ITEM_003,ORDER_000003158,PRODUCT_000000037,2,28745.87,57491.74
ORDER_000003159_ITEM_001,ORDER_000003159,PRODUCT_000000144,5,1419.24,7096.20
ORDER_000003159_ITEM_002,ORDER_000003159,PRODUCT_000000293,1,68391.63,68391.63
ORDER_000003159_ITEM_003,ORDER_000003159,PRODUCT_000000493,2,1452.96,2905.92
ORDER_000003160_ITEM_001,ORDER_000003160,PRODUCT_000000461,3,66176.77,198530.31
ORDER_000003160_ITEM_002,ORDER_000003160,PRODUCT_000000350,2,27003.79,54007.58
ORDER_000003160_ITEM_003,ORDER_000003160,PRODUCT_000000490,5,5004.64,25023.20
ORDER_000003161_ITEM_001,ORDER_000003161,PRODUCT_000000202,5,22299.06,111495.30
ORDER_000003161_ITEM_002,ORDER_000003161,PRODUCT_000000132,3,48602.08,145806.24
ORDER_000003161_ITEM_003,ORDER_000003161,PRODUCT_000000018,3,54878.11,164634.33
ORDER_000003162_ITEM_001,ORDER_000003162,PRODUCT_000000171,5,212543.08,1062715.40
ORDER_000003162_ITEM_002,ORDER_000003162,PRODUCT_000000135,3,19292.87,57878.61
ORDER_000003162_ITEM_003,ORDER_000003162,PRODUCT_000000181,4,1727.48,6909.92
ORDER_000003163_ITEM_001,ORDER_000003163,PRODUCT_000000007,5,3112.46,15562.30
ORDER_000003163_ITEM_002,ORDER_000003163,PRODUCT_000000116,2,108578.88,217157.76
ORDER_000003163_ITEM_003,ORDER_000003163,PRODUCT_000000326,3,12706.30,38118.90
ORDER_000003164_ITEM_001,ORDER_000003164,PRODUCT_000000467,3,89885.32,269655.96
ORDER_000003164_ITEM_002,ORDER_000003164,PRODUCT_000000447,2,5903.88,11807.76
ORDER_000003164_ITEM_003,ORDER_000003164,PRODUCT_000000473,2,10475.93,20951.86
ORDER_000003165_ITEM_001,ORDER_000003165,PRODUCT_000000018,2,54878.11,109756.22
ORDER_000003165_ITEM_002,ORDER_000003165,PRODUCT_000000190,5,1821.64,9108.20
ORDER_000003165_ITEM_003,ORDER_000003165,PRODUCT_000000486,5,411.42,2057.10
ORDER_000003166_ITEM_001,ORDER_000003166,PRODUCT_000000245,1,2849.98,2849.98
ORDER_000003166_ITEM_002,ORDER_000003166,PRODUCT_000000481,3,242.93,728.79
ORDER_000003166_ITEM_003,ORDER_000003166,PRODUCT_000000372,5,55828.82,279144.10
ORDER_000003167_ITEM_001,ORDER_000003167,PRODUCT_000000359,4,31351.97,125407.88
ORDER_000003167_ITEM_002,ORDER_000003167,PRODUCT_000000277,3,11671.40,35014.20
ORDER_000003167_ITEM_003,ORDER_000003167,PRODUCT_000000135,5,19292.87,96464.35
ORDER_000003168_ITEM_001,ORDER_000003168,PRODUCT_000000370,2,3741.06,7482.12
ORDER_000003168_ITEM_002,ORDER_000003168,PRODUCT_000000088,2,4393.00,8786.00
ORDER_000003168_ITEM_003,ORDER_000003168,PRODUCT_000000221,4,4631.09,18524.36
ORDER_000003169_ITEM_001,ORDER_000003169,PRODUCT_000000489,3,65761.05,197283.15
ORDER_000003169_ITEM_002,ORDER_000003169,PRODUCT_000000456,4,5850.98,23403.92
ORDER_000003169_ITEM_003,ORDER_000003169,PRODUCT_000000406,5,130798.44,653992.20
ORDER_000003170_ITEM_001,ORDER_000003170,PRODUCT_000000288,4,105802.00,423208.00
ORDER_000003170_ITEM_002,ORDER_000003170,PRODUCT_000000331,5,16339.42,81697.10
ORDER_000003170_ITEM_003,ORDER_000003170,PRODUCT_000000447,5,5903.88,29519.40
ORDER_000003171_ITEM_001,ORDER_000003171,PRODUCT_000000045,1,35447.12,35447.12
ORDER_000003171_ITEM_002,ORDER_000003171,PRODUCT_000000324,1,58960.31,58960.31
ORDER_000003171_ITEM_003,ORDER_000003171,PRODUCT_000000355,2,2839.63,5679.26
ORDER_000003172_ITEM_001,ORDER_000003172,PRODUCT_000000407,1,71009.01,71009.01
ORDER_000003172_ITEM_002,ORDER_000003172,PRODUCT_000000324,4,58960.31,235841.24
ORDER_000003172_ITEM_003,ORDER_000003172,PRODUCT_000000243,5,14614.47,73072.35
ORDER_000003173_ITEM_001,ORDER_000003173,PRODUCT_000000191,1,936.27,936.27
ORDER_000003173_ITEM_002,ORDER_000003173,PRODUCT_000000013,4,85341.86,341367.44
ORDER_000003173_ITEM_003,ORDER_000003173,PRODUCT_000000051,4,45102.28,180409.12
ORDER_000003174_ITEM_001,ORDER_000003174,PRODUCT_000000480,5,4616.48,23082.40
ORDER_000003174_ITEM_002,ORDER_000003174,PRODUCT_000000154,4,17743.63,70974.52
ORDER_000003174_ITEM_003,ORDER_000003174,PRODUCT_000000477,5,130157.67,650788.35
ORDER_000003175_ITEM_001,ORDER_000003175,PRODUCT_000000414,1,57878.53,57878.53
ORDER_000003175_ITEM_002,ORDER_000003175,PRODUCT_000000039,4,399.38,1597.52
ORDER_000003175_ITEM_003,ORDER_000003175,PRODUCT_000000341,3,80395.16,241185.48
ORDER_000003176_ITEM_001,ORDER_000003176,PRODUCT_000000224,1,89554.05,89554.05
ORDER_000003176_ITEM_002,ORDER_000003176,PRODUCT_000000393,1,2674.57,2674.57
ORDER_000003176_ITEM_003,ORDER_000003176,PRODUCT_000000347,3,424.29,1272.87
ORDER_000003177_ITEM_001,ORDER_000003177,PRODUCT_000000370,1,3741.06,3741.06
ORDER_000003177_ITEM_002,ORDER_000003177,PRODUCT_000000368,3,9454.76,28364.28
ORDER_000003177_ITEM_003,ORDER_000003177,PRODUCT_000000376,3,1235.61,3706.83
ORDER_000003178_ITEM_001,ORDER_000003178,PRODUCT_000000024,3,2660.53,7981.59
ORDER_000003178_ITEM_002,ORDER_000003178,PRODUCT_000000221,1,4631.09,4631.09
ORDER_000003178_ITEM_003,ORDER_000003178,PRODUCT_000000179,3,16969.41,50908.23
ORDER_000003179_ITEM_001,ORDER_000003179,PRODUCT_000000154,1,17743.63,17743.63
ORDER_000003179_ITEM_002,ORDER_000003179,PRODUCT_000000042,2,81949.03,163898.06
ORDER_000003179_ITEM_003,ORDER_000003179,PRODUCT_000000297,1,6305.72,6305.72
ORDER_000003180_ITEM_001,ORDER_000003180,PRODUCT_000000298,5,335.33,1676.65
ORDER_000003180_ITEM_002,ORDER_000003180,PRODUCT_000000176,2,498.75,997.50
ORDER_000003180_ITEM_003,ORDER_000003180,PRODUCT_000000345,2,106411.74,212823.48
ORDER_000003181_ITEM_001,ORDER_000003181,PRODUCT_000000125,5,48262.53,241312.65
ORDER_000003181_ITEM_002,ORDER_000003181,PRODUCT_000000027,5,122387.75,611938.75
ORDER_000003181_ITEM_003,ORDER_000003181,PRODUCT_000000459,3,5188.95,15566.85
ORDER_000003182_ITEM_001,ORDER_000003182,PRODUCT_000000289,3,66663.17,199989.51
ORDER_000003182_ITEM_002,ORDER_000003182,PRODUCT_000000452,3,66502.26,199506.78
ORDER_000003182_ITEM_003,ORDER_000003182,PRODUCT_000000241,3,19528.30,58584.90
ORDER_000003183_ITEM_001,ORDER_000003183,PRODUCT_000000209,5,4970.11,24850.55
ORDER_000003183_ITEM_002,ORDER_000003183,PRODUCT_000000154,5,17743.63,88718.15
ORDER_000003183_ITEM_003,ORDER_000003183,PRODUCT_000000433,5,3121.66,15608.30
ORDER_000003184_ITEM_001,ORDER_000003184,PRODUCT_000000017,3,17512.73,52538.19
ORDER_000003184_ITEM_002,ORDER_000003184,PRODUCT_000000470,1,1763.05,1763.05
ORDER_000003184_ITEM_003,ORDER_000003184,PRODUCT_000000021,4,2952.32,11809.28
ORDER_000003185_ITEM_001,ORDER_000003185,PRODUCT_000000308,4,10454.59,41818.36
ORDER_000003185_ITEM_002,ORDER_000003185,PRODUCT_000000424,1,6433.07,6433.07
ORDER_000003185_ITEM_003,ORDER_000003185,PRODUCT_000000388,1,16147.61,16147.61
ORDER_000003186_ITEM_001,ORDER_000003186,PRODUCT_000000072,3,7200.43,21601.29
ORDER_000003186_ITEM_002,ORDER_000003186,PRODUCT_000000141,3,11546.35,34639.05
ORDER_000003186_ITEM_003,ORDER_000003186,PRODUCT_000000276,5,6006.43,30032.15
ORDER_000003187_ITEM_001,ORDER_000003187,PRODUCT_000000028,4,22480.60,89922.40
ORDER_000003187_ITEM_002,ORDER_000003187,PRODUCT_000000395,3,606.04,1818.12
ORDER_000003187_ITEM_003,ORDER_000003187,PRODUCT_000000245,2,2849.98,5699.96
ORDER_000003188_ITEM_001,ORDER_000003188,PRODUCT_000000114,2,140563.09,281126.18
ORDER_000003188_ITEM_002,ORDER_000003188,PRODUCT_000000114,5,140563.09,702815.45
ORDER_000003188_ITEM_003,ORDER_000003188,PRODUCT_000000226,3,2585.73,7757.19
ORDER_000003189_ITEM_001,ORDER_000003189,PRODUCT_000000482,1,1961.27,1961.27
ORDER_000003189_ITEM_002,ORDER_000003189,PRODUCT_000000360,5,102821.06,514105.30
ORDER_000003189_ITEM_003,ORDER_000003189,PRODUCT_000000399,5,1168.76,5843.80
ORDER_000003190_ITEM_001,ORDER_000003190,PRODUCT_000000100,5,4028.63,20143.15
ORDER_000003190_ITEM_002,ORDER_000003190,PRODUCT_000000224,4,89554.05,358216.20
ORDER_000003190_ITEM_003,ORDER_000003190,PRODUCT_000000183,5,39378.79,196893.95
ORDER_000003191_ITEM_001,ORDER_000003191,PRODUCT_000000015,4,140055.39,560221.56
ORDER_000003191_ITEM_002,ORDER_000003191,PRODUCT_000000229,3,12881.53,38644.59
ORDER_000003191_ITEM_003,ORDER_000003191,PRODUCT_000000019,3,6627.77,19883.31
ORDER_000003192_ITEM_001,ORDER_000003192,PRODUCT_000000095,5,112715.59,563577.95
ORDER_000003192_ITEM_002,ORDER_000003192,PRODUCT_000000347,3,424.29,1272.87
ORDER_000003192_ITEM_003,ORDER_000003192,PRODUCT_000000265,5,7416.00,37080.00
ORDER_000003193_ITEM_001,ORDER_000003193,PRODUCT_000000491,3,116914.83,350744.49
ORDER_000003193_ITEM_002,ORDER_000003193,PRODUCT_000000088,5,4393.00,21965.00
ORDER_000003193_ITEM_003,ORDER_000003193,PRODUCT_000000174,4,121049.76,484199.04
ORDER_000003194_ITEM_001,ORDER_000003194,PRODUCT_000000109,5,11755.22,58776.10
ORDER_000003194_ITEM_002,ORDER_000003194,PRODUCT_000000063,3,16707.24,50121.72
ORDER_000003194_ITEM_003,ORDER_000003194,PRODUCT_000000085,5,95727.09,478635.45
ORDER_000003195_ITEM_001,ORDER_000003195,PRODUCT_000000334,4,921.24,3684.96
ORDER_000003195_ITEM_002,ORDER_000003195,PRODUCT_000000153,1,1314.83,1314.83
ORDER_000003195_ITEM_003,ORDER_000003195,PRODUCT_000000387,5,22127.64,110638.20
ORDER_000003196_ITEM_001,ORDER_000003196,PRODUCT_000000320,1,1644.19,1644.19
ORDER_000003196_ITEM_002,ORDER_000003196,PRODUCT_000000370,4,3741.06,14964.24
ORDER_000003196_ITEM_003,ORDER_000003196,PRODUCT_000000246,1,84103.35,84103.35
ORDER_000003197_ITEM_001,ORDER_000003197,PRODUCT_000000313,1,108316.97,108316.97
ORDER_000003197_ITEM_002,ORDER_000003197,PRODUCT_000000052,1,175783.69,175783.69
ORDER_000003197_ITEM_003,ORDER_000003197,PRODUCT_000000233,3,2536.45,7609.35
ORDER_000003198_ITEM_001,ORDER_000003198,PRODUCT_000000141,4,11546.35,46185.40
ORDER_000003198_ITEM_002,ORDER_000003198,PRODUCT_000000357,4,64399.68,257598.72
ORDER_000003198_ITEM_003,ORDER_000003198,PRODUCT_000000108,3,3286.97,9860.91
ORDER_000003199_ITEM_001,ORDER_000003199,PRODUCT_000000223,3,3175.58,9526.74
ORDER_000003199_ITEM_002,ORDER_000003199,PRODUCT_000000318,4,11683.06,46732.24
ORDER_000003199_ITEM_003,ORDER_000003199,PRODUCT_000000185,1,30648.96,30648.96
ORDER_000003200_ITEM_001,ORDER_000003200,PRODUCT_000000465,2,27686.57,55373.14
ORDER_000003200_ITEM_002,ORDER_000003200,PRODUCT_000000500,5,66111.23,330556.15
ORDER_000003200_ITEM_003,ORDER_000003200,PRODUCT_000000490,1,5004.64,5004.64
ORDER_000003201_ITEM_001,ORDER_000003201,PRODUCT_000000394,3,1417.36,4252.08
ORDER_000003201_ITEM_002,ORDER_000003201,PRODUCT_000000011,2,5081.83,10163.66
ORDER_000003201_ITEM_003,ORDER_000003201,PRODUCT_000000469,3,4611.19,13833.57
ORDER_000003202_ITEM_001,ORDER_000003202,PRODUCT_000000012,3,116699.02,350097.06
ORDER_000003202_ITEM_002,ORDER_000003202,PRODUCT_000000418,3,3679.29,11037.87
ORDER_000003202_ITEM_003,ORDER_000003202,PRODUCT_000000202,1,22299.06,22299.06
ORDER_000003203_ITEM_001,ORDER_000003203,PRODUCT_000000008,3,113431.81,340295.43
ORDER_000003203_ITEM_002,ORDER_000003203,PRODUCT_000000484,1,54819.53,54819.53
ORDER_000003203_ITEM_003,ORDER_000003203,PRODUCT_000000187,4,1398.69,5594.76
ORDER_000003204_ITEM_001,ORDER_000003204,PRODUCT_000000192,2,10837.79,21675.58
ORDER_000003204_ITEM_002,ORDER_000003204,PRODUCT_000000419,3,1633.27,4899.81
ORDER_000003204_ITEM_003,ORDER_000003204,PRODUCT_000000472,2,2444.82,4889.64
ORDER_000003205_ITEM_001,ORDER_000003205,PRODUCT_000000466,3,7087.91,21263.73
ORDER_000003205_ITEM_002,ORDER_000003205,PRODUCT_000000269,1,396.98,396.98
ORDER_000003205_ITEM_003,ORDER_000003205,PRODUCT_000000168,2,4563.70,9127.40
ORDER_000003206_ITEM_001,ORDER_000003206,PRODUCT_000000388,4,16147.61,64590.44
ORDER_000003206_ITEM_002,ORDER_000003206,PRODUCT_000000206,5,338.63,1693.15
ORDER_000003206_ITEM_003,ORDER_000003206,PRODUCT_000000044,1,24208.61,24208.61
ORDER_000003207_ITEM_001,ORDER_000003207,PRODUCT_000000371,5,7881.87,39409.35
ORDER_000003207_ITEM_002,ORDER_000003207,PRODUCT_000000161,2,684.54,1369.08
ORDER_000003207_ITEM_003,ORDER_000003207,PRODUCT_000000257,4,6078.96,24315.84
ORDER_000003208_ITEM_001,ORDER_000003208,PRODUCT_000000077,5,77023.77,385118.85
ORDER_000003208_ITEM_002,ORDER_000003208,PRODUCT_000000202,2,22299.06,44598.12
ORDER_000003208_ITEM_003,ORDER_000003208,PRODUCT_000000373,2,1253.40,2506.80
ORDER_000003209_ITEM_001,ORDER_000003209,PRODUCT_000000239,2,30240.84,60481.68
ORDER_000003209_ITEM_002,ORDER_000003209,PRODUCT_000000044,5,24208.61,121043.05
ORDER_000003209_ITEM_003,ORDER_000003209,PRODUCT_000000233,2,2536.45,5072.90
ORDER_000003210_ITEM_001,ORDER_000003210,PRODUCT_000000268,1,230.02,230.02
ORDER_000003210_ITEM_002,ORDER_000003210,PRODUCT_000000314,2,13535.22,27070.44
ORDER_000003210_ITEM_003,ORDER_000003210,PRODUCT_000000335,3,7748.73,23246.19
ORDER_000003211_ITEM_001,ORDER_000003211,PRODUCT_000000004,5,84297.47,421487.35
ORDER_000003211_ITEM_002,ORDER_000003211,PRODUCT_000000052,1,175783.69,175783.69
ORDER_000003211_ITEM_003,ORDER_000003211,PRODUCT_000000458,3,38414.84,115244.52
ORDER_000003212_ITEM_001,ORDER_000003212,PRODUCT_000000222,2,26935.38,53870.76
ORDER_000003212_ITEM_002,ORDER_000003212,PRODUCT_000000330,3,732.17,2196.51
ORDER_000003212_ITEM_003,ORDER_000003212,PRODUCT_000000282,5,114133.14,570665.70
ORDER_000003213_ITEM_001,ORDER_000003213,PRODUCT_000000221,1,4631.09,4631.09
ORDER_000003213_ITEM_002,ORDER_000003213,PRODUCT_000000036,4,49982.53,199930.12
ORDER_000003213_ITEM_003,ORDER_000003213,PRODUCT_000000268,5,230.02,1150.10
ORDER_000003214_ITEM_001,ORDER_000003214,PRODUCT_000000275,1,37395.96,37395.96
ORDER_000003214_ITEM_002,ORDER_000003214,PRODUCT_000000266,4,139987.08,559948.32
ORDER_000003214_ITEM_003,ORDER_000003214,PRODUCT_000000067,5,14987.74,74938.70
ORDER_000003215_ITEM_001,ORDER_000003215,PRODUCT_000000137,1,2720.00,2720.00
ORDER_000003215_ITEM_002,ORDER_000003215,PRODUCT_000000418,2,3679.29,7358.58
ORDER_000003215_ITEM_003,ORDER_000003215,PRODUCT_000000374,1,194612.79,194612.79
ORDER_000003216_ITEM_001,ORDER_000003216,PRODUCT_000000194,3,2124.84,6374.52
ORDER_000003216_ITEM_002,ORDER_000003216,PRODUCT_000000108,5,3286.97,16434.85
ORDER_000003216_ITEM_003,ORDER_000003216,PRODUCT_000000402,4,51496.58,205986.32
ORDER_000003217_ITEM_001,ORDER_000003217,PRODUCT_000000038,3,5864.01,17592.03
ORDER_000003217_ITEM_002,ORDER_000003217,PRODUCT_000000081,2,51812.13,103624.26
ORDER_000003217_ITEM_003,ORDER_000003217,PRODUCT_000000354,2,8755.37,17510.74
ORDER_000003218_ITEM_001,ORDER_000003218,PRODUCT_000000252,2,18522.97,37045.94
ORDER_000003218_ITEM_002,ORDER_000003218,PRODUCT_000000046,1,3078.68,3078.68
ORDER_000003218_ITEM_003,ORDER_000003218,PRODUCT_000000292,4,16024.87,64099.48
ORDER_000003219_ITEM_001,ORDER_000003219,PRODUCT_000000255,3,52583.68,157751.04
ORDER_000003219_ITEM_002,ORDER_000003219,PRODUCT_000000058,4,20181.60,80726.40
ORDER_000003219_ITEM_003,ORDER_000003219,PRODUCT_000000052,4,175783.69,703134.76
ORDER_000003220_ITEM_001,ORDER_000003220,PRODUCT_000000008,1,113431.81,113431.81
ORDER_000003220_ITEM_002,ORDER_000003220,PRODUCT_000000476,1,65466.46,65466.46
ORDER_000003220_ITEM_003,ORDER_000003220,PRODUCT_000000272,5,13222.81,66114.05
ORDER_000003221_ITEM_001,ORDER_000003221,PRODUCT_000000377,5,11772.95,58864.75
ORDER_000003221_ITEM_002,ORDER_000003221,PRODUCT_000000327,1,10245.94,10245.94
ORDER_000003221_ITEM_003,ORDER_000003221,PRODUCT_000000373,2,1253.40,2506.80
ORDER_000003222_ITEM_001,ORDER_000003222,PRODUCT_000000493,3,1452.96,4358.88
ORDER_000003222_ITEM_002,ORDER_000003222,PRODUCT_000000208,1,62048.54,62048.54
ORDER_000003222_ITEM_003,ORDER_000003222,PRODUCT_000000355,4,2839.63,11358.52
ORDER_000003223_ITEM_001,ORDER_000003223,PRODUCT_000000430,2,56850.26,113700.52
ORDER_000003223_ITEM_002,ORDER_000003223,PRODUCT_000000412,3,65524.59,196573.77
ORDER_000003223_ITEM_003,ORDER_000003223,PRODUCT_000000280,1,8266.88,8266.88
ORDER_000003224_ITEM_001,ORDER_000003224,PRODUCT_000000456,2,5850.98,11701.96
ORDER_000003224_ITEM_002,ORDER_000003224,PRODUCT_000000074,1,75286.95,75286.95
ORDER_000003224_ITEM_003,ORDER_000003224,PRODUCT_000000480,5,4616.48,23082.40
ORDER_000003225_ITEM_001,ORDER_000003225,PRODUCT_000000074,2,75286.95,150573.90
ORDER_000003225_ITEM_002,ORDER_000003225,PRODUCT_000000486,1,411.42,411.42
ORDER_000003225_ITEM_003,ORDER_000003225,PRODUCT_000000481,3,242.93,728.79
ORDER_000003226_ITEM_001,ORDER_000003226,PRODUCT_000000157,5,1512.91,7564.55
ORDER_000003226_ITEM_002,ORDER_000003226,PRODUCT_000000414,3,57878.53,173635.59
ORDER_000003226_ITEM_003,ORDER_000003226,PRODUCT_000000334,2,921.24,1842.48
ORDER_000003227_ITEM_001,ORDER_000003227,PRODUCT_000000484,4,54819.53,219278.12
ORDER_000003227_ITEM_002,ORDER_000003227,PRODUCT_000000394,3,1417.36,4252.08
ORDER_000003227_ITEM_003,ORDER_000003227,PRODUCT_000000050,3,191762.22,575286.66
ORDER_000003228_ITEM_001,ORDER_000003228,PRODUCT_000000470,3,1763.05,5289.15
ORDER_000003228_ITEM_002,ORDER_000003228,PRODUCT_000000465,5,27686.57,138432.85
ORDER_000003228_ITEM_003,ORDER_000003228,PRODUCT_000000256,1,1724.12,1724.12
ORDER_000003229_ITEM_001,ORDER_000003229,PRODUCT_000000071,5,27899.72,139498.60
ORDER_000003229_ITEM_002,ORDER_000003229,PRODUCT_000000225,3,3256.60,9769.80
ORDER_000003229_ITEM_003,ORDER_000003229,PRODUCT_000000252,3,18522.97,55568.91
ORDER_000003230_ITEM_001,ORDER_000003230,PRODUCT_000000425,4,3973.74,15894.96
ORDER_000003230_ITEM_002,ORDER_000003230,PRODUCT_000000059,5,96024.22,480121.10
ORDER_000003230_ITEM_003,ORDER_000003230,PRODUCT_000000078,4,99659.01,398636.04
ORDER_000003231_ITEM_001,ORDER_000003231,PRODUCT_000000091,5,85829.09,429145.45
ORDER_000003231_ITEM_002,ORDER_000003231,PRODUCT_000000138,2,9019.79,18039.58
ORDER_000003231_ITEM_003,ORDER_000003231,PRODUCT_000000460,4,49238.06,196952.24
ORDER_000003232_ITEM_001,ORDER_000003232,PRODUCT_000000122,4,5503.57,22014.28
ORDER_000003232_ITEM_002,ORDER_000003232,PRODUCT_000000488,1,7299.35,7299.35
ORDER_000003232_ITEM_003,ORDER_000003232,PRODUCT_000000390,3,36528.52,109585.56
ORDER_000003233_ITEM_001,ORDER_000003233,PRODUCT_000000416,4,2364.84,9459.36
ORDER_000003233_ITEM_002,ORDER_000003233,PRODUCT_000000424,3,6433.07,19299.21
ORDER_000003233_ITEM_003,ORDER_000003233,PRODUCT_000000378,5,253.91,1269.55
ORDER_000003234_ITEM_001,ORDER_000003234,PRODUCT_000000142,2,77646.41,155292.82
ORDER_000003234_ITEM_002,ORDER_000003234,PRODUCT_000000064,4,174728.07,698912.28
ORDER_000003234_ITEM_003,ORDER_000003234,PRODUCT_000000170,2,2022.45,4044.90
ORDER_000003235_ITEM_001,ORDER_000003235,PRODUCT_000000136,2,50895.01,101790.02
ORDER_000003235_ITEM_002,ORDER_000003235,PRODUCT_000000032,2,916.80,1833.60
ORDER_000003235_ITEM_003,ORDER_000003235,PRODUCT_000000040,3,21212.12,63636.36
ORDER_000003236_ITEM_001,ORDER_000003236,PRODUCT_000000370,5,3741.06,18705.30
ORDER_000003236_ITEM_002,ORDER_000003236,PRODUCT_000000114,4,140563.09,562252.36
ORDER_000003236_ITEM_003,ORDER_000003236,PRODUCT_000000083,2,68919.06,137838.12
ORDER_000003237_ITEM_001,ORDER_000003237,PRODUCT_000000248,4,6350.16,25400.64
ORDER_000003237_ITEM_002,ORDER_000003237,PRODUCT_000000090,3,727.26,2181.78
ORDER_000003237_ITEM_003,ORDER_000003237,PRODUCT_000000155,5,37803.93,189019.65
ORDER_000003238_ITEM_001,ORDER_000003238,PRODUCT_000000302,3,3481.66,10444.98
ORDER_000003238_ITEM_002,ORDER_000003238,PRODUCT_000000373,5,1253.40,6267.00
ORDER_000003238_ITEM_003,ORDER_000003238,PRODUCT_000000368,4,9454.76,37819.04
ORDER_000003239_ITEM_001,ORDER_000003239,PRODUCT_000000245,1,2849.98,2849.98
ORDER_000003239_ITEM_002,ORDER_000003239,PRODUCT_000000249,2,33792.11,67584.22
ORDER_000003239_ITEM_003,ORDER_000003239,PRODUCT_000000136,4,50895.01,203580.04
ORDER_000003240_ITEM_001,ORDER_000003240,PRODUCT_000000175,2,40112.08,80224.16
ORDER_000003240_ITEM_002,ORDER_000003240,PRODUCT_000000333,3,530.81,1592.43
ORDER_000003240_ITEM_003,ORDER_000003240,PRODUCT_000000092,1,38553.85,38553.85
ORDER_000003241_ITEM_001,ORDER_000003241,PRODUCT_000000093,5,17022.09,85110.45
ORDER_000003241_ITEM_002,ORDER_000003241,PRODUCT_000000432,5,67458.36,337291.80
ORDER_000003241_ITEM_003,ORDER_000003241,PRODUCT_000000094,2,159079.65,318159.30
ORDER_000003242_ITEM_001,ORDER_000003242,PRODUCT_000000285,3,59012.72,177038.16
ORDER_000003242_ITEM_002,ORDER_000003242,PRODUCT_000000392,1,38277.40,38277.40
ORDER_000003242_ITEM_003,ORDER_000003242,PRODUCT_000000317,2,5032.06,10064.12
ORDER_000003243_ITEM_001,ORDER_000003243,PRODUCT_000000306,5,16336.98,81684.90
ORDER_000003243_ITEM_002,ORDER_000003243,PRODUCT_000000391,3,21049.94,63149.82
ORDER_000003243_ITEM_003,ORDER_000003243,PRODUCT_000000217,3,5712.09,17136.27
ORDER_000003244_ITEM_001,ORDER_000003244,PRODUCT_000000295,3,38276.02,114828.06
ORDER_000003244_ITEM_002,ORDER_000003244,PRODUCT_000000387,4,22127.64,88510.56
ORDER_000003244_ITEM_003,ORDER_000003244,PRODUCT_000000009,1,51529.17,51529.17
ORDER_000003245_ITEM_001,ORDER_000003245,PRODUCT_000000472,3,2444.82,7334.46
ORDER_000003245_ITEM_002,ORDER_000003245,PRODUCT_000000330,3,732.17,2196.51
ORDER_000003245_ITEM_003,ORDER_000003245,PRODUCT_000000269,4,396.98,1587.92
ORDER_000003246_ITEM_001,ORDER_000003246,PRODUCT_000000383,3,1933.39,5800.17
ORDER_000003246_ITEM_002,ORDER_000003246,PRODUCT_000000201,2,92050.96,184101.92
ORDER_000003246_ITEM_003,ORDER_000003246,PRODUCT_000000360,4,102821.06,411284.24
ORDER_000003247_ITEM_001,ORDER_000003247,PRODUCT_000000449,4,10447.59,41790.36
ORDER_000003247_ITEM_002,ORDER_000003247,PRODUCT_000000004,5,84297.47,421487.35
ORDER_000003247_ITEM_003,ORDER_000003247,PRODUCT_000000163,3,21213.87,63641.61
ORDER_000003248_ITEM_001,ORDER_000003248,PRODUCT_000000356,4,53340.70,213362.80
ORDER_000003248_ITEM_002,ORDER_000003248,PRODUCT_000000133,4,107202.22,428808.88
ORDER_000003248_ITEM_003,ORDER_000003248,PRODUCT_000000220,3,5722.11,17166.33
ORDER_000003249_ITEM_001,ORDER_000003249,PRODUCT_000000497,3,86756.62,260269.86
ORDER_000003249_ITEM_002,ORDER_000003249,PRODUCT_000000209,2,4970.11,9940.22
ORDER_000003249_ITEM_003,ORDER_000003249,PRODUCT_000000343,2,62824.31,125648.62
ORDER_000003250_ITEM_001,ORDER_000003250,PRODUCT_000000365,4,1131.39,4525.56
ORDER_000003250_ITEM_002,ORDER_000003250,PRODUCT_000000380,4,2099.88,8399.52
ORDER_000003250_ITEM_003,ORDER_000003250,PRODUCT_000000322,1,6422.03,6422.03
ORDER_000003251_ITEM_001,ORDER_000003251,PRODUCT_000000333,4,530.81,2123.24
ORDER_000003251_ITEM_002,ORDER_000003251,PRODUCT_000000303,5,28560.91,142804.55
ORDER_000003251_ITEM_003,ORDER_000003251,PRODUCT_000000222,2,26935.38,53870.76
ORDER_000003252_ITEM_001,ORDER_000003252,PRODUCT_000000020,5,4087.52,20437.60
ORDER_000003252_ITEM_002,ORDER_000003252,PRODUCT_000000053,2,120555.53,241111.06
ORDER_000003252_ITEM_003,ORDER_000003252,PRODUCT_000000150,5,97514.34,487571.70
ORDER_000003253_ITEM_001,ORDER_000003253,PRODUCT_000000479,2,436.69,873.38
ORDER_000003253_ITEM_002,ORDER_000003253,PRODUCT_000000221,5,4631.09,23155.45
ORDER_000003253_ITEM_003,ORDER_000003253,PRODUCT_000000381,1,80434.33,80434.33
ORDER_000003254_ITEM_001,ORDER_000003254,PRODUCT_000000279,2,1444.98,2889.96
ORDER_000003254_ITEM_002,ORDER_000003254,PRODUCT_000000124,5,2352.93,11764.65
ORDER_000003254_ITEM_003,ORDER_000003254,PRODUCT_000000007,5,3112.46,15562.30
ORDER_000003255_ITEM_001,ORDER_000003255,PRODUCT_000000285,2,59012.72,118025.44
ORDER_000003255_ITEM_002,ORDER_000003255,PRODUCT_000000266,1,139987.08,139987.08
ORDER_000003255_ITEM_003,ORDER_000003255,PRODUCT_000000272,4,13222.81,52891.24
ORDER_000003256_ITEM_001,ORDER_000003256,PRODUCT_000000005,1,3906.48,3906.48
ORDER_000003256_ITEM_002,ORDER_000003256,PRODUCT_000000106,2,1964.81,3929.62
ORDER_000003256_ITEM_003,ORDER_000003256,PRODUCT_000000085,2,95727.09,191454.18
ORDER_000003257_ITEM_001,ORDER_000003257,PRODUCT_000000474,5,690.90,3454.50
ORDER_000003257_ITEM_002,ORDER_000003257,PRODUCT_000000178,5,11187.40,55937.00
ORDER_000003257_ITEM_003,ORDER_000003257,PRODUCT_000000357,3,64399.68,193199.04
ORDER_000003258_ITEM_001,ORDER_000003258,PRODUCT_000000419,1,1633.27,1633.27
ORDER_000003258_ITEM_002,ORDER_000003258,PRODUCT_000000321,4,11193.14,44772.56
ORDER_000003258_ITEM_003,ORDER_000003258,PRODUCT_000000207,3,551.65,1654.95
ORDER_000003259_ITEM_001,ORDER_000003259,PRODUCT_000000410,4,6005.71,24022.84
ORDER_000003259_ITEM_002,ORDER_000003259,PRODUCT_000000016,1,71215.48,71215.48
ORDER_000003259_ITEM_003,ORDER_000003259,PRODUCT_000000477,5,130157.67,650788.35
ORDER_000003260_ITEM_001,ORDER_000003260,PRODUCT_000000045,2,35447.12,70894.24
ORDER_000003260_ITEM_002,ORDER_000003260,PRODUCT_000000165,5,91589.22,457946.10
ORDER_000003260_ITEM_003,ORDER_000003260,PRODUCT_000000322,3,6422.03,19266.09
ORDER_000003261_ITEM_001,ORDER_000003261,PRODUCT_000000011,3,5081.83,15245.49
ORDER_000003261_ITEM_002,ORDER_000003261,PRODUCT_000000380,5,2099.88,10499.40
ORDER_000003261_ITEM_003,ORDER_000003261,PRODUCT_000000072,2,7200.43,14400.86
ORDER_000003262_ITEM_001,ORDER_000003262,PRODUCT_000000496,1,970.45,970.45
ORDER_000003262_ITEM_002,ORDER_000003262,PRODUCT_000000354,5,8755.37,43776.85
ORDER_000003262_ITEM_003,ORDER_000003262,PRODUCT_000000054,5,1153.40,5767.00
ORDER_000003263_ITEM_001,ORDER_000003263,PRODUCT_000000290,1,32348.76,32348.76
ORDER_000003263_ITEM_002,ORDER_000003263,PRODUCT_000000421,1,26929.93,26929.93
ORDER_000003263_ITEM_003,ORDER_000003263,PRODUCT_000000067,4,14987.74,59950.96
ORDER_000003264_ITEM_001,ORDER_000003264,PRODUCT_000000002,2,64148.53,128297.06
ORDER_000003264_ITEM_002,ORDER_000003264,PRODUCT_000000282,5,114133.14,570665.70
ORDER_000003264_ITEM_003,ORDER_000003264,PRODUCT_000000154,5,17743.63,88718.15
ORDER_000003265_ITEM_001,ORDER_000003265,PRODUCT_000000242,4,2669.01,10676.04
ORDER_000003265_ITEM_002,ORDER_000003265,PRODUCT_000000151,4,77780.21,311120.84
ORDER_000003265_ITEM_003,ORDER_000003265,PRODUCT_000000317,1,5032.06,5032.06
ORDER_000003266_ITEM_001,ORDER_000003266,PRODUCT_000000171,4,212543.08,850172.32
ORDER_000003266_ITEM_002,ORDER_000003266,PRODUCT_000000255,5,52583.68,262918.40
ORDER_000003266_ITEM_003,ORDER_000003266,PRODUCT_000000074,4,75286.95,301147.80
ORDER_000003267_ITEM_001,ORDER_000003267,PRODUCT_000000178,4,11187.40,44749.60
ORDER_000003267_ITEM_002,ORDER_000003267,PRODUCT_000000327,1,10245.94,10245.94
ORDER_000003267_ITEM_003,ORDER_000003267,PRODUCT_000000009,2,51529.17,103058.34
ORDER_000003268_ITEM_001,ORDER_000003268,PRODUCT_000000109,3,11755.22,35265.66
ORDER_000003268_ITEM_002,ORDER_000003268,PRODUCT_000000182,2,906.52,1813.04
ORDER_000003268_ITEM_003,ORDER_000003268,PRODUCT_000000288,1,105802.00,105802.00
ORDER_000003269_ITEM_001,ORDER_000003269,PRODUCT_000000250,4,74845.58,299382.32
ORDER_000003269_ITEM_002,ORDER_000003269,PRODUCT_000000301,3,3608.69,10826.07
ORDER_000003269_ITEM_003,ORDER_000003269,PRODUCT_000000153,3,1314.83,3944.49
ORDER_000003270_ITEM_001,ORDER_000003270,PRODUCT_000000338,2,17766.86,35533.72
ORDER_000003270_ITEM_002,ORDER_000003270,PRODUCT_000000129,5,109019.55,545097.75
ORDER_000003270_ITEM_003,ORDER_000003270,PRODUCT_000000486,3,411.42,1234.26
ORDER_000003271_ITEM_001,ORDER_000003271,PRODUCT_000000218,3,7029.23,21087.69
ORDER_000003271_ITEM_002,ORDER_000003271,PRODUCT_000000080,5,8444.99,42224.95
ORDER_000003271_ITEM_003,ORDER_000003271,PRODUCT_000000093,3,17022.09,51066.27
ORDER_000003272_ITEM_001,ORDER_000003272,PRODUCT_000000171,1,212543.08,212543.08
ORDER_000003272_ITEM_002,ORDER_000003272,PRODUCT_000000042,3,81949.03,245847.09
ORDER_000003272_ITEM_003,ORDER_000003272,PRODUCT_000000044,4,24208.61,96834.44
ORDER_000003273_ITEM_001,ORDER_000003273,PRODUCT_000000324,1,58960.31,58960.31
ORDER_000003273_ITEM_002,ORDER_000003273,PRODUCT_000000194,2,2124.84,4249.68
ORDER_000003273_ITEM_003,ORDER_000003273,PRODUCT_000000155,3,37803.93,113411.79
ORDER_000003274_ITEM_001,ORDER_000003274,PRODUCT_000000332,2,1477.19,2954.38
ORDER_000003274_ITEM_002,ORDER_000003274,PRODUCT_000000475,4,60287.81,241151.24
ORDER_000003274_ITEM_003,ORDER_000003274,PRODUCT_000000484,1,54819.53,54819.53
ORDER_000003275_ITEM_001,ORDER_000003275,PRODUCT_000000089,4,7426.76,29707.04
ORDER_000003275_ITEM_002,ORDER_000003275,PRODUCT_000000035,4,6152.71,24610.84
ORDER_000003275_ITEM_003,ORDER_000003275,PRODUCT_000000378,1,253.91,253.91
ORDER_000003276_ITEM_001,ORDER_000003276,PRODUCT_000000495,4,111322.66,445290.64
ORDER_000003276_ITEM_002,ORDER_000003276,PRODUCT_000000032,2,916.80,1833.60
ORDER_000003276_ITEM_003,ORDER_000003276,PRODUCT_000000319,1,52057.41,52057.41
ORDER_000003277_ITEM_001,ORDER_000003277,PRODUCT_000000156,2,17875.07,35750.14
ORDER_000003277_ITEM_002,ORDER_000003277,PRODUCT_000000318,5,11683.06,58415.30
ORDER_000003277_ITEM_003,ORDER_000003277,PRODUCT_000000071,2,27899.72,55799.44
ORDER_000003278_ITEM_001,ORDER_000003278,PRODUCT_000000034,1,3282.53,3282.53
ORDER_000003278_ITEM_002,ORDER_000003278,PRODUCT_000000137,5,2720.00,13600.00
ORDER_000003278_ITEM_003,ORDER_000003278,PRODUCT_000000124,5,2352.93,11764.65
ORDER_000003279_ITEM_001,ORDER_000003279,PRODUCT_000000232,4,4022.49,16089.96
ORDER_000003279_ITEM_002,ORDER_000003279,PRODUCT_000000475,2,60287.81,120575.62
ORDER_000003279_ITEM_003,ORDER_000003279,PRODUCT_000000276,4,6006.43,24025.72
ORDER_000003280_ITEM_001,ORDER_000003280,PRODUCT_000000254,2,208122.29,416244.58
ORDER_000003280_ITEM_002,ORDER_000003280,PRODUCT_000000222,4,26935.38,107741.52
ORDER_000003280_ITEM_003,ORDER_000003280,PRODUCT_000000126,5,23808.94,119044.70
ORDER_000003281_ITEM_001,ORDER_000003281,PRODUCT_000000260,3,2417.05,7251.15
ORDER_000003281_ITEM_002,ORDER_000003281,PRODUCT_000000494,3,535.49,1606.47
ORDER_000003281_ITEM_003,ORDER_000003281,PRODUCT_000000326,4,12706.30,50825.20
ORDER_000003282_ITEM_001,ORDER_000003282,PRODUCT_000000221,1,4631.09,4631.09
ORDER_000003282_ITEM_002,ORDER_000003282,PRODUCT_000000239,1,30240.84,30240.84
ORDER_000003282_ITEM_003,ORDER_000003282,PRODUCT_000000220,2,5722.11,11444.22
ORDER_000003283_ITEM_001,ORDER_000003283,PRODUCT_000000037,1,28745.87,28745.87
ORDER_000003283_ITEM_002,ORDER_000003283,PRODUCT_000000370,5,3741.06,18705.30
ORDER_000003283_ITEM_003,ORDER_000003283,PRODUCT_000000351,2,186960.69,373921.38
ORDER_000003284_ITEM_001,ORDER_000003284,PRODUCT_000000352,2,17207.18,34414.36
ORDER_000003284_ITEM_002,ORDER_000003284,PRODUCT_000000326,1,12706.30,12706.30
ORDER_000003284_ITEM_003,ORDER_000003284,PRODUCT_000000138,3,9019.79,27059.37
ORDER_000003285_ITEM_001,ORDER_000003285,PRODUCT_000000029,4,2844.42,11377.68
ORDER_000003285_ITEM_002,ORDER_000003285,PRODUCT_000000333,1,530.81,530.81
ORDER_000003285_ITEM_003,ORDER_000003285,PRODUCT_000000471,1,26176.74,26176.74
ORDER_000003286_ITEM_001,ORDER_000003286,PRODUCT_000000402,5,51496.58,257482.90
ORDER_000003286_ITEM_002,ORDER_000003286,PRODUCT_000000266,3,139987.08,419961.24
ORDER_000003286_ITEM_003,ORDER_000003286,PRODUCT_000000295,5,38276.02,191380.10
ORDER_000003287_ITEM_001,ORDER_000003287,PRODUCT_000000297,2,6305.72,12611.44
ORDER_000003287_ITEM_002,ORDER_000003287,PRODUCT_000000339,2,14282.13,28564.26
ORDER_000003287_ITEM_003,ORDER_000003287,PRODUCT_000000083,3,68919.06,206757.18
ORDER_000003288_ITEM_001,ORDER_000003288,PRODUCT_000000149,1,500.36,500.36
ORDER_000003288_ITEM_002,ORDER_000003288,PRODUCT_000000065,4,3214.64,12858.56
ORDER_000003288_ITEM_003,ORDER_000003288,PRODUCT_000000413,2,782.86,1565.72
ORDER_000003289_ITEM_001,ORDER_000003289,PRODUCT_000000159,4,40197.32,160789.28
ORDER_000003289_ITEM_002,ORDER_000003289,PRODUCT_000000222,3,26935.38,80806.14
ORDER_000003289_ITEM_003,ORDER_000003289,PRODUCT_000000068,3,603.83,1811.49
ORDER_000003290_ITEM_001,ORDER_000003290,PRODUCT_000000309,4,281.12,1124.48
ORDER_000003290_ITEM_002,ORDER_000003290,PRODUCT_000000203,1,131189.59,131189.59
ORDER_000003290_ITEM_003,ORDER_000003290,PRODUCT_000000051,5,45102.28,225511.40
ORDER_000003291_ITEM_001,ORDER_000003291,PRODUCT_000000026,2,18909.61,37819.22
ORDER_000003291_ITEM_002,ORDER_000003291,PRODUCT_000000439,3,72153.89,216461.67
ORDER_000003291_ITEM_003,ORDER_000003291,PRODUCT_000000034,3,3282.53,9847.59
ORDER_000003292_ITEM_001,ORDER_000003292,PRODUCT_000000001,2,47526.13,95052.26
ORDER_000003292_ITEM_002,ORDER_000003292,PRODUCT_000000070,2,82897.23,165794.46
ORDER_000003292_ITEM_003,ORDER_000003292,PRODUCT_000000009,2,51529.17,103058.34
ORDER_000003293_ITEM_001,ORDER_000003293,PRODUCT_000000131,3,8366.73,25100.19
ORDER_000003293_ITEM_002,ORDER_000003293,PRODUCT_000000307,5,8253.54,41267.70
ORDER_000003293_ITEM_003,ORDER_000003293,PRODUCT_000000133,5,107202.22,536011.10
ORDER_000003294_ITEM_001,ORDER_000003294,PRODUCT_000000485,1,123226.74,123226.74
ORDER_000003294_ITEM_002,ORDER_000003294,PRODUCT_000000375,3,2168.98,6506.94
ORDER_000003294_ITEM_003,ORDER_000003294,PRODUCT_000000324,4,58960.31,235841.24
ORDER_000003295_ITEM_001,ORDER_000003295,PRODUCT_000000282,5,114133.14,570665.70
ORDER_000003295_ITEM_002,ORDER_000003295,PRODUCT_000000382,3,36449.53,109348.59
ORDER_000003295_ITEM_003,ORDER_000003295,PRODUCT_000000295,5,38276.02,191380.10
ORDER_000003296_ITEM_001,ORDER_000003296,PRODUCT_000000352,4,17207.18,68828.72
ORDER_000003296_ITEM_002,ORDER_000003296,PRODUCT_000000191,4,936.27,3745.08
ORDER_000003296_ITEM_003,ORDER_000003296,PRODUCT_000000077,5,77023.77,385118.85
ORDER_000003297_ITEM_001,ORDER_000003297,PRODUCT_000000274,1,145414.87,145414.87
ORDER_000003297_ITEM_002,ORDER_000003297,PRODUCT_000000317,3,5032.06,15096.18
ORDER_000003297_ITEM_003,ORDER_000003297,PRODUCT_000000149,3,500.36,1501.08
ORDER_000003298_ITEM_001,ORDER_000003298,PRODUCT_000000276,4,6006.43,24025.72
ORDER_000003298_ITEM_002,ORDER_000003298,PRODUCT_000000470,3,1763.05,5289.15
ORDER_000003298_ITEM_003,ORDER_000003298,PRODUCT_000000337,2,3208.91,6417.82
ORDER_000003299_ITEM_001,ORDER_000003299,PRODUCT_000000310,2,14175.81,28351.62
ORDER_000003299_ITEM_002,ORDER_000003299,PRODUCT_000000088,2,4393.00,8786.00
ORDER_000003299_ITEM_003,ORDER_000003299,PRODUCT_000000158,5,21685.09,108425.45
ORDER_000003300_ITEM_001,ORDER_000003300,PRODUCT_000000304,1,12926.90,12926.90
ORDER_000003300_ITEM_002,ORDER_000003300,PRODUCT_000000381,4,80434.33,321737.32
ORDER_000003300_ITEM_003,ORDER_000003300,PRODUCT_000000188,4,35973.47,143893.88
ORDER_000003301_ITEM_001,ORDER_000003301,PRODUCT_000000119,3,10653.04,31959.12
ORDER_000003301_ITEM_002,ORDER_000003301,PRODUCT_000000304,2,12926.90,25853.80
ORDER_000003301_ITEM_003,ORDER_000003301,PRODUCT_000000055,1,77397.64,77397.64
ORDER_000003302_ITEM_001,ORDER_000003302,PRODUCT_000000489,4,65761.05,263044.20
ORDER_000003302_ITEM_002,ORDER_000003302,PRODUCT_000000496,2,970.45,1940.90
ORDER_000003302_ITEM_003,ORDER_000003302,PRODUCT_000000290,1,32348.76,32348.76
ORDER_000003303_ITEM_001,ORDER_000003303,PRODUCT_000000472,3,2444.82,7334.46
ORDER_000003303_ITEM_002,ORDER_000003303,PRODUCT_000000340,3,46977.00,140931.00
ORDER_000003303_ITEM_003,ORDER_000003303,PRODUCT_000000122,4,5503.57,22014.28
ORDER_000003304_ITEM_001,ORDER_000003304,PRODUCT_000000110,5,7868.39,39341.95
ORDER_000003304_ITEM_002,ORDER_000003304,PRODUCT_000000328,4,95553.61,382214.44
ORDER_000003304_ITEM_003,ORDER_000003304,PRODUCT_000000253,3,1399.91,4199.73
ORDER_000003305_ITEM_001,ORDER_000003305,PRODUCT_000000361,4,2902.94,11611.76
ORDER_000003305_ITEM_002,ORDER_000003305,PRODUCT_000000348,1,511.50,511.50
ORDER_000003305_ITEM_003,ORDER_000003305,PRODUCT_000000459,3,5188.95,15566.85
ORDER_000003306_ITEM_001,ORDER_000003306,PRODUCT_000000486,3,411.42,1234.26
ORDER_000003306_ITEM_002,ORDER_000003306,PRODUCT_000000329,5,9319.38,46596.90
ORDER_000003306_ITEM_003,ORDER_000003306,PRODUCT_000000057,1,181686.00,181686.00
ORDER_000003307_ITEM_001,ORDER_000003307,PRODUCT_000000246,3,84103.35,252310.05
ORDER_000003307_ITEM_002,ORDER_000003307,PRODUCT_000000432,3,67458.36,202375.08
ORDER_000003307_ITEM_003,ORDER_000003307,PRODUCT_000000013,2,85341.86,170683.72
ORDER_000003308_ITEM_001,ORDER_000003308,PRODUCT_000000232,5,4022.49,20112.45
ORDER_000003308_ITEM_002,ORDER_000003308,PRODUCT_000000041,3,4860.87,14582.61
ORDER_000003308_ITEM_003,ORDER_000003308,PRODUCT_000000258,1,1110.13,1110.13
ORDER_000003309_ITEM_001,ORDER_000003309,PRODUCT_000000494,1,535.49,535.49
ORDER_000003309_ITEM_002,ORDER_000003309,PRODUCT_000000487,5,62096.00,310480.00
ORDER_000003309_ITEM_003,ORDER_000003309,PRODUCT_000000063,1,16707.24,16707.24
ORDER_000003310_ITEM_001,ORDER_000003310,PRODUCT_000000156,3,17875.07,53625.21
ORDER_000003310_ITEM_002,ORDER_000003310,PRODUCT_000000085,1,95727.09,95727.09
ORDER_000003310_ITEM_003,ORDER_000003310,PRODUCT_000000214,4,37438.96,149755.84
ORDER_000003311_ITEM_001,ORDER_000003311,PRODUCT_000000419,5,1633.27,8166.35
ORDER_000003311_ITEM_002,ORDER_000003311,PRODUCT_000000483,5,11174.40,55872.00
ORDER_000003311_ITEM_003,ORDER_000003311,PRODUCT_000000120,5,73826.11,369130.55
ORDER_000003312_ITEM_001,ORDER_000003312,PRODUCT_000000271,5,7343.39,36716.95
ORDER_000003312_ITEM_002,ORDER_000003312,PRODUCT_000000261,2,26099.88,52199.76
ORDER_000003312_ITEM_003,ORDER_000003312,PRODUCT_000000208,3,62048.54,186145.62
ORDER_000003313_ITEM_001,ORDER_000003313,PRODUCT_000000464,5,46076.82,230384.10
ORDER_000003313_ITEM_002,ORDER_000003313,PRODUCT_000000373,4,1253.40,5013.60
ORDER_000003313_ITEM_003,ORDER_000003313,PRODUCT_000000032,4,916.80,3667.20
ORDER_000003314_ITEM_001,ORDER_000003314,PRODUCT_000000408,1,291.08,291.08
ORDER_000003314_ITEM_002,ORDER_000003314,PRODUCT_000000064,3,174728.07,524184.21
ORDER_000003314_ITEM_003,ORDER_000003314,PRODUCT_000000287,2,2545.20,5090.40
ORDER_000003315_ITEM_001,ORDER_000003315,PRODUCT_000000493,5,1452.96,7264.80
ORDER_000003315_ITEM_002,ORDER_000003315,PRODUCT_000000467,3,89885.32,269655.96
ORDER_000003315_ITEM_003,ORDER_000003315,PRODUCT_000000204,4,502.82,2011.28
ORDER_000003316_ITEM_001,ORDER_000003316,PRODUCT_000000024,4,2660.53,10642.12
ORDER_000003316_ITEM_002,ORDER_000003316,PRODUCT_000000440,1,4395.21,4395.21
ORDER_000003316_ITEM_003,ORDER_000003316,PRODUCT_000000386,1,7104.14,7104.14
ORDER_000003317_ITEM_001,ORDER_000003317,PRODUCT_000000162,5,12519.41,62597.05
ORDER_000003317_ITEM_002,ORDER_000003317,PRODUCT_000000065,2,3214.64,6429.28
ORDER_000003317_ITEM_003,ORDER_000003317,PRODUCT_000000455,4,5380.81,21523.24
ORDER_000003318_ITEM_001,ORDER_000003318,PRODUCT_000000499,3,22717.74,68153.22
ORDER_000003318_ITEM_002,ORDER_000003318,PRODUCT_000000025,3,1480.92,4442.76
ORDER_000003318_ITEM_003,ORDER_000003318,PRODUCT_000000169,1,1720.94,1720.94
ORDER_000003319_ITEM_001,ORDER_000003319,PRODUCT_000000423,4,2075.71,8302.84
ORDER_000003319_ITEM_002,ORDER_000003319,PRODUCT_000000337,3,3208.91,9626.73
ORDER_000003319_ITEM_003,ORDER_000003319,PRODUCT_000000474,1,690.90,690.90
ORDER_000003320_ITEM_001,ORDER_000003320,PRODUCT_000000220,1,5722.11,5722.11
ORDER_000003320_ITEM_002,ORDER_000003320,PRODUCT_000000012,2,116699.02,233398.04
ORDER_000003320_ITEM_003,ORDER_000003320,PRODUCT_000000168,1,4563.70,4563.70
ORDER_000003321_ITEM_001,ORDER_000003321,PRODUCT_000000424,2,6433.07,12866.14
ORDER_000003321_ITEM_002,ORDER_000003321,PRODUCT_000000037,4,28745.87,114983.48
ORDER_000003321_ITEM_003,ORDER_000003321,PRODUCT_000000248,2,6350.16,12700.32
ORDER_000003322_ITEM_001,ORDER_000003322,PRODUCT_000000294,2,98126.54,196253.08
ORDER_000003322_ITEM_002,ORDER_000003322,PRODUCT_000000161,3,684.54,2053.62
ORDER_000003322_ITEM_003,ORDER_000003322,PRODUCT_000000442,5,50728.25,253641.25
ORDER_000003323_ITEM_001,ORDER_000003323,PRODUCT_000000470,4,1763.05,7052.20
ORDER_000003323_ITEM_002,ORDER_000003323,PRODUCT_000000358,5,459.97,2299.85
ORDER_000003323_ITEM_003,ORDER_000003323,PRODUCT_000000226,2,2585.73,5171.46
ORDER_000003324_ITEM_001,ORDER_000003324,PRODUCT_000000453,1,179948.29,179948.29
ORDER_000003324_ITEM_002,ORDER_000003324,PRODUCT_000000067,4,14987.74,59950.96
ORDER_000003324_ITEM_003,ORDER_000003324,PRODUCT_000000078,1,99659.01,99659.01
ORDER_000003325_ITEM_001,ORDER_000003325,PRODUCT_000000439,3,72153.89,216461.67
ORDER_000003325_ITEM_002,ORDER_000003325,PRODUCT_000000386,2,7104.14,14208.28
ORDER_000003325_ITEM_003,ORDER_000003325,PRODUCT_000000471,5,26176.74,130883.70
ORDER_000003326_ITEM_001,ORDER_000003326,PRODUCT_000000131,5,8366.73,41833.65
ORDER_000003326_ITEM_002,ORDER_000003326,PRODUCT_000000290,1,32348.76,32348.76
ORDER_000003326_ITEM_003,ORDER_000003326,PRODUCT_000000060,3,61306.51,183919.53
ORDER_000003327_ITEM_001,ORDER_000003327,PRODUCT_000000481,2,242.93,485.86
ORDER_000003327_ITEM_002,ORDER_000003327,PRODUCT_000000246,5,84103.35,420516.75
ORDER_000003327_ITEM_003,ORDER_000003327,PRODUCT_000000057,4,181686.00,726744.00
ORDER_000003328_ITEM_001,ORDER_000003328,PRODUCT_000000076,4,2000.71,8002.84
ORDER_000003328_ITEM_002,ORDER_000003328,PRODUCT_000000285,4,59012.72,236050.88
ORDER_000003328_ITEM_003,ORDER_000003328,PRODUCT_000000186,4,11204.19,44816.76
ORDER_000003329_ITEM_001,ORDER_000003329,PRODUCT_000000253,1,1399.91,1399.91
ORDER_000003329_ITEM_002,ORDER_000003329,PRODUCT_000000056,5,1746.83,8734.15
ORDER_000003329_ITEM_003,ORDER_000003329,PRODUCT_000000271,2,7343.39,14686.78
ORDER_000003330_ITEM_001,ORDER_000003330,PRODUCT_000000179,1,16969.41,16969.41
ORDER_000003330_ITEM_002,ORDER_000003330,PRODUCT_000000247,4,976.86,3907.44
ORDER_000003330_ITEM_003,ORDER_000003330,PRODUCT_000000040,2,21212.12,42424.24
ORDER_000003331_ITEM_001,ORDER_000003331,PRODUCT_000000041,2,4860.87,9721.74
ORDER_000003331_ITEM_002,ORDER_000003331,PRODUCT_000000138,2,9019.79,18039.58
ORDER_000003331_ITEM_003,ORDER_000003331,PRODUCT_000000151,4,77780.21,311120.84
ORDER_000003332_ITEM_001,ORDER_000003332,PRODUCT_000000154,2,17743.63,35487.26
ORDER_000003332_ITEM_002,ORDER_000003332,PRODUCT_000000324,5,58960.31,294801.55
ORDER_000003332_ITEM_003,ORDER_000003332,PRODUCT_000000023,5,1295.31,6476.55
ORDER_000003333_ITEM_001,ORDER_000003333,PRODUCT_000000115,4,1102.21,4408.84
ORDER_000003333_ITEM_002,ORDER_000003333,PRODUCT_000000438,2,40311.65,80623.30
ORDER_000003333_ITEM_003,ORDER_000003333,PRODUCT_000000411,2,261.77,523.54
ORDER_000003334_ITEM_001,ORDER_000003334,PRODUCT_000000263,5,114743.85,573719.25
ORDER_000003334_ITEM_002,ORDER_000003334,PRODUCT_000000372,5,55828.82,279144.10
ORDER_000003334_ITEM_003,ORDER_000003334,PRODUCT_000000277,2,11671.40,23342.80
ORDER_000003335_ITEM_001,ORDER_000003335,PRODUCT_000000062,3,5183.35,15550.05
ORDER_000003335_ITEM_002,ORDER_000003335,PRODUCT_000000188,1,35973.47,35973.47
ORDER_000003335_ITEM_003,ORDER_000003335,PRODUCT_000000342,2,63802.09,127604.18
ORDER_000003336_ITEM_001,ORDER_000003336,PRODUCT_000000043,1,143690.78,143690.78
ORDER_000003336_ITEM_002,ORDER_000003336,PRODUCT_000000108,5,3286.97,16434.85
ORDER_000003336_ITEM_003,ORDER_000003336,PRODUCT_000000254,5,208122.29,1040611.45
ORDER_000003337_ITEM_001,ORDER_000003337,PRODUCT_000000083,4,68919.06,275676.24
ORDER_000003337_ITEM_002,ORDER_000003337,PRODUCT_000000460,1,49238.06,49238.06
ORDER_000003337_ITEM_003,ORDER_000003337,PRODUCT_000000458,5,38414.84,192074.20
ORDER_000003338_ITEM_001,ORDER_000003338,PRODUCT_000000376,5,1235.61,6178.05
ORDER_000003338_ITEM_002,ORDER_000003338,PRODUCT_000000177,5,29457.82,147289.10
ORDER_000003338_ITEM_003,ORDER_000003338,PRODUCT_000000309,1,281.12,281.12
ORDER_000003339_ITEM_001,ORDER_000003339,PRODUCT_000000290,5,32348.76,161743.80
ORDER_000003339_ITEM_002,ORDER_000003339,PRODUCT_000000464,3,46076.82,138230.46
ORDER_000003339_ITEM_003,ORDER_000003339,PRODUCT_000000469,1,4611.19,4611.19
ORDER_000003340_ITEM_001,ORDER_000003340,PRODUCT_000000406,1,130798.44,130798.44
ORDER_000003340_ITEM_002,ORDER_000003340,PRODUCT_000000251,1,1112.09,1112.09
ORDER_000003340_ITEM_003,ORDER_000003340,PRODUCT_000000143,3,71000.26,213000.78
ORDER_000003341_ITEM_001,ORDER_000003341,PRODUCT_000000487,5,62096.00,310480.00
ORDER_000003341_ITEM_002,ORDER_000003341,PRODUCT_000000397,4,2067.45,8269.80
ORDER_000003341_ITEM_003,ORDER_000003341,PRODUCT_000000164,3,63385.92,190157.76
ORDER_000003342_ITEM_001,ORDER_000003342,PRODUCT_000000312,3,508.37,1525.11
ORDER_000003342_ITEM_002,ORDER_000003342,PRODUCT_000000286,2,18315.20,36630.40
ORDER_000003342_ITEM_003,ORDER_000003342,PRODUCT_000000176,3,498.75,1496.25
ORDER_000003343_ITEM_001,ORDER_000003343,PRODUCT_000000004,3,84297.47,252892.41
ORDER_000003343_ITEM_002,ORDER_000003343,PRODUCT_000000088,4,4393.00,17572.00
ORDER_000003343_ITEM_003,ORDER_000003343,PRODUCT_000000306,2,16336.98,32673.96
ORDER_000003344_ITEM_001,ORDER_000003344,PRODUCT_000000201,2,92050.96,184101.92
ORDER_000003344_ITEM_002,ORDER_000003344,PRODUCT_000000049,4,194087.22,776348.88
ORDER_000003344_ITEM_003,ORDER_000003344,PRODUCT_000000313,4,108316.97,433267.88
ORDER_000003345_ITEM_001,ORDER_000003345,PRODUCT_000000408,3,291.08,873.24
ORDER_000003345_ITEM_002,ORDER_000003345,PRODUCT_000000007,2,3112.46,6224.92
ORDER_000003345_ITEM_003,ORDER_000003345,PRODUCT_000000070,5,82897.23,414486.15
ORDER_000003346_ITEM_001,ORDER_000003346,PRODUCT_000000355,4,2839.63,11358.52
ORDER_000003346_ITEM_002,ORDER_000003346,PRODUCT_000000365,1,1131.39,1131.39
ORDER_000003346_ITEM_003,ORDER_000003346,PRODUCT_000000079,2,20185.32,40370.64
ORDER_000003347_ITEM_001,ORDER_000003347,PRODUCT_000000097,2,29573.36,59146.72
ORDER_000003347_ITEM_002,ORDER_000003347,PRODUCT_000000155,3,37803.93,113411.79
ORDER_000003347_ITEM_003,ORDER_000003347,PRODUCT_000000272,4,13222.81,52891.24
ORDER_000003348_ITEM_001,ORDER_000003348,PRODUCT_000000460,2,49238.06,98476.12
ORDER_000003348_ITEM_002,ORDER_000003348,PRODUCT_000000437,1,5692.44,5692.44
ORDER_000003348_ITEM_003,ORDER_000003348,PRODUCT_000000433,4,3121.66,12486.64
ORDER_000003349_ITEM_001,ORDER_000003349,PRODUCT_000000178,2,11187.40,22374.80
ORDER_000003349_ITEM_002,ORDER_000003349,PRODUCT_000000316,4,7149.36,28597.44
ORDER_000003349_ITEM_003,ORDER_000003349,PRODUCT_000000341,4,80395.16,321580.64
ORDER_000003350_ITEM_001,ORDER_000003350,PRODUCT_000000382,2,36449.53,72899.06
ORDER_000003350_ITEM_002,ORDER_000003350,PRODUCT_000000227,4,51780.80,207123.20
ORDER_000003350_ITEM_003,ORDER_000003350,PRODUCT_000000459,5,5188.95,25944.75
ORDER_000003351_ITEM_001,ORDER_000003351,PRODUCT_000000044,5,24208.61,121043.05
ORDER_000003351_ITEM_002,ORDER_000003351,PRODUCT_000000475,2,60287.81,120575.62
ORDER_000003351_ITEM_003,ORDER_000003351,PRODUCT_000000145,2,3868.10,7736.20
ORDER_000003352_ITEM_001,ORDER_000003352,PRODUCT_000000134,4,2948.45,11793.80
ORDER_000003352_ITEM_002,ORDER_000003352,PRODUCT_000000084,3,69985.17,209955.51
ORDER_000003352_ITEM_003,ORDER_000003352,PRODUCT_000000205,3,3783.93,11351.79
ORDER_000003353_ITEM_001,ORDER_000003353,PRODUCT_000000437,2,5692.44,11384.88
ORDER_000003353_ITEM_002,ORDER_000003353,PRODUCT_000000078,4,99659.01,398636.04
ORDER_000003353_ITEM_003,ORDER_000003353,PRODUCT_000000444,1,3373.26,3373.26
ORDER_000003354_ITEM_001,ORDER_000003354,PRODUCT_000000266,4,139987.08,559948.32
ORDER_000003354_ITEM_002,ORDER_000003354,PRODUCT_000000173,1,18158.57,18158.57
ORDER_000003354_ITEM_003,ORDER_000003354,PRODUCT_000000213,2,12880.62,25761.24
ORDER_000003355_ITEM_001,ORDER_000003355,PRODUCT_000000346,3,90006.80,270020.40
ORDER_000003355_ITEM_002,ORDER_000003355,PRODUCT_000000495,3,111322.66,333967.98
ORDER_000003355_ITEM_003,ORDER_000003355,PRODUCT_000000076,2,2000.71,4001.42
ORDER_000003356_ITEM_001,ORDER_000003356,PRODUCT_000000461,4,66176.77,264707.08
ORDER_000003356_ITEM_002,ORDER_000003356,PRODUCT_000000354,3,8755.37,26266.11
ORDER_000003356_ITEM_003,ORDER_000003356,PRODUCT_000000415,5,77825.19,389125.95
ORDER_000003357_ITEM_001,ORDER_000003357,PRODUCT_000000011,4,5081.83,20327.32
ORDER_000003357_ITEM_002,ORDER_000003357,PRODUCT_000000325,2,4259.98,8519.96
ORDER_000003357_ITEM_003,ORDER_000003357,PRODUCT_000000037,5,28745.87,143729.35
ORDER_000003358_ITEM_001,ORDER_000003358,PRODUCT_000000418,1,3679.29,3679.29
ORDER_000003358_ITEM_002,ORDER_000003358,PRODUCT_000000239,1,30240.84,30240.84
ORDER_000003358_ITEM_003,ORDER_000003358,PRODUCT_000000474,4,690.90,2763.60
ORDER_000003359_ITEM_001,ORDER_000003359,PRODUCT_000000461,4,66176.77,264707.08
ORDER_000003359_ITEM_002,ORDER_000003359,PRODUCT_000000181,2,1727.48,3454.96
ORDER_000003359_ITEM_003,ORDER_000003359,PRODUCT_000000262,5,34449.06,172245.30
ORDER_000003360_ITEM_001,ORDER_000003360,PRODUCT_000000348,3,511.50,1534.50
ORDER_000003360_ITEM_002,ORDER_000003360,PRODUCT_000000288,3,105802.00,317406.00
ORDER_000003360_ITEM_003,ORDER_000003360,PRODUCT_000000372,4,55828.82,223315.28
ORDER_000003361_ITEM_001,ORDER_000003361,PRODUCT_000000216,2,189337.30,378674.60
ORDER_000003361_ITEM_002,ORDER_000003361,PRODUCT_000000206,2,338.63,677.26
ORDER_000003361_ITEM_003,ORDER_000003361,PRODUCT_000000077,1,77023.77,77023.77
ORDER_000003362_ITEM_001,ORDER_000003362,PRODUCT_000000352,4,17207.18,68828.72
ORDER_000003362_ITEM_002,ORDER_000003362,PRODUCT_000000365,2,1131.39,2262.78
ORDER_000003362_ITEM_003,ORDER_000003362,PRODUCT_000000266,3,139987.08,419961.24
ORDER_000003363_ITEM_001,ORDER_000003363,PRODUCT_000000088,2,4393.00,8786.00
ORDER_000003363_ITEM_002,ORDER_000003363,PRODUCT_000000099,1,13369.90,13369.90
ORDER_000003363_ITEM_003,ORDER_000003363,PRODUCT_000000415,5,77825.19,389125.95
ORDER_000003364_ITEM_001,ORDER_000003364,PRODUCT_000000149,2,500.36,1000.72
ORDER_000003364_ITEM_002,ORDER_000003364,PRODUCT_000000430,1,56850.26,56850.26
ORDER_000003364_ITEM_003,ORDER_000003364,PRODUCT_000000112,3,20260.19,60780.57
ORDER_000003365_ITEM_001,ORDER_000003365,PRODUCT_000000142,5,77646.41,388232.05
ORDER_000003365_ITEM_002,ORDER_000003365,PRODUCT_000000062,5,5183.35,25916.75
ORDER_000003365_ITEM_003,ORDER_000003365,PRODUCT_000000016,5,71215.48,356077.40
ORDER_000003366_ITEM_001,ORDER_000003366,PRODUCT_000000341,1,80395.16,80395.16
ORDER_000003366_ITEM_002,ORDER_000003366,PRODUCT_000000213,4,12880.62,51522.48
ORDER_000003366_ITEM_003,ORDER_000003366,PRODUCT_000000153,1,1314.83,1314.83
ORDER_000003367_ITEM_001,ORDER_000003367,PRODUCT_000000242,5,2669.01,13345.05
ORDER_000003367_ITEM_002,ORDER_000003367,PRODUCT_000000042,2,81949.03,163898.06
ORDER_000003367_ITEM_003,ORDER_000003367,PRODUCT_000000191,2,936.27,1872.54
ORDER_000003368_ITEM_001,ORDER_000003368,PRODUCT_000000479,4,436.69,1746.76
ORDER_000003368_ITEM_002,ORDER_000003368,PRODUCT_000000246,1,84103.35,84103.35
ORDER_000003368_ITEM_003,ORDER_000003368,PRODUCT_000000009,3,51529.17,154587.51
ORDER_000003369_ITEM_001,ORDER_000003369,PRODUCT_000000218,4,7029.23,28116.92
ORDER_000003369_ITEM_002,ORDER_000003369,PRODUCT_000000066,5,166045.11,830225.55
ORDER_000003369_ITEM_003,ORDER_000003369,PRODUCT_000000151,3,77780.21,233340.63
ORDER_000003370_ITEM_001,ORDER_000003370,PRODUCT_000000239,5,30240.84,151204.20
ORDER_000003370_ITEM_002,ORDER_000003370,PRODUCT_000000366,2,11041.34,22082.68
ORDER_000003370_ITEM_003,ORDER_000003370,PRODUCT_000000326,5,12706.30,63531.50
ORDER_000003371_ITEM_001,ORDER_000003371,PRODUCT_000000482,4,1961.27,7845.08
ORDER_000003371_ITEM_002,ORDER_000003371,PRODUCT_000000035,2,6152.71,12305.42
ORDER_000003371_ITEM_003,ORDER_000003371,PRODUCT_000000035,4,6152.71,24610.84
ORDER_000003372_ITEM_001,ORDER_000003372,PRODUCT_000000162,4,12519.41,50077.64
ORDER_000003372_ITEM_002,ORDER_000003372,PRODUCT_000000220,2,5722.11,11444.22
ORDER_000003372_ITEM_003,ORDER_000003372,PRODUCT_000000321,4,11193.14,44772.56
ORDER_000003373_ITEM_001,ORDER_000003373,PRODUCT_000000121,2,67658.89,135317.78
ORDER_000003373_ITEM_002,ORDER_000003373,PRODUCT_000000113,5,13504.86,67524.30
ORDER_000003373_ITEM_003,ORDER_000003373,PRODUCT_000000283,1,4001.25,4001.25
ORDER_000003374_ITEM_001,ORDER_000003374,PRODUCT_000000118,4,115069.78,460279.12
ORDER_000003374_ITEM_002,ORDER_000003374,PRODUCT_000000230,2,104957.16,209914.32
ORDER_000003374_ITEM_003,ORDER_000003374,PRODUCT_000000353,1,761.53,761.53
ORDER_000003375_ITEM_001,ORDER_000003375,PRODUCT_000000264,4,2135.20,8540.80
ORDER_000003375_ITEM_002,ORDER_000003375,PRODUCT_000000369,5,1041.90,5209.50
ORDER_000003375_ITEM_003,ORDER_000003375,PRODUCT_000000035,3,6152.71,18458.13
ORDER_000003376_ITEM_001,ORDER_000003376,PRODUCT_000000173,4,18158.57,72634.28
ORDER_000003376_ITEM_002,ORDER_000003376,PRODUCT_000000285,1,59012.72,59012.72
ORDER_000003376_ITEM_003,ORDER_000003376,PRODUCT_000000490,2,5004.64,10009.28
ORDER_000003377_ITEM_001,ORDER_000003377,PRODUCT_000000148,1,13436.93,13436.93
ORDER_000003377_ITEM_002,ORDER_000003377,PRODUCT_000000099,2,13369.90,26739.80
ORDER_000003377_ITEM_003,ORDER_000003377,PRODUCT_000000198,3,53251.57,159754.71
ORDER_000003378_ITEM_001,ORDER_000003378,PRODUCT_000000309,2,281.12,562.24
ORDER_000003378_ITEM_002,ORDER_000003378,PRODUCT_000000459,2,5188.95,10377.90
ORDER_000003378_ITEM_003,ORDER_000003378,PRODUCT_000000480,4,4616.48,18465.92
ORDER_000003379_ITEM_001,ORDER_000003379,PRODUCT_000000204,2,502.82,1005.64
ORDER_000003379_ITEM_002,ORDER_000003379,PRODUCT_000000014,1,31645.32,31645.32
ORDER_000003379_ITEM_003,ORDER_000003379,PRODUCT_000000335,5,7748.73,38743.65
ORDER_000003380_ITEM_001,ORDER_000003380,PRODUCT_000000271,4,7343.39,29373.56
ORDER_000003380_ITEM_002,ORDER_000003380,PRODUCT_000000169,5,1720.94,8604.70
ORDER_000003380_ITEM_003,ORDER_000003380,PRODUCT_000000373,5,1253.40,6267.00
ORDER_000003381_ITEM_001,ORDER_000003381,PRODUCT_000000016,3,71215.48,213646.44
ORDER_000003381_ITEM_002,ORDER_000003381,PRODUCT_000000051,2,45102.28,90204.56
ORDER_000003381_ITEM_003,ORDER_000003381,PRODUCT_000000073,2,595.40,1190.80
ORDER_000003382_ITEM_001,ORDER_000003382,PRODUCT_000000403,5,1868.76,9343.80
ORDER_000003382_ITEM_002,ORDER_000003382,PRODUCT_000000222,4,26935.38,107741.52
ORDER_000003382_ITEM_003,ORDER_000003382,PRODUCT_000000482,3,1961.27,5883.81
ORDER_000003383_ITEM_001,ORDER_000003383,PRODUCT_000000100,3,4028.63,12085.89
ORDER_000003383_ITEM_002,ORDER_000003383,PRODUCT_000000085,2,95727.09,191454.18
ORDER_000003383_ITEM_003,ORDER_000003383,PRODUCT_000000472,3,2444.82,7334.46
ORDER_000003384_ITEM_001,ORDER_000003384,PRODUCT_000000097,2,29573.36,59146.72
ORDER_000003384_ITEM_002,ORDER_000003384,PRODUCT_000000219,4,10831.78,43327.12
ORDER_000003384_ITEM_003,ORDER_000003384,PRODUCT_000000246,5,84103.35,420516.75
ORDER_000003385_ITEM_001,ORDER_000003385,PRODUCT_000000412,1,65524.59,65524.59
ORDER_000003385_ITEM_002,ORDER_000003385,PRODUCT_000000088,2,4393.00,8786.00
ORDER_000003385_ITEM_003,ORDER_000003385,PRODUCT_000000409,2,20583.82,41167.64
ORDER_000003386_ITEM_001,ORDER_000003386,PRODUCT_000000283,3,4001.25,12003.75
ORDER_000003386_ITEM_002,ORDER_000003386,PRODUCT_000000336,3,9981.53,29944.59
ORDER_000003386_ITEM_003,ORDER_000003386,PRODUCT_000000449,2,10447.59,20895.18
ORDER_000003387_ITEM_001,ORDER_000003387,PRODUCT_000000076,3,2000.71,6002.13
ORDER_000003387_ITEM_002,ORDER_000003387,PRODUCT_000000262,2,34449.06,68898.12
ORDER_000003387_ITEM_003,ORDER_000003387,PRODUCT_000000293,1,68391.63,68391.63
ORDER_000003388_ITEM_001,ORDER_000003388,PRODUCT_000000216,3,189337.30,568011.90
ORDER_000003388_ITEM_002,ORDER_000003388,PRODUCT_000000161,4,684.54,2738.16
ORDER_000003388_ITEM_003,ORDER_000003388,PRODUCT_000000180,3,131161.69,393485.07
ORDER_000003389_ITEM_001,ORDER_000003389,PRODUCT_000000330,2,732.17,1464.34
ORDER_000003389_ITEM_002,ORDER_000003389,PRODUCT_000000310,5,14175.81,70879.05
ORDER_000003389_ITEM_003,ORDER_000003389,PRODUCT_000000073,3,595.40,1786.20
ORDER_000003390_ITEM_001,ORDER_000003390,PRODUCT_000000394,4,1417.36,5669.44
ORDER_000003390_ITEM_002,ORDER_000003390,PRODUCT_000000470,4,1763.05,7052.20
ORDER_000003390_ITEM_003,ORDER_000003390,PRODUCT_000000372,3,55828.82,167486.46
ORDER_000003391_ITEM_001,ORDER_000003391,PRODUCT_000000189,4,2291.77,9167.08
ORDER_000003391_ITEM_002,ORDER_000003391,PRODUCT_000000386,3,7104.14,21312.42
ORDER_000003391_ITEM_003,ORDER_000003391,PRODUCT_000000425,2,3973.74,7947.48
ORDER_000003392_ITEM_001,ORDER_000003392,PRODUCT_000000076,1,2000.71,2000.71
ORDER_000003392_ITEM_002,ORDER_000003392,PRODUCT_000000411,2,261.77,523.54
ORDER_000003392_ITEM_003,ORDER_000003392,PRODUCT_000000436,3,39362.73,118088.19
ORDER_000003393_ITEM_001,ORDER_000003393,PRODUCT_000000123,1,18655.96,18655.96
ORDER_000003393_ITEM_002,ORDER_000003393,PRODUCT_000000102,3,81407.93,244223.79
ORDER_000003393_ITEM_003,ORDER_000003393,PRODUCT_000000064,1,174728.07,174728.07
ORDER_000003394_ITEM_001,ORDER_000003394,PRODUCT_000000387,2,22127.64,44255.28
ORDER_000003394_ITEM_002,ORDER_000003394,PRODUCT_000000161,1,684.54,684.54
ORDER_000003394_ITEM_003,ORDER_000003394,PRODUCT_000000449,2,10447.59,20895.18
ORDER_000003395_ITEM_001,ORDER_000003395,PRODUCT_000000207,4,551.65,2206.60
ORDER_000003395_ITEM_002,ORDER_000003395,PRODUCT_000000447,2,5903.88,11807.76
ORDER_000003395_ITEM_003,ORDER_000003395,PRODUCT_000000378,2,253.91,507.82
ORDER_000003396_ITEM_001,ORDER_000003396,PRODUCT_000000434,3,1900.67,5702.01
ORDER_000003396_ITEM_002,ORDER_000003396,PRODUCT_000000043,3,143690.78,431072.34
ORDER_000003396_ITEM_003,ORDER_000003396,PRODUCT_000000151,4,77780.21,311120.84
ORDER_000003397_ITEM_001,ORDER_000003397,PRODUCT_000000074,1,75286.95,75286.95
ORDER_000003397_ITEM_002,ORDER_000003397,PRODUCT_000000432,5,67458.36,337291.80
ORDER_000003397_ITEM_003,ORDER_000003397,PRODUCT_000000359,3,31351.97,94055.91
ORDER_000003398_ITEM_001,ORDER_000003398,PRODUCT_000000465,1,27686.57,27686.57
ORDER_000003398_ITEM_002,ORDER_000003398,PRODUCT_000000056,3,1746.83,5240.49
ORDER_000003398_ITEM_003,ORDER_000003398,PRODUCT_000000123,3,18655.96,55967.88
ORDER_000003399_ITEM_001,ORDER_000003399,PRODUCT_000000189,5,2291.77,11458.85
ORDER_000003399_ITEM_002,ORDER_000003399,PRODUCT_000000111,2,5144.89,10289.78
ORDER_000003399_ITEM_003,ORDER_000003399,PRODUCT_000000149,4,500.36,2001.44
ORDER_000003400_ITEM_001,ORDER_000003400,PRODUCT_000000014,3,31645.32,94935.96
ORDER_000003400_ITEM_002,ORDER_000003400,PRODUCT_000000027,5,122387.75,611938.75
ORDER_000003400_ITEM_003,ORDER_000003400,PRODUCT_000000227,2,51780.80,103561.60
ORDER_000003401_ITEM_001,ORDER_000003401,PRODUCT_000000229,2,12881.53,25763.06
ORDER_000003401_ITEM_002,ORDER_000003401,PRODUCT_000000481,1,242.93,242.93
ORDER_000003401_ITEM_003,ORDER_000003401,PRODUCT_000000489,4,65761.05,263044.20
ORDER_000003402_ITEM_001,ORDER_000003402,PRODUCT_000000313,2,108316.97,216633.94
ORDER_000003402_ITEM_002,ORDER_000003402,PRODUCT_000000389,1,71784.35,71784.35
ORDER_000003402_ITEM_003,ORDER_000003402,PRODUCT_000000059,5,96024.22,480121.10
ORDER_000003403_ITEM_001,ORDER_000003403,PRODUCT_000000301,2,3608.69,7217.38
ORDER_000003403_ITEM_002,ORDER_000003403,PRODUCT_000000009,3,51529.17,154587.51
ORDER_000003403_ITEM_003,ORDER_000003403,PRODUCT_000000352,2,17207.18,34414.36
ORDER_000003404_ITEM_001,ORDER_000003404,PRODUCT_000000310,5,14175.81,70879.05
ORDER_000003404_ITEM_002,ORDER_000003404,PRODUCT_000000321,2,11193.14,22386.28
ORDER_000003404_ITEM_003,ORDER_000003404,PRODUCT_000000078,4,99659.01,398636.04
ORDER_000003405_ITEM_001,ORDER_000003405,PRODUCT_000000394,3,1417.36,4252.08
ORDER_000003405_ITEM_002,ORDER_000003405,PRODUCT_000000120,3,73826.11,221478.33
ORDER_000003405_ITEM_003,ORDER_000003405,PRODUCT_000000399,2,1168.76,2337.52
ORDER_000003406_ITEM_001,ORDER_000003406,PRODUCT_000000206,5,338.63,1693.15
ORDER_000003406_ITEM_002,ORDER_000003406,PRODUCT_000000105,2,630.25,1260.50
ORDER_000003406_ITEM_003,ORDER_000003406,PRODUCT_000000391,3,21049.94,63149.82
ORDER_000003407_ITEM_001,ORDER_000003407,PRODUCT_000000448,1,30757.35,30757.35
ORDER_000003407_ITEM_002,ORDER_000003407,PRODUCT_000000176,4,498.75,1995.00
ORDER_000003407_ITEM_003,ORDER_000003407,PRODUCT_000000150,1,97514.34,97514.34
ORDER_000003408_ITEM_001,ORDER_000003408,PRODUCT_000000439,5,72153.89,360769.45
ORDER_000003408_ITEM_002,ORDER_000003408,PRODUCT_000000046,1,3078.68,3078.68
ORDER_000003408_ITEM_003,ORDER_000003408,PRODUCT_000000196,5,713.24,3566.20
ORDER_000003409_ITEM_001,ORDER_000003409,PRODUCT_000000025,4,1480.92,5923.68
ORDER_000003409_ITEM_002,ORDER_000003409,PRODUCT_000000351,2,186960.69,373921.38
ORDER_000003409_ITEM_003,ORDER_000003409,PRODUCT_000000389,5,71784.35,358921.75
ORDER_000003410_ITEM_001,ORDER_000003410,PRODUCT_000000074,3,75286.95,225860.85
ORDER_000003410_ITEM_002,ORDER_000003410,PRODUCT_000000055,2,77397.64,154795.28
ORDER_000003410_ITEM_003,ORDER_000003410,PRODUCT_000000422,1,76372.72,76372.72
ORDER_000003411_ITEM_001,ORDER_000003411,PRODUCT_000000352,2,17207.18,34414.36
ORDER_000003411_ITEM_002,ORDER_000003411,PRODUCT_000000325,4,4259.98,17039.92
ORDER_000003411_ITEM_003,ORDER_000003411,PRODUCT_000000414,2,57878.53,115757.06
ORDER_000003412_ITEM_001,ORDER_000003412,PRODUCT_000000290,5,32348.76,161743.80
ORDER_000003412_ITEM_002,ORDER_000003412,PRODUCT_000000391,2,21049.94,42099.88
ORDER_000003412_ITEM_003,ORDER_000003412,PRODUCT_000000052,5,175783.69,878918.45
ORDER_000003413_ITEM_001,ORDER_000003413,PRODUCT_000000156,3,17875.07,53625.21
ORDER_000003413_ITEM_002,ORDER_000003413,PRODUCT_000000246,2,84103.35,168206.70
ORDER_000003413_ITEM_003,ORDER_000003413,PRODUCT_000000314,3,13535.22,40605.66
ORDER_000003414_ITEM_001,ORDER_000003414,PRODUCT_000000110,1,7868.39,7868.39
ORDER_000003414_ITEM_002,ORDER_000003414,PRODUCT_000000136,1,50895.01,50895.01
ORDER_000003414_ITEM_003,ORDER_000003414,PRODUCT_000000067,2,14987.74,29975.48
ORDER_000003415_ITEM_001,ORDER_000003415,PRODUCT_000000214,1,37438.96,37438.96
ORDER_000003415_ITEM_002,ORDER_000003415,PRODUCT_000000268,1,230.02,230.02
ORDER_000003415_ITEM_003,ORDER_000003415,PRODUCT_000000500,4,66111.23,264444.92
ORDER_000003416_ITEM_001,ORDER_000003416,PRODUCT_000000401,4,1258.44,5033.76
ORDER_000003416_ITEM_002,ORDER_000003416,PRODUCT_000000135,5,19292.87,96464.35
ORDER_000003416_ITEM_003,ORDER_000003416,PRODUCT_000000404,2,2884.96,5769.92
ORDER_000003417_ITEM_001,ORDER_000003417,PRODUCT_000000407,5,71009.01,355045.05
ORDER_000003417_ITEM_002,ORDER_000003417,PRODUCT_000000214,4,37438.96,149755.84
ORDER_000003417_ITEM_003,ORDER_000003417,PRODUCT_000000362,3,311.22,933.66
ORDER_000003418_ITEM_001,ORDER_000003418,PRODUCT_000000213,3,12880.62,38641.86
ORDER_000003418_ITEM_002,ORDER_000003418,PRODUCT_000000327,4,10245.94,40983.76
ORDER_000003418_ITEM_003,ORDER_000003418,PRODUCT_000000413,3,782.86,2348.58
ORDER_000003419_ITEM_001,ORDER_000003419,PRODUCT_000000171,1,212543.08,212543.08
ORDER_000003419_ITEM_002,ORDER_000003419,PRODUCT_000000089,4,7426.76,29707.04
ORDER_000003419_ITEM_003,ORDER_000003419,PRODUCT_000000245,3,2849.98,8549.94
ORDER_000003420_ITEM_001,ORDER_000003420,PRODUCT_000000275,1,37395.96,37395.96
ORDER_000003420_ITEM_002,ORDER_000003420,PRODUCT_000000370,5,3741.06,18705.30
ORDER_000003420_ITEM_003,ORDER_000003420,PRODUCT_000000362,3,311.22,933.66
ORDER_000003421_ITEM_001,ORDER_000003421,PRODUCT_000000348,5,511.50,2557.50
ORDER_000003421_ITEM_002,ORDER_000003421,PRODUCT_000000396,5,32148.93,160744.65
ORDER_000003421_ITEM_003,ORDER_000003421,PRODUCT_000000181,4,1727.48,6909.92
ORDER_000003422_ITEM_001,ORDER_000003422,PRODUCT_000000175,1,40112.08,40112.08
ORDER_000003422_ITEM_002,ORDER_000003422,PRODUCT_000000277,3,11671.40,35014.20
ORDER_000003422_ITEM_003,ORDER_000003422,PRODUCT_000000420,5,33996.43,169982.15
ORDER_000003423_ITEM_001,ORDER_000003423,PRODUCT_000000426,5,14178.77,70893.85
ORDER_000003423_ITEM_002,ORDER_000003423,PRODUCT_000000245,3,2849.98,8549.94
ORDER_000003423_ITEM_003,ORDER_000003423,PRODUCT_000000380,2,2099.88,4199.76
ORDER_000003424_ITEM_001,ORDER_000003424,PRODUCT_000000094,2,159079.65,318159.30
ORDER_000003424_ITEM_002,ORDER_000003424,PRODUCT_000000103,4,63093.38,252373.52
ORDER_000003424_ITEM_003,ORDER_000003424,PRODUCT_000000205,5,3783.93,18919.65
ORDER_000003425_ITEM_001,ORDER_000003425,PRODUCT_000000408,1,291.08,291.08
ORDER_000003425_ITEM_002,ORDER_000003425,PRODUCT_000000073,4,595.40,2381.60
ORDER_000003425_ITEM_003,ORDER_000003425,PRODUCT_000000127,1,47505.08,47505.08
ORDER_000003426_ITEM_001,ORDER_000003426,PRODUCT_000000442,4,50728.25,202913.00
ORDER_000003426_ITEM_002,ORDER_000003426,PRODUCT_000000016,1,71215.48,71215.48
ORDER_000003426_ITEM_003,ORDER_000003426,PRODUCT_000000139,2,955.15,1910.30
ORDER_000003427_ITEM_001,ORDER_000003427,PRODUCT_000000169,1,1720.94,1720.94
ORDER_000003427_ITEM_002,ORDER_000003427,PRODUCT_000000457,5,20677.50,103387.50
ORDER_000003427_ITEM_003,ORDER_000003427,PRODUCT_000000171,4,212543.08,850172.32
ORDER_000003428_ITEM_001,ORDER_000003428,PRODUCT_000000173,2,18158.57,36317.14
ORDER_000003428_ITEM_002,ORDER_000003428,PRODUCT_000000376,1,1235.61,1235.61
ORDER_000003428_ITEM_003,ORDER_000003428,PRODUCT_000000309,4,281.12,1124.48
ORDER_000003429_ITEM_001,ORDER_000003429,PRODUCT_000000201,4,92050.96,368203.84
ORDER_000003429_ITEM_002,ORDER_000003429,PRODUCT_000000026,4,18909.61,75638.44
ORDER_000003429_ITEM_003,ORDER_000003429,PRODUCT_000000113,2,13504.86,27009.72
ORDER_000003430_ITEM_001,ORDER_000003430,PRODUCT_000000142,4,77646.41,310585.64
ORDER_000003430_ITEM_002,ORDER_000003430,PRODUCT_000000194,3,2124.84,6374.52
ORDER_000003430_ITEM_003,ORDER_000003430,PRODUCT_000000106,5,1964.81,9824.05
ORDER_000003431_ITEM_001,ORDER_000003431,PRODUCT_000000262,2,34449.06,68898.12
ORDER_000003431_ITEM_002,ORDER_000003431,PRODUCT_000000197,2,54944.74,109889.48
ORDER_000003431_ITEM_003,ORDER_000003431,PRODUCT_000000135,4,19292.87,77171.48
ORDER_000003432_ITEM_001,ORDER_000003432,PRODUCT_000000339,4,14282.13,57128.52
ORDER_000003432_ITEM_002,ORDER_000003432,PRODUCT_000000341,2,80395.16,160790.32
ORDER_000003432_ITEM_003,ORDER_000003432,PRODUCT_000000007,1,3112.46,3112.46
ORDER_000003433_ITEM_001,ORDER_000003433,PRODUCT_000000343,4,62824.31,251297.24
ORDER_000003433_ITEM_002,ORDER_000003433,PRODUCT_000000225,5,3256.60,16283.00
ORDER_000003433_ITEM_003,ORDER_000003433,PRODUCT_000000131,1,8366.73,8366.73
ORDER_000003434_ITEM_001,ORDER_000003434,PRODUCT_000000046,5,3078.68,15393.40
ORDER_000003434_ITEM_002,ORDER_000003434,PRODUCT_000000176,1,498.75,498.75
ORDER_000003434_ITEM_003,ORDER_000003434,PRODUCT_000000045,4,35447.12,141788.48
ORDER_000003435_ITEM_001,ORDER_000003435,PRODUCT_000000381,5,80434.33,402171.65
ORDER_000003435_ITEM_002,ORDER_000003435,PRODUCT_000000447,4,5903.88,23615.52
ORDER_000003435_ITEM_003,ORDER_000003435,PRODUCT_000000091,1,85829.09,85829.09
ORDER_000003436_ITEM_001,ORDER_000003436,PRODUCT_000000479,4,436.69,1746.76
ORDER_000003436_ITEM_002,ORDER_000003436,PRODUCT_000000372,1,55828.82,55828.82
ORDER_000003436_ITEM_003,ORDER_000003436,PRODUCT_000000260,2,2417.05,4834.10
ORDER_000003437_ITEM_001,ORDER_000003437,PRODUCT_000000338,1,17766.86,17766.86
ORDER_000003437_ITEM_002,ORDER_000003437,PRODUCT_000000344,3,108319.93,324959.79
ORDER_000003437_ITEM_003,ORDER_000003437,PRODUCT_000000294,1,98126.54,98126.54
ORDER_000003438_ITEM_001,ORDER_000003438,PRODUCT_000000414,5,57878.53,289392.65
ORDER_000003438_ITEM_002,ORDER_000003438,PRODUCT_000000005,4,3906.48,15625.92
ORDER_000003438_ITEM_003,ORDER_000003438,PRODUCT_000000127,2,47505.08,95010.16
ORDER_000003439_ITEM_001,ORDER_000003439,PRODUCT_000000462,3,87564.19,262692.57
ORDER_000003439_ITEM_002,ORDER_000003439,PRODUCT_000000324,1,58960.31,58960.31
ORDER_000003439_ITEM_003,ORDER_000003439,PRODUCT_000000326,1,12706.30,12706.30
ORDER_000003440_ITEM_001,ORDER_000003440,PRODUCT_000000242,5,2669.01,13345.05
ORDER_000003440_ITEM_002,ORDER_000003440,PRODUCT_000000148,5,13436.93,67184.65
ORDER_000003440_ITEM_003,ORDER_000003440,PRODUCT_000000430,4,56850.26,227401.04
ORDER_000003441_ITEM_001,ORDER_000003441,PRODUCT_000000175,5,40112.08,200560.40
ORDER_000003441_ITEM_002,ORDER_000003441,PRODUCT_000000176,3,498.75,1496.25
ORDER_000003441_ITEM_003,ORDER_000003441,PRODUCT_000000279,2,1444.98,2889.96
ORDER_000003442_ITEM_001,ORDER_000003442,PRODUCT_000000079,1,20185.32,20185.32
ORDER_000003442_ITEM_002,ORDER_000003442,PRODUCT_000000077,4,77023.77,308095.08
ORDER_000003442_ITEM_003,ORDER_000003442,PRODUCT_000000105,3,630.25,1890.75
ORDER_000003443_ITEM_001,ORDER_000003443,PRODUCT_000000034,5,3282.53,16412.65
ORDER_000003443_ITEM_002,ORDER_000003443,PRODUCT_000000077,1,77023.77,77023.77
ORDER_000003443_ITEM_003,ORDER_000003443,PRODUCT_000000350,3,27003.79,81011.37
ORDER_000003444_ITEM_001,ORDER_000003444,PRODUCT_000000121,3,67658.89,202976.67
ORDER_000003444_ITEM_002,ORDER_000003444,PRODUCT_000000001,1,47526.13,47526.13
ORDER_000003444_ITEM_003,ORDER_000003444,PRODUCT_000000407,5,71009.01,355045.05
ORDER_000003445_ITEM_001,ORDER_000003445,PRODUCT_000000306,4,16336.98,65347.92
ORDER_000003445_ITEM_002,ORDER_000003445,PRODUCT_000000294,5,98126.54,490632.70
ORDER_000003445_ITEM_003,ORDER_000003445,PRODUCT_000000212,5,10759.26,53796.30
ORDER_000003446_ITEM_001,ORDER_000003446,PRODUCT_000000492,2,1512.08,3024.16
ORDER_000003446_ITEM_002,ORDER_000003446,PRODUCT_000000320,2,1644.19,3288.38
ORDER_000003446_ITEM_003,ORDER_000003446,PRODUCT_000000321,1,11193.14,11193.14
ORDER_000003447_ITEM_001,ORDER_000003447,PRODUCT_000000086,2,8488.74,16977.48
ORDER_000003447_ITEM_002,ORDER_000003447,PRODUCT_000000441,4,38509.69,154038.76
ORDER_000003447_ITEM_003,ORDER_000003447,PRODUCT_000000247,3,976.86,2930.58
ORDER_000003448_ITEM_001,ORDER_000003448,PRODUCT_000000034,2,3282.53,6565.06
ORDER_000003448_ITEM_002,ORDER_000003448,PRODUCT_000000143,2,71000.26,142000.52
ORDER_000003448_ITEM_003,ORDER_000003448,PRODUCT_000000374,3,194612.79,583838.37
ORDER_000003449_ITEM_001,ORDER_000003449,PRODUCT_000000370,2,3741.06,7482.12
ORDER_000003449_ITEM_002,ORDER_000003449,PRODUCT_000000131,2,8366.73,16733.46
ORDER_000003449_ITEM_003,ORDER_000003449,PRODUCT_000000204,2,502.82,1005.64
ORDER_000003450_ITEM_001,ORDER_000003450,PRODUCT_000000201,3,92050.96,276152.88
ORDER_000003450_ITEM_002,ORDER_000003450,PRODUCT_000000429,5,54612.57,273062.85
ORDER_000003450_ITEM_003,ORDER_000003450,PRODUCT_000000094,5,159079.65,795398.25
ORDER_000003451_ITEM_001,ORDER_000003451,PRODUCT_000000181,3,1727.48,5182.44
ORDER_000003451_ITEM_002,ORDER_000003451,PRODUCT_000000444,1,3373.26,3373.26
ORDER_000003451_ITEM_003,ORDER_000003451,PRODUCT_000000210,4,961.15,3844.60
ORDER_000003452_ITEM_001,ORDER_000003452,PRODUCT_000000407,2,71009.01,142018.02
ORDER_000003452_ITEM_002,ORDER_000003452,PRODUCT_000000352,5,17207.18,86035.90
ORDER_000003452_ITEM_003,ORDER_000003452,PRODUCT_000000293,5,68391.63,341958.15
ORDER_000003453_ITEM_001,ORDER_000003453,PRODUCT_000000193,3,1656.01,4968.03
ORDER_000003453_ITEM_002,ORDER_000003453,PRODUCT_000000284,5,25462.80,127314.00
ORDER_000003453_ITEM_003,ORDER_000003453,PRODUCT_000000162,4,12519.41,50077.64
ORDER_000003454_ITEM_001,ORDER_000003454,PRODUCT_000000120,2,73826.11,147652.22
ORDER_000003454_ITEM_002,ORDER_000003454,PRODUCT_000000067,2,14987.74,29975.48
ORDER_000003454_ITEM_003,ORDER_000003454,PRODUCT_000000428,5,180920.89,904604.45
ORDER_000003455_ITEM_001,ORDER_000003455,PRODUCT_000000031,4,223997.16,895988.64
ORDER_000003455_ITEM_002,ORDER_000003455,PRODUCT_000000487,2,62096.00,124192.00
ORDER_000003455_ITEM_003,ORDER_000003455,PRODUCT_000000118,1,115069.78,115069.78
ORDER_000003456_ITEM_001,ORDER_000003456,PRODUCT_000000109,5,11755.22,58776.10
ORDER_000003456_ITEM_002,ORDER_000003456,PRODUCT_000000206,1,338.63,338.63
ORDER_000003456_ITEM_003,ORDER_000003456,PRODUCT_000000145,3,3868.10,11604.30
ORDER_000003457_ITEM_001,ORDER_000003457,PRODUCT_000000138,5,9019.79,45098.95
ORDER_000003457_ITEM_002,ORDER_000003457,PRODUCT_000000137,3,2720.00,8160.00
ORDER_000003457_ITEM_003,ORDER_000003457,PRODUCT_000000145,1,3868.10,3868.10
ORDER_000003458_ITEM_001,ORDER_000003458,PRODUCT_000000184,4,120740.28,482961.12
ORDER_000003458_ITEM_002,ORDER_000003458,PRODUCT_000000418,3,3679.29,11037.87
ORDER_000003458_ITEM_003,ORDER_000003458,PRODUCT_000000450,1,137048.55,137048.55
ORDER_000003459_ITEM_001,ORDER_000003459,PRODUCT_000000318,1,11683.06,11683.06
ORDER_000003459_ITEM_002,ORDER_000003459,PRODUCT_000000415,3,77825.19,233475.57
ORDER_000003459_ITEM_003,ORDER_000003459,PRODUCT_000000385,2,2562.52,5125.04
ORDER_000003460_ITEM_001,ORDER_000003460,PRODUCT_000000133,3,107202.22,321606.66
ORDER_000003460_ITEM_002,ORDER_000003460,PRODUCT_000000009,4,51529.17,206116.68
ORDER_000003460_ITEM_003,ORDER_000003460,PRODUCT_000000354,1,8755.37,8755.37
ORDER_000003461_ITEM_001,ORDER_000003461,PRODUCT_000000444,4,3373.26,13493.04
ORDER_000003461_ITEM_002,ORDER_000003461,PRODUCT_000000263,2,114743.85,229487.70
ORDER_000003461_ITEM_003,ORDER_000003461,PRODUCT_000000168,4,4563.70,18254.80
ORDER_000003462_ITEM_001,ORDER_000003462,PRODUCT_000000073,4,595.40,2381.60
ORDER_000003462_ITEM_002,ORDER_000003462,PRODUCT_000000248,2,6350.16,12700.32
ORDER_000003462_ITEM_003,ORDER_000003462,PRODUCT_000000461,4,66176.77,264707.08
ORDER_000003463_ITEM_001,ORDER_000003463,PRODUCT_000000243,5,14614.47,73072.35
ORDER_000003463_ITEM_002,ORDER_000003463,PRODUCT_000000061,2,378.02,756.04
ORDER_000003463_ITEM_003,ORDER_000003463,PRODUCT_000000289,5,66663.17,333315.85
ORDER_000003464_ITEM_001,ORDER_000003464,PRODUCT_000000020,5,4087.52,20437.60
ORDER_000003464_ITEM_002,ORDER_000003464,PRODUCT_000000329,3,9319.38,27958.14
ORDER_000003464_ITEM_003,ORDER_000003464,PRODUCT_000000493,4,1452.96,5811.84
ORDER_000003465_ITEM_001,ORDER_000003465,PRODUCT_000000301,4,3608.69,14434.76
ORDER_000003465_ITEM_002,ORDER_000003465,PRODUCT_000000315,2,1366.86,2733.72
ORDER_000003465_ITEM_003,ORDER_000003465,PRODUCT_000000407,1,71009.01,71009.01
ORDER_000003466_ITEM_001,ORDER_000003466,PRODUCT_000000024,5,2660.53,13302.65
ORDER_000003466_ITEM_002,ORDER_000003466,PRODUCT_000000043,1,143690.78,143690.78
ORDER_000003466_ITEM_003,ORDER_000003466,PRODUCT_000000255,2,52583.68,105167.36
ORDER_000003467_ITEM_001,ORDER_000003467,PRODUCT_000000427,4,820.10,3280.40
ORDER_000003467_ITEM_002,ORDER_000003467,PRODUCT_000000097,3,29573.36,88720.08
ORDER_000003467_ITEM_003,ORDER_000003467,PRODUCT_000000072,2,7200.43,14400.86
ORDER_000003468_ITEM_001,ORDER_000003468,PRODUCT_000000425,3,3973.74,11921.22
ORDER_000003468_ITEM_002,ORDER_000003468,PRODUCT_000000447,5,5903.88,29519.40
ORDER_000003468_ITEM_003,ORDER_000003468,PRODUCT_000000324,1,58960.31,58960.31
ORDER_000003469_ITEM_001,ORDER_000003469,PRODUCT_000000073,4,595.40,2381.60
ORDER_000003469_ITEM_002,ORDER_000003469,PRODUCT_000000343,1,62824.31,62824.31
ORDER_000003469_ITEM_003,ORDER_000003469,PRODUCT_000000248,4,6350.16,25400.64
ORDER_000003470_ITEM_001,ORDER_000003470,PRODUCT_000000314,3,13535.22,40605.66
ORDER_000003470_ITEM_002,ORDER_000003470,PRODUCT_000000343,3,62824.31,188472.93
ORDER_000003470_ITEM_003,ORDER_000003470,PRODUCT_000000242,1,2669.01,2669.01
ORDER_000003471_ITEM_001,ORDER_000003471,PRODUCT_000000199,4,48433.40,193733.60
ORDER_000003471_ITEM_002,ORDER_000003471,PRODUCT_000000368,5,9454.76,47273.80
ORDER_000003471_ITEM_003,ORDER_000003471,PRODUCT_000000185,5,30648.96,153244.80
ORDER_000003472_ITEM_001,ORDER_000003472,PRODUCT_000000320,3,1644.19,4932.57
ORDER_000003472_ITEM_002,ORDER_000003472,PRODUCT_000000323,2,111157.95,222315.90
ORDER_000003472_ITEM_003,ORDER_000003472,PRODUCT_000000341,1,80395.16,80395.16
ORDER_000003473_ITEM_001,ORDER_000003473,PRODUCT_000000236,4,1537.45,6149.80
ORDER_000003473_ITEM_002,ORDER_000003473,PRODUCT_000000170,1,2022.45,2022.45
ORDER_000003473_ITEM_003,ORDER_000003473,PRODUCT_000000454,2,1504.58,3009.16
ORDER_000003474_ITEM_001,ORDER_000003474,PRODUCT_000000455,4,5380.81,21523.24
ORDER_000003474_ITEM_002,ORDER_000003474,PRODUCT_000000227,3,51780.80,155342.40
ORDER_000003474_ITEM_003,ORDER_000003474,PRODUCT_000000126,4,23808.94,95235.76
ORDER_000003475_ITEM_001,ORDER_000003475,PRODUCT_000000254,3,208122.29,624366.87
ORDER_000003475_ITEM_002,ORDER_000003475,PRODUCT_000000042,3,81949.03,245847.09
ORDER_000003475_ITEM_003,ORDER_000003475,PRODUCT_000000495,5,111322.66,556613.30
ORDER_000003476_ITEM_001,ORDER_000003476,PRODUCT_000000146,1,1443.25,1443.25
ORDER_000003476_ITEM_002,ORDER_000003476,PRODUCT_000000096,1,1255.12,1255.12
ORDER_000003476_ITEM_003,ORDER_000003476,PRODUCT_000000240,3,8842.70,26528.10
ORDER_000003477_ITEM_001,ORDER_000003477,PRODUCT_000000280,4,8266.88,33067.52
ORDER_000003477_ITEM_002,ORDER_000003477,PRODUCT_000000185,2,30648.96,61297.92
ORDER_000003477_ITEM_003,ORDER_000003477,PRODUCT_000000014,2,31645.32,63290.64
ORDER_000003478_ITEM_001,ORDER_000003478,PRODUCT_000000015,4,140055.39,560221.56
ORDER_000003478_ITEM_002,ORDER_000003478,PRODUCT_000000098,5,82015.47,410077.35
ORDER_000003478_ITEM_003,ORDER_000003478,PRODUCT_000000200,4,22985.98,91943.92
ORDER_000003479_ITEM_001,ORDER_000003479,PRODUCT_000000244,5,13044.75,65223.75
ORDER_000003479_ITEM_002,ORDER_000003479,PRODUCT_000000353,1,761.53,761.53
ORDER_000003479_ITEM_003,ORDER_000003479,PRODUCT_000000299,1,109951.12,109951.12
ORDER_000003480_ITEM_001,ORDER_000003480,PRODUCT_000000424,5,6433.07,32165.35
ORDER_000003480_ITEM_002,ORDER_000003480,PRODUCT_000000375,4,2168.98,8675.92
ORDER_000003480_ITEM_003,ORDER_000003480,PRODUCT_000000330,5,732.17,3660.85
ORDER_000003481_ITEM_001,ORDER_000003481,PRODUCT_000000464,3,46076.82,138230.46
ORDER_000003481_ITEM_002,ORDER_000003481,PRODUCT_000000056,3,1746.83,5240.49
ORDER_000003481_ITEM_003,ORDER_000003481,PRODUCT_000000016,2,71215.48,142430.96
ORDER_000003482_ITEM_001,ORDER_000003482,PRODUCT_000000303,3,28560.91,85682.73
ORDER_000003482_ITEM_002,ORDER_000003482,PRODUCT_000000379,5,788.70,3943.50
ORDER_000003482_ITEM_003,ORDER_000003482,PRODUCT_000000011,5,5081.83,25409.15
ORDER_000003483_ITEM_001,ORDER_000003483,PRODUCT_000000313,1,108316.97,108316.97
ORDER_000003483_ITEM_002,ORDER_000003483,PRODUCT_000000188,1,35973.47,35973.47
ORDER_000003483_ITEM_003,ORDER_000003483,PRODUCT_000000464,4,46076.82,184307.28
ORDER_000003484_ITEM_001,ORDER_000003484,PRODUCT_000000242,4,2669.01,10676.04
ORDER_000003484_ITEM_002,ORDER_000003484,PRODUCT_000000338,1,17766.86,17766.86
ORDER_000003484_ITEM_003,ORDER_000003484,PRODUCT_000000470,3,1763.05,5289.15
ORDER_000003485_ITEM_001,ORDER_000003485,PRODUCT_000000048,1,71251.17,71251.17
ORDER_000003485_ITEM_002,ORDER_000003485,PRODUCT_000000229,1,12881.53,12881.53
ORDER_000003485_ITEM_003,ORDER_000003485,PRODUCT_000000227,4,51780.80,207123.20
ORDER_000003486_ITEM_001,ORDER_000003486,PRODUCT_000000230,3,104957.16,314871.48
ORDER_000003486_ITEM_002,ORDER_000003486,PRODUCT_000000271,2,7343.39,14686.78
ORDER_000003486_ITEM_003,ORDER_000003486,PRODUCT_000000463,4,1804.78,7219.12
ORDER_000003487_ITEM_001,ORDER_000003487,PRODUCT_000000299,3,109951.12,329853.36
ORDER_000003487_ITEM_002,ORDER_000003487,PRODUCT_000000203,4,131189.59,524758.36
ORDER_000003487_ITEM_003,ORDER_000003487,PRODUCT_000000232,4,4022.49,16089.96
ORDER_000003488_ITEM_001,ORDER_000003488,PRODUCT_000000380,5,2099.88,10499.40
ORDER_000003488_ITEM_002,ORDER_000003488,PRODUCT_000000476,4,65466.46,261865.84
ORDER_000003488_ITEM_003,ORDER_000003488,PRODUCT_000000196,1,713.24,713.24
ORDER_000003489_ITEM_001,ORDER_000003489,PRODUCT_000000459,3,5188.95,15566.85
ORDER_000003489_ITEM_002,ORDER_000003489,PRODUCT_000000124,4,2352.93,9411.72
ORDER_000003489_ITEM_003,ORDER_000003489,PRODUCT_000000482,2,1961.27,3922.54
ORDER_000003490_ITEM_001,ORDER_000003490,PRODUCT_000000329,5,9319.38,46596.90
ORDER_000003490_ITEM_002,ORDER_000003490,PRODUCT_000000395,1,606.04,606.04
ORDER_000003490_ITEM_003,ORDER_000003490,PRODUCT_000000464,2,46076.82,92153.64
ORDER_000003491_ITEM_001,ORDER_000003491,PRODUCT_000000361,2,2902.94,5805.88
ORDER_000003491_ITEM_002,ORDER_000003491,PRODUCT_000000062,5,5183.35,25916.75
ORDER_000003491_ITEM_003,ORDER_000003491,PRODUCT_000000373,4,1253.40,5013.60
ORDER_000003492_ITEM_001,ORDER_000003492,PRODUCT_000000061,4,378.02,1512.08
ORDER_000003492_ITEM_002,ORDER_000003492,PRODUCT_000000399,5,1168.76,5843.80
ORDER_000003492_ITEM_003,ORDER_000003492,PRODUCT_000000175,1,40112.08,40112.08
ORDER_000003493_ITEM_001,ORDER_000003493,PRODUCT_000000232,3,4022.49,12067.47
ORDER_000003493_ITEM_002,ORDER_000003493,PRODUCT_000000027,4,122387.75,489551.00
ORDER_000003493_ITEM_003,ORDER_000003493,PRODUCT_000000270,4,4362.80,17451.20
ORDER_000003494_ITEM_001,ORDER_000003494,PRODUCT_000000398,1,5027.03,5027.03
ORDER_000003494_ITEM_002,ORDER_000003494,PRODUCT_000000462,5,87564.19,437820.95
ORDER_000003494_ITEM_003,ORDER_000003494,PRODUCT_000000386,2,7104.14,14208.28
ORDER_000003495_ITEM_001,ORDER_000003495,PRODUCT_000000126,1,23808.94,23808.94
ORDER_000003495_ITEM_002,ORDER_000003495,PRODUCT_000000314,5,13535.22,67676.10
ORDER_000003495_ITEM_003,ORDER_000003495,PRODUCT_000000427,4,820.10,3280.40
ORDER_000003496_ITEM_001,ORDER_000003496,PRODUCT_000000169,4,1720.94,6883.76
ORDER_000003496_ITEM_002,ORDER_000003496,PRODUCT_000000151,5,77780.21,388901.05
ORDER_000003496_ITEM_003,ORDER_000003496,PRODUCT_000000372,2,55828.82,111657.64
ORDER_000003497_ITEM_001,ORDER_000003497,PRODUCT_000000465,1,27686.57,27686.57
ORDER_000003497_ITEM_002,ORDER_000003497,PRODUCT_000000438,4,40311.65,161246.60
ORDER_000003497_ITEM_003,ORDER_000003497,PRODUCT_000000191,2,936.27,1872.54
ORDER_000003498_ITEM_001,ORDER_000003498,PRODUCT_000000349,2,2148.69,4297.38
ORDER_000003498_ITEM_002,ORDER_000003498,PRODUCT_000000009,5,51529.17,257645.85
ORDER_000003498_ITEM_003,ORDER_000003498,PRODUCT_000000116,3,108578.88,325736.64
ORDER_000003499_ITEM_001,ORDER_000003499,PRODUCT_000000496,3,970.45,2911.35
ORDER_000003499_ITEM_002,ORDER_000003499,PRODUCT_000000464,4,46076.82,184307.28
ORDER_000003499_ITEM_003,ORDER_000003499,PRODUCT_000000250,4,74845.58,299382.32
ORDER_000003500_ITEM_001,ORDER_000003500,PRODUCT_000000201,2,92050.96,184101.92
ORDER_000003500_ITEM_002,ORDER_000003500,PRODUCT_000000082,4,904.37,3617.48
ORDER_000003500_ITEM_003,ORDER_000003500,PRODUCT_000000120,3,73826.11,221478.33
ORDER_000003501_ITEM_001,ORDER_000003501,PRODUCT_000000261,2,26099.88,52199.76
ORDER_000003501_ITEM_002,ORDER_000003501,PRODUCT_000000390,5,36528.52,182642.60
ORDER_000003501_ITEM_003,ORDER_000003501,PRODUCT_000000479,3,436.69,1310.07
ORDER_000003502_ITEM_001,ORDER_000003502,PRODUCT_000000159,4,40197.32,160789.28
ORDER_000003502_ITEM_002,ORDER_000003502,PRODUCT_000000105,3,630.25,1890.75
ORDER_000003502_ITEM_003,ORDER_000003502,PRODUCT_000000389,2,71784.35,143568.70
ORDER_000003503_ITEM_001,ORDER_000003503,PRODUCT_000000171,5,212543.08,1062715.40
ORDER_000003503_ITEM_002,ORDER_000003503,PRODUCT_000000276,2,6006.43,12012.86
ORDER_000003503_ITEM_003,ORDER_000003503,PRODUCT_000000146,5,1443.25,7216.25
ORDER_000003504_ITEM_001,ORDER_000003504,PRODUCT_000000033,3,84979.83,254939.49
ORDER_000003504_ITEM_002,ORDER_000003504,PRODUCT_000000085,1,95727.09,95727.09
ORDER_000003504_ITEM_003,ORDER_000003504,PRODUCT_000000314,2,13535.22,27070.44
ORDER_000003505_ITEM_001,ORDER_000003505,PRODUCT_000000498,5,2542.71,12713.55
ORDER_000003505_ITEM_002,ORDER_000003505,PRODUCT_000000113,5,13504.86,67524.30
ORDER_000003505_ITEM_003,ORDER_000003505,PRODUCT_000000189,2,2291.77,4583.54
ORDER_000003506_ITEM_001,ORDER_000003506,PRODUCT_000000381,1,80434.33,80434.33
ORDER_000003506_ITEM_002,ORDER_000003506,PRODUCT_000000141,3,11546.35,34639.05
ORDER_000003506_ITEM_003,ORDER_000003506,PRODUCT_000000369,1,1041.90,1041.90
ORDER_000003507_ITEM_001,ORDER_000003507,PRODUCT_000000156,3,17875.07,53625.21
ORDER_000003507_ITEM_002,ORDER_000003507,PRODUCT_000000195,3,3974.21,11922.63
ORDER_000003507_ITEM_003,ORDER_000003507,PRODUCT_000000237,3,40793.49,122380.47
ORDER_000003508_ITEM_001,ORDER_000003508,PRODUCT_000000335,3,7748.73,23246.19
ORDER_000003508_ITEM_002,ORDER_000003508,PRODUCT_000000042,4,81949.03,327796.12
ORDER_000003508_ITEM_003,ORDER_000003508,PRODUCT_000000286,4,18315.20,73260.80
ORDER_000003509_ITEM_001,ORDER_000003509,PRODUCT_000000322,2,6422.03,12844.06
ORDER_000003509_ITEM_002,ORDER_000003509,PRODUCT_000000294,1,98126.54,98126.54
ORDER_000003509_ITEM_003,ORDER_000003509,PRODUCT_000000147,2,79052.74,158105.48
ORDER_000003510_ITEM_001,ORDER_000003510,PRODUCT_000000274,1,145414.87,145414.87
ORDER_000003510_ITEM_002,ORDER_000003510,PRODUCT_000000271,2,7343.39,14686.78
ORDER_000003510_ITEM_003,ORDER_000003510,PRODUCT_000000015,4,140055.39,560221.56
ORDER_000003511_ITEM_001,ORDER_000003511,PRODUCT_000000334,3,921.24,2763.72
ORDER_000003511_ITEM_002,ORDER_000003511,PRODUCT_000000131,4,8366.73,33466.92
ORDER_000003511_ITEM_003,ORDER_000003511,PRODUCT_000000479,4,436.69,1746.76
ORDER_000003512_ITEM_001,ORDER_000003512,PRODUCT_000000416,3,2364.84,7094.52
ORDER_000003512_ITEM_002,ORDER_000003512,PRODUCT_000000452,1,66502.26,66502.26
ORDER_000003512_ITEM_003,ORDER_000003512,PRODUCT_000000112,3,20260.19,60780.57
ORDER_000003513_ITEM_001,ORDER_000003513,PRODUCT_000000355,4,2839.63,11358.52
ORDER_000003513_ITEM_002,ORDER_000003513,PRODUCT_000000143,5,71000.26,355001.30
ORDER_000003513_ITEM_003,ORDER_000003513,PRODUCT_000000415,5,77825.19,389125.95
ORDER_000003514_ITEM_001,ORDER_000003514,PRODUCT_000000387,5,22127.64,110638.20
ORDER_000003514_ITEM_002,ORDER_000003514,PRODUCT_000000200,5,22985.98,114929.90
ORDER_000003514_ITEM_003,ORDER_000003514,PRODUCT_000000215,3,5520.21,16560.63
ORDER_000003515_ITEM_001,ORDER_000003515,PRODUCT_000000473,1,10475.93,10475.93
ORDER_000003515_ITEM_002,ORDER_000003515,PRODUCT_000000386,4,7104.14,28416.56
ORDER_000003515_ITEM_003,ORDER_000003515,PRODUCT_000000127,3,47505.08,142515.24
ORDER_000003516_ITEM_001,ORDER_000003516,PRODUCT_000000088,1,4393.00,4393.00
ORDER_000003516_ITEM_002,ORDER_000003516,PRODUCT_000000500,4,66111.23,264444.92
ORDER_000003516_ITEM_003,ORDER_000003516,PRODUCT_000000303,1,28560.91,28560.91
ORDER_000003517_ITEM_001,ORDER_000003517,PRODUCT_000000403,2,1868.76,3737.52
ORDER_000003517_ITEM_002,ORDER_000003517,PRODUCT_000000380,2,2099.88,4199.76
ORDER_000003517_ITEM_003,ORDER_000003517,PRODUCT_000000136,1,50895.01,50895.01
ORDER_000003518_ITEM_001,ORDER_000003518,PRODUCT_000000193,2,1656.01,3312.02
ORDER_000003518_ITEM_002,ORDER_000003518,PRODUCT_000000319,4,52057.41,208229.64
ORDER_000003518_ITEM_003,ORDER_000003518,PRODUCT_000000407,1,71009.01,71009.01
ORDER_000003519_ITEM_001,ORDER_000003519,PRODUCT_000000071,1,27899.72,27899.72
ORDER_000003519_ITEM_002,ORDER_000003519,PRODUCT_000000426,2,14178.77,28357.54
ORDER_000003519_ITEM_003,ORDER_000003519,PRODUCT_000000293,1,68391.63,68391.63
ORDER_000003520_ITEM_001,ORDER_000003520,PRODUCT_000000484,2,54819.53,109639.06
ORDER_000003520_ITEM_002,ORDER_000003520,PRODUCT_000000061,1,378.02,378.02
ORDER_000003520_ITEM_003,ORDER_000003520,PRODUCT_000000447,1,5903.88,5903.88
ORDER_000003521_ITEM_001,ORDER_000003521,PRODUCT_000000167,4,29972.62,119890.48
ORDER_000003521_ITEM_002,ORDER_000003521,PRODUCT_000000465,3,27686.57,83059.71
ORDER_000003521_ITEM_003,ORDER_000003521,PRODUCT_000000436,1,39362.73,39362.73
ORDER_000003522_ITEM_001,ORDER_000003522,PRODUCT_000000399,4,1168.76,4675.04
ORDER_000003522_ITEM_002,ORDER_000003522,PRODUCT_000000218,5,7029.23,35146.15
ORDER_000003522_ITEM_003,ORDER_000003522,PRODUCT_000000112,1,20260.19,20260.19
ORDER_000003523_ITEM_001,ORDER_000003523,PRODUCT_000000419,1,1633.27,1633.27
ORDER_000003523_ITEM_002,ORDER_000003523,PRODUCT_000000430,4,56850.26,227401.04
ORDER_000003523_ITEM_003,ORDER_000003523,PRODUCT_000000447,5,5903.88,29519.40
ORDER_000003524_ITEM_001,ORDER_000003524,PRODUCT_000000134,4,2948.45,11793.80
ORDER_000003524_ITEM_002,ORDER_000003524,PRODUCT_000000379,4,788.70,3154.80
ORDER_000003524_ITEM_003,ORDER_000003524,PRODUCT_000000066,4,166045.11,664180.44
ORDER_000003525_ITEM_001,ORDER_000003525,PRODUCT_000000271,3,7343.39,22030.17
ORDER_000003525_ITEM_002,ORDER_000003525,PRODUCT_000000043,2,143690.78,287381.56
ORDER_000003525_ITEM_003,ORDER_000003525,PRODUCT_000000148,2,13436.93,26873.86
ORDER_000003526_ITEM_001,ORDER_000003526,PRODUCT_000000385,4,2562.52,10250.08
ORDER_000003526_ITEM_002,ORDER_000003526,PRODUCT_000000138,3,9019.79,27059.37
ORDER_000003526_ITEM_003,ORDER_000003526,PRODUCT_000000006,4,78496.47,313985.88
ORDER_000003527_ITEM_001,ORDER_000003527,PRODUCT_000000456,3,5850.98,17552.94
ORDER_000003527_ITEM_002,ORDER_000003527,PRODUCT_000000337,5,3208.91,16044.55
ORDER_000003527_ITEM_003,ORDER_000003527,PRODUCT_000000468,1,11339.62,11339.62
ORDER_000003528_ITEM_001,ORDER_000003528,PRODUCT_000000198,1,53251.57,53251.57
ORDER_000003528_ITEM_002,ORDER_000003528,PRODUCT_000000447,1,5903.88,5903.88
ORDER_000003528_ITEM_003,ORDER_000003528,PRODUCT_000000454,5,1504.58,7522.90
ORDER_000003529_ITEM_001,ORDER_000003529,PRODUCT_000000170,1,2022.45,2022.45
ORDER_000003529_ITEM_002,ORDER_000003529,PRODUCT_000000363,5,1679.27,8396.35
ORDER_000003529_ITEM_003,ORDER_000003529,PRODUCT_000000421,3,26929.93,80789.79
ORDER_000003530_ITEM_001,ORDER_000003530,PRODUCT_000000396,5,32148.93,160744.65
ORDER_000003530_ITEM_002,ORDER_000003530,PRODUCT_000000236,1,1537.45,1537.45
ORDER_000003530_ITEM_003,ORDER_000003530,PRODUCT_000000121,3,67658.89,202976.67
ORDER_000003531_ITEM_001,ORDER_000003531,PRODUCT_000000038,2,5864.01,11728.02
ORDER_000003531_ITEM_002,ORDER_000003531,PRODUCT_000000384,1,1879.95,1879.95
ORDER_000003531_ITEM_003,ORDER_000003531,PRODUCT_000000033,5,84979.83,424899.15
ORDER_000003532_ITEM_001,ORDER_000003532,PRODUCT_000000099,2,13369.90,26739.80
ORDER_000003532_ITEM_002,ORDER_000003532,PRODUCT_000000019,2,6627.77,13255.54
ORDER_000003532_ITEM_003,ORDER_000003532,PRODUCT_000000161,3,684.54,2053.62
ORDER_000003533_ITEM_001,ORDER_000003533,PRODUCT_000000049,2,194087.22,388174.44
ORDER_000003533_ITEM_002,ORDER_000003533,PRODUCT_000000386,2,7104.14,14208.28
ORDER_000003533_ITEM_003,ORDER_000003533,PRODUCT_000000397,4,2067.45,8269.80
ORDER_000003534_ITEM_001,ORDER_000003534,PRODUCT_000000408,5,291.08,1455.40
ORDER_000003534_ITEM_002,ORDER_000003534,PRODUCT_000000177,4,29457.82,117831.28
ORDER_000003534_ITEM_003,ORDER_000003534,PRODUCT_000000388,4,16147.61,64590.44
ORDER_000003535_ITEM_001,ORDER_000003535,PRODUCT_000000297,3,6305.72,18917.16
ORDER_000003535_ITEM_002,ORDER_000003535,PRODUCT_000000487,3,62096.00,186288.00
ORDER_000003535_ITEM_003,ORDER_000003535,PRODUCT_000000438,3,40311.65,120934.95
ORDER_000003536_ITEM_001,ORDER_000003536,PRODUCT_000000380,5,2099.88,10499.40
ORDER_000003536_ITEM_002,ORDER_000003536,PRODUCT_000000312,2,508.37,1016.74
ORDER_000003536_ITEM_003,ORDER_000003536,PRODUCT_000000197,2,54944.74,109889.48
ORDER_000003537_ITEM_001,ORDER_000003537,PRODUCT_000000225,2,3256.60,6513.20
ORDER_000003537_ITEM_002,ORDER_000003537,PRODUCT_000000191,5,936.27,4681.35
ORDER_000003537_ITEM_003,ORDER_000003537,PRODUCT_000000140,1,2815.66,2815.66
ORDER_000003538_ITEM_001,ORDER_000003538,PRODUCT_000000190,1,1821.64,1821.64
ORDER_000003538_ITEM_002,ORDER_000003538,PRODUCT_000000138,5,9019.79,45098.95
ORDER_000003538_ITEM_003,ORDER_000003538,PRODUCT_000000024,1,2660.53,2660.53
ORDER_000003539_ITEM_001,ORDER_000003539,PRODUCT_000000029,3,2844.42,8533.26
ORDER_000003539_ITEM_002,ORDER_000003539,PRODUCT_000000493,3,1452.96,4358.88
ORDER_000003539_ITEM_003,ORDER_000003539,PRODUCT_000000420,5,33996.43,169982.15
ORDER_000003540_ITEM_001,ORDER_000003540,PRODUCT_000000133,2,107202.22,214404.44
ORDER_000003540_ITEM_002,ORDER_000003540,PRODUCT_000000484,3,54819.53,164458.59
ORDER_000003540_ITEM_003,ORDER_000003540,PRODUCT_000000079,4,20185.32,80741.28
ORDER_000003541_ITEM_001,ORDER_000003541,PRODUCT_000000391,2,21049.94,42099.88
ORDER_000003541_ITEM_002,ORDER_000003541,PRODUCT_000000197,5,54944.74,274723.70
ORDER_000003541_ITEM_003,ORDER_000003541,PRODUCT_000000055,2,77397.64,154795.28
ORDER_000003542_ITEM_001,ORDER_000003542,PRODUCT_000000152,1,1691.46,1691.46
ORDER_000003542_ITEM_002,ORDER_000003542,PRODUCT_000000445,1,957.74,957.74
ORDER_000003542_ITEM_003,ORDER_000003542,PRODUCT_000000354,4,8755.37,35021.48
ORDER_000003543_ITEM_001,ORDER_000003543,PRODUCT_000000220,1,5722.11,5722.11
ORDER_000003543_ITEM_002,ORDER_000003543,PRODUCT_000000373,4,1253.40,5013.60
ORDER_000003543_ITEM_003,ORDER_000003543,PRODUCT_000000289,5,66663.17,333315.85
ORDER_000003544_ITEM_001,ORDER_000003544,PRODUCT_000000092,2,38553.85,77107.70
ORDER_000003544_ITEM_002,ORDER_000003544,PRODUCT_000000125,1,48262.53,48262.53
ORDER_000003544_ITEM_003,ORDER_000003544,PRODUCT_000000342,3,63802.09,191406.27
ORDER_000003545_ITEM_001,ORDER_000003545,PRODUCT_000000292,3,16024.87,48074.61
ORDER_000003545_ITEM_002,ORDER_000003545,PRODUCT_000000050,3,191762.22,575286.66
ORDER_000003545_ITEM_003,ORDER_000003545,PRODUCT_000000079,2,20185.32,40370.64
ORDER_000003546_ITEM_001,ORDER_000003546,PRODUCT_000000213,3,12880.62,38641.86
ORDER_000003546_ITEM_002,ORDER_000003546,PRODUCT_000000430,5,56850.26,284251.30
ORDER_000003546_ITEM_003,ORDER_000003546,PRODUCT_000000286,1,18315.20,18315.20
ORDER_000003547_ITEM_001,ORDER_000003547,PRODUCT_000000299,1,109951.12,109951.12
ORDER_000003547_ITEM_002,ORDER_000003547,PRODUCT_000000294,4,98126.54,392506.16
ORDER_000003547_ITEM_003,ORDER_000003547,PRODUCT_000000455,4,5380.81,21523.24
ORDER_000003548_ITEM_001,ORDER_000003548,PRODUCT_000000327,2,10245.94,20491.88
ORDER_000003548_ITEM_002,ORDER_000003548,PRODUCT_000000076,3,2000.71,6002.13
ORDER_000003548_ITEM_003,ORDER_000003548,PRODUCT_000000486,5,411.42,2057.10
ORDER_000003549_ITEM_001,ORDER_000003549,PRODUCT_000000392,5,38277.40,191387.00
ORDER_000003549_ITEM_002,ORDER_000003549,PRODUCT_000000389,1,71784.35,71784.35
ORDER_000003549_ITEM_003,ORDER_000003549,PRODUCT_000000137,3,2720.00,8160.00
ORDER_000003550_ITEM_001,ORDER_000003550,PRODUCT_000000483,2,11174.40,22348.80
ORDER_000003550_ITEM_002,ORDER_000003550,PRODUCT_000000014,4,31645.32,126581.28
ORDER_000003550_ITEM_003,ORDER_000003550,PRODUCT_000000143,2,71000.26,142000.52
ORDER_000003551_ITEM_001,ORDER_000003551,PRODUCT_000000492,5,1512.08,7560.40
ORDER_000003551_ITEM_002,ORDER_000003551,PRODUCT_000000053,3,120555.53,361666.59
ORDER_000003551_ITEM_003,ORDER_000003551,PRODUCT_000000336,3,9981.53,29944.59
ORDER_000003552_ITEM_001,ORDER_000003552,PRODUCT_000000173,1,18158.57,18158.57
ORDER_000003552_ITEM_002,ORDER_000003552,PRODUCT_000000017,4,17512.73,70050.92
ORDER_000003552_ITEM_003,ORDER_000003552,PRODUCT_000000479,2,436.69,873.38
ORDER_000003553_ITEM_001,ORDER_000003553,PRODUCT_000000183,3,39378.79,118136.37
ORDER_000003553_ITEM_002,ORDER_000003553,PRODUCT_000000099,1,13369.90,13369.90
ORDER_000003553_ITEM_003,ORDER_000003553,PRODUCT_000000279,1,1444.98,1444.98
ORDER_000003554_ITEM_001,ORDER_000003554,PRODUCT_000000357,3,64399.68,193199.04
ORDER_000003554_ITEM_002,ORDER_000003554,PRODUCT_000000321,2,11193.14,22386.28
ORDER_000003554_ITEM_003,ORDER_000003554,PRODUCT_000000163,4,21213.87,84855.48
ORDER_000003555_ITEM_001,ORDER_000003555,PRODUCT_000000009,3,51529.17,154587.51
ORDER_000003555_ITEM_002,ORDER_000003555,PRODUCT_000000054,4,1153.40,4613.60
ORDER_000003555_ITEM_003,ORDER_000003555,PRODUCT_000000204,3,502.82,1508.46
ORDER_000003556_ITEM_001,ORDER_000003556,PRODUCT_000000045,4,35447.12,141788.48
ORDER_000003556_ITEM_002,ORDER_000003556,PRODUCT_000000024,5,2660.53,13302.65
ORDER_000003556_ITEM_003,ORDER_000003556,PRODUCT_000000218,1,7029.23,7029.23
ORDER_000003557_ITEM_001,ORDER_000003557,PRODUCT_000000471,2,26176.74,52353.48
ORDER_000003557_ITEM_002,ORDER_000003557,PRODUCT_000000233,5,2536.45,12682.25
ORDER_000003557_ITEM_003,ORDER_000003557,PRODUCT_000000132,1,48602.08,48602.08
ORDER_000003558_ITEM_001,ORDER_000003558,PRODUCT_000000005,2,3906.48,7812.96
ORDER_000003558_ITEM_002,ORDER_000003558,PRODUCT_000000161,5,684.54,3422.70
ORDER_000003558_ITEM_003,ORDER_000003558,PRODUCT_000000442,1,50728.25,50728.25
ORDER_000003559_ITEM_001,ORDER_000003559,PRODUCT_000000359,3,31351.97,94055.91
ORDER_000003559_ITEM_002,ORDER_000003559,PRODUCT_000000067,3,14987.74,44963.22
ORDER_000003559_ITEM_003,ORDER_000003559,PRODUCT_000000053,2,120555.53,241111.06
ORDER_000003560_ITEM_001,ORDER_000003560,PRODUCT_000000140,4,2815.66,11262.64
ORDER_000003560_ITEM_002,ORDER_000003560,PRODUCT_000000156,2,17875.07,35750.14
ORDER_000003560_ITEM_003,ORDER_000003560,PRODUCT_000000333,5,530.81,2654.05
ORDER_000003561_ITEM_001,ORDER_000003561,PRODUCT_000000059,5,96024.22,480121.10
ORDER_000003561_ITEM_002,ORDER_000003561,PRODUCT_000000051,4,45102.28,180409.12
ORDER_000003561_ITEM_003,ORDER_000003561,PRODUCT_000000455,3,5380.81,16142.43
ORDER_000003562_ITEM_001,ORDER_000003562,PRODUCT_000000386,4,7104.14,28416.56
ORDER_000003562_ITEM_002,ORDER_000003562,PRODUCT_000000399,3,1168.76,3506.28
ORDER_000003562_ITEM_003,ORDER_000003562,PRODUCT_000000066,5,166045.11,830225.55
ORDER_000003563_ITEM_001,ORDER_000003563,PRODUCT_000000414,4,57878.53,231514.12
ORDER_000003563_ITEM_002,ORDER_000003563,PRODUCT_000000228,2,79825.81,159651.62
ORDER_000003563_ITEM_003,ORDER_000003563,PRODUCT_000000229,1,12881.53,12881.53
ORDER_000003564_ITEM_001,ORDER_000003564,PRODUCT_000000052,3,175783.69,527351.07
ORDER_000003564_ITEM_002,ORDER_000003564,PRODUCT_000000063,1,16707.24,16707.24
ORDER_000003564_ITEM_003,ORDER_000003564,PRODUCT_000000446,3,2878.87,8636.61
ORDER_000003565_ITEM_001,ORDER_000003565,PRODUCT_000000388,1,16147.61,16147.61
ORDER_000003565_ITEM_002,ORDER_000003565,PRODUCT_000000158,1,21685.09,21685.09
ORDER_000003565_ITEM_003,ORDER_000003565,PRODUCT_000000470,3,1763.05,5289.15
ORDER_000003566_ITEM_001,ORDER_000003566,PRODUCT_000000141,1,11546.35,11546.35
ORDER_000003566_ITEM_002,ORDER_000003566,PRODUCT_000000321,2,11193.14,22386.28
ORDER_000003566_ITEM_003,ORDER_000003566,PRODUCT_000000464,5,46076.82,230384.10
ORDER_000003567_ITEM_001,ORDER_000003567,PRODUCT_000000196,3,713.24,2139.72
ORDER_000003567_ITEM_002,ORDER_000003567,PRODUCT_000000346,1,90006.80,90006.80
ORDER_000003567_ITEM_003,ORDER_000003567,PRODUCT_000000496,3,970.45,2911.35
ORDER_000003568_ITEM_001,ORDER_000003568,PRODUCT_000000432,3,67458.36,202375.08
ORDER_000003568_ITEM_002,ORDER_000003568,PRODUCT_000000042,1,81949.03,81949.03
ORDER_000003568_ITEM_003,ORDER_000003568,PRODUCT_000000009,3,51529.17,154587.51
ORDER_000003569_ITEM_001,ORDER_000003569,PRODUCT_000000274,2,145414.87,290829.74
ORDER_000003569_ITEM_002,ORDER_000003569,PRODUCT_000000414,5,57878.53,289392.65
ORDER_000003569_ITEM_003,ORDER_000003569,PRODUCT_000000174,4,121049.76,484199.04
ORDER_000003570_ITEM_001,ORDER_000003570,PRODUCT_000000130,3,2919.96,8759.88
ORDER_000003570_ITEM_002,ORDER_000003570,PRODUCT_000000080,4,8444.99,33779.96
ORDER_000003570_ITEM_003,ORDER_000003570,PRODUCT_000000366,1,11041.34,11041.34
ORDER_000003571_ITEM_001,ORDER_000003571,PRODUCT_000000243,4,14614.47,58457.88
ORDER_000003571_ITEM_002,ORDER_000003571,PRODUCT_000000317,3,5032.06,15096.18
ORDER_000003571_ITEM_003,ORDER_000003571,PRODUCT_000000318,5,11683.06,58415.30
ORDER_000003572_ITEM_001,ORDER_000003572,PRODUCT_000000058,2,20181.60,40363.20
ORDER_000003572_ITEM_002,ORDER_000003572,PRODUCT_000000011,3,5081.83,15245.49
ORDER_000003572_ITEM_003,ORDER_000003572,PRODUCT_000000247,1,976.86,976.86
ORDER_000003573_ITEM_001,ORDER_000003573,PRODUCT_000000234,3,8118.02,24354.06
ORDER_000003573_ITEM_002,ORDER_000003573,PRODUCT_000000085,3,95727.09,287181.27
ORDER_000003573_ITEM_003,ORDER_000003573,PRODUCT_000000037,2,28745.87,57491.74
ORDER_000003574_ITEM_001,ORDER_000003574,PRODUCT_000000278,4,2383.85,9535.40
ORDER_000003574_ITEM_002,ORDER_000003574,PRODUCT_000000479,5,436.69,2183.45
ORDER_000003574_ITEM_003,ORDER_000003574,PRODUCT_000000435,1,66739.12,66739.12
ORDER_000003575_ITEM_001,ORDER_000003575,PRODUCT_000000468,1,11339.62,11339.62
ORDER_000003575_ITEM_002,ORDER_000003575,PRODUCT_000000353,1,761.53,761.53
ORDER_000003575_ITEM_003,ORDER_000003575,PRODUCT_000000270,3,4362.80,13088.40
ORDER_000003576_ITEM_001,ORDER_000003576,PRODUCT_000000403,2,1868.76,3737.52
ORDER_000003576_ITEM_002,ORDER_000003576,PRODUCT_000000142,2,77646.41,155292.82
ORDER_000003576_ITEM_003,ORDER_000003576,PRODUCT_000000392,3,38277.40,114832.20
ORDER_000003577_ITEM_001,ORDER_000003577,PRODUCT_000000482,4,1961.27,7845.08
ORDER_000003577_ITEM_002,ORDER_000003577,PRODUCT_000000336,2,9981.53,19963.06
ORDER_000003577_ITEM_003,ORDER_000003577,PRODUCT_000000144,3,1419.24,4257.72
ORDER_000003578_ITEM_001,ORDER_000003578,PRODUCT_000000287,4,2545.20,10180.80
ORDER_000003578_ITEM_002,ORDER_000003578,PRODUCT_000000147,2,79052.74,158105.48
ORDER_000003578_ITEM_003,ORDER_000003578,PRODUCT_000000396,4,32148.93,128595.72
ORDER_000003579_ITEM_001,ORDER_000003579,PRODUCT_000000203,1,131189.59,131189.59
ORDER_000003579_ITEM_002,ORDER_000003579,PRODUCT_000000103,1,63093.38,63093.38
ORDER_000003579_ITEM_003,ORDER_000003579,PRODUCT_000000432,2,67458.36,134916.72
ORDER_000003580_ITEM_001,ORDER_000003580,PRODUCT_000000135,1,19292.87,19292.87
ORDER_000003580_ITEM_002,ORDER_000003580,PRODUCT_000000130,5,2919.96,14599.80
ORDER_000003580_ITEM_003,ORDER_000003580,PRODUCT_000000455,2,5380.81,10761.62
ORDER_000003581_ITEM_001,ORDER_000003581,PRODUCT_000000236,2,1537.45,3074.90
ORDER_000003581_ITEM_002,ORDER_000003581,PRODUCT_000000143,5,71000.26,355001.30
ORDER_000003581_ITEM_003,ORDER_000003581,PRODUCT_000000361,1,2902.94,2902.94
ORDER_000003582_ITEM_001,ORDER_000003582,PRODUCT_000000102,2,81407.93,162815.86
ORDER_000003582_ITEM_002,ORDER_000003582,PRODUCT_000000412,3,65524.59,196573.77
ORDER_000003582_ITEM_003,ORDER_000003582,PRODUCT_000000028,4,22480.60,89922.40
ORDER_000003583_ITEM_001,ORDER_000003583,PRODUCT_000000375,3,2168.98,6506.94
ORDER_000003583_ITEM_002,ORDER_000003583,PRODUCT_000000398,1,5027.03,5027.03
ORDER_000003583_ITEM_003,ORDER_000003583,PRODUCT_000000286,5,18315.20,91576.00
ORDER_000003584_ITEM_001,ORDER_000003584,PRODUCT_000000350,2,27003.79,54007.58
ORDER_000003584_ITEM_002,ORDER_000003584,PRODUCT_000000084,3,69985.17,209955.51
ORDER_000003584_ITEM_003,ORDER_000003584,PRODUCT_000000352,5,17207.18,86035.90
ORDER_000003585_ITEM_001,ORDER_000003585,PRODUCT_000000039,1,399.38,399.38
ORDER_000003585_ITEM_002,ORDER_000003585,PRODUCT_000000464,1,46076.82,46076.82
ORDER_000003585_ITEM_003,ORDER_000003585,PRODUCT_000000423,2,2075.71,4151.42
ORDER_000003586_ITEM_001,ORDER_000003586,PRODUCT_000000180,2,131161.69,262323.38
ORDER_000003586_ITEM_002,ORDER_000003586,PRODUCT_000000190,5,1821.64,9108.20
ORDER_000003586_ITEM_003,ORDER_000003586,PRODUCT_000000296,4,105785.14,423140.56
ORDER_000003587_ITEM_001,ORDER_000003587,PRODUCT_000000098,3,82015.47,246046.41
ORDER_000003587_ITEM_002,ORDER_000003587,PRODUCT_000000488,5,7299.35,36496.75
ORDER_000003587_ITEM_003,ORDER_000003587,PRODUCT_000000325,5,4259.98,21299.90
ORDER_000003588_ITEM_001,ORDER_000003588,PRODUCT_000000446,4,2878.87,11515.48
ORDER_000003588_ITEM_002,ORDER_000003588,PRODUCT_000000065,2,3214.64,6429.28
ORDER_000003588_ITEM_003,ORDER_000003588,PRODUCT_000000093,2,17022.09,34044.18
ORDER_000003589_ITEM_001,ORDER_000003589,PRODUCT_000000266,5,139987.08,699935.40
ORDER_000003589_ITEM_002,ORDER_000003589,PRODUCT_000000218,2,7029.23,14058.46
ORDER_000003589_ITEM_003,ORDER_000003589,PRODUCT_000000288,5,105802.00,529010.00
ORDER_000003590_ITEM_001,ORDER_000003590,PRODUCT_000000104,3,42385.77,127157.31
ORDER_000003590_ITEM_002,ORDER_000003590,PRODUCT_000000191,3,936.27,2808.81
ORDER_000003590_ITEM_003,ORDER_000003590,PRODUCT_000000308,2,10454.59,20909.18
ORDER_000003591_ITEM_001,ORDER_000003591,PRODUCT_000000132,3,48602.08,145806.24
ORDER_000003591_ITEM_002,ORDER_000003591,PRODUCT_000000305,3,2574.22,7722.66
ORDER_000003591_ITEM_003,ORDER_000003591,PRODUCT_000000448,5,30757.35,153786.75
ORDER_000003592_ITEM_001,ORDER_000003592,PRODUCT_000000154,1,17743.63,17743.63
ORDER_000003592_ITEM_002,ORDER_000003592,PRODUCT_000000417,5,2286.08,11430.40
ORDER_000003592_ITEM_003,ORDER_000003592,PRODUCT_000000466,5,7087.91,35439.55
ORDER_000003593_ITEM_001,ORDER_000003593,PRODUCT_000000083,4,68919.06,275676.24
ORDER_000003593_ITEM_002,ORDER_000003593,PRODUCT_000000239,4,30240.84,120963.36
ORDER_000003593_ITEM_003,ORDER_000003593,PRODUCT_000000179,3,16969.41,50908.23
ORDER_000003594_ITEM_001,ORDER_000003594,PRODUCT_000000046,1,3078.68,3078.68
ORDER_000003594_ITEM_002,ORDER_000003594,PRODUCT_000000055,4,77397.64,309590.56
ORDER_000003594_ITEM_003,ORDER_000003594,PRODUCT_000000262,2,34449.06,68898.12
ORDER_000003595_ITEM_001,ORDER_000003595,PRODUCT_000000421,1,26929.93,26929.93
ORDER_000003595_ITEM_002,ORDER_000003595,PRODUCT_000000096,3,1255.12,3765.36
ORDER_000003595_ITEM_003,ORDER_000003595,PRODUCT_000000410,4,6005.71,24022.84
ORDER_000003596_ITEM_001,ORDER_000003596,PRODUCT_000000414,5,57878.53,289392.65
ORDER_000003596_ITEM_002,ORDER_000003596,PRODUCT_000000171,4,212543.08,850172.32
ORDER_000003596_ITEM_003,ORDER_000003596,PRODUCT_000000263,5,114743.85,573719.25
ORDER_000003597_ITEM_001,ORDER_000003597,PRODUCT_000000335,5,7748.73,38743.65
ORDER_000003597_ITEM_002,ORDER_000003597,PRODUCT_000000353,4,761.53,3046.12
ORDER_000003597_ITEM_003,ORDER_000003597,PRODUCT_000000180,1,131161.69,131161.69
ORDER_000003598_ITEM_001,ORDER_000003598,PRODUCT_000000192,1,10837.79,10837.79
ORDER_000003598_ITEM_002,ORDER_000003598,PRODUCT_000000030,2,27973.94,55947.88
ORDER_000003598_ITEM_003,ORDER_000003598,PRODUCT_000000236,2,1537.45,3074.90
ORDER_000003599_ITEM_001,ORDER_000003599,PRODUCT_000000283,5,4001.25,20006.25
ORDER_000003599_ITEM_002,ORDER_000003599,PRODUCT_000000427,1,820.10,820.10
ORDER_000003599_ITEM_003,ORDER_000003599,PRODUCT_000000329,2,9319.38,18638.76
ORDER_000003600_ITEM_001,ORDER_000003600,PRODUCT_000000174,4,121049.76,484199.04
ORDER_000003600_ITEM_002,ORDER_000003600,PRODUCT_000000119,1,10653.04,10653.04
ORDER_000003600_ITEM_003,ORDER_000003600,PRODUCT_000000482,2,1961.27,3922.54
ORDER_000003601_ITEM_001,ORDER_000003601,PRODUCT_000000236,2,1537.45,3074.90
ORDER_000003601_ITEM_002,ORDER_000003601,PRODUCT_000000194,2,2124.84,4249.68
ORDER_000003601_ITEM_003,ORDER_000003601,PRODUCT_000000214,2,37438.96,74877.92
ORDER_000003602_ITEM_001,ORDER_000003602,PRODUCT_000000253,5,1399.91,6999.55
ORDER_000003602_ITEM_002,ORDER_000003602,PRODUCT_000000223,1,3175.58,3175.58
ORDER_000003602_ITEM_003,ORDER_000003602,PRODUCT_000000105,2,630.25,1260.50
ORDER_000003603_ITEM_001,ORDER_000003603,PRODUCT_000000114,2,140563.09,281126.18
ORDER_000003603_ITEM_002,ORDER_000003603,PRODUCT_000000012,2,116699.02,233398.04
ORDER_000003603_ITEM_003,ORDER_000003603,PRODUCT_000000447,5,5903.88,29519.40
ORDER_000003604_ITEM_001,ORDER_000003604,PRODUCT_000000278,5,2383.85,11919.25
ORDER_000003604_ITEM_002,ORDER_000003604,PRODUCT_000000002,4,64148.53,256594.12
ORDER_000003604_ITEM_003,ORDER_000003604,PRODUCT_000000498,5,2542.71,12713.55
ORDER_000003605_ITEM_001,ORDER_000003605,PRODUCT_000000453,3,179948.29,539844.87
ORDER_000003605_ITEM_002,ORDER_000003605,PRODUCT_000000257,4,6078.96,24315.84
ORDER_000003605_ITEM_003,ORDER_000003605,PRODUCT_000000435,3,66739.12,200217.36
ORDER_000003606_ITEM_001,ORDER_000003606,PRODUCT_000000151,2,77780.21,155560.42
ORDER_000003606_ITEM_002,ORDER_000003606,PRODUCT_000000410,3,6005.71,18017.13
ORDER_000003606_ITEM_003,ORDER_000003606,PRODUCT_000000323,2,111157.95,222315.90
ORDER_000003607_ITEM_001,ORDER_000003607,PRODUCT_000000118,3,115069.78,345209.34
ORDER_000003607_ITEM_002,ORDER_000003607,PRODUCT_000000178,4,11187.40,44749.60
ORDER_000003607_ITEM_003,ORDER_000003607,PRODUCT_000000093,1,17022.09,17022.09
ORDER_000003608_ITEM_001,ORDER_000003608,PRODUCT_000000248,2,6350.16,12700.32
ORDER_000003608_ITEM_002,ORDER_000003608,PRODUCT_000000142,4,77646.41,310585.64
ORDER_000003608_ITEM_003,ORDER_000003608,PRODUCT_000000496,2,970.45,1940.90
ORDER_000003609_ITEM_001,ORDER_000003609,PRODUCT_000000258,1,1110.13,1110.13
ORDER_000003609_ITEM_002,ORDER_000003609,PRODUCT_000000158,5,21685.09,108425.45
ORDER_000003609_ITEM_003,ORDER_000003609,PRODUCT_000000013,2,85341.86,170683.72
ORDER_000003610_ITEM_001,ORDER_000003610,PRODUCT_000000397,3,2067.45,6202.35
ORDER_000003610_ITEM_002,ORDER_000003610,PRODUCT_000000095,2,112715.59,225431.18
ORDER_000003610_ITEM_003,ORDER_000003610,PRODUCT_000000309,3,281.12,843.36
ORDER_000003611_ITEM_001,ORDER_000003611,PRODUCT_000000094,3,159079.65,477238.95
ORDER_000003611_ITEM_002,ORDER_000003611,PRODUCT_000000480,4,4616.48,18465.92
ORDER_000003611_ITEM_003,ORDER_000003611,PRODUCT_000000198,1,53251.57,53251.57
ORDER_000003612_ITEM_001,ORDER_000003612,PRODUCT_000000313,1,108316.97,108316.97
ORDER_000003612_ITEM_002,ORDER_000003612,PRODUCT_000000133,3,107202.22,321606.66
ORDER_000003612_ITEM_003,ORDER_000003612,PRODUCT_000000174,2,121049.76,242099.52
ORDER_000003613_ITEM_001,ORDER_000003613,PRODUCT_000000330,4,732.17,2928.68
ORDER_000003613_ITEM_002,ORDER_000003613,PRODUCT_000000074,1,75286.95,75286.95
ORDER_000003613_ITEM_003,ORDER_000003613,PRODUCT_000000220,4,5722.11,22888.44
ORDER_000003614_ITEM_001,ORDER_000003614,PRODUCT_000000402,2,51496.58,102993.16
ORDER_000003614_ITEM_002,ORDER_000003614,PRODUCT_000000242,2,2669.01,5338.02
ORDER_000003614_ITEM_003,ORDER_000003614,PRODUCT_000000252,3,18522.97,55568.91
ORDER_000003615_ITEM_001,ORDER_000003615,PRODUCT_000000166,3,6151.35,18454.05
ORDER_000003615_ITEM_002,ORDER_000003615,PRODUCT_000000284,5,25462.80,127314.00
ORDER_000003615_ITEM_003,ORDER_000003615,PRODUCT_000000493,4,1452.96,5811.84
ORDER_000003616_ITEM_001,ORDER_000003616,PRODUCT_000000096,1,1255.12,1255.12
ORDER_000003616_ITEM_002,ORDER_000003616,PRODUCT_000000020,3,4087.52,12262.56
ORDER_000003616_ITEM_003,ORDER_000003616,PRODUCT_000000017,2,17512.73,35025.46
ORDER_000003617_ITEM_001,ORDER_000003617,PRODUCT_000000405,4,6190.14,24760.56
ORDER_000003617_ITEM_002,ORDER_000003617,PRODUCT_000000477,1,130157.67,130157.67
ORDER_000003617_ITEM_003,ORDER_000003617,PRODUCT_000000369,3,1041.90,3125.70
ORDER_000003618_ITEM_001,ORDER_000003618,PRODUCT_000000396,2,32148.93,64297.86
ORDER_000003618_ITEM_002,ORDER_000003618,PRODUCT_000000280,3,8266.88,24800.64
ORDER_000003618_ITEM_003,ORDER_000003618,PRODUCT_000000409,4,20583.82,82335.28
ORDER_000003619_ITEM_001,ORDER_000003619,PRODUCT_000000340,1,46977.00,46977.00
ORDER_000003619_ITEM_002,ORDER_000003619,PRODUCT_000000311,5,6289.30,31446.50
ORDER_000003619_ITEM_003,ORDER_000003619,PRODUCT_000000459,1,5188.95,5188.95
ORDER_000003620_ITEM_001,ORDER_000003620,PRODUCT_000000332,3,1477.19,4431.57
ORDER_000003620_ITEM_002,ORDER_000003620,PRODUCT_000000349,5,2148.69,10743.45
ORDER_000003620_ITEM_003,ORDER_000003620,PRODUCT_000000081,5,51812.13,259060.65
ORDER_000003621_ITEM_001,ORDER_000003621,PRODUCT_000000290,4,32348.76,129395.04
ORDER_000003621_ITEM_002,ORDER_000003621,PRODUCT_000000239,2,30240.84,60481.68
ORDER_000003621_ITEM_003,ORDER_000003621,PRODUCT_000000255,1,52583.68,52583.68
ORDER_000003622_ITEM_001,ORDER_000003622,PRODUCT_000000358,2,459.97,919.94
ORDER_000003622_ITEM_002,ORDER_000003622,PRODUCT_000000490,2,5004.64,10009.28
ORDER_000003622_ITEM_003,ORDER_000003622,PRODUCT_000000163,4,21213.87,84855.48
ORDER_000003623_ITEM_001,ORDER_000003623,PRODUCT_000000024,1,2660.53,2660.53
ORDER_000003623_ITEM_002,ORDER_000003623,PRODUCT_000000089,4,7426.76,29707.04
ORDER_000003623_ITEM_003,ORDER_000003623,PRODUCT_000000089,4,7426.76,29707.04
ORDER_000003624_ITEM_001,ORDER_000003624,PRODUCT_000000036,1,49982.53,49982.53
ORDER_000003624_ITEM_002,ORDER_000003624,PRODUCT_000000226,3,2585.73,7757.19
ORDER_000003624_ITEM_003,ORDER_000003624,PRODUCT_000000261,2,26099.88,52199.76
ORDER_000003625_ITEM_001,ORDER_000003625,PRODUCT_000000414,5,57878.53,289392.65
ORDER_000003625_ITEM_002,ORDER_000003625,PRODUCT_000000148,3,13436.93,40310.79
ORDER_000003625_ITEM_003,ORDER_000003625,PRODUCT_000000064,2,174728.07,349456.14
ORDER_000003626_ITEM_001,ORDER_000003626,PRODUCT_000000465,1,27686.57,27686.57
ORDER_000003626_ITEM_002,ORDER_000003626,PRODUCT_000000339,4,14282.13,57128.52
ORDER_000003626_ITEM_003,ORDER_000003626,PRODUCT_000000329,3,9319.38,27958.14
ORDER_000003627_ITEM_001,ORDER_000003627,PRODUCT_000000444,5,3373.26,16866.30
ORDER_000003627_ITEM_002,ORDER_000003627,PRODUCT_000000282,3,114133.14,342399.42
ORDER_000003627_ITEM_003,ORDER_000003627,PRODUCT_000000207,4,551.65,2206.60
ORDER_000003628_ITEM_001,ORDER_000003628,PRODUCT_000000185,4,30648.96,122595.84
ORDER_000003628_ITEM_002,ORDER_000003628,PRODUCT_000000309,3,281.12,843.36
ORDER_000003628_ITEM_003,ORDER_000003628,PRODUCT_000000175,3,40112.08,120336.24
ORDER_000003629_ITEM_001,ORDER_000003629,PRODUCT_000000206,2,338.63,677.26
ORDER_000003629_ITEM_002,ORDER_000003629,PRODUCT_000000111,1,5144.89,5144.89
ORDER_000003629_ITEM_003,ORDER_000003629,PRODUCT_000000452,5,66502.26,332511.30
ORDER_000003630_ITEM_001,ORDER_000003630,PRODUCT_000000411,4,261.77,1047.08
ORDER_000003630_ITEM_002,ORDER_000003630,PRODUCT_000000426,1,14178.77,14178.77
ORDER_000003630_ITEM_003,ORDER_000003630,PRODUCT_000000304,5,12926.90,64634.50
ORDER_000003631_ITEM_001,ORDER_000003631,PRODUCT_000000228,1,79825.81,79825.81
ORDER_000003631_ITEM_002,ORDER_000003631,PRODUCT_000000220,2,5722.11,11444.22
ORDER_000003631_ITEM_003,ORDER_000003631,PRODUCT_000000142,4,77646.41,310585.64
ORDER_000003632_ITEM_001,ORDER_000003632,PRODUCT_000000433,5,3121.66,15608.30
ORDER_000003632_ITEM_002,ORDER_000003632,PRODUCT_000000425,2,3973.74,7947.48
ORDER_000003632_ITEM_003,ORDER_000003632,PRODUCT_000000453,2,179948.29,359896.58
ORDER_000003633_ITEM_001,ORDER_000003633,PRODUCT_000000081,2,51812.13,103624.26
ORDER_000003633_ITEM_002,ORDER_000003633,PRODUCT_000000159,4,40197.32,160789.28
ORDER_000003633_ITEM_003,ORDER_000003633,PRODUCT_000000445,3,957.74,2873.22
ORDER_000003634_ITEM_001,ORDER_000003634,PRODUCT_000000174,3,121049.76,363149.28
ORDER_000003634_ITEM_002,ORDER_000003634,PRODUCT_000000117,2,186308.09,372616.18
ORDER_000003634_ITEM_003,ORDER_000003634,PRODUCT_000000194,2,2124.84,4249.68
ORDER_000003635_ITEM_001,ORDER_000003635,PRODUCT_000000089,2,7426.76,14853.52
ORDER_000003635_ITEM_002,ORDER_000003635,PRODUCT_000000099,4,13369.90,53479.60
ORDER_000003635_ITEM_003,ORDER_000003635,PRODUCT_000000354,4,8755.37,35021.48
ORDER_000003636_ITEM_001,ORDER_000003636,PRODUCT_000000467,3,89885.32,269655.96
ORDER_000003636_ITEM_002,ORDER_000003636,PRODUCT_000000353,2,761.53,1523.06
ORDER_000003636_ITEM_003,ORDER_000003636,PRODUCT_000000345,2,106411.74,212823.48
ORDER_000003637_ITEM_001,ORDER_000003637,PRODUCT_000000172,1,4761.64,4761.64
ORDER_000003637_ITEM_002,ORDER_000003637,PRODUCT_000000103,1,63093.38,63093.38
ORDER_000003637_ITEM_003,ORDER_000003637,PRODUCT_000000070,4,82897.23,331588.92
ORDER_000003638_ITEM_001,ORDER_000003638,PRODUCT_000000420,2,33996.43,67992.86
ORDER_000003638_ITEM_002,ORDER_000003638,PRODUCT_000000304,1,12926.90,12926.90
ORDER_000003638_ITEM_003,ORDER_000003638,PRODUCT_000000182,2,906.52,1813.04
ORDER_000003639_ITEM_001,ORDER_000003639,PRODUCT_000000224,1,89554.05,89554.05
ORDER_000003639_ITEM_002,ORDER_000003639,PRODUCT_000000071,2,27899.72,55799.44
ORDER_000003639_ITEM_003,ORDER_000003639,PRODUCT_000000236,4,1537.45,6149.80
ORDER_000003640_ITEM_001,ORDER_000003640,PRODUCT_000000471,2,26176.74,52353.48
ORDER_000003640_ITEM_002,ORDER_000003640,PRODUCT_000000320,3,1644.19,4932.57
ORDER_000003640_ITEM_003,ORDER_000003640,PRODUCT_000000127,4,47505.08,190020.32
ORDER_000003641_ITEM_001,ORDER_000003641,PRODUCT_000000003,3,166254.56,498763.68
ORDER_000003641_ITEM_002,ORDER_000003641,PRODUCT_000000007,3,3112.46,9337.38
ORDER_000003641_ITEM_003,ORDER_000003641,PRODUCT_000000124,3,2352.93,7058.79
ORDER_000003642_ITEM_001,ORDER_000003642,PRODUCT_000000398,4,5027.03,20108.12
ORDER_000003642_ITEM_002,ORDER_000003642,PRODUCT_000000368,2,9454.76,18909.52
ORDER_000003642_ITEM_003,ORDER_000003642,PRODUCT_000000128,2,10367.22,20734.44
ORDER_000003643_ITEM_001,ORDER_000003643,PRODUCT_000000233,1,2536.45,2536.45
ORDER_000003643_ITEM_002,ORDER_000003643,PRODUCT_000000003,4,166254.56,665018.24
ORDER_000003643_ITEM_003,ORDER_000003643,PRODUCT_000000418,2,3679.29,7358.58
ORDER_000003644_ITEM_001,ORDER_000003644,PRODUCT_000000190,2,1821.64,3643.28
ORDER_000003644_ITEM_002,ORDER_000003644,PRODUCT_000000066,1,166045.11,166045.11
ORDER_000003644_ITEM_003,ORDER_000003644,PRODUCT_000000243,5,14614.47,73072.35
ORDER_000003645_ITEM_001,ORDER_000003645,PRODUCT_000000446,2,2878.87,5757.74
ORDER_000003645_ITEM_002,ORDER_000003645,PRODUCT_000000059,2,96024.22,192048.44
ORDER_000003645_ITEM_003,ORDER_000003645,PRODUCT_000000048,1,71251.17,71251.17
ORDER_000003646_ITEM_001,ORDER_000003646,PRODUCT_000000257,5,6078.96,30394.80
ORDER_000003646_ITEM_002,ORDER_000003646,PRODUCT_000000085,2,95727.09,191454.18
ORDER_000003646_ITEM_003,ORDER_000003646,PRODUCT_000000176,4,498.75,1995.00
ORDER_000003647_ITEM_001,ORDER_000003647,PRODUCT_000000026,3,18909.61,56728.83
ORDER_000003647_ITEM_002,ORDER_000003647,PRODUCT_000000017,2,17512.73,35025.46
ORDER_000003647_ITEM_003,ORDER_000003647,PRODUCT_000000141,1,11546.35,11546.35
ORDER_000003648_ITEM_001,ORDER_000003648,PRODUCT_000000413,4,782.86,3131.44
ORDER_000003648_ITEM_002,ORDER_000003648,PRODUCT_000000437,4,5692.44,22769.76
ORDER_000003648_ITEM_003,ORDER_000003648,PRODUCT_000000351,5,186960.69,934803.45
ORDER_000003649_ITEM_001,ORDER_000003649,PRODUCT_000000023,1,1295.31,1295.31
ORDER_000003649_ITEM_002,ORDER_000003649,PRODUCT_000000424,2,6433.07,12866.14
ORDER_000003649_ITEM_003,ORDER_000003649,PRODUCT_000000366,1,11041.34,11041.34
ORDER_000003650_ITEM_001,ORDER_000003650,PRODUCT_000000145,3,3868.10,11604.30
ORDER_000003650_ITEM_002,ORDER_000003650,PRODUCT_000000296,5,105785.14,528925.70
ORDER_000003650_ITEM_003,ORDER_000003650,PRODUCT_000000496,1,970.45,970.45
ORDER_000003651_ITEM_001,ORDER_000003651,PRODUCT_000000231,5,15947.02,79735.10
ORDER_000003651_ITEM_002,ORDER_000003651,PRODUCT_000000069,3,4621.50,13864.50
ORDER_000003651_ITEM_003,ORDER_000003651,PRODUCT_000000361,5,2902.94,14514.70
ORDER_000003652_ITEM_001,ORDER_000003652,PRODUCT_000000285,5,59012.72,295063.60
ORDER_000003652_ITEM_002,ORDER_000003652,PRODUCT_000000032,3,916.80,2750.40
ORDER_000003652_ITEM_003,ORDER_000003652,PRODUCT_000000274,1,145414.87,145414.87
ORDER_000003653_ITEM_001,ORDER_000003653,PRODUCT_000000421,5,26929.93,134649.65
ORDER_000003653_ITEM_002,ORDER_000003653,PRODUCT_000000067,1,14987.74,14987.74
ORDER_000003653_ITEM_003,ORDER_000003653,PRODUCT_000000088,5,4393.00,21965.00
ORDER_000003654_ITEM_001,ORDER_000003654,PRODUCT_000000245,4,2849.98,11399.92
ORDER_000003654_ITEM_002,ORDER_000003654,PRODUCT_000000422,3,76372.72,229118.16
ORDER_000003654_ITEM_003,ORDER_000003654,PRODUCT_000000177,5,29457.82,147289.10
ORDER_000003655_ITEM_001,ORDER_000003655,PRODUCT_000000341,2,80395.16,160790.32
ORDER_000003655_ITEM_002,ORDER_000003655,PRODUCT_000000036,2,49982.53,99965.06
ORDER_000003655_ITEM_003,ORDER_000003655,PRODUCT_000000006,3,78496.47,235489.41
ORDER_000003656_ITEM_001,ORDER_000003656,PRODUCT_000000013,5,85341.86,426709.30
ORDER_000003656_ITEM_002,ORDER_000003656,PRODUCT_000000465,3,27686.57,83059.71
ORDER_000003656_ITEM_003,ORDER_000003656,PRODUCT_000000200,1,22985.98,22985.98
ORDER_000003657_ITEM_001,ORDER_000003657,PRODUCT_000000040,2,21212.12,42424.24
ORDER_000003657_ITEM_002,ORDER_000003657,PRODUCT_000000077,4,77023.77,308095.08
ORDER_000003657_ITEM_003,ORDER_000003657,PRODUCT_000000364,1,87653.60,87653.60
ORDER_000003658_ITEM_001,ORDER_000003658,PRODUCT_000000005,5,3906.48,19532.40
ORDER_000003658_ITEM_002,ORDER_000003658,PRODUCT_000000004,2,84297.47,168594.94
ORDER_000003658_ITEM_003,ORDER_000003658,PRODUCT_000000454,4,1504.58,6018.32
ORDER_000003659_ITEM_001,ORDER_000003659,PRODUCT_000000486,3,411.42,1234.26
ORDER_000003659_ITEM_002,ORDER_000003659,PRODUCT_000000346,4,90006.80,360027.20
ORDER_000003659_ITEM_003,ORDER_000003659,PRODUCT_000000068,5,603.83,3019.15
ORDER_000003660_ITEM_001,ORDER_000003660,PRODUCT_000000234,1,8118.02,8118.02
ORDER_000003660_ITEM_002,ORDER_000003660,PRODUCT_000000183,1,39378.79,39378.79
ORDER_000003660_ITEM_003,ORDER_000003660,PRODUCT_000000442,1,50728.25,50728.25
ORDER_000003661_ITEM_001,ORDER_000003661,PRODUCT_000000233,1,2536.45,2536.45
ORDER_000003661_ITEM_002,ORDER_000003661,PRODUCT_000000488,4,7299.35,29197.40
ORDER_000003661_ITEM_003,ORDER_000003661,PRODUCT_000000203,4,131189.59,524758.36
ORDER_000003662_ITEM_001,ORDER_000003662,PRODUCT_000000463,3,1804.78,5414.34
ORDER_000003662_ITEM_002,ORDER_000003662,PRODUCT_000000194,5,2124.84,10624.20
ORDER_000003662_ITEM_003,ORDER_000003662,PRODUCT_000000251,5,1112.09,5560.45
ORDER_000003663_ITEM_001,ORDER_000003663,PRODUCT_000000021,3,2952.32,8856.96
ORDER_000003663_ITEM_002,ORDER_000003663,PRODUCT_000000189,3,2291.77,6875.31
ORDER_000003663_ITEM_003,ORDER_000003663,PRODUCT_000000014,3,31645.32,94935.96
ORDER_000003664_ITEM_001,ORDER_000003664,PRODUCT_000000401,5,1258.44,6292.20
ORDER_000003664_ITEM_002,ORDER_000003664,PRODUCT_000000299,1,109951.12,109951.12
ORDER_000003664_ITEM_003,ORDER_000003664,PRODUCT_000000305,5,2574.22,12871.10
ORDER_000003665_ITEM_001,ORDER_000003665,PRODUCT_000000436,5,39362.73,196813.65
ORDER_000003665_ITEM_002,ORDER_000003665,PRODUCT_000000121,2,67658.89,135317.78
ORDER_000003665_ITEM_003,ORDER_000003665,PRODUCT_000000083,5,68919.06,344595.30
ORDER_000003666_ITEM_001,ORDER_000003666,PRODUCT_000000123,3,18655.96,55967.88
ORDER_000003666_ITEM_002,ORDER_000003666,PRODUCT_000000334,3,921.24,2763.72
ORDER_000003666_ITEM_003,ORDER_000003666,PRODUCT_000000439,2,72153.89,144307.78
ORDER_000003667_ITEM_001,ORDER_000003667,PRODUCT_000000326,1,12706.30,12706.30
ORDER_000003667_ITEM_002,ORDER_000003667,PRODUCT_000000278,4,2383.85,9535.40
ORDER_000003667_ITEM_003,ORDER_000003667,PRODUCT_000000199,2,48433.40,96866.80
ORDER_000003668_ITEM_001,ORDER_000003668,PRODUCT_000000018,2,54878.11,109756.22
ORDER_000003668_ITEM_002,ORDER_000003668,PRODUCT_000000273,5,93376.09,466880.45
ORDER_000003668_ITEM_003,ORDER_000003668,PRODUCT_000000169,5,1720.94,8604.70
ORDER_000003669_ITEM_001,ORDER_000003669,PRODUCT_000000433,5,3121.66,15608.30
ORDER_000003669_ITEM_002,ORDER_000003669,PRODUCT_000000246,1,84103.35,84103.35
ORDER_000003669_ITEM_003,ORDER_000003669,PRODUCT_000000169,1,1720.94,1720.94
ORDER_000003670_ITEM_001,ORDER_000003670,PRODUCT_000000188,4,35973.47,143893.88
ORDER_000003670_ITEM_002,ORDER_000003670,PRODUCT_000000088,4,4393.00,17572.00
ORDER_000003670_ITEM_003,ORDER_000003670,PRODUCT_000000449,5,10447.59,52237.95
ORDER_000003671_ITEM_001,ORDER_000003671,PRODUCT_000000130,5,2919.96,14599.80
ORDER_000003671_ITEM_002,ORDER_000003671,PRODUCT_000000315,3,1366.86,4100.58
ORDER_000003671_ITEM_003,ORDER_000003671,PRODUCT_000000001,4,47526.13,190104.52
ORDER_000003672_ITEM_001,ORDER_000003672,PRODUCT_000000424,5,6433.07,32165.35
ORDER_000003672_ITEM_002,ORDER_000003672,PRODUCT_000000241,1,19528.30,19528.30
ORDER_000003672_ITEM_003,ORDER_000003672,PRODUCT_000000246,2,84103.35,168206.70
ORDER_000003673_ITEM_001,ORDER_000003673,PRODUCT_000000192,3,10837.79,32513.37
ORDER_000003673_ITEM_002,ORDER_000003673,PRODUCT_000000201,5,92050.96,460254.80
ORDER_000003673_ITEM_003,ORDER_000003673,PRODUCT_000000023,5,1295.31,6476.55
ORDER_000003674_ITEM_001,ORDER_000003674,PRODUCT_000000023,5,1295.31,6476.55
ORDER_000003674_ITEM_002,ORDER_000003674,PRODUCT_000000007,5,3112.46,15562.30
ORDER_000003674_ITEM_003,ORDER_000003674,PRODUCT_000000124,3,2352.93,7058.79
ORDER_000003675_ITEM_001,ORDER_000003675,PRODUCT_000000397,5,2067.45,10337.25
ORDER_000003675_ITEM_002,ORDER_000003675,PRODUCT_000000369,5,1041.90,5209.50
ORDER_000003675_ITEM_003,ORDER_000003675,PRODUCT_000000172,4,4761.64,19046.56
ORDER_000003676_ITEM_001,ORDER_000003676,PRODUCT_000000260,2,2417.05,4834.10
ORDER_000003676_ITEM_002,ORDER_000003676,PRODUCT_000000210,2,961.15,1922.30
ORDER_000003676_ITEM_003,ORDER_000003676,PRODUCT_000000156,5,17875.07,89375.35
ORDER_000003677_ITEM_001,ORDER_000003677,PRODUCT_000000090,4,727.26,2909.04
ORDER_000003677_ITEM_002,ORDER_000003677,PRODUCT_000000171,2,212543.08,425086.16
ORDER_000003677_ITEM_003,ORDER_000003677,PRODUCT_000000404,4,2884.96,11539.84
ORDER_000003678_ITEM_001,ORDER_000003678,PRODUCT_000000150,1,97514.34,97514.34
ORDER_000003678_ITEM_002,ORDER_000003678,PRODUCT_000000030,5,27973.94,139869.70
ORDER_000003678_ITEM_003,ORDER_000003678,PRODUCT_000000164,5,63385.92,316929.60
ORDER_000003679_ITEM_001,ORDER_000003679,PRODUCT_000000147,5,79052.74,395263.70
ORDER_000003679_ITEM_002,ORDER_000003679,PRODUCT_000000014,2,31645.32,63290.64
ORDER_000003679_ITEM_003,ORDER_000003679,PRODUCT_000000492,4,1512.08,6048.32
ORDER_000003680_ITEM_001,ORDER_000003680,PRODUCT_000000206,1,338.63,338.63
ORDER_000003680_ITEM_002,ORDER_000003680,PRODUCT_000000250,3,74845.58,224536.74
ORDER_000003680_ITEM_003,ORDER_000003680,PRODUCT_000000314,5,13535.22,67676.10
ORDER_000003681_ITEM_001,ORDER_000003681,PRODUCT_000000232,3,4022.49,12067.47
ORDER_000003681_ITEM_002,ORDER_000003681,PRODUCT_000000457,4,20677.50,82710.00
ORDER_000003681_ITEM_003,ORDER_000003681,PRODUCT_000000215,5,5520.21,27601.05
ORDER_000003682_ITEM_001,ORDER_000003682,PRODUCT_000000175,2,40112.08,80224.16
ORDER_000003682_ITEM_002,ORDER_000003682,PRODUCT_000000241,2,19528.30,39056.60
ORDER_000003682_ITEM_003,ORDER_000003682,PRODUCT_000000086,4,8488.74,33954.96
ORDER_000003683_ITEM_001,ORDER_000003683,PRODUCT_000000077,4,77023.77,308095.08
ORDER_000003683_ITEM_002,ORDER_000003683,PRODUCT_000000068,5,603.83,3019.15
ORDER_000003683_ITEM_003,ORDER_000003683,PRODUCT_000000195,3,3974.21,11922.63
ORDER_000003684_ITEM_001,ORDER_000003684,PRODUCT_000000029,2,2844.42,5688.84
ORDER_000003684_ITEM_002,ORDER_000003684,PRODUCT_000000104,1,42385.77,42385.77
ORDER_000003684_ITEM_003,ORDER_000003684,PRODUCT_000000499,3,22717.74,68153.22
ORDER_000003685_ITEM_001,ORDER_000003685,PRODUCT_000000315,5,1366.86,6834.30
ORDER_000003685_ITEM_002,ORDER_000003685,PRODUCT_000000108,1,3286.97,3286.97
ORDER_000003685_ITEM_003,ORDER_000003685,PRODUCT_000000114,5,140563.09,702815.45
ORDER_000003686_ITEM_001,ORDER_000003686,PRODUCT_000000444,3,3373.26,10119.78
ORDER_000003686_ITEM_002,ORDER_000003686,PRODUCT_000000419,2,1633.27,3266.54
ORDER_000003686_ITEM_003,ORDER_000003686,PRODUCT_000000367,3,84997.19,254991.57
ORDER_000003687_ITEM_001,ORDER_000003687,PRODUCT_000000068,2,603.83,1207.66
ORDER_000003687_ITEM_002,ORDER_000003687,PRODUCT_000000336,1,9981.53,9981.53
ORDER_000003687_ITEM_003,ORDER_000003687,PRODUCT_000000466,5,7087.91,35439.55
ORDER_000003688_ITEM_001,ORDER_000003688,PRODUCT_000000390,2,36528.52,73057.04
ORDER_000003688_ITEM_002,ORDER_000003688,PRODUCT_000000123,1,18655.96,18655.96
ORDER_000003688_ITEM_003,ORDER_000003688,PRODUCT_000000187,1,1398.69,1398.69
ORDER_000003689_ITEM_001,ORDER_000003689,PRODUCT_000000102,2,81407.93,162815.86
ORDER_000003689_ITEM_002,ORDER_000003689,PRODUCT_000000424,3,6433.07,19299.21
ORDER_000003689_ITEM_003,ORDER_000003689,PRODUCT_000000033,1,84979.83,84979.83
ORDER_000003690_ITEM_001,ORDER_000003690,PRODUCT_000000355,1,2839.63,2839.63
ORDER_000003690_ITEM_002,ORDER_000003690,PRODUCT_000000440,5,4395.21,21976.05
ORDER_000003690_ITEM_003,ORDER_000003690,PRODUCT_000000046,5,3078.68,15393.40
ORDER_000003691_ITEM_001,ORDER_000003691,PRODUCT_000000280,4,8266.88,33067.52
ORDER_000003691_ITEM_002,ORDER_000003691,PRODUCT_000000427,5,820.10,4100.50
ORDER_000003691_ITEM_003,ORDER_000003691,PRODUCT_000000311,4,6289.30,25157.20
ORDER_000003692_ITEM_001,ORDER_000003692,PRODUCT_000000287,5,2545.20,12726.00
ORDER_000003692_ITEM_002,ORDER_000003692,PRODUCT_000000058,2,20181.60,40363.20
ORDER_000003692_ITEM_003,ORDER_000003692,PRODUCT_000000259,5,8268.46,41342.30
ORDER_000003693_ITEM_001,ORDER_000003693,PRODUCT_000000238,2,709.92,1419.84
ORDER_000003693_ITEM_002,ORDER_000003693,PRODUCT_000000471,5,26176.74,130883.70
ORDER_000003693_ITEM_003,ORDER_000003693,PRODUCT_000000087,1,55215.64,55215.64
ORDER_000003694_ITEM_001,ORDER_000003694,PRODUCT_000000083,2,68919.06,137838.12
ORDER_000003694_ITEM_002,ORDER_000003694,PRODUCT_000000314,2,13535.22,27070.44
ORDER_000003694_ITEM_003,ORDER_000003694,PRODUCT_000000373,2,1253.40,2506.80
ORDER_000003695_ITEM_001,ORDER_000003695,PRODUCT_000000166,1,6151.35,6151.35
ORDER_000003695_ITEM_002,ORDER_000003695,PRODUCT_000000179,1,16969.41,16969.41
ORDER_000003695_ITEM_003,ORDER_000003695,PRODUCT_000000492,1,1512.08,1512.08
ORDER_000003696_ITEM_001,ORDER_000003696,PRODUCT_000000096,4,1255.12,5020.48
ORDER_000003696_ITEM_002,ORDER_000003696,PRODUCT_000000103,5,63093.38,315466.90
ORDER_000003696_ITEM_003,ORDER_000003696,PRODUCT_000000033,4,84979.83,339919.32
ORDER_000003697_ITEM_001,ORDER_000003697,PRODUCT_000000242,2,2669.01,5338.02
ORDER_000003697_ITEM_002,ORDER_000003697,PRODUCT_000000243,2,14614.47,29228.94
ORDER_000003697_ITEM_003,ORDER_000003697,PRODUCT_000000402,2,51496.58,102993.16
ORDER_000003698_ITEM_001,ORDER_000003698,PRODUCT_000000263,5,114743.85,573719.25
ORDER_000003698_ITEM_002,ORDER_000003698,PRODUCT_000000466,3,7087.91,21263.73
ORDER_000003698_ITEM_003,ORDER_000003698,PRODUCT_000000078,5,99659.01,498295.05
ORDER_000003699_ITEM_001,ORDER_000003699,PRODUCT_000000417,1,2286.08,2286.08
ORDER_000003699_ITEM_002,ORDER_000003699,PRODUCT_000000493,2,1452.96,2905.92
ORDER_000003699_ITEM_003,ORDER_000003699,PRODUCT_000000005,3,3906.48,11719.44
ORDER_000003700_ITEM_001,ORDER_000003700,PRODUCT_000000428,4,180920.89,723683.56
ORDER_000003700_ITEM_002,ORDER_000003700,PRODUCT_000000077,5,77023.77,385118.85
ORDER_000003700_ITEM_003,ORDER_000003700,PRODUCT_000000422,2,76372.72,152745.44
ORDER_000003701_ITEM_001,ORDER_000003701,PRODUCT_000000275,1,37395.96,37395.96
ORDER_000003701_ITEM_002,ORDER_000003701,PRODUCT_000000282,2,114133.14,228266.28
ORDER_000003701_ITEM_003,ORDER_000003701,PRODUCT_000000371,4,7881.87,31527.48
ORDER_000003702_ITEM_001,ORDER_000003702,PRODUCT_000000042,3,81949.03,245847.09
ORDER_000003702_ITEM_002,ORDER_000003702,PRODUCT_000000499,3,22717.74,68153.22
ORDER_000003702_ITEM_003,ORDER_000003702,PRODUCT_000000345,1,106411.74,106411.74
ORDER_000003703_ITEM_001,ORDER_000003703,PRODUCT_000000454,3,1504.58,4513.74
ORDER_000003703_ITEM_002,ORDER_000003703,PRODUCT_000000127,4,47505.08,190020.32
ORDER_000003703_ITEM_003,ORDER_000003703,PRODUCT_000000203,3,131189.59,393568.77
ORDER_000003704_ITEM_001,ORDER_000003704,PRODUCT_000000025,5,1480.92,7404.60
ORDER_000003704_ITEM_002,ORDER_000003704,PRODUCT_000000094,2,159079.65,318159.30
ORDER_000003704_ITEM_003,ORDER_000003704,PRODUCT_000000412,4,65524.59,262098.36
ORDER_000003705_ITEM_001,ORDER_000003705,PRODUCT_000000006,3,78496.47,235489.41
ORDER_000003705_ITEM_002,ORDER_000003705,PRODUCT_000000015,3,140055.39,420166.17
ORDER_000003705_ITEM_003,ORDER_000003705,PRODUCT_000000384,4,1879.95,7519.80
ORDER_000003706_ITEM_001,ORDER_000003706,PRODUCT_000000011,1,5081.83,5081.83
ORDER_000003706_ITEM_002,ORDER_000003706,PRODUCT_000000066,1,166045.11,166045.11
ORDER_000003706_ITEM_003,ORDER_000003706,PRODUCT_000000461,5,66176.77,330883.85
ORDER_000003707_ITEM_001,ORDER_000003707,PRODUCT_000000393,2,2674.57,5349.14
ORDER_000003707_ITEM_002,ORDER_000003707,PRODUCT_000000296,1,105785.14,105785.14
ORDER_000003707_ITEM_003,ORDER_000003707,PRODUCT_000000316,4,7149.36,28597.44
ORDER_000003708_ITEM_001,ORDER_000003708,PRODUCT_000000217,5,5712.09,28560.45
ORDER_000003708_ITEM_002,ORDER_000003708,PRODUCT_000000370,2,3741.06,7482.12
ORDER_000003708_ITEM_003,ORDER_000003708,PRODUCT_000000424,1,6433.07,6433.07
ORDER_000003709_ITEM_001,ORDER_000003709,PRODUCT_000000374,5,194612.79,973063.95
ORDER_000003709_ITEM_002,ORDER_000003709,PRODUCT_000000042,5,81949.03,409745.15
ORDER_000003709_ITEM_003,ORDER_000003709,PRODUCT_000000188,5,35973.47,179867.35
ORDER_000003710_ITEM_001,ORDER_000003710,PRODUCT_000000100,5,4028.63,20143.15
ORDER_000003710_ITEM_002,ORDER_000003710,PRODUCT_000000120,3,73826.11,221478.33
ORDER_000003710_ITEM_003,ORDER_000003710,PRODUCT_000000211,1,11540.41,11540.41
ORDER_000003711_ITEM_001,ORDER_000003711,PRODUCT_000000305,2,2574.22,5148.44
ORDER_000003711_ITEM_002,ORDER_000003711,PRODUCT_000000332,1,1477.19,1477.19
ORDER_000003711_ITEM_003,ORDER_000003711,PRODUCT_000000351,1,186960.69,186960.69
ORDER_000003712_ITEM_001,ORDER_000003712,PRODUCT_000000124,2,2352.93,4705.86
ORDER_000003712_ITEM_002,ORDER_000003712,PRODUCT_000000145,5,3868.10,19340.50
ORDER_000003712_ITEM_003,ORDER_000003712,PRODUCT_000000117,1,186308.09,186308.09
ORDER_000003713_ITEM_001,ORDER_000003713,PRODUCT_000000089,4,7426.76,29707.04
ORDER_000003713_ITEM_002,ORDER_000003713,PRODUCT_000000005,1,3906.48,3906.48
ORDER_000003713_ITEM_003,ORDER_000003713,PRODUCT_000000365,3,1131.39,3394.17
ORDER_000003714_ITEM_001,ORDER_000003714,PRODUCT_000000474,2,690.90,1381.80
ORDER_000003714_ITEM_002,ORDER_000003714,PRODUCT_000000259,2,8268.46,16536.92
ORDER_000003714_ITEM_003,ORDER_000003714,PRODUCT_000000479,5,436.69,2183.45
ORDER_000003715_ITEM_001,ORDER_000003715,PRODUCT_000000437,3,5692.44,17077.32
ORDER_000003715_ITEM_002,ORDER_000003715,PRODUCT_000000040,5,21212.12,106060.60
ORDER_000003715_ITEM_003,ORDER_000003715,PRODUCT_000000500,5,66111.23,330556.15
ORDER_000003716_ITEM_001,ORDER_000003716,PRODUCT_000000433,1,3121.66,3121.66
ORDER_000003716_ITEM_002,ORDER_000003716,PRODUCT_000000357,4,64399.68,257598.72
ORDER_000003716_ITEM_003,ORDER_000003716,PRODUCT_000000391,1,21049.94,21049.94
ORDER_000003717_ITEM_001,ORDER_000003717,PRODUCT_000000468,1,11339.62,11339.62
ORDER_000003717_ITEM_002,ORDER_000003717,PRODUCT_000000192,3,10837.79,32513.37
ORDER_000003717_ITEM_003,ORDER_000003717,PRODUCT_000000312,1,508.37,508.37
ORDER_000003718_ITEM_001,ORDER_000003718,PRODUCT_000000187,3,1398.69,4196.07
ORDER_000003718_ITEM_002,ORDER_000003718,PRODUCT_000000117,3,186308.09,558924.27
ORDER_000003718_ITEM_003,ORDER_000003718,PRODUCT_000000027,3,122387.75,367163.25
ORDER_000003719_ITEM_001,ORDER_000003719,PRODUCT_000000129,5,109019.55,545097.75
ORDER_000003719_ITEM_002,ORDER_000003719,PRODUCT_000000056,5,1746.83,8734.15
ORDER_000003719_ITEM_003,ORDER_000003719,PRODUCT_000000462,1,87564.19,87564.19
ORDER_000003720_ITEM_001,ORDER_000003720,PRODUCT_000000008,3,113431.81,340295.43
ORDER_000003720_ITEM_002,ORDER_000003720,PRODUCT_000000282,4,114133.14,456532.56
ORDER_000003720_ITEM_003,ORDER_000003720,PRODUCT_000000124,2,2352.93,4705.86
ORDER_000003721_ITEM_001,ORDER_000003721,PRODUCT_000000494,3,535.49,1606.47
ORDER_000003721_ITEM_002,ORDER_000003721,PRODUCT_000000254,4,208122.29,832489.16
ORDER_000003721_ITEM_003,ORDER_000003721,PRODUCT_000000196,2,713.24,1426.48
ORDER_000003722_ITEM_001,ORDER_000003722,PRODUCT_000000364,2,87653.60,175307.20
ORDER_000003722_ITEM_002,ORDER_000003722,PRODUCT_000000395,3,606.04,1818.12
ORDER_000003722_ITEM_003,ORDER_000003722,PRODUCT_000000374,1,194612.79,194612.79
ORDER_000003723_ITEM_001,ORDER_000003723,PRODUCT_000000012,3,116699.02,350097.06
ORDER_000003723_ITEM_002,ORDER_000003723,PRODUCT_000000141,4,11546.35,46185.40
ORDER_000003723_ITEM_003,ORDER_000003723,PRODUCT_000000077,5,77023.77,385118.85
ORDER_000003724_ITEM_001,ORDER_000003724,PRODUCT_000000106,1,1964.81,1964.81
ORDER_000003724_ITEM_002,ORDER_000003724,PRODUCT_000000131,2,8366.73,16733.46
ORDER_000003724_ITEM_003,ORDER_000003724,PRODUCT_000000394,5,1417.36,7086.80
ORDER_000003725_ITEM_001,ORDER_000003725,PRODUCT_000000431,3,28619.97,85859.91
ORDER_000003725_ITEM_002,ORDER_000003725,PRODUCT_000000250,3,74845.58,224536.74
ORDER_000003725_ITEM_003,ORDER_000003725,PRODUCT_000000364,3,87653.60,262960.80
ORDER_000003726_ITEM_001,ORDER_000003726,PRODUCT_000000055,5,77397.64,386988.20
ORDER_000003726_ITEM_002,ORDER_000003726,PRODUCT_000000263,5,114743.85,573719.25
ORDER_000003726_ITEM_003,ORDER_000003726,PRODUCT_000000333,5,530.81,2654.05
ORDER_000003727_ITEM_001,ORDER_000003727,PRODUCT_000000008,5,113431.81,567159.05
ORDER_000003727_ITEM_002,ORDER_000003727,PRODUCT_000000249,5,33792.11,168960.55
ORDER_000003727_ITEM_003,ORDER_000003727,PRODUCT_000000163,5,21213.87,106069.35
ORDER_000003728_ITEM_001,ORDER_000003728,PRODUCT_000000500,4,66111.23,264444.92
ORDER_000003728_ITEM_002,ORDER_000003728,PRODUCT_000000013,4,85341.86,341367.44
ORDER_000003728_ITEM_003,ORDER_000003728,PRODUCT_000000236,1,1537.45,1537.45
ORDER_000003729_ITEM_001,ORDER_000003729,PRODUCT_000000052,5,175783.69,878918.45
ORDER_000003729_ITEM_002,ORDER_000003729,PRODUCT_000000449,2,10447.59,20895.18
ORDER_000003729_ITEM_003,ORDER_000003729,PRODUCT_000000014,2,31645.32,63290.64
ORDER_000003730_ITEM_001,ORDER_000003730,PRODUCT_000000057,4,181686.00,726744.00
ORDER_000003730_ITEM_002,ORDER_000003730,PRODUCT_000000098,5,82015.47,410077.35
ORDER_000003730_ITEM_003,ORDER_000003730,PRODUCT_000000479,2,436.69,873.38
ORDER_000003731_ITEM_001,ORDER_000003731,PRODUCT_000000033,4,84979.83,339919.32
ORDER_000003731_ITEM_002,ORDER_000003731,PRODUCT_000000103,4,63093.38,252373.52
ORDER_000003731_ITEM_003,ORDER_000003731,PRODUCT_000000425,4,3973.74,15894.96
ORDER_000003732_ITEM_001,ORDER_000003732,PRODUCT_000000389,5,71784.35,358921.75
ORDER_000003732_ITEM_002,ORDER_000003732,PRODUCT_000000061,4,378.02,1512.08
ORDER_000003732_ITEM_003,ORDER_000003732,PRODUCT_000000231,3,15947.02,47841.06
ORDER_000003733_ITEM_001,ORDER_000003733,PRODUCT_000000408,2,291.08,582.16
ORDER_000003733_ITEM_002,ORDER_000003733,PRODUCT_000000121,3,67658.89,202976.67
ORDER_000003733_ITEM_003,ORDER_000003733,PRODUCT_000000458,4,38414.84,153659.36
ORDER_000003734_ITEM_001,ORDER_000003734,PRODUCT_000000491,1,116914.83,116914.83
ORDER_000003734_ITEM_002,ORDER_000003734,PRODUCT_000000450,3,137048.55,411145.65
ORDER_000003734_ITEM_003,ORDER_000003734,PRODUCT_000000052,1,175783.69,175783.69
ORDER_000003735_ITEM_001,ORDER_000003735,PRODUCT_000000237,1,40793.49,40793.49
ORDER_000003735_ITEM_002,ORDER_000003735,PRODUCT_000000175,4,40112.08,160448.32
ORDER_000003735_ITEM_003,ORDER_000003735,PRODUCT_000000105,4,630.25,2521.00
ORDER_000003736_ITEM_001,ORDER_000003736,PRODUCT_000000095,5,112715.59,563577.95
ORDER_000003736_ITEM_002,ORDER_000003736,PRODUCT_000000302,4,3481.66,13926.64
ORDER_000003736_ITEM_003,ORDER_000003736,PRODUCT_000000143,3,71000.26,213000.78
ORDER_000003737_ITEM_001,ORDER_000003737,PRODUCT_000000496,4,970.45,3881.80
ORDER_000003737_ITEM_002,ORDER_000003737,PRODUCT_000000245,4,2849.98,11399.92
ORDER_000003737_ITEM_003,ORDER_000003737,PRODUCT_000000174,5,121049.76,605248.80
ORDER_000003738_ITEM_001,ORDER_000003738,PRODUCT_000000206,1,338.63,338.63
ORDER_000003738_ITEM_002,ORDER_000003738,PRODUCT_000000316,3,7149.36,21448.08
ORDER_000003738_ITEM_003,ORDER_000003738,PRODUCT_000000410,5,6005.71,30028.55
ORDER_000003739_ITEM_001,ORDER_000003739,PRODUCT_000000415,4,77825.19,311300.76
ORDER_000003739_ITEM_002,ORDER_000003739,PRODUCT_000000316,2,7149.36,14298.72
ORDER_000003739_ITEM_003,ORDER_000003739,PRODUCT_000000011,4,5081.83,20327.32
ORDER_000003740_ITEM_001,ORDER_000003740,PRODUCT_000000437,3,5692.44,17077.32
ORDER_000003740_ITEM_002,ORDER_000003740,PRODUCT_000000320,3,1644.19,4932.57
ORDER_000003740_ITEM_003,ORDER_000003740,PRODUCT_000000276,4,6006.43,24025.72
ORDER_000003741_ITEM_001,ORDER_000003741,PRODUCT_000000043,4,143690.78,574763.12
ORDER_000003741_ITEM_002,ORDER_000003741,PRODUCT_000000086,3,8488.74,25466.22
ORDER_000003741_ITEM_003,ORDER_000003741,PRODUCT_000000345,3,106411.74,319235.22
ORDER_000003742_ITEM_001,ORDER_000003742,PRODUCT_000000012,3,116699.02,350097.06
ORDER_000003742_ITEM_002,ORDER_000003742,PRODUCT_000000247,4,976.86,3907.44
ORDER_000003742_ITEM_003,ORDER_000003742,PRODUCT_000000443,5,1322.46,6612.30
ORDER_000003743_ITEM_001,ORDER_000003743,PRODUCT_000000302,4,3481.66,13926.64
ORDER_000003743_ITEM_002,ORDER_000003743,PRODUCT_000000343,4,62824.31,251297.24
ORDER_000003743_ITEM_003,ORDER_000003743,PRODUCT_000000283,2,4001.25,8002.50
ORDER_000003744_ITEM_001,ORDER_000003744,PRODUCT_000000233,5,2536.45,12682.25
ORDER_000003744_ITEM_002,ORDER_000003744,PRODUCT_000000264,3,2135.20,6405.60
ORDER_000003744_ITEM_003,ORDER_000003744,PRODUCT_000000262,4,34449.06,137796.24
ORDER_000003745_ITEM_001,ORDER_000003745,PRODUCT_000000042,4,81949.03,327796.12
ORDER_000003745_ITEM_002,ORDER_000003745,PRODUCT_000000348,1,511.50,511.50
ORDER_000003745_ITEM_003,ORDER_000003745,PRODUCT_000000142,5,77646.41,388232.05
ORDER_000003746_ITEM_001,ORDER_000003746,PRODUCT_000000080,5,8444.99,42224.95
ORDER_000003746_ITEM_002,ORDER_000003746,PRODUCT_000000345,1,106411.74,106411.74
ORDER_000003746_ITEM_003,ORDER_000003746,PRODUCT_000000125,2,48262.53,96525.06
ORDER_000003747_ITEM_001,ORDER_000003747,PRODUCT_000000344,1,108319.93,108319.93
ORDER_000003747_ITEM_002,ORDER_000003747,PRODUCT_000000058,2,20181.60,40363.20
ORDER_000003747_ITEM_003,ORDER_000003747,PRODUCT_000000065,3,3214.64,9643.92
ORDER_000003748_ITEM_001,ORDER_000003748,PRODUCT_000000312,3,508.37,1525.11
ORDER_000003748_ITEM_002,ORDER_000003748,PRODUCT_000000362,5,311.22,1556.10
ORDER_000003748_ITEM_003,ORDER_000003748,PRODUCT_000000431,4,28619.97,114479.88
ORDER_000003749_ITEM_001,ORDER_000003749,PRODUCT_000000336,2,9981.53,19963.06
ORDER_000003749_ITEM_002,ORDER_000003749,PRODUCT_000000449,3,10447.59,31342.77
ORDER_000003749_ITEM_003,ORDER_000003749,PRODUCT_000000486,2,411.42,822.84
ORDER_000003750_ITEM_001,ORDER_000003750,PRODUCT_000000077,1,77023.77,77023.77
ORDER_000003750_ITEM_002,ORDER_000003750,PRODUCT_000000023,3,1295.31,3885.93
ORDER_000003750_ITEM_003,ORDER_000003750,PRODUCT_000000410,4,6005.71,24022.84
ORDER_000003751_ITEM_001,ORDER_000003751,PRODUCT_000000432,3,67458.36,202375.08
ORDER_000003751_ITEM_002,ORDER_000003751,PRODUCT_000000167,1,29972.62,29972.62
ORDER_000003751_ITEM_003,ORDER_000003751,PRODUCT_000000489,3,65761.05,197283.15
ORDER_000003752_ITEM_001,ORDER_000003752,PRODUCT_000000326,2,12706.30,25412.60
ORDER_000003752_ITEM_002,ORDER_000003752,PRODUCT_000000007,4,3112.46,12449.84
ORDER_000003752_ITEM_003,ORDER_000003752,PRODUCT_000000217,1,5712.09,5712.09
ORDER_000003753_ITEM_001,ORDER_000003753,PRODUCT_000000043,1,143690.78,143690.78
ORDER_000003753_ITEM_002,ORDER_000003753,PRODUCT_000000248,4,6350.16,25400.64
ORDER_000003753_ITEM_003,ORDER_000003753,PRODUCT_000000468,5,11339.62,56698.10
ORDER_000003754_ITEM_001,ORDER_000003754,PRODUCT_000000267,4,451.33,1805.32
ORDER_000003754_ITEM_002,ORDER_000003754,PRODUCT_000000443,2,1322.46,2644.92
ORDER_000003754_ITEM_003,ORDER_000003754,PRODUCT_000000222,1,26935.38,26935.38
ORDER_000003755_ITEM_001,ORDER_000003755,PRODUCT_000000473,3,10475.93,31427.79
ORDER_000003755_ITEM_002,ORDER_000003755,PRODUCT_000000365,3,1131.39,3394.17
ORDER_000003755_ITEM_003,ORDER_000003755,PRODUCT_000000354,5,8755.37,43776.85
ORDER_000003756_ITEM_001,ORDER_000003756,PRODUCT_000000139,5,955.15,4775.75
ORDER_000003756_ITEM_002,ORDER_000003756,PRODUCT_000000313,3,108316.97,324950.91
ORDER_000003756_ITEM_003,ORDER_000003756,PRODUCT_000000260,3,2417.05,7251.15
ORDER_000003757_ITEM_001,ORDER_000003757,PRODUCT_000000161,4,684.54,2738.16
ORDER_000003757_ITEM_002,ORDER_000003757,PRODUCT_000000272,5,13222.81,66114.05
ORDER_000003757_ITEM_003,ORDER_000003757,PRODUCT_000000336,2,9981.53,19963.06
ORDER_000003758_ITEM_001,ORDER_000003758,PRODUCT_000000236,5,1537.45,7687.25
ORDER_000003758_ITEM_002,ORDER_000003758,PRODUCT_000000177,5,29457.82,147289.10
ORDER_000003758_ITEM_003,ORDER_000003758,PRODUCT_000000027,5,122387.75,611938.75
ORDER_000003759_ITEM_001,ORDER_000003759,PRODUCT_000000428,4,180920.89,723683.56
ORDER_000003759_ITEM_002,ORDER_000003759,PRODUCT_000000444,4,3373.26,13493.04
ORDER_000003759_ITEM_003,ORDER_000003759,PRODUCT_000000238,5,709.92,3549.60
ORDER_000003760_ITEM_001,ORDER_000003760,PRODUCT_000000322,4,6422.03,25688.12
ORDER_000003760_ITEM_002,ORDER_000003760,PRODUCT_000000001,1,47526.13,47526.13
ORDER_000003760_ITEM_003,ORDER_000003760,PRODUCT_000000084,2,69985.17,139970.34
ORDER_000003761_ITEM_001,ORDER_000003761,PRODUCT_000000311,4,6289.30,25157.20
ORDER_000003761_ITEM_002,ORDER_000003761,PRODUCT_000000227,3,51780.80,155342.40
ORDER_000003761_ITEM_003,ORDER_000003761,PRODUCT_000000333,1,530.81,530.81
ORDER_000003762_ITEM_001,ORDER_000003762,PRODUCT_000000467,3,89885.32,269655.96
ORDER_000003762_ITEM_002,ORDER_000003762,PRODUCT_000000445,4,957.74,3830.96
ORDER_000003762_ITEM_003,ORDER_000003762,PRODUCT_000000304,4,12926.90,51707.60
ORDER_000003763_ITEM_001,ORDER_000003763,PRODUCT_000000244,5,13044.75,65223.75
ORDER_000003763_ITEM_002,ORDER_000003763,PRODUCT_000000317,4,5032.06,20128.24
ORDER_000003763_ITEM_003,ORDER_000003763,PRODUCT_000000126,3,23808.94,71426.82
ORDER_000003764_ITEM_001,ORDER_000003764,PRODUCT_000000354,4,8755.37,35021.48
ORDER_000003764_ITEM_002,ORDER_000003764,PRODUCT_000000444,1,3373.26,3373.26
ORDER_000003764_ITEM_003,ORDER_000003764,PRODUCT_000000262,4,34449.06,137796.24
ORDER_000003765_ITEM_001,ORDER_000003765,PRODUCT_000000450,5,137048.55,685242.75
ORDER_000003765_ITEM_002,ORDER_000003765,PRODUCT_000000397,2,2067.45,4134.90
ORDER_000003765_ITEM_003,ORDER_000003765,PRODUCT_000000243,4,14614.47,58457.88
ORDER_000003766_ITEM_001,ORDER_000003766,PRODUCT_000000254,1,208122.29,208122.29
ORDER_000003766_ITEM_002,ORDER_000003766,PRODUCT_000000128,1,10367.22,10367.22
ORDER_000003766_ITEM_003,ORDER_000003766,PRODUCT_000000466,4,7087.91,28351.64
ORDER_000003767_ITEM_001,ORDER_000003767,PRODUCT_000000133,1,107202.22,107202.22
ORDER_000003767_ITEM_002,ORDER_000003767,PRODUCT_000000222,2,26935.38,53870.76
ORDER_000003767_ITEM_003,ORDER_000003767,PRODUCT_000000239,3,30240.84,90722.52
ORDER_000003768_ITEM_001,ORDER_000003768,PRODUCT_000000389,2,71784.35,143568.70
ORDER_000003768_ITEM_002,ORDER_000003768,PRODUCT_000000111,2,5144.89,10289.78
ORDER_000003768_ITEM_003,ORDER_000003768,PRODUCT_000000467,2,89885.32,179770.64
ORDER_000003769_ITEM_001,ORDER_000003769,PRODUCT_000000060,2,61306.51,122613.02
ORDER_000003769_ITEM_002,ORDER_000003769,PRODUCT_000000341,3,80395.16,241185.48
ORDER_000003769_ITEM_003,ORDER_000003769,PRODUCT_000000435,5,66739.12,333695.60
ORDER_000003770_ITEM_001,ORDER_000003770,PRODUCT_000000056,2,1746.83,3493.66
ORDER_000003770_ITEM_002,ORDER_000003770,PRODUCT_000000481,5,242.93,1214.65
ORDER_000003770_ITEM_003,ORDER_000003770,PRODUCT_000000123,1,18655.96,18655.96
ORDER_000003771_ITEM_001,ORDER_000003771,PRODUCT_000000200,2,22985.98,45971.96
ORDER_000003771_ITEM_002,ORDER_000003771,PRODUCT_000000204,3,502.82,1508.46
ORDER_000003771_ITEM_003,ORDER_000003771,PRODUCT_000000102,2,81407.93,162815.86
ORDER_000003772_ITEM_001,ORDER_000003772,PRODUCT_000000074,4,75286.95,301147.80
ORDER_000003772_ITEM_002,ORDER_000003772,PRODUCT_000000244,3,13044.75,39134.25
ORDER_000003772_ITEM_003,ORDER_000003772,PRODUCT_000000385,1,2562.52,2562.52
ORDER_000003773_ITEM_001,ORDER_000003773,PRODUCT_000000395,4,606.04,2424.16
ORDER_000003773_ITEM_002,ORDER_000003773,PRODUCT_000000290,2,32348.76,64697.52
ORDER_000003773_ITEM_003,ORDER_000003773,PRODUCT_000000065,1,3214.64,3214.64
ORDER_000003774_ITEM_001,ORDER_000003774,PRODUCT_000000379,3,788.70,2366.10
ORDER_000003774_ITEM_002,ORDER_000003774,PRODUCT_000000204,5,502.82,2514.10
ORDER_000003774_ITEM_003,ORDER_000003774,PRODUCT_000000070,2,82897.23,165794.46
ORDER_000003775_ITEM_001,ORDER_000003775,PRODUCT_000000481,2,242.93,485.86
ORDER_000003775_ITEM_002,ORDER_000003775,PRODUCT_000000052,5,175783.69,878918.45
ORDER_000003775_ITEM_003,ORDER_000003775,PRODUCT_000000275,4,37395.96,149583.84
ORDER_000003776_ITEM_001,ORDER_000003776,PRODUCT_000000247,5,976.86,4884.30
ORDER_000003776_ITEM_002,ORDER_000003776,PRODUCT_000000463,3,1804.78,5414.34
ORDER_000003776_ITEM_003,ORDER_000003776,PRODUCT_000000399,3,1168.76,3506.28
ORDER_000003777_ITEM_001,ORDER_000003777,PRODUCT_000000379,2,788.70,1577.40
ORDER_000003777_ITEM_002,ORDER_000003777,PRODUCT_000000314,2,13535.22,27070.44
ORDER_000003777_ITEM_003,ORDER_000003777,PRODUCT_000000164,3,63385.92,190157.76
ORDER_000003778_ITEM_001,ORDER_000003778,PRODUCT_000000162,4,12519.41,50077.64
ORDER_000003778_ITEM_002,ORDER_000003778,PRODUCT_000000289,4,66663.17,266652.68
ORDER_000003778_ITEM_003,ORDER_000003778,PRODUCT_000000287,5,2545.20,12726.00
ORDER_000003779_ITEM_001,ORDER_000003779,PRODUCT_000000405,2,6190.14,12380.28
ORDER_000003779_ITEM_002,ORDER_000003779,PRODUCT_000000263,2,114743.85,229487.70
ORDER_000003779_ITEM_003,ORDER_000003779,PRODUCT_000000351,5,186960.69,934803.45
ORDER_000003780_ITEM_001,ORDER_000003780,PRODUCT_000000149,3,500.36,1501.08
ORDER_000003780_ITEM_002,ORDER_000003780,PRODUCT_000000458,2,38414.84,76829.68
ORDER_000003780_ITEM_003,ORDER_000003780,PRODUCT_000000035,3,6152.71,18458.13
ORDER_000003781_ITEM_001,ORDER_000003781,PRODUCT_000000434,5,1900.67,9503.35
ORDER_000003781_ITEM_002,ORDER_000003781,PRODUCT_000000289,1,66663.17,66663.17
ORDER_000003781_ITEM_003,ORDER_000003781,PRODUCT_000000385,1,2562.52,2562.52
ORDER_000003782_ITEM_001,ORDER_000003782,PRODUCT_000000043,4,143690.78,574763.12
ORDER_000003782_ITEM_002,ORDER_000003782,PRODUCT_000000158,2,21685.09,43370.18
ORDER_000003782_ITEM_003,ORDER_000003782,PRODUCT_000000447,2,5903.88,11807.76
ORDER_000003783_ITEM_001,ORDER_000003783,PRODUCT_000000486,1,411.42,411.42
ORDER_000003783_ITEM_002,ORDER_000003783,PRODUCT_000000364,3,87653.60,262960.80
ORDER_000003783_ITEM_003,ORDER_000003783,PRODUCT_000000199,3,48433.40,145300.20
ORDER_000003784_ITEM_001,ORDER_000003784,PRODUCT_000000008,5,113431.81,567159.05
ORDER_000003784_ITEM_002,ORDER_000003784,PRODUCT_000000183,2,39378.79,78757.58
ORDER_000003784_ITEM_003,ORDER_000003784,PRODUCT_000000363,5,1679.27,8396.35
ORDER_000003785_ITEM_001,ORDER_000003785,PRODUCT_000000173,1,18158.57,18158.57
ORDER_000003785_ITEM_002,ORDER_000003785,PRODUCT_000000261,5,26099.88,130499.40
ORDER_000003785_ITEM_003,ORDER_000003785,PRODUCT_000000141,4,11546.35,46185.40
ORDER_000003786_ITEM_001,ORDER_000003786,PRODUCT_000000404,1,2884.96,2884.96
ORDER_000003786_ITEM_002,ORDER_000003786,PRODUCT_000000453,5,179948.29,899741.45
ORDER_000003786_ITEM_003,ORDER_000003786,PRODUCT_000000416,4,2364.84,9459.36
ORDER_000003787_ITEM_001,ORDER_000003787,PRODUCT_000000017,3,17512.73,52538.19
ORDER_000003787_ITEM_002,ORDER_000003787,PRODUCT_000000072,5,7200.43,36002.15
ORDER_000003787_ITEM_003,ORDER_000003787,PRODUCT_000000155,3,37803.93,113411.79
ORDER_000003788_ITEM_001,ORDER_000003788,PRODUCT_000000398,2,5027.03,10054.06
ORDER_000003788_ITEM_002,ORDER_000003788,PRODUCT_000000165,2,91589.22,183178.44
ORDER_000003788_ITEM_003,ORDER_000003788,PRODUCT_000000096,3,1255.12,3765.36
ORDER_000003789_ITEM_001,ORDER_000003789,PRODUCT_000000419,5,1633.27,8166.35
ORDER_000003789_ITEM_002,ORDER_000003789,PRODUCT_000000025,3,1480.92,4442.76
ORDER_000003789_ITEM_003,ORDER_000003789,PRODUCT_000000233,4,2536.45,10145.80
ORDER_000003790_ITEM_001,ORDER_000003790,PRODUCT_000000197,1,54944.74,54944.74
ORDER_000003790_ITEM_002,ORDER_000003790,PRODUCT_000000082,1,904.37,904.37
ORDER_000003790_ITEM_003,ORDER_000003790,PRODUCT_000000414,3,57878.53,173635.59
ORDER_000003791_ITEM_001,ORDER_000003791,PRODUCT_000000404,3,2884.96,8654.88
ORDER_000003791_ITEM_002,ORDER_000003791,PRODUCT_000000434,2,1900.67,3801.34
ORDER_000003791_ITEM_003,ORDER_000003791,PRODUCT_000000420,5,33996.43,169982.15
ORDER_000003792_ITEM_001,ORDER_000003792,PRODUCT_000000293,1,68391.63,68391.63
ORDER_000003792_ITEM_002,ORDER_000003792,PRODUCT_000000304,5,12926.90,64634.50
ORDER_000003792_ITEM_003,ORDER_000003792,PRODUCT_000000470,1,1763.05,1763.05
ORDER_000003793_ITEM_001,ORDER_000003793,PRODUCT_000000326,3,12706.30,38118.90
ORDER_000003793_ITEM_002,ORDER_000003793,PRODUCT_000000172,5,4761.64,23808.20
ORDER_000003793_ITEM_003,ORDER_000003793,PRODUCT_000000259,1,8268.46,8268.46
ORDER_000003794_ITEM_001,ORDER_000003794,PRODUCT_000000162,5,12519.41,62597.05
ORDER_000003794_ITEM_002,ORDER_000003794,PRODUCT_000000347,4,424.29,1697.16
ORDER_000003794_ITEM_003,ORDER_000003794,PRODUCT_000000248,1,6350.16,6350.16
ORDER_000003795_ITEM_001,ORDER_000003795,PRODUCT_000000216,2,189337.30,378674.60
ORDER_000003795_ITEM_002,ORDER_000003795,PRODUCT_000000018,1,54878.11,54878.11
ORDER_000003795_ITEM_003,ORDER_000003795,PRODUCT_000000223,2,3175.58,6351.16
ORDER_000003796_ITEM_001,ORDER_000003796,PRODUCT_000000150,3,97514.34,292543.02
ORDER_000003796_ITEM_002,ORDER_000003796,PRODUCT_000000260,4,2417.05,9668.20
ORDER_000003796_ITEM_003,ORDER_000003796,PRODUCT_000000453,5,179948.29,899741.45
ORDER_000003797_ITEM_001,ORDER_000003797,PRODUCT_000000369,4,1041.90,4167.60
ORDER_000003797_ITEM_002,ORDER_000003797,PRODUCT_000000244,3,13044.75,39134.25
ORDER_000003797_ITEM_003,ORDER_000003797,PRODUCT_000000315,5,1366.86,6834.30
ORDER_000003798_ITEM_001,ORDER_000003798,PRODUCT_000000025,3,1480.92,4442.76
ORDER_000003798_ITEM_002,ORDER_000003798,PRODUCT_000000242,1,2669.01,2669.01
ORDER_000003798_ITEM_003,ORDER_000003798,PRODUCT_000000301,2,3608.69,7217.38
ORDER_000003799_ITEM_001,ORDER_000003799,PRODUCT_000000373,1,1253.40,1253.40
ORDER_000003799_ITEM_002,ORDER_000003799,PRODUCT_000000352,5,17207.18,86035.90
ORDER_000003799_ITEM_003,ORDER_000003799,PRODUCT_000000459,2,5188.95,10377.90
ORDER_000003800_ITEM_001,ORDER_000003800,PRODUCT_000000253,2,1399.91,2799.82
ORDER_000003800_ITEM_002,ORDER_000003800,PRODUCT_000000219,1,10831.78,10831.78
ORDER_000003800_ITEM_003,ORDER_000003800,PRODUCT_000000252,1,18522.97,18522.97
ORDER_000003801_ITEM_001,ORDER_000003801,PRODUCT_000000074,1,75286.95,75286.95
ORDER_000003801_ITEM_002,ORDER_000003801,PRODUCT_000000126,2,23808.94,47617.88
ORDER_000003801_ITEM_003,ORDER_000003801,PRODUCT_000000400,3,50864.82,152594.46
ORDER_000003802_ITEM_001,ORDER_000003802,PRODUCT_000000400,3,50864.82,152594.46
ORDER_000003802_ITEM_002,ORDER_000003802,PRODUCT_000000198,2,53251.57,106503.14
ORDER_000003802_ITEM_003,ORDER_000003802,PRODUCT_000000290,5,32348.76,161743.80
ORDER_000003803_ITEM_001,ORDER_000003803,PRODUCT_000000099,1,13369.90,13369.90
ORDER_000003803_ITEM_002,ORDER_000003803,PRODUCT_000000108,2,3286.97,6573.94
ORDER_000003803_ITEM_003,ORDER_000003803,PRODUCT_000000390,2,36528.52,73057.04
ORDER_000003804_ITEM_001,ORDER_000003804,PRODUCT_000000063,2,16707.24,33414.48
ORDER_000003804_ITEM_002,ORDER_000003804,PRODUCT_000000170,2,2022.45,4044.90
ORDER_000003804_ITEM_003,ORDER_000003804,PRODUCT_000000450,5,137048.55,685242.75
ORDER_000003805_ITEM_001,ORDER_000003805,PRODUCT_000000254,5,208122.29,1040611.45
ORDER_000003805_ITEM_002,ORDER_000003805,PRODUCT_000000374,4,194612.79,778451.16
ORDER_000003805_ITEM_003,ORDER_000003805,PRODUCT_000000109,5,11755.22,58776.10
ORDER_000003806_ITEM_001,ORDER_000003806,PRODUCT_000000001,1,47526.13,47526.13
ORDER_000003806_ITEM_002,ORDER_000003806,PRODUCT_000000257,1,6078.96,6078.96
ORDER_000003806_ITEM_003,ORDER_000003806,PRODUCT_000000424,3,6433.07,19299.21
ORDER_000003807_ITEM_001,ORDER_000003807,PRODUCT_000000054,2,1153.40,2306.80
ORDER_000003807_ITEM_002,ORDER_000003807,PRODUCT_000000476,4,65466.46,261865.84
ORDER_000003807_ITEM_003,ORDER_000003807,PRODUCT_000000470,1,1763.05,1763.05
ORDER_000003808_ITEM_001,ORDER_000003808,PRODUCT_000000144,5,1419.24,7096.20
ORDER_000003808_ITEM_002,ORDER_000003808,PRODUCT_000000230,3,104957.16,314871.48
ORDER_000003808_ITEM_003,ORDER_000003808,PRODUCT_000000478,4,5870.96,23483.84
ORDER_000003809_ITEM_001,ORDER_000003809,PRODUCT_000000069,4,4621.50,18486.00
ORDER_000003809_ITEM_002,ORDER_000003809,PRODUCT_000000138,5,9019.79,45098.95
ORDER_000003809_ITEM_003,ORDER_000003809,PRODUCT_000000209,5,4970.11,24850.55
ORDER_000003810_ITEM_001,ORDER_000003810,PRODUCT_000000103,2,63093.38,126186.76
ORDER_000003810_ITEM_002,ORDER_000003810,PRODUCT_000000387,1,22127.64,22127.64
ORDER_000003810_ITEM_003,ORDER_000003810,PRODUCT_000000061,5,378.02,1890.10
ORDER_000003811_ITEM_001,ORDER_000003811,PRODUCT_000000190,1,1821.64,1821.64
ORDER_000003811_ITEM_002,ORDER_000003811,PRODUCT_000000141,5,11546.35,57731.75
ORDER_000003811_ITEM_003,ORDER_000003811,PRODUCT_000000371,4,7881.87,31527.48
ORDER_000003812_ITEM_001,ORDER_000003812,PRODUCT_000000106,3,1964.81,5894.43
ORDER_000003812_ITEM_002,ORDER_000003812,PRODUCT_000000273,5,93376.09,466880.45
ORDER_000003812_ITEM_003,ORDER_000003812,PRODUCT_000000193,2,1656.01,3312.02
ORDER_000003813_ITEM_001,ORDER_000003813,PRODUCT_000000053,2,120555.53,241111.06
ORDER_000003813_ITEM_002,ORDER_000003813,PRODUCT_000000240,5,8842.70,44213.50
ORDER_000003813_ITEM_003,ORDER_000003813,PRODUCT_000000223,5,3175.58,15877.90
ORDER_000003814_ITEM_001,ORDER_000003814,PRODUCT_000000156,2,17875.07,35750.14
ORDER_000003814_ITEM_002,ORDER_000003814,PRODUCT_000000183,4,39378.79,157515.16
ORDER_000003814_ITEM_003,ORDER_000003814,PRODUCT_000000117,5,186308.09,931540.45
ORDER_000003815_ITEM_001,ORDER_000003815,PRODUCT_000000288,2,105802.00,211604.00
ORDER_000003815_ITEM_002,ORDER_000003815,PRODUCT_000000384,4,1879.95,7519.80
ORDER_000003815_ITEM_003,ORDER_000003815,PRODUCT_000000306,4,16336.98,65347.92
ORDER_000003816_ITEM_001,ORDER_000003816,PRODUCT_000000247,5,976.86,4884.30
ORDER_000003816_ITEM_002,ORDER_000003816,PRODUCT_000000001,1,47526.13,47526.13
ORDER_000003816_ITEM_003,ORDER_000003816,PRODUCT_000000307,2,8253.54,16507.08
ORDER_000003817_ITEM_001,ORDER_000003817,PRODUCT_000000009,5,51529.17,257645.85
ORDER_000003817_ITEM_002,ORDER_000003817,PRODUCT_000000499,3,22717.74,68153.22
ORDER_000003817_ITEM_003,ORDER_000003817,PRODUCT_000000380,3,2099.88,6299.64
ORDER_000003818_ITEM_001,ORDER_000003818,PRODUCT_000000370,2,3741.06,7482.12
ORDER_000003818_ITEM_002,ORDER_000003818,PRODUCT_000000491,5,116914.83,584574.15
ORDER_000003818_ITEM_003,ORDER_000003818,PRODUCT_000000304,3,12926.90,38780.70
ORDER_000003819_ITEM_001,ORDER_000003819,PRODUCT_000000447,3,5903.88,17711.64
ORDER_000003819_ITEM_002,ORDER_000003819,PRODUCT_000000148,5,13436.93,67184.65
ORDER_000003819_ITEM_003,ORDER_000003819,PRODUCT_000000174,1,121049.76,121049.76
ORDER_000003820_ITEM_001,ORDER_000003820,PRODUCT_000000232,5,4022.49,20112.45
ORDER_000003820_ITEM_002,ORDER_000003820,PRODUCT_000000349,5,2148.69,10743.45
ORDER_000003820_ITEM_003,ORDER_000003820,PRODUCT_000000400,5,50864.82,254324.10
ORDER_000003821_ITEM_001,ORDER_000003821,PRODUCT_000000129,2,109019.55,218039.10
ORDER_000003821_ITEM_002,ORDER_000003821,PRODUCT_000000402,1,51496.58,51496.58
ORDER_000003821_ITEM_003,ORDER_000003821,PRODUCT_000000049,2,194087.22,388174.44
ORDER_000003822_ITEM_001,ORDER_000003822,PRODUCT_000000336,4,9981.53,39926.12
ORDER_000003822_ITEM_002,ORDER_000003822,PRODUCT_000000372,2,55828.82,111657.64
ORDER_000003822_ITEM_003,ORDER_000003822,PRODUCT_000000353,3,761.53,2284.59
ORDER_000003823_ITEM_001,ORDER_000003823,PRODUCT_000000002,5,64148.53,320742.65
ORDER_000003823_ITEM_002,ORDER_000003823,PRODUCT_000000299,2,109951.12,219902.24
ORDER_000003823_ITEM_003,ORDER_000003823,PRODUCT_000000474,2,690.90,1381.80
ORDER_000003824_ITEM_001,ORDER_000003824,PRODUCT_000000141,4,11546.35,46185.40
ORDER_000003824_ITEM_002,ORDER_000003824,PRODUCT_000000019,5,6627.77,33138.85
ORDER_000003824_ITEM_003,ORDER_000003824,PRODUCT_000000363,1,1679.27,1679.27
ORDER_000003825_ITEM_001,ORDER_000003825,PRODUCT_000000280,1,8266.88,8266.88
ORDER_000003825_ITEM_002,ORDER_000003825,PRODUCT_000000051,4,45102.28,180409.12
ORDER_000003825_ITEM_003,ORDER_000003825,PRODUCT_000000330,4,732.17,2928.68
ORDER_000003826_ITEM_001,ORDER_000003826,PRODUCT_000000448,3,30757.35,92272.05
ORDER_000003826_ITEM_002,ORDER_000003826,PRODUCT_000000013,4,85341.86,341367.44
ORDER_000003826_ITEM_003,ORDER_000003826,PRODUCT_000000485,4,123226.74,492906.96
ORDER_000003827_ITEM_001,ORDER_000003827,PRODUCT_000000285,3,59012.72,177038.16
ORDER_000003827_ITEM_002,ORDER_000003827,PRODUCT_000000236,1,1537.45,1537.45
ORDER_000003827_ITEM_003,ORDER_000003827,PRODUCT_000000127,1,47505.08,47505.08
ORDER_000003828_ITEM_001,ORDER_000003828,PRODUCT_000000173,1,18158.57,18158.57
ORDER_000003828_ITEM_002,ORDER_000003828,PRODUCT_000000065,4,3214.64,12858.56
ORDER_000003828_ITEM_003,ORDER_000003828,PRODUCT_000000471,3,26176.74,78530.22
ORDER_000003829_ITEM_001,ORDER_000003829,PRODUCT_000000442,2,50728.25,101456.50
ORDER_000003829_ITEM_002,ORDER_000003829,PRODUCT_000000431,5,28619.97,143099.85
ORDER_000003829_ITEM_003,ORDER_000003829,PRODUCT_000000383,4,1933.39,7733.56
ORDER_000003830_ITEM_001,ORDER_000003830,PRODUCT_000000429,2,54612.57,109225.14
ORDER_000003830_ITEM_002,ORDER_000003830,PRODUCT_000000199,3,48433.40,145300.20
ORDER_000003830_ITEM_003,ORDER_000003830,PRODUCT_000000420,2,33996.43,67992.86
ORDER_000003831_ITEM_001,ORDER_000003831,PRODUCT_000000271,5,7343.39,36716.95
ORDER_000003831_ITEM_002,ORDER_000003831,PRODUCT_000000069,4,4621.50,18486.00
ORDER_000003831_ITEM_003,ORDER_000003831,PRODUCT_000000139,1,955.15,955.15
ORDER_000003832_ITEM_001,ORDER_000003832,PRODUCT_000000296,5,105785.14,528925.70
ORDER_000003832_ITEM_002,ORDER_000003832,PRODUCT_000000263,4,114743.85,458975.40
ORDER_000003832_ITEM_003,ORDER_000003832,PRODUCT_000000023,5,1295.31,6476.55
ORDER_000003833_ITEM_001,ORDER_000003833,PRODUCT_000000002,5,64148.53,320742.65
ORDER_000003833_ITEM_002,ORDER_000003833,PRODUCT_000000116,3,108578.88,325736.64
ORDER_000003833_ITEM_003,ORDER_000003833,PRODUCT_000000038,2,5864.01,11728.02
ORDER_000003834_ITEM_001,ORDER_000003834,PRODUCT_000000125,2,48262.53,96525.06
ORDER_000003834_ITEM_002,ORDER_000003834,PRODUCT_000000355,1,2839.63,2839.63
ORDER_000003834_ITEM_003,ORDER_000003834,PRODUCT_000000416,5,2364.84,11824.20
ORDER_000003835_ITEM_001,ORDER_000003835,PRODUCT_000000473,1,10475.93,10475.93
ORDER_000003835_ITEM_002,ORDER_000003835,PRODUCT_000000302,1,3481.66,3481.66
ORDER_000003835_ITEM_003,ORDER_000003835,PRODUCT_000000270,5,4362.80,21814.00
ORDER_000003836_ITEM_001,ORDER_000003836,PRODUCT_000000464,2,46076.82,92153.64
ORDER_000003836_ITEM_002,ORDER_000003836,PRODUCT_000000403,3,1868.76,5606.28
ORDER_000003836_ITEM_003,ORDER_000003836,PRODUCT_000000292,3,16024.87,48074.61
ORDER_000003837_ITEM_001,ORDER_000003837,PRODUCT_000000012,5,116699.02,583495.10
ORDER_000003837_ITEM_002,ORDER_000003837,PRODUCT_000000230,5,104957.16,524785.80
ORDER_000003837_ITEM_003,ORDER_000003837,PRODUCT_000000451,5,557.23,2786.15
ORDER_000003838_ITEM_001,ORDER_000003838,PRODUCT_000000055,4,77397.64,309590.56
ORDER_000003838_ITEM_002,ORDER_000003838,PRODUCT_000000234,1,8118.02,8118.02
ORDER_000003838_ITEM_003,ORDER_000003838,PRODUCT_000000452,2,66502.26,133004.52
ORDER_000003839_ITEM_001,ORDER_000003839,PRODUCT_000000135,1,19292.87,19292.87
ORDER_000003839_ITEM_002,ORDER_000003839,PRODUCT_000000464,1,46076.82,46076.82
ORDER_000003839_ITEM_003,ORDER_000003839,PRODUCT_000000431,1,28619.97,28619.97
ORDER_000003840_ITEM_001,ORDER_000003840,PRODUCT_000000334,4,921.24,3684.96
ORDER_000003840_ITEM_002,ORDER_000003840,PRODUCT_000000248,2,6350.16,12700.32
ORDER_000003840_ITEM_003,ORDER_000003840,PRODUCT_000000431,5,28619.97,143099.85
ORDER_000003841_ITEM_001,ORDER_000003841,PRODUCT_000000282,4,114133.14,456532.56
ORDER_000003841_ITEM_002,ORDER_000003841,PRODUCT_000000427,1,820.10,820.10
ORDER_000003841_ITEM_003,ORDER_000003841,PRODUCT_000000012,1,116699.02,116699.02
ORDER_000003842_ITEM_001,ORDER_000003842,PRODUCT_000000499,5,22717.74,113588.70
ORDER_000003842_ITEM_002,ORDER_000003842,PRODUCT_000000135,3,19292.87,57878.61
ORDER_000003842_ITEM_003,ORDER_000003842,PRODUCT_000000169,3,1720.94,5162.82
ORDER_000003843_ITEM_001,ORDER_000003843,PRODUCT_000000243,4,14614.47,58457.88
ORDER_000003843_ITEM_002,ORDER_000003843,PRODUCT_000000475,1,60287.81,60287.81
ORDER_000003843_ITEM_003,ORDER_000003843,PRODUCT_000000161,4,684.54,2738.16
ORDER_000003844_ITEM_001,ORDER_000003844,PRODUCT_000000197,1,54944.74,54944.74
ORDER_000003844_ITEM_002,ORDER_000003844,PRODUCT_000000092,3,38553.85,115661.55
ORDER_000003844_ITEM_003,ORDER_000003844,PRODUCT_000000188,3,35973.47,107920.41
ORDER_000003845_ITEM_001,ORDER_000003845,PRODUCT_000000494,1,535.49,535.49
ORDER_000003845_ITEM_002,ORDER_000003845,PRODUCT_000000460,3,49238.06,147714.18
ORDER_000003845_ITEM_003,ORDER_000003845,PRODUCT_000000174,2,121049.76,242099.52
ORDER_000003846_ITEM_001,ORDER_000003846,PRODUCT_000000418,1,3679.29,3679.29
ORDER_000003846_ITEM_002,ORDER_000003846,PRODUCT_000000057,2,181686.00,363372.00
ORDER_000003846_ITEM_003,ORDER_000003846,PRODUCT_000000154,4,17743.63,70974.52
ORDER_000003847_ITEM_001,ORDER_000003847,PRODUCT_000000267,2,451.33,902.66
ORDER_000003847_ITEM_002,ORDER_000003847,PRODUCT_000000500,2,66111.23,132222.46
ORDER_000003847_ITEM_003,ORDER_000003847,PRODUCT_000000206,5,338.63,1693.15
ORDER_000003848_ITEM_001,ORDER_000003848,PRODUCT_000000419,1,1633.27,1633.27
ORDER_000003848_ITEM_002,ORDER_000003848,PRODUCT_000000414,2,57878.53,115757.06
ORDER_000003848_ITEM_003,ORDER_000003848,PRODUCT_000000011,1,5081.83,5081.83
ORDER_000003849_ITEM_001,ORDER_000003849,PRODUCT_000000162,1,12519.41,12519.41
ORDER_000003849_ITEM_002,ORDER_000003849,PRODUCT_000000367,3,84997.19,254991.57
ORDER_000003849_ITEM_003,ORDER_000003849,PRODUCT_000000117,3,186308.09,558924.27
ORDER_000003850_ITEM_001,ORDER_000003850,PRODUCT_000000181,4,1727.48,6909.92
ORDER_000003850_ITEM_002,ORDER_000003850,PRODUCT_000000361,2,2902.94,5805.88
ORDER_000003850_ITEM_003,ORDER_000003850,PRODUCT_000000277,5,11671.40,58357.00
ORDER_000003851_ITEM_001,ORDER_000003851,PRODUCT_000000040,2,21212.12,42424.24
ORDER_000003851_ITEM_002,ORDER_000003851,PRODUCT_000000072,4,7200.43,28801.72
ORDER_000003851_ITEM_003,ORDER_000003851,PRODUCT_000000469,5,4611.19,23055.95
ORDER_000003852_ITEM_001,ORDER_000003852,PRODUCT_000000245,5,2849.98,14249.90
ORDER_000003852_ITEM_002,ORDER_000003852,PRODUCT_000000419,5,1633.27,8166.35
ORDER_000003852_ITEM_003,ORDER_000003852,PRODUCT_000000096,1,1255.12,1255.12
ORDER_000003853_ITEM_001,ORDER_000003853,PRODUCT_000000179,2,16969.41,33938.82
ORDER_000003853_ITEM_002,ORDER_000003853,PRODUCT_000000256,5,1724.12,8620.60
ORDER_000003853_ITEM_003,ORDER_000003853,PRODUCT_000000321,4,11193.14,44772.56
ORDER_000003854_ITEM_001,ORDER_000003854,PRODUCT_000000155,5,37803.93,189019.65
ORDER_000003854_ITEM_002,ORDER_000003854,PRODUCT_000000390,2,36528.52,73057.04
ORDER_000003854_ITEM_003,ORDER_000003854,PRODUCT_000000285,1,59012.72,59012.72
ORDER_000003855_ITEM_001,ORDER_000003855,PRODUCT_000000328,4,95553.61,382214.44
ORDER_000003855_ITEM_002,ORDER_000003855,PRODUCT_000000428,5,180920.89,904604.45
ORDER_000003855_ITEM_003,ORDER_000003855,PRODUCT_000000441,5,38509.69,192548.45
ORDER_000003856_ITEM_001,ORDER_000003856,PRODUCT_000000199,1,48433.40,48433.40
ORDER_000003856_ITEM_002,ORDER_000003856,PRODUCT_000000497,4,86756.62,347026.48
ORDER_000003856_ITEM_003,ORDER_000003856,PRODUCT_000000057,3,181686.00,545058.00
ORDER_000003857_ITEM_001,ORDER_000003857,PRODUCT_000000054,4,1153.40,4613.60
ORDER_000003857_ITEM_002,ORDER_000003857,PRODUCT_000000237,2,40793.49,81586.98
ORDER_000003857_ITEM_003,ORDER_000003857,PRODUCT_000000319,4,52057.41,208229.64
ORDER_000003858_ITEM_001,ORDER_000003858,PRODUCT_000000292,5,16024.87,80124.35
ORDER_000003858_ITEM_002,ORDER_000003858,PRODUCT_000000071,2,27899.72,55799.44
ORDER_000003858_ITEM_003,ORDER_000003858,PRODUCT_000000158,5,21685.09,108425.45
ORDER_000003859_ITEM_001,ORDER_000003859,PRODUCT_000000379,5,788.70,3943.50
ORDER_000003859_ITEM_002,ORDER_000003859,PRODUCT_000000120,4,73826.11,295304.44
ORDER_000003859_ITEM_003,ORDER_000003859,PRODUCT_000000002,2,64148.53,128297.06
ORDER_000003860_ITEM_001,ORDER_000003860,PRODUCT_000000334,5,921.24,4606.20
ORDER_000003860_ITEM_002,ORDER_000003860,PRODUCT_000000277,2,11671.40,23342.80
ORDER_000003860_ITEM_003,ORDER_000003860,PRODUCT_000000226,4,2585.73,10342.92
ORDER_000003861_ITEM_001,ORDER_000003861,PRODUCT_000000451,3,557.23,1671.69
ORDER_000003861_ITEM_002,ORDER_000003861,PRODUCT_000000495,4,111322.66,445290.64
ORDER_000003861_ITEM_003,ORDER_000003861,PRODUCT_000000025,2,1480.92,2961.84
ORDER_000003862_ITEM_001,ORDER_000003862,PRODUCT_000000109,4,11755.22,47020.88
ORDER_000003862_ITEM_002,ORDER_000003862,PRODUCT_000000322,4,6422.03,25688.12
ORDER_000003862_ITEM_003,ORDER_000003862,PRODUCT_000000238,4,709.92,2839.68
ORDER_000003863_ITEM_001,ORDER_000003863,PRODUCT_000000252,4,18522.97,74091.88
ORDER_000003863_ITEM_002,ORDER_000003863,PRODUCT_000000409,2,20583.82,41167.64
ORDER_000003863_ITEM_003,ORDER_000003863,PRODUCT_000000149,2,500.36,1000.72
ORDER_000003864_ITEM_001,ORDER_000003864,PRODUCT_000000153,2,1314.83,2629.66
ORDER_000003864_ITEM_002,ORDER_000003864,PRODUCT_000000189,2,2291.77,4583.54
ORDER_000003864_ITEM_003,ORDER_000003864,PRODUCT_000000215,2,5520.21,11040.42
ORDER_000003865_ITEM_001,ORDER_000003865,PRODUCT_000000222,2,26935.38,53870.76
ORDER_000003865_ITEM_002,ORDER_000003865,PRODUCT_000000353,4,761.53,3046.12
ORDER_000003865_ITEM_003,ORDER_000003865,PRODUCT_000000009,2,51529.17,103058.34
ORDER_000003866_ITEM_001,ORDER_000003866,PRODUCT_000000004,4,84297.47,337189.88
ORDER_000003866_ITEM_002,ORDER_000003866,PRODUCT_000000102,3,81407.93,244223.79
ORDER_000003866_ITEM_003,ORDER_000003866,PRODUCT_000000080,5,8444.99,42224.95
ORDER_000003867_ITEM_001,ORDER_000003867,PRODUCT_000000024,2,2660.53,5321.06
ORDER_000003867_ITEM_002,ORDER_000003867,PRODUCT_000000335,4,7748.73,30994.92
ORDER_000003867_ITEM_003,ORDER_000003867,PRODUCT_000000353,4,761.53,3046.12
ORDER_000003868_ITEM_001,ORDER_000003868,PRODUCT_000000210,1,961.15,961.15
ORDER_000003868_ITEM_002,ORDER_000003868,PRODUCT_000000430,5,56850.26,284251.30
ORDER_000003868_ITEM_003,ORDER_000003868,PRODUCT_000000070,3,82897.23,248691.69
ORDER_000003869_ITEM_001,ORDER_000003869,PRODUCT_000000289,2,66663.17,133326.34
ORDER_000003869_ITEM_002,ORDER_000003869,PRODUCT_000000423,2,2075.71,4151.42
ORDER_000003869_ITEM_003,ORDER_000003869,PRODUCT_000000061,1,378.02,378.02
ORDER_000003870_ITEM_001,ORDER_000003870,PRODUCT_000000314,5,13535.22,67676.10
ORDER_000003870_ITEM_002,ORDER_000003870,PRODUCT_000000419,3,1633.27,4899.81
ORDER_000003870_ITEM_003,ORDER_000003870,PRODUCT_000000210,1,961.15,961.15
ORDER_000003871_ITEM_001,ORDER_000003871,PRODUCT_000000438,1,40311.65,40311.65
ORDER_000003871_ITEM_002,ORDER_000003871,PRODUCT_000000208,4,62048.54,248194.16
ORDER_000003871_ITEM_003,ORDER_000003871,PRODUCT_000000311,5,6289.30,31446.50
ORDER_000003872_ITEM_001,ORDER_000003872,PRODUCT_000000447,1,5903.88,5903.88
ORDER_000003872_ITEM_002,ORDER_000003872,PRODUCT_000000060,5,61306.51,306532.55
ORDER_000003872_ITEM_003,ORDER_000003872,PRODUCT_000000394,5,1417.36,7086.80
ORDER_000003873_ITEM_001,ORDER_000003873,PRODUCT_000000402,3,51496.58,154489.74
ORDER_000003873_ITEM_002,ORDER_000003873,PRODUCT_000000020,4,4087.52,16350.08
ORDER_000003873_ITEM_003,ORDER_000003873,PRODUCT_000000271,4,7343.39,29373.56
ORDER_000003874_ITEM_001,ORDER_000003874,PRODUCT_000000442,4,50728.25,202913.00
ORDER_000003874_ITEM_002,ORDER_000003874,PRODUCT_000000063,1,16707.24,16707.24
ORDER_000003874_ITEM_003,ORDER_000003874,PRODUCT_000000107,2,835.56,1671.12
ORDER_000003875_ITEM_001,ORDER_000003875,PRODUCT_000000463,5,1804.78,9023.90
ORDER_000003875_ITEM_002,ORDER_000003875,PRODUCT_000000458,4,38414.84,153659.36
ORDER_000003875_ITEM_003,ORDER_000003875,PRODUCT_000000016,2,71215.48,142430.96
ORDER_000003876_ITEM_001,ORDER_000003876,PRODUCT_000000363,5,1679.27,8396.35
ORDER_000003876_ITEM_002,ORDER_000003876,PRODUCT_000000077,1,77023.77,77023.77
ORDER_000003876_ITEM_003,ORDER_000003876,PRODUCT_000000155,1,37803.93,37803.93
ORDER_000003877_ITEM_001,ORDER_000003877,PRODUCT_000000025,1,1480.92,1480.92
ORDER_000003877_ITEM_002,ORDER_000003877,PRODUCT_000000048,3,71251.17,213753.51
ORDER_000003877_ITEM_003,ORDER_000003877,PRODUCT_000000170,4,2022.45,8089.80
ORDER_000003878_ITEM_001,ORDER_000003878,PRODUCT_000000334,3,921.24,2763.72
ORDER_000003878_ITEM_002,ORDER_000003878,PRODUCT_000000068,1,603.83,603.83
ORDER_000003878_ITEM_003,ORDER_000003878,PRODUCT_000000332,1,1477.19,1477.19
ORDER_000003879_ITEM_001,ORDER_000003879,PRODUCT_000000022,2,3619.59,7239.18
ORDER_000003879_ITEM_002,ORDER_000003879,PRODUCT_000000290,3,32348.76,97046.28
ORDER_000003879_ITEM_003,ORDER_000003879,PRODUCT_000000103,5,63093.38,315466.90
ORDER_000003880_ITEM_001,ORDER_000003880,PRODUCT_000000427,2,820.10,1640.20
ORDER_000003880_ITEM_002,ORDER_000003880,PRODUCT_000000371,2,7881.87,15763.74
ORDER_000003880_ITEM_003,ORDER_000003880,PRODUCT_000000185,1,30648.96,30648.96
ORDER_000003881_ITEM_001,ORDER_000003881,PRODUCT_000000331,2,16339.42,32678.84
ORDER_000003881_ITEM_002,ORDER_000003881,PRODUCT_000000226,2,2585.73,5171.46
ORDER_000003881_ITEM_003,ORDER_000003881,PRODUCT_000000153,1,1314.83,1314.83
ORDER_000003882_ITEM_001,ORDER_000003882,PRODUCT_000000095,2,112715.59,225431.18
ORDER_000003882_ITEM_002,ORDER_000003882,PRODUCT_000000493,2,1452.96,2905.92
ORDER_000003882_ITEM_003,ORDER_000003882,PRODUCT_000000483,1,11174.40,11174.40
ORDER_000003883_ITEM_001,ORDER_000003883,PRODUCT_000000474,4,690.90,2763.60
ORDER_000003883_ITEM_002,ORDER_000003883,PRODUCT_000000186,2,11204.19,22408.38
ORDER_000003883_ITEM_003,ORDER_000003883,PRODUCT_000000329,3,9319.38,27958.14
ORDER_000003884_ITEM_001,ORDER_000003884,PRODUCT_000000086,3,8488.74,25466.22
ORDER_000003884_ITEM_002,ORDER_000003884,PRODUCT_000000378,5,253.91,1269.55
ORDER_000003884_ITEM_003,ORDER_000003884,PRODUCT_000000361,4,2902.94,11611.76
ORDER_000003885_ITEM_001,ORDER_000003885,PRODUCT_000000327,3,10245.94,30737.82
ORDER_000003885_ITEM_002,ORDER_000003885,PRODUCT_000000135,2,19292.87,38585.74
ORDER_000003885_ITEM_003,ORDER_000003885,PRODUCT_000000134,4,2948.45,11793.80
ORDER_000003886_ITEM_001,ORDER_000003886,PRODUCT_000000167,4,29972.62,119890.48
ORDER_000003886_ITEM_002,ORDER_000003886,PRODUCT_000000490,3,5004.64,15013.92
ORDER_000003886_ITEM_003,ORDER_000003886,PRODUCT_000000079,2,20185.32,40370.64
ORDER_000003887_ITEM_001,ORDER_000003887,PRODUCT_000000273,1,93376.09,93376.09
ORDER_000003887_ITEM_002,ORDER_000003887,PRODUCT_000000182,5,906.52,4532.60
ORDER_000003887_ITEM_003,ORDER_000003887,PRODUCT_000000240,5,8842.70,44213.50
ORDER_000003888_ITEM_001,ORDER_000003888,PRODUCT_000000297,4,6305.72,25222.88
ORDER_000003888_ITEM_002,ORDER_000003888,PRODUCT_000000215,5,5520.21,27601.05
ORDER_000003888_ITEM_003,ORDER_000003888,PRODUCT_000000477,4,130157.67,520630.68
ORDER_000003889_ITEM_001,ORDER_000003889,PRODUCT_000000049,3,194087.22,582261.66
ORDER_000003889_ITEM_002,ORDER_000003889,PRODUCT_000000100,1,4028.63,4028.63
ORDER_000003889_ITEM_003,ORDER_000003889,PRODUCT_000000176,1,498.75,498.75
ORDER_000003890_ITEM_001,ORDER_000003890,PRODUCT_000000473,1,10475.93,10475.93
ORDER_000003890_ITEM_002,ORDER_000003890,PRODUCT_000000094,4,159079.65,636318.60
ORDER_000003890_ITEM_003,ORDER_000003890,PRODUCT_000000293,2,68391.63,136783.26
ORDER_000003891_ITEM_001,ORDER_000003891,PRODUCT_000000451,1,557.23,557.23
ORDER_000003891_ITEM_002,ORDER_000003891,PRODUCT_000000293,4,68391.63,273566.52
ORDER_000003891_ITEM_003,ORDER_000003891,PRODUCT_000000350,3,27003.79,81011.37
ORDER_000003892_ITEM_001,ORDER_000003892,PRODUCT_000000245,5,2849.98,14249.90
ORDER_000003892_ITEM_002,ORDER_000003892,PRODUCT_000000321,4,11193.14,44772.56
ORDER_000003892_ITEM_003,ORDER_000003892,PRODUCT_000000311,1,6289.30,6289.30
ORDER_000003893_ITEM_001,ORDER_000003893,PRODUCT_000000462,2,87564.19,175128.38
ORDER_000003893_ITEM_002,ORDER_000003893,PRODUCT_000000055,1,77397.64,77397.64
ORDER_000003893_ITEM_003,ORDER_000003893,PRODUCT_000000212,1,10759.26,10759.26
ORDER_000003894_ITEM_001,ORDER_000003894,PRODUCT_000000040,5,21212.12,106060.60
ORDER_000003894_ITEM_002,ORDER_000003894,PRODUCT_000000379,5,788.70,3943.50
ORDER_000003894_ITEM_003,ORDER_000003894,PRODUCT_000000470,1,1763.05,1763.05
ORDER_000003895_ITEM_001,ORDER_000003895,PRODUCT_000000103,3,63093.38,189280.14
ORDER_000003895_ITEM_002,ORDER_000003895,PRODUCT_000000378,5,253.91,1269.55
ORDER_000003895_ITEM_003,ORDER_000003895,PRODUCT_000000186,2,11204.19,22408.38
ORDER_000003896_ITEM_001,ORDER_000003896,PRODUCT_000000481,1,242.93,242.93
ORDER_000003896_ITEM_002,ORDER_000003896,PRODUCT_000000429,1,54612.57,54612.57
ORDER_000003896_ITEM_003,ORDER_000003896,PRODUCT_000000284,3,25462.80,76388.40
ORDER_000003897_ITEM_001,ORDER_000003897,PRODUCT_000000287,3,2545.20,7635.60
ORDER_000003897_ITEM_002,ORDER_000003897,PRODUCT_000000491,4,116914.83,467659.32
ORDER_000003897_ITEM_003,ORDER_000003897,PRODUCT_000000164,2,63385.92,126771.84
ORDER_000003898_ITEM_001,ORDER_000003898,PRODUCT_000000066,3,166045.11,498135.33
ORDER_000003898_ITEM_002,ORDER_000003898,PRODUCT_000000126,5,23808.94,119044.70
ORDER_000003898_ITEM_003,ORDER_000003898,PRODUCT_000000072,3,7200.43,21601.29
ORDER_000003899_ITEM_001,ORDER_000003899,PRODUCT_000000421,1,26929.93,26929.93
ORDER_000003899_ITEM_002,ORDER_000003899,PRODUCT_000000025,3,1480.92,4442.76
ORDER_000003899_ITEM_003,ORDER_000003899,PRODUCT_000000491,4,116914.83,467659.32
ORDER_000003900_ITEM_001,ORDER_000003900,PRODUCT_000000466,4,7087.91,28351.64
ORDER_000003900_ITEM_002,ORDER_000003900,PRODUCT_000000317,3,5032.06,15096.18
ORDER_000003900_ITEM_003,ORDER_000003900,PRODUCT_000000216,2,189337.30,378674.60
ORDER_000003901_ITEM_001,ORDER_000003901,PRODUCT_000000198,1,53251.57,53251.57
ORDER_000003901_ITEM_002,ORDER_000003901,PRODUCT_000000415,3,77825.19,233475.57
ORDER_000003901_ITEM_003,ORDER_000003901,PRODUCT_000000070,5,82897.23,414486.15
ORDER_000003902_ITEM_001,ORDER_000003902,PRODUCT_000000402,4,51496.58,205986.32
ORDER_000003902_ITEM_002,ORDER_000003902,PRODUCT_000000500,1,66111.23,66111.23
ORDER_000003902_ITEM_003,ORDER_000003902,PRODUCT_000000307,3,8253.54,24760.62
ORDER_000003903_ITEM_001,ORDER_000003903,PRODUCT_000000371,2,7881.87,15763.74
ORDER_000003903_ITEM_002,ORDER_000003903,PRODUCT_000000417,3,2286.08,6858.24
ORDER_000003903_ITEM_003,ORDER_000003903,PRODUCT_000000447,4,5903.88,23615.52
ORDER_000003904_ITEM_001,ORDER_000003904,PRODUCT_000000074,5,75286.95,376434.75
ORDER_000003904_ITEM_002,ORDER_000003904,PRODUCT_000000302,1,3481.66,3481.66
ORDER_000003904_ITEM_003,ORDER_000003904,PRODUCT_000000426,1,14178.77,14178.77
ORDER_000003905_ITEM_001,ORDER_000003905,PRODUCT_000000354,1,8755.37,8755.37
ORDER_000003905_ITEM_002,ORDER_000003905,PRODUCT_000000407,3,71009.01,213027.03
ORDER_000003905_ITEM_003,ORDER_000003905,PRODUCT_000000077,1,77023.77,77023.77
ORDER_000003906_ITEM_001,ORDER_000003906,PRODUCT_000000417,4,2286.08,9144.32
ORDER_000003906_ITEM_002,ORDER_000003906,PRODUCT_000000139,5,955.15,4775.75
ORDER_000003906_ITEM_003,ORDER_000003906,PRODUCT_000000295,5,38276.02,191380.10
ORDER_000003907_ITEM_001,ORDER_000003907,PRODUCT_000000193,2,1656.01,3312.02
ORDER_000003907_ITEM_002,ORDER_000003907,PRODUCT_000000102,4,81407.93,325631.72
ORDER_000003907_ITEM_003,ORDER_000003907,PRODUCT_000000486,5,411.42,2057.10
ORDER_000003908_ITEM_001,ORDER_000003908,PRODUCT_000000056,1,1746.83,1746.83
ORDER_000003908_ITEM_002,ORDER_000003908,PRODUCT_000000213,5,12880.62,64403.10
ORDER_000003908_ITEM_003,ORDER_000003908,PRODUCT_000000379,5,788.70,3943.50
ORDER_000003909_ITEM_001,ORDER_000003909,PRODUCT_000000098,5,82015.47,410077.35
ORDER_000003909_ITEM_002,ORDER_000003909,PRODUCT_000000432,5,67458.36,337291.80
ORDER_000003909_ITEM_003,ORDER_000003909,PRODUCT_000000406,2,130798.44,261596.88
ORDER_000003910_ITEM_001,ORDER_000003910,PRODUCT_000000176,4,498.75,1995.00
ORDER_000003910_ITEM_002,ORDER_000003910,PRODUCT_000000487,5,62096.00,310480.00
ORDER_000003910_ITEM_003,ORDER_000003910,PRODUCT_000000070,2,82897.23,165794.46
ORDER_000003911_ITEM_001,ORDER_000003911,PRODUCT_000000202,2,22299.06,44598.12
ORDER_000003911_ITEM_002,ORDER_000003911,PRODUCT_000000491,4,116914.83,467659.32
ORDER_000003911_ITEM_003,ORDER_000003911,PRODUCT_000000169,1,1720.94,1720.94
ORDER_000003912_ITEM_001,ORDER_000003912,PRODUCT_000000234,5,8118.02,40590.10
ORDER_000003912_ITEM_002,ORDER_000003912,PRODUCT_000000153,5,1314.83,6574.15
ORDER_000003912_ITEM_003,ORDER_000003912,PRODUCT_000000267,2,451.33,902.66
ORDER_000003913_ITEM_001,ORDER_000003913,PRODUCT_000000197,4,54944.74,219778.96
ORDER_000003913_ITEM_002,ORDER_000003913,PRODUCT_000000001,1,47526.13,47526.13
ORDER_000003913_ITEM_003,ORDER_000003913,PRODUCT_000000108,5,3286.97,16434.85
ORDER_000003914_ITEM_001,ORDER_000003914,PRODUCT_000000483,2,11174.40,22348.80
ORDER_000003914_ITEM_002,ORDER_000003914,PRODUCT_000000291,2,108213.93,216427.86
ORDER_000003914_ITEM_003,ORDER_000003914,PRODUCT_000000245,5,2849.98,14249.90
ORDER_000003915_ITEM_001,ORDER_000003915,PRODUCT_000000174,4,121049.76,484199.04
ORDER_000003915_ITEM_002,ORDER_000003915,PRODUCT_000000465,1,27686.57,27686.57
ORDER_000003915_ITEM_003,ORDER_000003915,PRODUCT_000000175,3,40112.08,120336.24
ORDER_000003916_ITEM_001,ORDER_000003916,PRODUCT_000000049,3,194087.22,582261.66
ORDER_000003916_ITEM_002,ORDER_000003916,PRODUCT_000000160,2,243.20,486.40
ORDER_000003916_ITEM_003,ORDER_000003916,PRODUCT_000000355,4,2839.63,11358.52
ORDER_000003917_ITEM_001,ORDER_000003917,PRODUCT_000000457,5,20677.50,103387.50
ORDER_000003917_ITEM_002,ORDER_000003917,PRODUCT_000000401,5,1258.44,6292.20
ORDER_000003917_ITEM_003,ORDER_000003917,PRODUCT_000000001,3,47526.13,142578.39
ORDER_000003918_ITEM_001,ORDER_000003918,PRODUCT_000000174,3,121049.76,363149.28
ORDER_000003918_ITEM_002,ORDER_000003918,PRODUCT_000000089,3,7426.76,22280.28
ORDER_000003918_ITEM_003,ORDER_000003918,PRODUCT_000000225,2,3256.60,6513.20
ORDER_000003919_ITEM_001,ORDER_000003919,PRODUCT_000000177,2,29457.82,58915.64
ORDER_000003919_ITEM_002,ORDER_000003919,PRODUCT_000000159,5,40197.32,200986.60
ORDER_000003919_ITEM_003,ORDER_000003919,PRODUCT_000000192,1,10837.79,10837.79
ORDER_000003920_ITEM_001,ORDER_000003920,PRODUCT_000000375,4,2168.98,8675.92
ORDER_000003920_ITEM_002,ORDER_000003920,PRODUCT_000000374,3,194612.79,583838.37
ORDER_000003920_ITEM_003,ORDER_000003920,PRODUCT_000000162,1,12519.41,12519.41
ORDER_000003921_ITEM_001,ORDER_000003921,PRODUCT_000000385,4,2562.52,10250.08
ORDER_000003921_ITEM_002,ORDER_000003921,PRODUCT_000000119,1,10653.04,10653.04
ORDER_000003921_ITEM_003,ORDER_000003921,PRODUCT_000000055,5,77397.64,386988.20
ORDER_000003922_ITEM_001,ORDER_000003922,PRODUCT_000000075,4,13044.69,52178.76
ORDER_000003922_ITEM_002,ORDER_000003922,PRODUCT_000000128,2,10367.22,20734.44
ORDER_000003922_ITEM_003,ORDER_000003922,PRODUCT_000000024,5,2660.53,13302.65
ORDER_000003923_ITEM_001,ORDER_000003923,PRODUCT_000000476,5,65466.46,327332.30
ORDER_000003923_ITEM_002,ORDER_000003923,PRODUCT_000000168,3,4563.70,13691.10
ORDER_000003923_ITEM_003,ORDER_000003923,PRODUCT_000000017,5,17512.73,87563.65
ORDER_000003924_ITEM_001,ORDER_000003924,PRODUCT_000000037,2,28745.87,57491.74
ORDER_000003924_ITEM_002,ORDER_000003924,PRODUCT_000000335,2,7748.73,15497.46
ORDER_000003924_ITEM_003,ORDER_000003924,PRODUCT_000000018,1,54878.11,54878.11
ORDER_000003925_ITEM_001,ORDER_000003925,PRODUCT_000000033,4,84979.83,339919.32
ORDER_000003925_ITEM_002,ORDER_000003925,PRODUCT_000000378,3,253.91,761.73
ORDER_000003925_ITEM_003,ORDER_000003925,PRODUCT_000000382,4,36449.53,145798.12
ORDER_000003926_ITEM_001,ORDER_000003926,PRODUCT_000000272,1,13222.81,13222.81
ORDER_000003926_ITEM_002,ORDER_000003926,PRODUCT_000000100,3,4028.63,12085.89
ORDER_000003926_ITEM_003,ORDER_000003926,PRODUCT_000000324,4,58960.31,235841.24
ORDER_000003927_ITEM_001,ORDER_000003927,PRODUCT_000000317,1,5032.06,5032.06
ORDER_000003927_ITEM_002,ORDER_000003927,PRODUCT_000000447,2,5903.88,11807.76
ORDER_000003927_ITEM_003,ORDER_000003927,PRODUCT_000000246,2,84103.35,168206.70
ORDER_000003928_ITEM_001,ORDER_000003928,PRODUCT_000000173,5,18158.57,90792.85
ORDER_000003928_ITEM_002,ORDER_000003928,PRODUCT_000000270,3,4362.80,13088.40
ORDER_000003928_ITEM_003,ORDER_000003928,PRODUCT_000000106,1,1964.81,1964.81
ORDER_000003929_ITEM_001,ORDER_000003929,PRODUCT_000000132,5,48602.08,243010.40
ORDER_000003929_ITEM_002,ORDER_000003929,PRODUCT_000000055,2,77397.64,154795.28
ORDER_000003929_ITEM_003,ORDER_000003929,PRODUCT_000000042,4,81949.03,327796.12
ORDER_000003930_ITEM_001,ORDER_000003930,PRODUCT_000000480,3,4616.48,13849.44
ORDER_000003930_ITEM_002,ORDER_000003930,PRODUCT_000000448,1,30757.35,30757.35
ORDER_000003930_ITEM_003,ORDER_000003930,PRODUCT_000000163,3,21213.87,63641.61
ORDER_000003931_ITEM_001,ORDER_000003931,PRODUCT_000000314,2,13535.22,27070.44
ORDER_000003931_ITEM_002,ORDER_000003931,PRODUCT_000000357,3,64399.68,193199.04
ORDER_000003931_ITEM_003,ORDER_000003931,PRODUCT_000000267,1,451.33,451.33
ORDER_000003932_ITEM_001,ORDER_000003932,PRODUCT_000000112,3,20260.19,60780.57
ORDER_000003932_ITEM_002,ORDER_000003932,PRODUCT_000000097,5,29573.36,147866.80
ORDER_000003932_ITEM_003,ORDER_000003932,PRODUCT_000000350,1,27003.79,27003.79
ORDER_000003933_ITEM_001,ORDER_000003933,PRODUCT_000000129,4,109019.55,436078.20
ORDER_000003933_ITEM_002,ORDER_000003933,PRODUCT_000000483,3,11174.40,33523.20
ORDER_000003933_ITEM_003,ORDER_000003933,PRODUCT_000000272,3,13222.81,39668.43
ORDER_000003934_ITEM_001,ORDER_000003934,PRODUCT_000000464,2,46076.82,92153.64
ORDER_000003934_ITEM_002,ORDER_000003934,PRODUCT_000000225,2,3256.60,6513.20
ORDER_000003934_ITEM_003,ORDER_000003934,PRODUCT_000000452,5,66502.26,332511.30
ORDER_000003935_ITEM_001,ORDER_000003935,PRODUCT_000000052,4,175783.69,703134.76
ORDER_000003935_ITEM_002,ORDER_000003935,PRODUCT_000000460,2,49238.06,98476.12
ORDER_000003935_ITEM_003,ORDER_000003935,PRODUCT_000000209,3,4970.11,14910.33
ORDER_000003936_ITEM_001,ORDER_000003936,PRODUCT_000000294,5,98126.54,490632.70
ORDER_000003936_ITEM_002,ORDER_000003936,PRODUCT_000000464,2,46076.82,92153.64
ORDER_000003936_ITEM_003,ORDER_000003936,PRODUCT_000000382,1,36449.53,36449.53
ORDER_000003937_ITEM_001,ORDER_000003937,PRODUCT_000000027,5,122387.75,611938.75
ORDER_000003937_ITEM_002,ORDER_000003937,PRODUCT_000000236,1,1537.45,1537.45
ORDER_000003937_ITEM_003,ORDER_000003937,PRODUCT_000000052,2,175783.69,351567.38
ORDER_000003938_ITEM_001,ORDER_000003938,PRODUCT_000000189,2,2291.77,4583.54
ORDER_000003938_ITEM_002,ORDER_000003938,PRODUCT_000000492,1,1512.08,1512.08
ORDER_000003938_ITEM_003,ORDER_000003938,PRODUCT_000000135,2,19292.87,38585.74
ORDER_000003939_ITEM_001,ORDER_000003939,PRODUCT_000000192,3,10837.79,32513.37
ORDER_000003939_ITEM_002,ORDER_000003939,PRODUCT_000000329,1,9319.38,9319.38
ORDER_000003939_ITEM_003,ORDER_000003939,PRODUCT_000000339,4,14282.13,57128.52
ORDER_000003940_ITEM_001,ORDER_000003940,PRODUCT_000000416,3,2364.84,7094.52
ORDER_000003940_ITEM_002,ORDER_000003940,PRODUCT_000000158,3,21685.09,65055.27
ORDER_000003940_ITEM_003,ORDER_000003940,PRODUCT_000000219,3,10831.78,32495.34
ORDER_000003941_ITEM_001,ORDER_000003941,PRODUCT_000000319,5,52057.41,260287.05
ORDER_000003941_ITEM_002,ORDER_000003941,PRODUCT_000000246,1,84103.35,84103.35
ORDER_000003941_ITEM_003,ORDER_000003941,PRODUCT_000000471,1,26176.74,26176.74
ORDER_000003942_ITEM_001,ORDER_000003942,PRODUCT_000000224,3,89554.05,268662.15
ORDER_000003942_ITEM_002,ORDER_000003942,PRODUCT_000000051,4,45102.28,180409.12
ORDER_000003942_ITEM_003,ORDER_000003942,PRODUCT_000000239,3,30240.84,90722.52
ORDER_000003943_ITEM_001,ORDER_000003943,PRODUCT_000000279,5,1444.98,7224.90
ORDER_000003943_ITEM_002,ORDER_000003943,PRODUCT_000000173,1,18158.57,18158.57
ORDER_000003943_ITEM_003,ORDER_000003943,PRODUCT_000000308,2,10454.59,20909.18
ORDER_000003944_ITEM_001,ORDER_000003944,PRODUCT_000000362,4,311.22,1244.88
ORDER_000003944_ITEM_002,ORDER_000003944,PRODUCT_000000158,1,21685.09,21685.09
ORDER_000003944_ITEM_003,ORDER_000003944,PRODUCT_000000368,4,9454.76,37819.04
ORDER_000003945_ITEM_001,ORDER_000003945,PRODUCT_000000231,1,15947.02,15947.02
ORDER_000003945_ITEM_002,ORDER_000003945,PRODUCT_000000412,1,65524.59,65524.59
ORDER_000003945_ITEM_003,ORDER_000003945,PRODUCT_000000306,2,16336.98,32673.96
ORDER_000003946_ITEM_001,ORDER_000003946,PRODUCT_000000089,4,7426.76,29707.04
ORDER_000003946_ITEM_002,ORDER_000003946,PRODUCT_000000398,5,5027.03,25135.15
ORDER_000003946_ITEM_003,ORDER_000003946,PRODUCT_000000216,3,189337.30,568011.90
ORDER_000003947_ITEM_001,ORDER_000003947,PRODUCT_000000026,2,18909.61,37819.22
ORDER_000003947_ITEM_002,ORDER_000003947,PRODUCT_000000184,3,120740.28,362220.84
ORDER_000003947_ITEM_003,ORDER_000003947,PRODUCT_000000151,1,77780.21,77780.21
ORDER_000003948_ITEM_001,ORDER_000003948,PRODUCT_000000329,2,9319.38,18638.76
ORDER_000003948_ITEM_002,ORDER_000003948,PRODUCT_000000037,5,28745.87,143729.35
ORDER_000003948_ITEM_003,ORDER_000003948,PRODUCT_000000144,3,1419.24,4257.72
ORDER_000003949_ITEM_001,ORDER_000003949,PRODUCT_000000152,3,1691.46,5074.38
ORDER_000003949_ITEM_002,ORDER_000003949,PRODUCT_000000327,4,10245.94,40983.76
ORDER_000003949_ITEM_003,ORDER_000003949,PRODUCT_000000178,5,11187.40,55937.00
ORDER_000003950_ITEM_001,ORDER_000003950,PRODUCT_000000489,3,65761.05,197283.15
ORDER_000003950_ITEM_002,ORDER_000003950,PRODUCT_000000300,2,3971.91,7943.82
ORDER_000003950_ITEM_003,ORDER_000003950,PRODUCT_000000193,2,1656.01,3312.02
ORDER_000003951_ITEM_001,ORDER_000003951,PRODUCT_000000311,5,6289.30,31446.50
ORDER_000003951_ITEM_002,ORDER_000003951,PRODUCT_000000181,3,1727.48,5182.44
ORDER_000003951_ITEM_003,ORDER_000003951,PRODUCT_000000195,3,3974.21,11922.63
ORDER_000003952_ITEM_001,ORDER_000003952,PRODUCT_000000188,3,35973.47,107920.41
ORDER_000003952_ITEM_002,ORDER_000003952,PRODUCT_000000352,5,17207.18,86035.90
ORDER_000003952_ITEM_003,ORDER_000003952,PRODUCT_000000268,3,230.02,690.06
ORDER_000003953_ITEM_001,ORDER_000003953,PRODUCT_000000494,4,535.49,2141.96
ORDER_000003953_ITEM_002,ORDER_000003953,PRODUCT_000000294,2,98126.54,196253.08
ORDER_000003953_ITEM_003,ORDER_000003953,PRODUCT_000000002,1,64148.53,64148.53
ORDER_000003954_ITEM_001,ORDER_000003954,PRODUCT_000000451,3,557.23,1671.69
ORDER_000003954_ITEM_002,ORDER_000003954,PRODUCT_000000183,2,39378.79,78757.58
ORDER_000003954_ITEM_003,ORDER_000003954,PRODUCT_000000059,1,96024.22,96024.22
ORDER_000003955_ITEM_001,ORDER_000003955,PRODUCT_000000303,4,28560.91,114243.64
ORDER_000003955_ITEM_002,ORDER_000003955,PRODUCT_000000478,4,5870.96,23483.84
ORDER_000003955_ITEM_003,ORDER_000003955,PRODUCT_000000168,5,4563.70,22818.50
ORDER_000003956_ITEM_001,ORDER_000003956,PRODUCT_000000384,3,1879.95,5639.85
ORDER_000003956_ITEM_002,ORDER_000003956,PRODUCT_000000005,2,3906.48,7812.96
ORDER_000003956_ITEM_003,ORDER_000003956,PRODUCT_000000037,1,28745.87,28745.87
ORDER_000003957_ITEM_001,ORDER_000003957,PRODUCT_000000267,2,451.33,902.66
ORDER_000003957_ITEM_002,ORDER_000003957,PRODUCT_000000291,2,108213.93,216427.86
ORDER_000003957_ITEM_003,ORDER_000003957,PRODUCT_000000359,2,31351.97,62703.94
ORDER_000003958_ITEM_001,ORDER_000003958,PRODUCT_000000118,1,115069.78,115069.78
ORDER_000003958_ITEM_002,ORDER_000003958,PRODUCT_000000461,3,66176.77,198530.31
ORDER_000003958_ITEM_003,ORDER_000003958,PRODUCT_000000017,5,17512.73,87563.65
ORDER_000003959_ITEM_001,ORDER_000003959,PRODUCT_000000040,4,21212.12,84848.48
ORDER_000003959_ITEM_002,ORDER_000003959,PRODUCT_000000422,3,76372.72,229118.16
ORDER_000003959_ITEM_003,ORDER_000003959,PRODUCT_000000179,3,16969.41,50908.23
ORDER_000003960_ITEM_001,ORDER_000003960,PRODUCT_000000395,5,606.04,3030.20
ORDER_000003960_ITEM_002,ORDER_000003960,PRODUCT_000000328,4,95553.61,382214.44
ORDER_000003960_ITEM_003,ORDER_000003960,PRODUCT_000000474,5,690.90,3454.50
ORDER_000003961_ITEM_001,ORDER_000003961,PRODUCT_000000201,4,92050.96,368203.84
ORDER_000003961_ITEM_002,ORDER_000003961,PRODUCT_000000303,3,28560.91,85682.73
ORDER_000003961_ITEM_003,ORDER_000003961,PRODUCT_000000069,3,4621.50,13864.50
ORDER_000003962_ITEM_001,ORDER_000003962,PRODUCT_000000271,4,7343.39,29373.56
ORDER_000003962_ITEM_002,ORDER_000003962,PRODUCT_000000071,3,27899.72,83699.16
ORDER_000003962_ITEM_003,ORDER_000003962,PRODUCT_000000338,5,17766.86,88834.30
ORDER_000003963_ITEM_001,ORDER_000003963,PRODUCT_000000034,1,3282.53,3282.53
ORDER_000003963_ITEM_002,ORDER_000003963,PRODUCT_000000269,3,396.98,1190.94
ORDER_000003963_ITEM_003,ORDER_000003963,PRODUCT_000000066,3,166045.11,498135.33
ORDER_000003964_ITEM_001,ORDER_000003964,PRODUCT_000000116,3,108578.88,325736.64
ORDER_000003964_ITEM_002,ORDER_000003964,PRODUCT_000000084,1,69985.17,69985.17
ORDER_000003964_ITEM_003,ORDER_000003964,PRODUCT_000000059,5,96024.22,480121.10
ORDER_000003965_ITEM_001,ORDER_000003965,PRODUCT_000000478,2,5870.96,11741.92
ORDER_000003965_ITEM_002,ORDER_000003965,PRODUCT_000000078,5,99659.01,498295.05
ORDER_000003965_ITEM_003,ORDER_000003965,PRODUCT_000000327,3,10245.94,30737.82
ORDER_000003966_ITEM_001,ORDER_000003966,PRODUCT_000000168,3,4563.70,13691.10
ORDER_000003966_ITEM_002,ORDER_000003966,PRODUCT_000000463,1,1804.78,1804.78
ORDER_000003966_ITEM_003,ORDER_000003966,PRODUCT_000000279,2,1444.98,2889.96
ORDER_000003967_ITEM_001,ORDER_000003967,PRODUCT_000000401,4,1258.44,5033.76
ORDER_000003967_ITEM_002,ORDER_000003967,PRODUCT_000000181,3,1727.48,5182.44
ORDER_000003967_ITEM_003,ORDER_000003967,PRODUCT_000000389,3,71784.35,215353.05
ORDER_000003968_ITEM_001,ORDER_000003968,PRODUCT_000000159,2,40197.32,80394.64
ORDER_000003968_ITEM_002,ORDER_000003968,PRODUCT_000000229,2,12881.53,25763.06
ORDER_000003968_ITEM_003,ORDER_000003968,PRODUCT_000000075,4,13044.69,52178.76
ORDER_000003969_ITEM_001,ORDER_000003969,PRODUCT_000000255,2,52583.68,105167.36
ORDER_000003969_ITEM_002,ORDER_000003969,PRODUCT_000000160,3,243.20,729.60
ORDER_000003969_ITEM_003,ORDER_000003969,PRODUCT_000000256,4,1724.12,6896.48
ORDER_000003970_ITEM_001,ORDER_000003970,PRODUCT_000000199,1,48433.40,48433.40
ORDER_000003970_ITEM_002,ORDER_000003970,PRODUCT_000000247,2,976.86,1953.72
ORDER_000003970_ITEM_003,ORDER_000003970,PRODUCT_000000491,2,116914.83,233829.66
ORDER_000003971_ITEM_001,ORDER_000003971,PRODUCT_000000323,2,111157.95,222315.90
ORDER_000003971_ITEM_002,ORDER_000003971,PRODUCT_000000165,4,91589.22,366356.88
ORDER_000003971_ITEM_003,ORDER_000003971,PRODUCT_000000358,4,459.97,1839.88
ORDER_000003972_ITEM_001,ORDER_000003972,PRODUCT_000000423,4,2075.71,8302.84
ORDER_000003972_ITEM_002,ORDER_000003972,PRODUCT_000000138,3,9019.79,27059.37
ORDER_000003972_ITEM_003,ORDER_000003972,PRODUCT_000000373,2,1253.40,2506.80
ORDER_000003973_ITEM_001,ORDER_000003973,PRODUCT_000000200,3,22985.98,68957.94
ORDER_000003973_ITEM_002,ORDER_000003973,PRODUCT_000000162,2,12519.41,25038.82
ORDER_000003973_ITEM_003,ORDER_000003973,PRODUCT_000000228,2,79825.81,159651.62
ORDER_000003974_ITEM_001,ORDER_000003974,PRODUCT_000000184,1,120740.28,120740.28
ORDER_000003974_ITEM_002,ORDER_000003974,PRODUCT_000000351,1,186960.69,186960.69
ORDER_000003974_ITEM_003,ORDER_000003974,PRODUCT_000000390,4,36528.52,146114.08
ORDER_000003975_ITEM_001,ORDER_000003975,PRODUCT_000000049,5,194087.22,970436.10
ORDER_000003975_ITEM_002,ORDER_000003975,PRODUCT_000000273,1,93376.09,93376.09
ORDER_000003975_ITEM_003,ORDER_000003975,PRODUCT_000000360,4,102821.06,411284.24
ORDER_000003976_ITEM_001,ORDER_000003976,PRODUCT_000000331,3,16339.42,49018.26
ORDER_000003976_ITEM_002,ORDER_000003976,PRODUCT_000000379,4,788.70,3154.80
ORDER_000003976_ITEM_003,ORDER_000003976,PRODUCT_000000332,1,1477.19,1477.19
ORDER_000003977_ITEM_001,ORDER_000003977,PRODUCT_000000421,2,26929.93,53859.86
ORDER_000003977_ITEM_002,ORDER_000003977,PRODUCT_000000162,5,12519.41,62597.05
ORDER_000003977_ITEM_003,ORDER_000003977,PRODUCT_000000203,5,131189.59,655947.95
ORDER_000003978_ITEM_001,ORDER_000003978,PRODUCT_000000438,3,40311.65,120934.95
ORDER_000003978_ITEM_002,ORDER_000003978,PRODUCT_000000269,1,396.98,396.98
ORDER_000003978_ITEM_003,ORDER_000003978,PRODUCT_000000088,1,4393.00,4393.00
ORDER_000003979_ITEM_001,ORDER_000003979,PRODUCT_000000055,1,77397.64,77397.64
ORDER_000003979_ITEM_002,ORDER_000003979,PRODUCT_000000198,5,53251.57,266257.85
ORDER_000003979_ITEM_003,ORDER_000003979,PRODUCT_000000379,5,788.70,3943.50
ORDER_000003980_ITEM_001,ORDER_000003980,PRODUCT_000000330,4,732.17,2928.68
ORDER_000003980_ITEM_002,ORDER_000003980,PRODUCT_000000425,4,3973.74,15894.96
ORDER_000003980_ITEM_003,ORDER_000003980,PRODUCT_000000379,2,788.70,1577.40
ORDER_000003981_ITEM_001,ORDER_000003981,PRODUCT_000000030,5,27973.94,139869.70
ORDER_000003981_ITEM_002,ORDER_000003981,PRODUCT_000000183,4,39378.79,157515.16
ORDER_000003981_ITEM_003,ORDER_000003981,PRODUCT_000000035,4,6152.71,24610.84
ORDER_000003982_ITEM_001,ORDER_000003982,PRODUCT_000000182,5,906.52,4532.60
ORDER_000003982_ITEM_002,ORDER_000003982,PRODUCT_000000128,3,10367.22,31101.66
ORDER_000003982_ITEM_003,ORDER_000003982,PRODUCT_000000298,5,335.33,1676.65
ORDER_000003983_ITEM_001,ORDER_000003983,PRODUCT_000000229,2,12881.53,25763.06
ORDER_000003983_ITEM_002,ORDER_000003983,PRODUCT_000000229,5,12881.53,64407.65
ORDER_000003983_ITEM_003,ORDER_000003983,PRODUCT_000000075,3,13044.69,39134.07
ORDER_000003984_ITEM_001,ORDER_000003984,PRODUCT_000000366,4,11041.34,44165.36
ORDER_000003984_ITEM_002,ORDER_000003984,PRODUCT_000000303,3,28560.91,85682.73
ORDER_000003984_ITEM_003,ORDER_000003984,PRODUCT_000000497,2,86756.62,173513.24
ORDER_000003985_ITEM_001,ORDER_000003985,PRODUCT_000000165,2,91589.22,183178.44
ORDER_000003985_ITEM_002,ORDER_000003985,PRODUCT_000000360,5,102821.06,514105.30
ORDER_000003985_ITEM_003,ORDER_000003985,PRODUCT_000000300,1,3971.91,3971.91
ORDER_000003986_ITEM_001,ORDER_000003986,PRODUCT_000000421,4,26929.93,107719.72
ORDER_000003986_ITEM_002,ORDER_000003986,PRODUCT_000000426,4,14178.77,56715.08
ORDER_000003986_ITEM_003,ORDER_000003986,PRODUCT_000000423,4,2075.71,8302.84
ORDER_000003987_ITEM_001,ORDER_000003987,PRODUCT_000000101,5,1447.61,7238.05
ORDER_000003987_ITEM_002,ORDER_000003987,PRODUCT_000000037,5,28745.87,143729.35
ORDER_000003987_ITEM_003,ORDER_000003987,PRODUCT_000000310,3,14175.81,42527.43
ORDER_000003988_ITEM_001,ORDER_000003988,PRODUCT_000000312,5,508.37,2541.85
ORDER_000003988_ITEM_002,ORDER_000003988,PRODUCT_000000179,4,16969.41,67877.64
ORDER_000003988_ITEM_003,ORDER_000003988,PRODUCT_000000381,4,80434.33,321737.32
ORDER_000003989_ITEM_001,ORDER_000003989,PRODUCT_000000451,1,557.23,557.23
ORDER_000003989_ITEM_002,ORDER_000003989,PRODUCT_000000012,1,116699.02,116699.02
ORDER_000003989_ITEM_003,ORDER_000003989,PRODUCT_000000098,4,82015.47,328061.88
ORDER_000003990_ITEM_001,ORDER_000003990,PRODUCT_000000374,2,194612.79,389225.58
ORDER_000003990_ITEM_002,ORDER_000003990,PRODUCT_000000392,1,38277.40,38277.40
ORDER_000003990_ITEM_003,ORDER_000003990,PRODUCT_000000111,2,5144.89,10289.78
ORDER_000003991_ITEM_001,ORDER_000003991,PRODUCT_000000455,3,5380.81,16142.43
ORDER_000003991_ITEM_002,ORDER_000003991,PRODUCT_000000449,5,10447.59,52237.95
ORDER_000003991_ITEM_003,ORDER_000003991,PRODUCT_000000417,5,2286.08,11430.40
ORDER_000003992_ITEM_001,ORDER_000003992,PRODUCT_000000382,2,36449.53,72899.06
ORDER_000003992_ITEM_002,ORDER_000003992,PRODUCT_000000252,1,18522.97,18522.97
ORDER_000003992_ITEM_003,ORDER_000003992,PRODUCT_000000020,1,4087.52,4087.52
ORDER_000003993_ITEM_001,ORDER_000003993,PRODUCT_000000408,3,291.08,873.24
ORDER_000003993_ITEM_002,ORDER_000003993,PRODUCT_000000056,4,1746.83,6987.32
ORDER_000003993_ITEM_003,ORDER_000003993,PRODUCT_000000365,5,1131.39,5656.95
ORDER_000003994_ITEM_001,ORDER_000003994,PRODUCT_000000264,4,2135.20,8540.80
ORDER_000003994_ITEM_002,ORDER_000003994,PRODUCT_000000371,4,7881.87,31527.48
ORDER_000003994_ITEM_003,ORDER_000003994,PRODUCT_000000325,2,4259.98,8519.96
ORDER_000003995_ITEM_001,ORDER_000003995,PRODUCT_000000461,1,66176.77,66176.77
ORDER_000003995_ITEM_002,ORDER_000003995,PRODUCT_000000378,3,253.91,761.73
ORDER_000003995_ITEM_003,ORDER_000003995,PRODUCT_000000499,2,22717.74,45435.48
ORDER_000003996_ITEM_001,ORDER_000003996,PRODUCT_000000485,1,123226.74,123226.74
ORDER_000003996_ITEM_002,ORDER_000003996,PRODUCT_000000015,3,140055.39,420166.17
ORDER_000003996_ITEM_003,ORDER_000003996,PRODUCT_000000324,1,58960.31,58960.31
ORDER_000003997_ITEM_001,ORDER_000003997,PRODUCT_000000359,1,31351.97,31351.97
ORDER_000003997_ITEM_002,ORDER_000003997,PRODUCT_000000182,2,906.52,1813.04
ORDER_000003997_ITEM_003,ORDER_000003997,PRODUCT_000000072,1,7200.43,7200.43
ORDER_000003998_ITEM_001,ORDER_000003998,PRODUCT_000000213,1,12880.62,12880.62
ORDER_000003998_ITEM_002,ORDER_000003998,PRODUCT_000000282,5,114133.14,570665.70
ORDER_000003998_ITEM_003,ORDER_000003998,PRODUCT_000000217,3,5712.09,17136.27
ORDER_000003999_ITEM_001,ORDER_000003999,PRODUCT_000000232,1,4022.49,4022.49
ORDER_000003999_ITEM_002,ORDER_000003999,PRODUCT_000000443,1,1322.46,1322.46
ORDER_000003999_ITEM_003,ORDER_000003999,PRODUCT_000000167,2,29972.62,59945.24
ORDER_000004000_ITEM_001,ORDER_000004000,PRODUCT_000000037,1,28745.87,28745.87
ORDER_000004000_ITEM_002,ORDER_000004000,PRODUCT_000000495,5,111322.66,556613.30
ORDER_000004000_ITEM_003,ORDER_000004000,PRODUCT_000000149,1,500.36,500.36
ORDER_000004001_ITEM_001,ORDER_000004001,PRODUCT_000000130,3,2919.96,8759.88
ORDER_000004001_ITEM_002,ORDER_000004001,PRODUCT_000000234,5,8118.02,40590.10
ORDER_000004001_ITEM_003,ORDER_000004001,PRODUCT_000000149,4,500.36,2001.44
ORDER_000004002_ITEM_001,ORDER_000004002,PRODUCT_000000123,3,18655.96,55967.88
ORDER_000004002_ITEM_002,ORDER_000004002,PRODUCT_000000042,4,81949.03,327796.12
ORDER_000004002_ITEM_003,ORDER_000004002,PRODUCT_000000410,1,6005.71,6005.71
ORDER_000004003_ITEM_001,ORDER_000004003,PRODUCT_000000365,2,1131.39,2262.78
ORDER_000004003_ITEM_002,ORDER_000004003,PRODUCT_000000432,4,67458.36,269833.44
ORDER_000004003_ITEM_003,ORDER_000004003,PRODUCT_000000256,1,1724.12,1724.12
ORDER_000004004_ITEM_001,ORDER_000004004,PRODUCT_000000107,4,835.56,3342.24
ORDER_000004004_ITEM_002,ORDER_000004004,PRODUCT_000000471,2,26176.74,52353.48
ORDER_000004004_ITEM_003,ORDER_000004004,PRODUCT_000000326,5,12706.30,63531.50
ORDER_000004005_ITEM_001,ORDER_000004005,PRODUCT_000000321,2,11193.14,22386.28
ORDER_000004005_ITEM_002,ORDER_000004005,PRODUCT_000000251,4,1112.09,4448.36
ORDER_000004005_ITEM_003,ORDER_000004005,PRODUCT_000000062,1,5183.35,5183.35
ORDER_000004006_ITEM_001,ORDER_000004006,PRODUCT_000000005,1,3906.48,3906.48
ORDER_000004006_ITEM_002,ORDER_000004006,PRODUCT_000000038,4,5864.01,23456.04
ORDER_000004006_ITEM_003,ORDER_000004006,PRODUCT_000000257,2,6078.96,12157.92
ORDER_000004007_ITEM_001,ORDER_000004007,PRODUCT_000000123,1,18655.96,18655.96
ORDER_000004007_ITEM_002,ORDER_000004007,PRODUCT_000000284,5,25462.80,127314.00
ORDER_000004007_ITEM_003,ORDER_000004007,PRODUCT_000000318,1,11683.06,11683.06
ORDER_000004008_ITEM_001,ORDER_000004008,PRODUCT_000000396,1,32148.93,32148.93
ORDER_000004008_ITEM_002,ORDER_000004008,PRODUCT_000000357,4,64399.68,257598.72
ORDER_000004008_ITEM_003,ORDER_000004008,PRODUCT_000000222,2,26935.38,53870.76
ORDER_000004009_ITEM_001,ORDER_000004009,PRODUCT_000000409,3,20583.82,61751.46
ORDER_000004009_ITEM_002,ORDER_000004009,PRODUCT_000000469,1,4611.19,4611.19
ORDER_000004009_ITEM_003,ORDER_000004009,PRODUCT_000000039,4,399.38,1597.52
ORDER_000004010_ITEM_001,ORDER_000004010,PRODUCT_000000255,5,52583.68,262918.40
ORDER_000004010_ITEM_002,ORDER_000004010,PRODUCT_000000419,3,1633.27,4899.81
ORDER_000004010_ITEM_003,ORDER_000004010,PRODUCT_000000316,1,7149.36,7149.36
ORDER_000004011_ITEM_001,ORDER_000004011,PRODUCT_000000023,5,1295.31,6476.55
ORDER_000004011_ITEM_002,ORDER_000004011,PRODUCT_000000277,3,11671.40,35014.20
ORDER_000004011_ITEM_003,ORDER_000004011,PRODUCT_000000105,2,630.25,1260.50
ORDER_000004012_ITEM_001,ORDER_000004012,PRODUCT_000000231,5,15947.02,79735.10
ORDER_000004012_ITEM_002,ORDER_000004012,PRODUCT_000000142,5,77646.41,388232.05
ORDER_000004012_ITEM_003,ORDER_000004012,PRODUCT_000000165,4,91589.22,366356.88
ORDER_000004013_ITEM_001,ORDER_000004013,PRODUCT_000000304,2,12926.90,25853.80
ORDER_000004013_ITEM_002,ORDER_000004013,PRODUCT_000000487,4,62096.00,248384.00
ORDER_000004013_ITEM_003,ORDER_000004013,PRODUCT_000000150,2,97514.34,195028.68
ORDER_000004014_ITEM_001,ORDER_000004014,PRODUCT_000000259,5,8268.46,41342.30
ORDER_000004014_ITEM_002,ORDER_000004014,PRODUCT_000000343,1,62824.31,62824.31
ORDER_000004014_ITEM_003,ORDER_000004014,PRODUCT_000000479,5,436.69,2183.45
ORDER_000004015_ITEM_001,ORDER_000004015,PRODUCT_000000203,2,131189.59,262379.18
ORDER_000004015_ITEM_002,ORDER_000004015,PRODUCT_000000455,5,5380.81,26904.05
ORDER_000004015_ITEM_003,ORDER_000004015,PRODUCT_000000341,5,80395.16,401975.80
ORDER_000004016_ITEM_001,ORDER_000004016,PRODUCT_000000466,1,7087.91,7087.91
ORDER_000004016_ITEM_002,ORDER_000004016,PRODUCT_000000134,4,2948.45,11793.80
ORDER_000004016_ITEM_003,ORDER_000004016,PRODUCT_000000312,3,508.37,1525.11
ORDER_000004017_ITEM_001,ORDER_000004017,PRODUCT_000000333,3,530.81,1592.43
ORDER_000004017_ITEM_002,ORDER_000004017,PRODUCT_000000110,5,7868.39,39341.95
ORDER_000004017_ITEM_003,ORDER_000004017,PRODUCT_000000272,3,13222.81,39668.43
ORDER_000004018_ITEM_001,ORDER_000004018,PRODUCT_000000077,3,77023.77,231071.31
ORDER_000004018_ITEM_002,ORDER_000004018,PRODUCT_000000407,2,71009.01,142018.02
ORDER_000004018_ITEM_003,ORDER_000004018,PRODUCT_000000439,2,72153.89,144307.78
ORDER_000004019_ITEM_001,ORDER_000004019,PRODUCT_000000379,2,788.70,1577.40
ORDER_000004019_ITEM_002,ORDER_000004019,PRODUCT_000000294,1,98126.54,98126.54
ORDER_000004019_ITEM_003,ORDER_000004019,PRODUCT_000000406,3,130798.44,392395.32
ORDER_000004020_ITEM_001,ORDER_000004020,PRODUCT_000000188,5,35973.47,179867.35
ORDER_000004020_ITEM_002,ORDER_000004020,PRODUCT_000000006,3,78496.47,235489.41
ORDER_000004020_ITEM_003,ORDER_000004020,PRODUCT_000000157,3,1512.91,4538.73
ORDER_000004021_ITEM_001,ORDER_000004021,PRODUCT_000000246,1,84103.35,84103.35
ORDER_000004021_ITEM_002,ORDER_000004021,PRODUCT_000000162,3,12519.41,37558.23
ORDER_000004021_ITEM_003,ORDER_000004021,PRODUCT_000000164,3,63385.92,190157.76
ORDER_000004022_ITEM_001,ORDER_000004022,PRODUCT_000000085,5,95727.09,478635.45
ORDER_000004022_ITEM_002,ORDER_000004022,PRODUCT_000000409,1,20583.82,20583.82
ORDER_000004022_ITEM_003,ORDER_000004022,PRODUCT_000000426,4,14178.77,56715.08
ORDER_000004023_ITEM_001,ORDER_000004023,PRODUCT_000000449,5,10447.59,52237.95
ORDER_000004023_ITEM_002,ORDER_000004023,PRODUCT_000000244,2,13044.75,26089.50
ORDER_000004023_ITEM_003,ORDER_000004023,PRODUCT_000000138,5,9019.79,45098.95
ORDER_000004024_ITEM_001,ORDER_000004024,PRODUCT_000000128,1,10367.22,10367.22
ORDER_000004024_ITEM_002,ORDER_000004024,PRODUCT_000000206,1,338.63,338.63
ORDER_000004024_ITEM_003,ORDER_000004024,PRODUCT_000000185,3,30648.96,91946.88
ORDER_000004025_ITEM_001,ORDER_000004025,PRODUCT_000000266,3,139987.08,419961.24
ORDER_000004025_ITEM_002,ORDER_000004025,PRODUCT_000000496,4,970.45,3881.80
ORDER_000004025_ITEM_003,ORDER_000004025,PRODUCT_000000263,2,114743.85,229487.70
ORDER_000004026_ITEM_001,ORDER_000004026,PRODUCT_000000376,2,1235.61,2471.22
ORDER_000004026_ITEM_002,ORDER_000004026,PRODUCT_000000340,5,46977.00,234885.00
ORDER_000004026_ITEM_003,ORDER_000004026,PRODUCT_000000121,2,67658.89,135317.78
ORDER_000004027_ITEM_001,ORDER_000004027,PRODUCT_000000216,2,189337.30,378674.60
ORDER_000004027_ITEM_002,ORDER_000004027,PRODUCT_000000125,5,48262.53,241312.65
ORDER_000004027_ITEM_003,ORDER_000004027,PRODUCT_000000200,5,22985.98,114929.90
ORDER_000004028_ITEM_001,ORDER_000004028,PRODUCT_000000104,3,42385.77,127157.31
ORDER_000004028_ITEM_002,ORDER_000004028,PRODUCT_000000488,3,7299.35,21898.05
ORDER_000004028_ITEM_003,ORDER_000004028,PRODUCT_000000448,3,30757.35,92272.05
ORDER_000004029_ITEM_001,ORDER_000004029,PRODUCT_000000084,4,69985.17,279940.68
ORDER_000004029_ITEM_002,ORDER_000004029,PRODUCT_000000001,4,47526.13,190104.52
ORDER_000004029_ITEM_003,ORDER_000004029,PRODUCT_000000445,4,957.74,3830.96
ORDER_000004030_ITEM_001,ORDER_000004030,PRODUCT_000000049,2,194087.22,388174.44
ORDER_000004030_ITEM_002,ORDER_000004030,PRODUCT_000000210,5,961.15,4805.75
ORDER_000004030_ITEM_003,ORDER_000004030,PRODUCT_000000090,3,727.26,2181.78
ORDER_000004031_ITEM_001,ORDER_000004031,PRODUCT_000000056,4,1746.83,6987.32
ORDER_000004031_ITEM_002,ORDER_000004031,PRODUCT_000000094,2,159079.65,318159.30
ORDER_000004031_ITEM_003,ORDER_000004031,PRODUCT_000000488,4,7299.35,29197.40
ORDER_000004032_ITEM_001,ORDER_000004032,PRODUCT_000000432,3,67458.36,202375.08
ORDER_000004032_ITEM_002,ORDER_000004032,PRODUCT_000000069,3,4621.50,13864.50
ORDER_000004032_ITEM_003,ORDER_000004032,PRODUCT_000000489,1,65761.05,65761.05
ORDER_000004033_ITEM_001,ORDER_000004033,PRODUCT_000000115,3,1102.21,3306.63
ORDER_000004033_ITEM_002,ORDER_000004033,PRODUCT_000000333,1,530.81,530.81
ORDER_000004033_ITEM_003,ORDER_000004033,PRODUCT_000000020,1,4087.52,4087.52
ORDER_000004034_ITEM_001,ORDER_000004034,PRODUCT_000000328,3,95553.61,286660.83
ORDER_000004034_ITEM_002,ORDER_000004034,PRODUCT_000000262,5,34449.06,172245.30
ORDER_000004034_ITEM_003,ORDER_000004034,PRODUCT_000000041,5,4860.87,24304.35
ORDER_000004035_ITEM_001,ORDER_000004035,PRODUCT_000000162,4,12519.41,50077.64
ORDER_000004035_ITEM_002,ORDER_000004035,PRODUCT_000000175,4,40112.08,160448.32
ORDER_000004035_ITEM_003,ORDER_000004035,PRODUCT_000000099,3,13369.90,40109.70
ORDER_000004036_ITEM_001,ORDER_000004036,PRODUCT_000000028,2,22480.60,44961.20
ORDER_000004036_ITEM_002,ORDER_000004036,PRODUCT_000000367,5,84997.19,424985.95
ORDER_000004036_ITEM_003,ORDER_000004036,PRODUCT_000000228,5,79825.81,399129.05
ORDER_000004037_ITEM_001,ORDER_000004037,PRODUCT_000000345,2,106411.74,212823.48
ORDER_000004037_ITEM_002,ORDER_000004037,PRODUCT_000000362,3,311.22,933.66
ORDER_000004037_ITEM_003,ORDER_000004037,PRODUCT_000000170,1,2022.45,2022.45
ORDER_000004038_ITEM_001,ORDER_000004038,PRODUCT_000000457,1,20677.50,20677.50
ORDER_000004038_ITEM_002,ORDER_000004038,PRODUCT_000000406,3,130798.44,392395.32
ORDER_000004038_ITEM_003,ORDER_000004038,PRODUCT_000000363,4,1679.27,6717.08
ORDER_000004039_ITEM_001,ORDER_000004039,PRODUCT_000000083,3,68919.06,206757.18
ORDER_000004039_ITEM_002,ORDER_000004039,PRODUCT_000000007,2,3112.46,6224.92
ORDER_000004039_ITEM_003,ORDER_000004039,PRODUCT_000000266,4,139987.08,559948.32
ORDER_000004040_ITEM_001,ORDER_000004040,PRODUCT_000000164,5,63385.92,316929.60
ORDER_000004040_ITEM_002,ORDER_000004040,PRODUCT_000000415,3,77825.19,233475.57
ORDER_000004040_ITEM_003,ORDER_000004040,PRODUCT_000000398,4,5027.03,20108.12
ORDER_000004041_ITEM_001,ORDER_000004041,PRODUCT_000000070,2,82897.23,165794.46
ORDER_000004041_ITEM_002,ORDER_000004041,PRODUCT_000000226,1,2585.73,2585.73
ORDER_000004041_ITEM_003,ORDER_000004041,PRODUCT_000000229,1,12881.53,12881.53
ORDER_000004042_ITEM_001,ORDER_000004042,PRODUCT_000000453,1,179948.29,179948.29
ORDER_000004042_ITEM_002,ORDER_000004042,PRODUCT_000000003,4,166254.56,665018.24
ORDER_000004042_ITEM_003,ORDER_000004042,PRODUCT_000000353,5,761.53,3807.65
ORDER_000004043_ITEM_001,ORDER_000004043,PRODUCT_000000228,4,79825.81,319303.24
ORDER_000004043_ITEM_002,ORDER_000004043,PRODUCT_000000062,4,5183.35,20733.40
ORDER_000004043_ITEM_003,ORDER_000004043,PRODUCT_000000378,5,253.91,1269.55
ORDER_000004044_ITEM_001,ORDER_000004044,PRODUCT_000000013,3,85341.86,256025.58
ORDER_000004044_ITEM_002,ORDER_000004044,PRODUCT_000000206,5,338.63,1693.15
ORDER_000004044_ITEM_003,ORDER_000004044,PRODUCT_000000133,2,107202.22,214404.44
ORDER_000004045_ITEM_001,ORDER_000004045,PRODUCT_000000340,1,46977.00,46977.00
ORDER_000004045_ITEM_002,ORDER_000004045,PRODUCT_000000165,4,91589.22,366356.88
ORDER_000004045_ITEM_003,ORDER_000004045,PRODUCT_000000234,3,8118.02,24354.06
ORDER_000004046_ITEM_001,ORDER_000004046,PRODUCT_000000408,3,291.08,873.24
ORDER_000004046_ITEM_002,ORDER_000004046,PRODUCT_000000057,4,181686.00,726744.00
ORDER_000004046_ITEM_003,ORDER_000004046,PRODUCT_000000391,1,21049.94,21049.94
ORDER_000004047_ITEM_001,ORDER_000004047,PRODUCT_000000228,2,79825.81,159651.62
ORDER_000004047_ITEM_002,ORDER_000004047,PRODUCT_000000246,1,84103.35,84103.35
ORDER_000004047_ITEM_003,ORDER_000004047,PRODUCT_000000145,5,3868.10,19340.50
ORDER_000004048_ITEM_001,ORDER_000004048,PRODUCT_000000367,4,84997.19,339988.76
ORDER_000004048_ITEM_002,ORDER_000004048,PRODUCT_000000035,4,6152.71,24610.84
ORDER_000004048_ITEM_003,ORDER_000004048,PRODUCT_000000373,3,1253.40,3760.20
ORDER_000004049_ITEM_001,ORDER_000004049,PRODUCT_000000274,5,145414.87,727074.35
ORDER_000004049_ITEM_002,ORDER_000004049,PRODUCT_000000293,3,68391.63,205174.89
ORDER_000004049_ITEM_003,ORDER_000004049,PRODUCT_000000280,1,8266.88,8266.88
ORDER_000004050_ITEM_001,ORDER_000004050,PRODUCT_000000137,5,2720.00,13600.00
ORDER_000004050_ITEM_002,ORDER_000004050,PRODUCT_000000304,4,12926.90,51707.60
ORDER_000004050_ITEM_003,ORDER_000004050,PRODUCT_000000174,5,121049.76,605248.80
ORDER_000004051_ITEM_001,ORDER_000004051,PRODUCT_000000137,4,2720.00,10880.00
ORDER_000004051_ITEM_002,ORDER_000004051,PRODUCT_000000154,5,17743.63,88718.15
ORDER_000004051_ITEM_003,ORDER_000004051,PRODUCT_000000291,4,108213.93,432855.72
ORDER_000004052_ITEM_001,ORDER_000004052,PRODUCT_000000215,2,5520.21,11040.42
ORDER_000004052_ITEM_002,ORDER_000004052,PRODUCT_000000110,4,7868.39,31473.56
ORDER_000004052_ITEM_003,ORDER_000004052,PRODUCT_000000489,2,65761.05,131522.10
ORDER_000004053_ITEM_001,ORDER_000004053,PRODUCT_000000141,3,11546.35,34639.05
ORDER_000004053_ITEM_002,ORDER_000004053,PRODUCT_000000401,5,1258.44,6292.20
ORDER_000004053_ITEM_003,ORDER_000004053,PRODUCT_000000377,3,11772.95,35318.85
ORDER_000004054_ITEM_001,ORDER_000004054,PRODUCT_000000394,5,1417.36,7086.80
ORDER_000004054_ITEM_002,ORDER_000004054,PRODUCT_000000013,3,85341.86,256025.58
ORDER_000004054_ITEM_003,ORDER_000004054,PRODUCT_000000463,2,1804.78,3609.56
ORDER_000004055_ITEM_001,ORDER_000004055,PRODUCT_000000430,2,56850.26,113700.52
ORDER_000004055_ITEM_002,ORDER_000004055,PRODUCT_000000475,2,60287.81,120575.62
ORDER_000004055_ITEM_003,ORDER_000004055,PRODUCT_000000069,2,4621.50,9243.00
ORDER_000004056_ITEM_001,ORDER_000004056,PRODUCT_000000295,3,38276.02,114828.06
ORDER_000004056_ITEM_002,ORDER_000004056,PRODUCT_000000386,1,7104.14,7104.14
ORDER_000004056_ITEM_003,ORDER_000004056,PRODUCT_000000039,5,399.38,1996.90
ORDER_000004057_ITEM_001,ORDER_000004057,PRODUCT_000000279,5,1444.98,7224.90
ORDER_000004057_ITEM_002,ORDER_000004057,PRODUCT_000000491,2,116914.83,233829.66
ORDER_000004057_ITEM_003,ORDER_000004057,PRODUCT_000000141,2,11546.35,23092.70
ORDER_000004058_ITEM_001,ORDER_000004058,PRODUCT_000000353,2,761.53,1523.06
ORDER_000004058_ITEM_002,ORDER_000004058,PRODUCT_000000375,5,2168.98,10844.90
ORDER_000004058_ITEM_003,ORDER_000004058,PRODUCT_000000322,2,6422.03,12844.06
ORDER_000004059_ITEM_001,ORDER_000004059,PRODUCT_000000364,4,87653.60,350614.40
ORDER_000004059_ITEM_002,ORDER_000004059,PRODUCT_000000019,1,6627.77,6627.77
ORDER_000004059_ITEM_003,ORDER_000004059,PRODUCT_000000414,1,57878.53,57878.53
ORDER_000004060_ITEM_001,ORDER_000004060,PRODUCT_000000191,2,936.27,1872.54
ORDER_000004060_ITEM_002,ORDER_000004060,PRODUCT_000000308,4,10454.59,41818.36
ORDER_000004060_ITEM_003,ORDER_000004060,PRODUCT_000000258,5,1110.13,5550.65
ORDER_000004061_ITEM_001,ORDER_000004061,PRODUCT_000000339,4,14282.13,57128.52
ORDER_000004061_ITEM_002,ORDER_000004061,PRODUCT_000000010,5,2629.61,13148.05
ORDER_000004061_ITEM_003,ORDER_000004061,PRODUCT_000000405,4,6190.14,24760.56
ORDER_000004062_ITEM_001,ORDER_000004062,PRODUCT_000000189,3,2291.77,6875.31
ORDER_000004062_ITEM_002,ORDER_000004062,PRODUCT_000000256,3,1724.12,5172.36
ORDER_000004062_ITEM_003,ORDER_000004062,PRODUCT_000000036,3,49982.53,149947.59
ORDER_000004063_ITEM_001,ORDER_000004063,PRODUCT_000000367,1,84997.19,84997.19
ORDER_000004063_ITEM_002,ORDER_000004063,PRODUCT_000000275,4,37395.96,149583.84
ORDER_000004063_ITEM_003,ORDER_000004063,PRODUCT_000000324,1,58960.31,58960.31
ORDER_000004064_ITEM_001,ORDER_000004064,PRODUCT_000000327,5,10245.94,51229.70
ORDER_000004064_ITEM_002,ORDER_000004064,PRODUCT_000000168,5,4563.70,22818.50
ORDER_000004064_ITEM_003,ORDER_000004064,PRODUCT_000000500,5,66111.23,330556.15
ORDER_000004065_ITEM_001,ORDER_000004065,PRODUCT_000000480,3,4616.48,13849.44
ORDER_000004065_ITEM_002,ORDER_000004065,PRODUCT_000000167,5,29972.62,149863.10
ORDER_000004065_ITEM_003,ORDER_000004065,PRODUCT_000000325,2,4259.98,8519.96
ORDER_000004066_ITEM_001,ORDER_000004066,PRODUCT_000000180,1,131161.69,131161.69
ORDER_000004066_ITEM_002,ORDER_000004066,PRODUCT_000000329,4,9319.38,37277.52
ORDER_000004066_ITEM_003,ORDER_000004066,PRODUCT_000000493,3,1452.96,4358.88
ORDER_000004067_ITEM_001,ORDER_000004067,PRODUCT_000000378,3,253.91,761.73
ORDER_000004067_ITEM_002,ORDER_000004067,PRODUCT_000000129,1,109019.55,109019.55
ORDER_000004067_ITEM_003,ORDER_000004067,PRODUCT_000000019,1,6627.77,6627.77
ORDER_000004068_ITEM_001,ORDER_000004068,PRODUCT_000000141,5,11546.35,57731.75
ORDER_000004068_ITEM_002,ORDER_000004068,PRODUCT_000000256,2,1724.12,3448.24
ORDER_000004068_ITEM_003,ORDER_000004068,PRODUCT_000000449,5,10447.59,52237.95
ORDER_000004069_ITEM_001,ORDER_000004069,PRODUCT_000000258,2,1110.13,2220.26
ORDER_000004069_ITEM_002,ORDER_000004069,PRODUCT_000000094,3,159079.65,477238.95
ORDER_000004069_ITEM_003,ORDER_000004069,PRODUCT_000000430,5,56850.26,284251.30
ORDER_000004070_ITEM_001,ORDER_000004070,PRODUCT_000000220,3,5722.11,17166.33
ORDER_000004070_ITEM_002,ORDER_000004070,PRODUCT_000000173,4,18158.57,72634.28
ORDER_000004070_ITEM_003,ORDER_000004070,PRODUCT_000000307,5,8253.54,41267.70
ORDER_000004071_ITEM_001,ORDER_000004071,PRODUCT_000000212,1,10759.26,10759.26
ORDER_000004071_ITEM_002,ORDER_000004071,PRODUCT_000000169,2,1720.94,3441.88
ORDER_000004071_ITEM_003,ORDER_000004071,PRODUCT_000000348,5,511.50,2557.50
ORDER_000004072_ITEM_001,ORDER_000004072,PRODUCT_000000216,2,189337.30,378674.60
ORDER_000004072_ITEM_002,ORDER_000004072,PRODUCT_000000141,4,11546.35,46185.40
ORDER_000004072_ITEM_003,ORDER_000004072,PRODUCT_000000236,2,1537.45,3074.90
ORDER_000004073_ITEM_001,ORDER_000004073,PRODUCT_000000009,1,51529.17,51529.17
ORDER_000004073_ITEM_002,ORDER_000004073,PRODUCT_000000491,3,116914.83,350744.49
ORDER_000004073_ITEM_003,ORDER_000004073,PRODUCT_000000015,5,140055.39,700276.95
ORDER_000004074_ITEM_001,ORDER_000004074,PRODUCT_000000045,4,35447.12,141788.48
ORDER_000004074_ITEM_002,ORDER_000004074,PRODUCT_000000378,5,253.91,1269.55
ORDER_000004074_ITEM_003,ORDER_000004074,PRODUCT_000000106,4,1964.81,7859.24
ORDER_000004075_ITEM_001,ORDER_000004075,PRODUCT_000000218,5,7029.23,35146.15
ORDER_000004075_ITEM_002,ORDER_000004075,PRODUCT_000000475,4,60287.81,241151.24
ORDER_000004075_ITEM_003,ORDER_000004075,PRODUCT_000000126,2,23808.94,47617.88
ORDER_000004076_ITEM_001,ORDER_000004076,PRODUCT_000000343,5,62824.31,314121.55
ORDER_000004076_ITEM_002,ORDER_000004076,PRODUCT_000000491,5,116914.83,584574.15
ORDER_000004076_ITEM_003,ORDER_000004076,PRODUCT_000000008,1,113431.81,113431.81
ORDER_000004077_ITEM_001,ORDER_000004077,PRODUCT_000000178,2,11187.40,22374.80
ORDER_000004077_ITEM_002,ORDER_000004077,PRODUCT_000000318,1,11683.06,11683.06
ORDER_000004077_ITEM_003,ORDER_000004077,PRODUCT_000000003,4,166254.56,665018.24
ORDER_000004078_ITEM_001,ORDER_000004078,PRODUCT_000000271,5,7343.39,36716.95
ORDER_000004078_ITEM_002,ORDER_000004078,PRODUCT_000000377,5,11772.95,58864.75
ORDER_000004078_ITEM_003,ORDER_000004078,PRODUCT_000000420,3,33996.43,101989.29
ORDER_000004079_ITEM_001,ORDER_000004079,PRODUCT_000000189,4,2291.77,9167.08
ORDER_000004079_ITEM_002,ORDER_000004079,PRODUCT_000000449,1,10447.59,10447.59
ORDER_000004079_ITEM_003,ORDER_000004079,PRODUCT_000000423,2,2075.71,4151.42
ORDER_000004080_ITEM_001,ORDER_000004080,PRODUCT_000000315,1,1366.86,1366.86
ORDER_000004080_ITEM_002,ORDER_000004080,PRODUCT_000000081,1,51812.13,51812.13
ORDER_000004080_ITEM_003,ORDER_000004080,PRODUCT_000000263,2,114743.85,229487.70
ORDER_000004081_ITEM_001,ORDER_000004081,PRODUCT_000000235,4,10340.23,41360.92
ORDER_000004081_ITEM_002,ORDER_000004081,PRODUCT_000000102,1,81407.93,81407.93
ORDER_000004081_ITEM_003,ORDER_000004081,PRODUCT_000000399,1,1168.76,1168.76
ORDER_000004082_ITEM_001,ORDER_000004082,PRODUCT_000000250,4,74845.58,299382.32
ORDER_000004082_ITEM_002,ORDER_000004082,PRODUCT_000000331,2,16339.42,32678.84
ORDER_000004082_ITEM_003,ORDER_000004082,PRODUCT_000000042,4,81949.03,327796.12
ORDER_000004083_ITEM_001,ORDER_000004083,PRODUCT_000000250,4,74845.58,299382.32
ORDER_000004083_ITEM_002,ORDER_000004083,PRODUCT_000000212,1,10759.26,10759.26
ORDER_000004083_ITEM_003,ORDER_000004083,PRODUCT_000000095,5,112715.59,563577.95
ORDER_000004084_ITEM_001,ORDER_000004084,PRODUCT_000000177,3,29457.82,88373.46
ORDER_000004084_ITEM_002,ORDER_000004084,PRODUCT_000000205,4,3783.93,15135.72
ORDER_000004084_ITEM_003,ORDER_000004084,PRODUCT_000000463,2,1804.78,3609.56
ORDER_000004085_ITEM_001,ORDER_000004085,PRODUCT_000000046,3,3078.68,9236.04
ORDER_000004085_ITEM_002,ORDER_000004085,PRODUCT_000000080,3,8444.99,25334.97
ORDER_000004085_ITEM_003,ORDER_000004085,PRODUCT_000000284,5,25462.80,127314.00
ORDER_000004086_ITEM_001,ORDER_000004086,PRODUCT_000000429,1,54612.57,54612.57
ORDER_000004086_ITEM_002,ORDER_000004086,PRODUCT_000000338,1,17766.86,17766.86
ORDER_000004086_ITEM_003,ORDER_000004086,PRODUCT_000000138,1,9019.79,9019.79
ORDER_000004087_ITEM_001,ORDER_000004087,PRODUCT_000000169,4,1720.94,6883.76
ORDER_000004087_ITEM_002,ORDER_000004087,PRODUCT_000000153,1,1314.83,1314.83
ORDER_000004087_ITEM_003,ORDER_000004087,PRODUCT_000000380,4,2099.88,8399.52
ORDER_000004088_ITEM_001,ORDER_000004088,PRODUCT_000000408,5,291.08,1455.40
ORDER_000004088_ITEM_002,ORDER_000004088,PRODUCT_000000367,5,84997.19,424985.95
ORDER_000004088_ITEM_003,ORDER_000004088,PRODUCT_000000231,5,15947.02,79735.10
ORDER_000004089_ITEM_001,ORDER_000004089,PRODUCT_000000153,4,1314.83,5259.32
ORDER_000004089_ITEM_002,ORDER_000004089,PRODUCT_000000296,1,105785.14,105785.14
ORDER_000004089_ITEM_003,ORDER_000004089,PRODUCT_000000214,3,37438.96,112316.88
ORDER_000004090_ITEM_001,ORDER_000004090,PRODUCT_000000440,3,4395.21,13185.63
ORDER_000004090_ITEM_002,ORDER_000004090,PRODUCT_000000199,3,48433.40,145300.20
ORDER_000004090_ITEM_003,ORDER_000004090,PRODUCT_000000006,4,78496.47,313985.88
ORDER_000004091_ITEM_001,ORDER_000004091,PRODUCT_000000137,2,2720.00,5440.00
ORDER_000004091_ITEM_002,ORDER_000004091,PRODUCT_000000468,3,11339.62,34018.86
ORDER_000004091_ITEM_003,ORDER_000004091,PRODUCT_000000004,5,84297.47,421487.35
ORDER_000004092_ITEM_001,ORDER_000004092,PRODUCT_000000011,5,5081.83,25409.15
ORDER_000004092_ITEM_002,ORDER_000004092,PRODUCT_000000455,1,5380.81,5380.81
ORDER_000004092_ITEM_003,ORDER_000004092,PRODUCT_000000404,4,2884.96,11539.84
ORDER_000004093_ITEM_001,ORDER_000004093,PRODUCT_000000489,1,65761.05,65761.05
ORDER_000004093_ITEM_002,ORDER_000004093,PRODUCT_000000172,1,4761.64,4761.64
ORDER_000004093_ITEM_003,ORDER_000004093,PRODUCT_000000341,5,80395.16,401975.80
ORDER_000004094_ITEM_001,ORDER_000004094,PRODUCT_000000395,1,606.04,606.04
ORDER_000004094_ITEM_002,ORDER_000004094,PRODUCT_000000154,2,17743.63,35487.26
ORDER_000004094_ITEM_003,ORDER_000004094,PRODUCT_000000265,2,7416.00,14832.00
ORDER_000004095_ITEM_001,ORDER_000004095,PRODUCT_000000109,5,11755.22,58776.10
ORDER_000004095_ITEM_002,ORDER_000004095,PRODUCT_000000141,3,11546.35,34639.05
ORDER_000004095_ITEM_003,ORDER_000004095,PRODUCT_000000271,3,7343.39,22030.17
ORDER_000004096_ITEM_001,ORDER_000004096,PRODUCT_000000329,1,9319.38,9319.38
ORDER_000004096_ITEM_002,ORDER_000004096,PRODUCT_000000266,2,139987.08,279974.16
ORDER_000004096_ITEM_003,ORDER_000004096,PRODUCT_000000101,4,1447.61,5790.44
ORDER_000004097_ITEM_001,ORDER_000004097,PRODUCT_000000481,4,242.93,971.72
ORDER_000004097_ITEM_002,ORDER_000004097,PRODUCT_000000499,1,22717.74,22717.74
ORDER_000004097_ITEM_003,ORDER_000004097,PRODUCT_000000496,1,970.45,970.45
ORDER_000004098_ITEM_001,ORDER_000004098,PRODUCT_000000048,4,71251.17,285004.68
ORDER_000004098_ITEM_002,ORDER_000004098,PRODUCT_000000205,2,3783.93,7567.86
ORDER_000004098_ITEM_003,ORDER_000004098,PRODUCT_000000182,4,906.52,3626.08
ORDER_000004099_ITEM_001,ORDER_000004099,PRODUCT_000000432,4,67458.36,269833.44
ORDER_000004099_ITEM_002,ORDER_000004099,PRODUCT_000000467,5,89885.32,449426.60
ORDER_000004099_ITEM_003,ORDER_000004099,PRODUCT_000000424,1,6433.07,6433.07
ORDER_000004100_ITEM_001,ORDER_000004100,PRODUCT_000000236,5,1537.45,7687.25
ORDER_000004100_ITEM_002,ORDER_000004100,PRODUCT_000000115,1,1102.21,1102.21
ORDER_000004100_ITEM_003,ORDER_000004100,PRODUCT_000000163,3,21213.87,63641.61
ORDER_000004101_ITEM_001,ORDER_000004101,PRODUCT_000000260,4,2417.05,9668.20
ORDER_000004101_ITEM_002,ORDER_000004101,PRODUCT_000000293,4,68391.63,273566.52
ORDER_000004101_ITEM_003,ORDER_000004101,PRODUCT_000000152,3,1691.46,5074.38
ORDER_000004102_ITEM_001,ORDER_000004102,PRODUCT_000000026,4,18909.61,75638.44
ORDER_000004102_ITEM_002,ORDER_000004102,PRODUCT_000000410,2,6005.71,12011.42
ORDER_000004102_ITEM_003,ORDER_000004102,PRODUCT_000000040,4,21212.12,84848.48
ORDER_000004103_ITEM_001,ORDER_000004103,PRODUCT_000000245,2,2849.98,5699.96
ORDER_000004103_ITEM_002,ORDER_000004103,PRODUCT_000000245,4,2849.98,11399.92
ORDER_000004103_ITEM_003,ORDER_000004103,PRODUCT_000000034,4,3282.53,13130.12
ORDER_000004104_ITEM_001,ORDER_000004104,PRODUCT_000000122,2,5503.57,11007.14
ORDER_000004104_ITEM_002,ORDER_000004104,PRODUCT_000000361,2,2902.94,5805.88
ORDER_000004104_ITEM_003,ORDER_000004104,PRODUCT_000000195,3,3974.21,11922.63
ORDER_000004105_ITEM_001,ORDER_000004105,PRODUCT_000000360,5,102821.06,514105.30
ORDER_000004105_ITEM_002,ORDER_000004105,PRODUCT_000000245,4,2849.98,11399.92
ORDER_000004105_ITEM_003,ORDER_000004105,PRODUCT_000000218,1,7029.23,7029.23
ORDER_000004106_ITEM_001,ORDER_000004106,PRODUCT_000000369,3,1041.90,3125.70
ORDER_000004106_ITEM_002,ORDER_000004106,PRODUCT_000000207,5,551.65,2758.25
ORDER_000004106_ITEM_003,ORDER_000004106,PRODUCT_000000183,2,39378.79,78757.58
ORDER_000004107_ITEM_001,ORDER_000004107,PRODUCT_000000259,2,8268.46,16536.92
ORDER_000004107_ITEM_002,ORDER_000004107,PRODUCT_000000355,4,2839.63,11358.52
ORDER_000004107_ITEM_003,ORDER_000004107,PRODUCT_000000085,3,95727.09,287181.27
ORDER_000004108_ITEM_001,ORDER_000004108,PRODUCT_000000013,3,85341.86,256025.58
ORDER_000004108_ITEM_002,ORDER_000004108,PRODUCT_000000198,2,53251.57,106503.14
ORDER_000004108_ITEM_003,ORDER_000004108,PRODUCT_000000349,5,2148.69,10743.45
ORDER_000004109_ITEM_001,ORDER_000004109,PRODUCT_000000112,1,20260.19,20260.19
ORDER_000004109_ITEM_002,ORDER_000004109,PRODUCT_000000335,2,7748.73,15497.46
ORDER_000004109_ITEM_003,ORDER_000004109,PRODUCT_000000292,3,16024.87,48074.61
ORDER_000004110_ITEM_001,ORDER_000004110,PRODUCT_000000281,4,385.35,1541.40
ORDER_000004110_ITEM_002,ORDER_000004110,PRODUCT_000000261,4,26099.88,104399.52
ORDER_000004110_ITEM_003,ORDER_000004110,PRODUCT_000000207,3,551.65,1654.95
ORDER_000004111_ITEM_001,ORDER_000004111,PRODUCT_000000489,2,65761.05,131522.10
ORDER_000004111_ITEM_002,ORDER_000004111,PRODUCT_000000496,5,970.45,4852.25
ORDER_000004111_ITEM_003,ORDER_000004111,PRODUCT_000000162,3,12519.41,37558.23
ORDER_000004112_ITEM_001,ORDER_000004112,PRODUCT_000000149,3,500.36,1501.08
ORDER_000004112_ITEM_002,ORDER_000004112,PRODUCT_000000426,5,14178.77,70893.85
ORDER_000004112_ITEM_003,ORDER_000004112,PRODUCT_000000214,3,37438.96,112316.88
ORDER_000004113_ITEM_001,ORDER_000004113,PRODUCT_000000057,1,181686.00,181686.00
ORDER_000004113_ITEM_002,ORDER_000004113,PRODUCT_000000449,2,10447.59,20895.18
ORDER_000004113_ITEM_003,ORDER_000004113,PRODUCT_000000322,2,6422.03,12844.06
ORDER_000004114_ITEM_001,ORDER_000004114,PRODUCT_000000003,2,166254.56,332509.12
ORDER_000004114_ITEM_002,ORDER_000004114,PRODUCT_000000330,2,732.17,1464.34
ORDER_000004114_ITEM_003,ORDER_000004114,PRODUCT_000000264,5,2135.20,10676.00
ORDER_000004115_ITEM_001,ORDER_000004115,PRODUCT_000000402,1,51496.58,51496.58
ORDER_000004115_ITEM_002,ORDER_000004115,PRODUCT_000000430,3,56850.26,170550.78
ORDER_000004115_ITEM_003,ORDER_000004115,PRODUCT_000000009,5,51529.17,257645.85
ORDER_000004116_ITEM_001,ORDER_000004116,PRODUCT_000000247,4,976.86,3907.44
ORDER_000004116_ITEM_002,ORDER_000004116,PRODUCT_000000326,2,12706.30,25412.60
ORDER_000004116_ITEM_003,ORDER_000004116,PRODUCT_000000301,1,3608.69,3608.69
ORDER_000004117_ITEM_001,ORDER_000004117,PRODUCT_000000338,1,17766.86,17766.86
ORDER_000004117_ITEM_002,ORDER_000004117,PRODUCT_000000138,5,9019.79,45098.95
ORDER_000004117_ITEM_003,ORDER_000004117,PRODUCT_000000108,3,3286.97,9860.91
ORDER_000004118_ITEM_001,ORDER_000004118,PRODUCT_000000118,1,115069.78,115069.78
ORDER_000004118_ITEM_002,ORDER_000004118,PRODUCT_000000412,2,65524.59,131049.18
ORDER_000004118_ITEM_003,ORDER_000004118,PRODUCT_000000270,2,4362.80,8725.60
ORDER_000004119_ITEM_001,ORDER_000004119,PRODUCT_000000143,2,71000.26,142000.52
ORDER_000004119_ITEM_002,ORDER_000004119,PRODUCT_000000193,1,1656.01,1656.01
ORDER_000004119_ITEM_003,ORDER_000004119,PRODUCT_000000135,2,19292.87,38585.74
ORDER_000004120_ITEM_001,ORDER_000004120,PRODUCT_000000064,3,174728.07,524184.21
ORDER_000004120_ITEM_002,ORDER_000004120,PRODUCT_000000247,2,976.86,1953.72
ORDER_000004120_ITEM_003,ORDER_000004120,PRODUCT_000000031,4,223997.16,895988.64
ORDER_000004121_ITEM_001,ORDER_000004121,PRODUCT_000000465,5,27686.57,138432.85
ORDER_000004121_ITEM_002,ORDER_000004121,PRODUCT_000000037,4,28745.87,114983.48
ORDER_000004121_ITEM_003,ORDER_000004121,PRODUCT_000000284,1,25462.80,25462.80
ORDER_000004122_ITEM_001,ORDER_000004122,PRODUCT_000000153,3,1314.83,3944.49
ORDER_000004122_ITEM_002,ORDER_000004122,PRODUCT_000000097,3,29573.36,88720.08
ORDER_000004122_ITEM_003,ORDER_000004122,PRODUCT_000000234,3,8118.02,24354.06
ORDER_000004123_ITEM_001,ORDER_000004123,PRODUCT_000000328,4,95553.61,382214.44
ORDER_000004123_ITEM_002,ORDER_000004123,PRODUCT_000000354,5,8755.37,43776.85
ORDER_000004123_ITEM_003,ORDER_000004123,PRODUCT_000000038,4,5864.01,23456.04
ORDER_000004124_ITEM_001,ORDER_000004124,PRODUCT_000000169,3,1720.94,5162.82
ORDER_000004124_ITEM_002,ORDER_000004124,PRODUCT_000000041,4,4860.87,19443.48
ORDER_000004124_ITEM_003,ORDER_000004124,PRODUCT_000000144,1,1419.24,1419.24
ORDER_000004125_ITEM_001,ORDER_000004125,PRODUCT_000000131,1,8366.73,8366.73
ORDER_000004125_ITEM_002,ORDER_000004125,PRODUCT_000000031,5,223997.16,1119985.80
ORDER_000004125_ITEM_003,ORDER_000004125,PRODUCT_000000409,2,20583.82,41167.64
ORDER_000004126_ITEM_001,ORDER_000004126,PRODUCT_000000426,4,14178.77,56715.08
ORDER_000004126_ITEM_002,ORDER_000004126,PRODUCT_000000318,3,11683.06,35049.18
ORDER_000004126_ITEM_003,ORDER_000004126,PRODUCT_000000078,2,99659.01,199318.02
ORDER_000004127_ITEM_001,ORDER_000004127,PRODUCT_000000380,1,2099.88,2099.88
ORDER_000004127_ITEM_002,ORDER_000004127,PRODUCT_000000471,5,26176.74,130883.70
ORDER_000004127_ITEM_003,ORDER_000004127,PRODUCT_000000448,2,30757.35,61514.70
ORDER_000004128_ITEM_001,ORDER_000004128,PRODUCT_000000035,1,6152.71,6152.71
ORDER_000004128_ITEM_002,ORDER_000004128,PRODUCT_000000169,2,1720.94,3441.88
ORDER_000004128_ITEM_003,ORDER_000004128,PRODUCT_000000121,1,67658.89,67658.89
ORDER_000004129_ITEM_001,ORDER_000004129,PRODUCT_000000432,2,67458.36,134916.72
ORDER_000004129_ITEM_002,ORDER_000004129,PRODUCT_000000114,5,140563.09,702815.45
ORDER_000004129_ITEM_003,ORDER_000004129,PRODUCT_000000025,3,1480.92,4442.76
ORDER_000004130_ITEM_001,ORDER_000004130,PRODUCT_000000483,5,11174.40,55872.00
ORDER_000004130_ITEM_002,ORDER_000004130,PRODUCT_000000252,5,18522.97,92614.85
ORDER_000004130_ITEM_003,ORDER_000004130,PRODUCT_000000458,4,38414.84,153659.36
ORDER_000004131_ITEM_001,ORDER_000004131,PRODUCT_000000055,1,77397.64,77397.64
ORDER_000004131_ITEM_002,ORDER_000004131,PRODUCT_000000338,5,17766.86,88834.30
ORDER_000004131_ITEM_003,ORDER_000004131,PRODUCT_000000041,5,4860.87,24304.35
ORDER_000004132_ITEM_001,ORDER_000004132,PRODUCT_000000371,4,7881.87,31527.48
ORDER_000004132_ITEM_002,ORDER_000004132,PRODUCT_000000460,3,49238.06,147714.18
ORDER_000004132_ITEM_003,ORDER_000004132,PRODUCT_000000172,1,4761.64,4761.64
ORDER_000004133_ITEM_001,ORDER_000004133,PRODUCT_000000178,5,11187.40,55937.00
ORDER_000004133_ITEM_002,ORDER_000004133,PRODUCT_000000450,5,137048.55,685242.75
ORDER_000004133_ITEM_003,ORDER_000004133,PRODUCT_000000016,4,71215.48,284861.92
ORDER_000004134_ITEM_001,ORDER_000004134,PRODUCT_000000380,3,2099.88,6299.64
ORDER_000004134_ITEM_002,ORDER_000004134,PRODUCT_000000069,1,4621.50,4621.50
ORDER_000004134_ITEM_003,ORDER_000004134,PRODUCT_000000201,2,92050.96,184101.92
ORDER_000004135_ITEM_001,ORDER_000004135,PRODUCT_000000108,1,3286.97,3286.97
ORDER_000004135_ITEM_002,ORDER_000004135,PRODUCT_000000186,5,11204.19,56020.95
ORDER_000004135_ITEM_003,ORDER_000004135,PRODUCT_000000485,2,123226.74,246453.48
ORDER_000004136_ITEM_001,ORDER_000004136,PRODUCT_000000139,4,955.15,3820.60
ORDER_000004136_ITEM_002,ORDER_000004136,PRODUCT_000000168,4,4563.70,18254.80
ORDER_000004136_ITEM_003,ORDER_000004136,PRODUCT_000000111,4,5144.89,20579.56
ORDER_000004137_ITEM_001,ORDER_000004137,PRODUCT_000000254,3,208122.29,624366.87
ORDER_000004137_ITEM_002,ORDER_000004137,PRODUCT_000000311,3,6289.30,18867.90
ORDER_000004137_ITEM_003,ORDER_000004137,PRODUCT_000000275,4,37395.96,149583.84
ORDER_000004138_ITEM_001,ORDER_000004138,PRODUCT_000000297,2,6305.72,12611.44
ORDER_000004138_ITEM_002,ORDER_000004138,PRODUCT_000000298,2,335.33,670.66
ORDER_000004138_ITEM_003,ORDER_000004138,PRODUCT_000000296,4,105785.14,423140.56
ORDER_000004139_ITEM_001,ORDER_000004139,PRODUCT_000000182,1,906.52,906.52
ORDER_000004139_ITEM_002,ORDER_000004139,PRODUCT_000000011,2,5081.83,10163.66
ORDER_000004139_ITEM_003,ORDER_000004139,PRODUCT_000000211,4,11540.41,46161.64
ORDER_000004140_ITEM_001,ORDER_000004140,PRODUCT_000000139,5,955.15,4775.75
ORDER_000004140_ITEM_002,ORDER_000004140,PRODUCT_000000236,4,1537.45,6149.80
ORDER_000004140_ITEM_003,ORDER_000004140,PRODUCT_000000199,1,48433.40,48433.40
ORDER_000004141_ITEM_001,ORDER_000004141,PRODUCT_000000236,2,1537.45,3074.90
ORDER_000004141_ITEM_002,ORDER_000004141,PRODUCT_000000322,3,6422.03,19266.09
ORDER_000004141_ITEM_003,ORDER_000004141,PRODUCT_000000191,1,936.27,936.27
ORDER_000004142_ITEM_001,ORDER_000004142,PRODUCT_000000081,2,51812.13,103624.26
ORDER_000004142_ITEM_002,ORDER_000004142,PRODUCT_000000143,5,71000.26,355001.30
ORDER_000004142_ITEM_003,ORDER_000004142,PRODUCT_000000009,2,51529.17,103058.34
ORDER_000004143_ITEM_001,ORDER_000004143,PRODUCT_000000089,4,7426.76,29707.04
ORDER_000004143_ITEM_002,ORDER_000004143,PRODUCT_000000145,1,3868.10,3868.10
ORDER_000004143_ITEM_003,ORDER_000004143,PRODUCT_000000232,2,4022.49,8044.98
ORDER_000004144_ITEM_001,ORDER_000004144,PRODUCT_000000484,4,54819.53,219278.12
ORDER_000004144_ITEM_002,ORDER_000004144,PRODUCT_000000084,3,69985.17,209955.51
ORDER_000004144_ITEM_003,ORDER_000004144,PRODUCT_000000419,4,1633.27,6533.08
ORDER_000004145_ITEM_001,ORDER_000004145,PRODUCT_000000297,4,6305.72,25222.88
ORDER_000004145_ITEM_002,ORDER_000004145,PRODUCT_000000016,2,71215.48,142430.96
ORDER_000004145_ITEM_003,ORDER_000004145,PRODUCT_000000414,2,57878.53,115757.06
ORDER_000004146_ITEM_001,ORDER_000004146,PRODUCT_000000159,4,40197.32,160789.28
ORDER_000004146_ITEM_002,ORDER_000004146,PRODUCT_000000170,2,2022.45,4044.90
ORDER_000004146_ITEM_003,ORDER_000004146,PRODUCT_000000127,4,47505.08,190020.32
ORDER_000004147_ITEM_001,ORDER_000004147,PRODUCT_000000145,4,3868.10,15472.40
ORDER_000004147_ITEM_002,ORDER_000004147,PRODUCT_000000022,1,3619.59,3619.59
ORDER_000004147_ITEM_003,ORDER_000004147,PRODUCT_000000197,2,54944.74,109889.48
ORDER_000004148_ITEM_001,ORDER_000004148,PRODUCT_000000124,3,2352.93,7058.79
ORDER_000004148_ITEM_002,ORDER_000004148,PRODUCT_000000023,4,1295.31,5181.24
ORDER_000004148_ITEM_003,ORDER_000004148,PRODUCT_000000299,4,109951.12,439804.48
ORDER_000004149_ITEM_001,ORDER_000004149,PRODUCT_000000009,4,51529.17,206116.68
ORDER_000004149_ITEM_002,ORDER_000004149,PRODUCT_000000104,2,42385.77,84771.54
ORDER_000004149_ITEM_003,ORDER_000004149,PRODUCT_000000370,3,3741.06,11223.18
ORDER_000004150_ITEM_001,ORDER_000004150,PRODUCT_000000220,2,5722.11,11444.22
ORDER_000004150_ITEM_002,ORDER_000004150,PRODUCT_000000069,4,4621.50,18486.00
ORDER_000004150_ITEM_003,ORDER_000004150,PRODUCT_000000225,1,3256.60,3256.60
ORDER_000004151_ITEM_001,ORDER_000004151,PRODUCT_000000304,1,12926.90,12926.90
ORDER_000004151_ITEM_002,ORDER_000004151,PRODUCT_000000463,4,1804.78,7219.12
ORDER_000004151_ITEM_003,ORDER_000004151,PRODUCT_000000388,4,16147.61,64590.44
ORDER_000004152_ITEM_001,ORDER_000004152,PRODUCT_000000257,5,6078.96,30394.80
ORDER_000004152_ITEM_002,ORDER_000004152,PRODUCT_000000229,1,12881.53,12881.53
ORDER_000004152_ITEM_003,ORDER_000004152,PRODUCT_000000020,5,4087.52,20437.60
ORDER_000004153_ITEM_001,ORDER_000004153,PRODUCT_000000421,1,26929.93,26929.93
ORDER_000004153_ITEM_002,ORDER_000004153,PRODUCT_000000222,3,26935.38,80806.14
ORDER_000004153_ITEM_003,ORDER_000004153,PRODUCT_000000079,4,20185.32,80741.28
ORDER_000004154_ITEM_001,ORDER_000004154,PRODUCT_000000485,1,123226.74,123226.74
ORDER_000004154_ITEM_002,ORDER_000004154,PRODUCT_000000317,2,5032.06,10064.12
ORDER_000004154_ITEM_003,ORDER_000004154,PRODUCT_000000268,4,230.02,920.08
ORDER_000004155_ITEM_001,ORDER_000004155,PRODUCT_000000010,5,2629.61,13148.05
ORDER_000004155_ITEM_002,ORDER_000004155,PRODUCT_000000114,5,140563.09,702815.45
ORDER_000004155_ITEM_003,ORDER_000004155,PRODUCT_000000435,5,66739.12,333695.60
ORDER_000004156_ITEM_001,ORDER_000004156,PRODUCT_000000249,3,33792.11,101376.33
ORDER_000004156_ITEM_002,ORDER_000004156,PRODUCT_000000358,4,459.97,1839.88
ORDER_000004156_ITEM_003,ORDER_000004156,PRODUCT_000000019,2,6627.77,13255.54
ORDER_000004157_ITEM_001,ORDER_000004157,PRODUCT_000000076,1,2000.71,2000.71
ORDER_000004157_ITEM_002,ORDER_000004157,PRODUCT_000000197,3,54944.74,164834.22
ORDER_000004157_ITEM_003,ORDER_000004157,PRODUCT_000000022,1,3619.59,3619.59
ORDER_000004158_ITEM_001,ORDER_000004158,PRODUCT_000000125,1,48262.53,48262.53
ORDER_000004158_ITEM_002,ORDER_000004158,PRODUCT_000000390,3,36528.52,109585.56
ORDER_000004158_ITEM_003,ORDER_000004158,PRODUCT_000000231,3,15947.02,47841.06
ORDER_000004159_ITEM_001,ORDER_000004159,PRODUCT_000000245,4,2849.98,11399.92
ORDER_000004159_ITEM_002,ORDER_000004159,PRODUCT_000000444,1,3373.26,3373.26
ORDER_000004159_ITEM_003,ORDER_000004159,PRODUCT_000000219,3,10831.78,32495.34
ORDER_000004160_ITEM_001,ORDER_000004160,PRODUCT_000000195,2,3974.21,7948.42
ORDER_000004160_ITEM_002,ORDER_000004160,PRODUCT_000000395,1,606.04,606.04
ORDER_000004160_ITEM_003,ORDER_000004160,PRODUCT_000000264,3,2135.20,6405.60
ORDER_000004161_ITEM_001,ORDER_000004161,PRODUCT_000000392,4,38277.40,153109.60
ORDER_000004161_ITEM_002,ORDER_000004161,PRODUCT_000000291,2,108213.93,216427.86
ORDER_000004161_ITEM_003,ORDER_000004161,PRODUCT_000000045,2,35447.12,70894.24
ORDER_000004162_ITEM_001,ORDER_000004162,PRODUCT_000000208,3,62048.54,186145.62
ORDER_000004162_ITEM_002,ORDER_000004162,PRODUCT_000000045,2,35447.12,70894.24
ORDER_000004162_ITEM_003,ORDER_000004162,PRODUCT_000000002,5,64148.53,320742.65
ORDER_000004163_ITEM_001,ORDER_000004163,PRODUCT_000000256,3,1724.12,5172.36
ORDER_000004163_ITEM_002,ORDER_000004163,PRODUCT_000000303,5,28560.91,142804.55
ORDER_000004163_ITEM_003,ORDER_000004163,PRODUCT_000000426,3,14178.77,42536.31
ORDER_000004164_ITEM_001,ORDER_000004164,PRODUCT_000000478,3,5870.96,17612.88
ORDER_000004164_ITEM_002,ORDER_000004164,PRODUCT_000000401,3,1258.44,3775.32
ORDER_000004164_ITEM_003,ORDER_000004164,PRODUCT_000000157,2,1512.91,3025.82
ORDER_000004165_ITEM_001,ORDER_000004165,PRODUCT_000000285,1,59012.72,59012.72
ORDER_000004165_ITEM_002,ORDER_000004165,PRODUCT_000000369,5,1041.90,5209.50
ORDER_000004165_ITEM_003,ORDER_000004165,PRODUCT_000000178,5,11187.40,55937.00
ORDER_000004166_ITEM_001,ORDER_000004166,PRODUCT_000000146,5,1443.25,7216.25
ORDER_000004166_ITEM_002,ORDER_000004166,PRODUCT_000000192,5,10837.79,54188.95
ORDER_000004166_ITEM_003,ORDER_000004166,PRODUCT_000000005,4,3906.48,15625.92
ORDER_000004167_ITEM_001,ORDER_000004167,PRODUCT_000000013,4,85341.86,341367.44
ORDER_000004167_ITEM_002,ORDER_000004167,PRODUCT_000000134,3,2948.45,8845.35
ORDER_000004167_ITEM_003,ORDER_000004167,PRODUCT_000000360,3,102821.06,308463.18
ORDER_000004168_ITEM_001,ORDER_000004168,PRODUCT_000000176,4,498.75,1995.00
ORDER_000004168_ITEM_002,ORDER_000004168,PRODUCT_000000091,2,85829.09,171658.18
ORDER_000004168_ITEM_003,ORDER_000004168,PRODUCT_000000027,4,122387.75,489551.00
ORDER_000004169_ITEM_001,ORDER_000004169,PRODUCT_000000337,3,3208.91,9626.73
ORDER_000004169_ITEM_002,ORDER_000004169,PRODUCT_000000301,3,3608.69,10826.07
ORDER_000004169_ITEM_003,ORDER_000004169,PRODUCT_000000108,4,3286.97,13147.88
ORDER_000004170_ITEM_001,ORDER_000004170,PRODUCT_000000127,5,47505.08,237525.40
ORDER_000004170_ITEM_002,ORDER_000004170,PRODUCT_000000400,1,50864.82,50864.82
ORDER_000004170_ITEM_003,ORDER_000004170,PRODUCT_000000457,3,20677.50,62032.50
ORDER_000004171_ITEM_001,ORDER_000004171,PRODUCT_000000331,3,16339.42,49018.26
ORDER_000004171_ITEM_002,ORDER_000004171,PRODUCT_000000378,3,253.91,761.73
ORDER_000004171_ITEM_003,ORDER_000004171,PRODUCT_000000059,1,96024.22,96024.22
ORDER_000004172_ITEM_001,ORDER_000004172,PRODUCT_000000287,3,2545.20,7635.60
ORDER_000004172_ITEM_002,ORDER_000004172,PRODUCT_000000270,5,4362.80,21814.00
ORDER_000004172_ITEM_003,ORDER_000004172,PRODUCT_000000418,4,3679.29,14717.16
ORDER_000004173_ITEM_001,ORDER_000004173,PRODUCT_000000154,4,17743.63,70974.52
ORDER_000004173_ITEM_002,ORDER_000004173,PRODUCT_000000358,5,459.97,2299.85
ORDER_000004173_ITEM_003,ORDER_000004173,PRODUCT_000000395,3,606.04,1818.12
ORDER_000004174_ITEM_001,ORDER_000004174,PRODUCT_000000088,4,4393.00,17572.00
ORDER_000004174_ITEM_002,ORDER_000004174,PRODUCT_000000262,5,34449.06,172245.30
ORDER_000004174_ITEM_003,ORDER_000004174,PRODUCT_000000042,4,81949.03,327796.12
ORDER_000004175_ITEM_001,ORDER_000004175,PRODUCT_000000111,5,5144.89,25724.45
ORDER_000004175_ITEM_002,ORDER_000004175,PRODUCT_000000494,3,535.49,1606.47
ORDER_000004175_ITEM_003,ORDER_000004175,PRODUCT_000000215,3,5520.21,16560.63
ORDER_000004176_ITEM_001,ORDER_000004176,PRODUCT_000000324,5,58960.31,294801.55
ORDER_000004176_ITEM_002,ORDER_000004176,PRODUCT_000000113,3,13504.86,40514.58
ORDER_000004176_ITEM_003,ORDER_000004176,PRODUCT_000000445,3,957.74,2873.22
ORDER_000004177_ITEM_001,ORDER_000004177,PRODUCT_000000237,5,40793.49,203967.45
ORDER_000004177_ITEM_002,ORDER_000004177,PRODUCT_000000168,1,4563.70,4563.70
ORDER_000004177_ITEM_003,ORDER_000004177,PRODUCT_000000060,5,61306.51,306532.55
ORDER_000004178_ITEM_001,ORDER_000004178,PRODUCT_000000434,4,1900.67,7602.68
ORDER_000004178_ITEM_002,ORDER_000004178,PRODUCT_000000016,4,71215.48,284861.92
ORDER_000004178_ITEM_003,ORDER_000004178,PRODUCT_000000491,1,116914.83,116914.83
ORDER_000004179_ITEM_001,ORDER_000004179,PRODUCT_000000292,1,16024.87,16024.87
ORDER_000004179_ITEM_002,ORDER_000004179,PRODUCT_000000148,2,13436.93,26873.86
ORDER_000004179_ITEM_003,ORDER_000004179,PRODUCT_000000029,3,2844.42,8533.26
ORDER_000004180_ITEM_001,ORDER_000004180,PRODUCT_000000318,1,11683.06,11683.06
ORDER_000004180_ITEM_002,ORDER_000004180,PRODUCT_000000198,1,53251.57,53251.57
ORDER_000004180_ITEM_003,ORDER_000004180,PRODUCT_000000219,1,10831.78,10831.78
ORDER_000004181_ITEM_001,ORDER_000004181,PRODUCT_000000290,1,32348.76,32348.76
ORDER_000004181_ITEM_002,ORDER_000004181,PRODUCT_000000284,3,25462.80,76388.40
ORDER_000004181_ITEM_003,ORDER_000004181,PRODUCT_000000016,3,71215.48,213646.44
ORDER_000004182_ITEM_001,ORDER_000004182,PRODUCT_000000443,5,1322.46,6612.30
ORDER_000004182_ITEM_002,ORDER_000004182,PRODUCT_000000047,5,13490.87,67454.35
ORDER_000004182_ITEM_003,ORDER_000004182,PRODUCT_000000367,2,84997.19,169994.38
ORDER_000004183_ITEM_001,ORDER_000004183,PRODUCT_000000104,3,42385.77,127157.31
ORDER_000004183_ITEM_002,ORDER_000004183,PRODUCT_000000068,3,603.83,1811.49
ORDER_000004183_ITEM_003,ORDER_000004183,PRODUCT_000000495,4,111322.66,445290.64
ORDER_000004184_ITEM_001,ORDER_000004184,PRODUCT_000000349,3,2148.69,6446.07
ORDER_000004184_ITEM_002,ORDER_000004184,PRODUCT_000000226,3,2585.73,7757.19
ORDER_000004184_ITEM_003,ORDER_000004184,PRODUCT_000000018,3,54878.11,164634.33
ORDER_000004185_ITEM_001,ORDER_000004185,PRODUCT_000000040,3,21212.12,63636.36
ORDER_000004185_ITEM_002,ORDER_000004185,PRODUCT_000000466,4,7087.91,28351.64
ORDER_000004185_ITEM_003,ORDER_000004185,PRODUCT_000000338,2,17766.86,35533.72
ORDER_000004186_ITEM_001,ORDER_000004186,PRODUCT_000000387,2,22127.64,44255.28
ORDER_000004186_ITEM_002,ORDER_000004186,PRODUCT_000000007,1,3112.46,3112.46
ORDER_000004186_ITEM_003,ORDER_000004186,PRODUCT_000000095,1,112715.59,112715.59
ORDER_000004187_ITEM_001,ORDER_000004187,PRODUCT_000000164,4,63385.92,253543.68
ORDER_000004187_ITEM_002,ORDER_000004187,PRODUCT_000000424,3,6433.07,19299.21
ORDER_000004187_ITEM_003,ORDER_000004187,PRODUCT_000000195,1,3974.21,3974.21
ORDER_000004188_ITEM_001,ORDER_000004188,PRODUCT_000000146,2,1443.25,2886.50
ORDER_000004188_ITEM_002,ORDER_000004188,PRODUCT_000000342,4,63802.09,255208.36
ORDER_000004188_ITEM_003,ORDER_000004188,PRODUCT_000000325,4,4259.98,17039.92
ORDER_000004189_ITEM_001,ORDER_000004189,PRODUCT_000000165,4,91589.22,366356.88
ORDER_000004189_ITEM_002,ORDER_000004189,PRODUCT_000000303,2,28560.91,57121.82
ORDER_000004189_ITEM_003,ORDER_000004189,PRODUCT_000000008,1,113431.81,113431.81
ORDER_000004190_ITEM_001,ORDER_000004190,PRODUCT_000000391,4,21049.94,84199.76
ORDER_000004190_ITEM_002,ORDER_000004190,PRODUCT_000000064,4,174728.07,698912.28
ORDER_000004190_ITEM_003,ORDER_000004190,PRODUCT_000000095,1,112715.59,112715.59
ORDER_000004191_ITEM_001,ORDER_000004191,PRODUCT_000000364,2,87653.60,175307.20
ORDER_000004191_ITEM_002,ORDER_000004191,PRODUCT_000000367,3,84997.19,254991.57
ORDER_000004191_ITEM_003,ORDER_000004191,PRODUCT_000000100,1,4028.63,4028.63
ORDER_000004192_ITEM_001,ORDER_000004192,PRODUCT_000000403,3,1868.76,5606.28
ORDER_000004192_ITEM_002,ORDER_000004192,PRODUCT_000000192,4,10837.79,43351.16
ORDER_000004192_ITEM_003,ORDER_000004192,PRODUCT_000000424,1,6433.07,6433.07
ORDER_000004193_ITEM_001,ORDER_000004193,PRODUCT_000000355,2,2839.63,5679.26
ORDER_000004193_ITEM_002,ORDER_000004193,PRODUCT_000000491,3,116914.83,350744.49
ORDER_000004193_ITEM_003,ORDER_000004193,PRODUCT_000000093,4,17022.09,68088.36
ORDER_000004194_ITEM_001,ORDER_000004194,PRODUCT_000000410,5,6005.71,30028.55
ORDER_000004194_ITEM_002,ORDER_000004194,PRODUCT_000000169,3,1720.94,5162.82
ORDER_000004194_ITEM_003,ORDER_000004194,PRODUCT_000000100,3,4028.63,12085.89
ORDER_000004195_ITEM_001,ORDER_000004195,PRODUCT_000000005,3,3906.48,11719.44
ORDER_000004195_ITEM_002,ORDER_000004195,PRODUCT_000000247,3,976.86,2930.58
ORDER_000004195_ITEM_003,ORDER_000004195,PRODUCT_000000321,1,11193.14,11193.14
ORDER_000004196_ITEM_001,ORDER_000004196,PRODUCT_000000210,4,961.15,3844.60
ORDER_000004196_ITEM_002,ORDER_000004196,PRODUCT_000000146,5,1443.25,7216.25
ORDER_000004196_ITEM_003,ORDER_000004196,PRODUCT_000000423,1,2075.71,2075.71
ORDER_000004197_ITEM_001,ORDER_000004197,PRODUCT_000000263,2,114743.85,229487.70
ORDER_000004197_ITEM_002,ORDER_000004197,PRODUCT_000000155,3,37803.93,113411.79
ORDER_000004197_ITEM_003,ORDER_000004197,PRODUCT_000000353,5,761.53,3807.65
ORDER_000004198_ITEM_001,ORDER_000004198,PRODUCT_000000047,3,13490.87,40472.61
ORDER_000004198_ITEM_002,ORDER_000004198,PRODUCT_000000146,1,1443.25,1443.25
ORDER_000004198_ITEM_003,ORDER_000004198,PRODUCT_000000018,3,54878.11,164634.33
ORDER_000004199_ITEM_001,ORDER_000004199,PRODUCT_000000184,5,120740.28,603701.40
ORDER_000004199_ITEM_002,ORDER_000004199,PRODUCT_000000091,2,85829.09,171658.18
ORDER_000004199_ITEM_003,ORDER_000004199,PRODUCT_000000436,4,39362.73,157450.92
ORDER_000004200_ITEM_001,ORDER_000004200,PRODUCT_000000336,2,9981.53,19963.06
ORDER_000004200_ITEM_002,ORDER_000004200,PRODUCT_000000326,3,12706.30,38118.90
ORDER_000004200_ITEM_003,ORDER_000004200,PRODUCT_000000058,2,20181.60,40363.20
ORDER_000004201_ITEM_001,ORDER_000004201,PRODUCT_000000100,4,4028.63,16114.52
ORDER_000004201_ITEM_002,ORDER_000004201,PRODUCT_000000310,3,14175.81,42527.43
ORDER_000004201_ITEM_003,ORDER_000004201,PRODUCT_000000292,3,16024.87,48074.61
ORDER_000004202_ITEM_001,ORDER_000004202,PRODUCT_000000275,4,37395.96,149583.84
ORDER_000004202_ITEM_002,ORDER_000004202,PRODUCT_000000286,2,18315.20,36630.40
ORDER_000004202_ITEM_003,ORDER_000004202,PRODUCT_000000257,5,6078.96,30394.80
ORDER_000004203_ITEM_001,ORDER_000004203,PRODUCT_000000367,4,84997.19,339988.76
ORDER_000004203_ITEM_002,ORDER_000004203,PRODUCT_000000170,1,2022.45,2022.45
ORDER_000004203_ITEM_003,ORDER_000004203,PRODUCT_000000125,2,48262.53,96525.06
ORDER_000004204_ITEM_001,ORDER_000004204,PRODUCT_000000227,4,51780.80,207123.20
ORDER_000004204_ITEM_002,ORDER_000004204,PRODUCT_000000189,1,2291.77,2291.77
ORDER_000004204_ITEM_003,ORDER_000004204,PRODUCT_000000350,3,27003.79,81011.37
ORDER_000004205_ITEM_001,ORDER_000004205,PRODUCT_000000373,2,1253.40,2506.80
ORDER_000004205_ITEM_002,ORDER_000004205,PRODUCT_000000321,2,11193.14,22386.28
ORDER_000004205_ITEM_003,ORDER_000004205,PRODUCT_000000062,5,5183.35,25916.75
ORDER_000004206_ITEM_001,ORDER_000004206,PRODUCT_000000048,5,71251.17,356255.85
ORDER_000004206_ITEM_002,ORDER_000004206,PRODUCT_000000231,1,15947.02,15947.02
ORDER_000004206_ITEM_003,ORDER_000004206,PRODUCT_000000460,2,49238.06,98476.12
ORDER_000004207_ITEM_001,ORDER_000004207,PRODUCT_000000461,4,66176.77,264707.08
ORDER_000004207_ITEM_002,ORDER_000004207,PRODUCT_000000339,3,14282.13,42846.39
ORDER_000004207_ITEM_003,ORDER_000004207,PRODUCT_000000294,1,98126.54,98126.54
ORDER_000004208_ITEM_001,ORDER_000004208,PRODUCT_000000160,4,243.20,972.80
ORDER_000004208_ITEM_002,ORDER_000004208,PRODUCT_000000227,5,51780.80,258904.00
ORDER_000004208_ITEM_003,ORDER_000004208,PRODUCT_000000394,5,1417.36,7086.80
ORDER_000004209_ITEM_001,ORDER_000004209,PRODUCT_000000121,3,67658.89,202976.67
ORDER_000004209_ITEM_002,ORDER_000004209,PRODUCT_000000265,4,7416.00,29664.00
ORDER_000004209_ITEM_003,ORDER_000004209,PRODUCT_000000117,3,186308.09,558924.27
ORDER_000004210_ITEM_001,ORDER_000004210,PRODUCT_000000132,2,48602.08,97204.16
ORDER_000004210_ITEM_002,ORDER_000004210,PRODUCT_000000197,2,54944.74,109889.48
ORDER_000004210_ITEM_003,ORDER_000004210,PRODUCT_000000165,1,91589.22,91589.22
ORDER_000004211_ITEM_001,ORDER_000004211,PRODUCT_000000387,1,22127.64,22127.64
ORDER_000004211_ITEM_002,ORDER_000004211,PRODUCT_000000269,3,396.98,1190.94
ORDER_000004211_ITEM_003,ORDER_000004211,PRODUCT_000000425,3,3973.74,11921.22
ORDER_000004212_ITEM_001,ORDER_000004212,PRODUCT_000000357,2,64399.68,128799.36
ORDER_000004212_ITEM_002,ORDER_000004212,PRODUCT_000000328,2,95553.61,191107.22
ORDER_000004212_ITEM_003,ORDER_000004212,PRODUCT_000000002,1,64148.53,64148.53
ORDER_000004213_ITEM_001,ORDER_000004213,PRODUCT_000000463,1,1804.78,1804.78
ORDER_000004213_ITEM_002,ORDER_000004213,PRODUCT_000000039,3,399.38,1198.14
ORDER_000004213_ITEM_003,ORDER_000004213,PRODUCT_000000347,5,424.29,2121.45
ORDER_000004214_ITEM_001,ORDER_000004214,PRODUCT_000000377,3,11772.95,35318.85
ORDER_000004214_ITEM_002,ORDER_000004214,PRODUCT_000000142,4,77646.41,310585.64
ORDER_000004214_ITEM_003,ORDER_000004214,PRODUCT_000000125,5,48262.53,241312.65
ORDER_000004215_ITEM_001,ORDER_000004215,PRODUCT_000000324,1,58960.31,58960.31
ORDER_000004215_ITEM_002,ORDER_000004215,PRODUCT_000000026,5,18909.61,94548.05
ORDER_000004215_ITEM_003,ORDER_000004215,PRODUCT_000000414,2,57878.53,115757.06
ORDER_000004216_ITEM_001,ORDER_000004216,PRODUCT_000000443,1,1322.46,1322.46
ORDER_000004216_ITEM_002,ORDER_000004216,PRODUCT_000000454,5,1504.58,7522.90
ORDER_000004216_ITEM_003,ORDER_000004216,PRODUCT_000000342,1,63802.09,63802.09
ORDER_000004217_ITEM_001,ORDER_000004217,PRODUCT_000000068,2,603.83,1207.66
ORDER_000004217_ITEM_002,ORDER_000004217,PRODUCT_000000372,4,55828.82,223315.28
ORDER_000004217_ITEM_003,ORDER_000004217,PRODUCT_000000402,5,51496.58,257482.90
ORDER_000004218_ITEM_001,ORDER_000004218,PRODUCT_000000042,3,81949.03,245847.09
ORDER_000004218_ITEM_002,ORDER_000004218,PRODUCT_000000288,5,105802.00,529010.00
ORDER_000004218_ITEM_003,ORDER_000004218,PRODUCT_000000038,4,5864.01,23456.04
ORDER_000004219_ITEM_001,ORDER_000004219,PRODUCT_000000372,2,55828.82,111657.64
ORDER_000004219_ITEM_002,ORDER_000004219,PRODUCT_000000164,3,63385.92,190157.76
ORDER_000004219_ITEM_003,ORDER_000004219,PRODUCT_000000265,2,7416.00,14832.00
ORDER_000004220_ITEM_001,ORDER_000004220,PRODUCT_000000329,3,9319.38,27958.14
ORDER_000004220_ITEM_002,ORDER_000004220,PRODUCT_000000401,5,1258.44,6292.20
ORDER_000004220_ITEM_003,ORDER_000004220,PRODUCT_000000164,4,63385.92,253543.68
ORDER_000004221_ITEM_001,ORDER_000004221,PRODUCT_000000471,3,26176.74,78530.22
ORDER_000004221_ITEM_002,ORDER_000004221,PRODUCT_000000447,1,5903.88,5903.88
ORDER_000004221_ITEM_003,ORDER_000004221,PRODUCT_000000040,2,21212.12,42424.24
ORDER_000004222_ITEM_001,ORDER_000004222,PRODUCT_000000182,4,906.52,3626.08
ORDER_000004222_ITEM_002,ORDER_000004222,PRODUCT_000000179,1,16969.41,16969.41
ORDER_000004222_ITEM_003,ORDER_000004222,PRODUCT_000000103,2,63093.38,126186.76
ORDER_000004223_ITEM_001,ORDER_000004223,PRODUCT_000000290,4,32348.76,129395.04
ORDER_000004223_ITEM_002,ORDER_000004223,PRODUCT_000000391,2,21049.94,42099.88
ORDER_000004223_ITEM_003,ORDER_000004223,PRODUCT_000000143,1,71000.26,71000.26
ORDER_000004224_ITEM_001,ORDER_000004224,PRODUCT_000000213,5,12880.62,64403.10
ORDER_000004224_ITEM_002,ORDER_000004224,PRODUCT_000000249,2,33792.11,67584.22
ORDER_000004224_ITEM_003,ORDER_000004224,PRODUCT_000000211,1,11540.41,11540.41
ORDER_000004225_ITEM_001,ORDER_000004225,PRODUCT_000000317,1,5032.06,5032.06
ORDER_000004225_ITEM_002,ORDER_000004225,PRODUCT_000000223,3,3175.58,9526.74
ORDER_000004225_ITEM_003,ORDER_000004225,PRODUCT_000000251,3,1112.09,3336.27
ORDER_000004226_ITEM_001,ORDER_000004226,PRODUCT_000000360,2,102821.06,205642.12
ORDER_000004226_ITEM_002,ORDER_000004226,PRODUCT_000000261,1,26099.88,26099.88
ORDER_000004226_ITEM_003,ORDER_000004226,PRODUCT_000000005,4,3906.48,15625.92
ORDER_000004227_ITEM_001,ORDER_000004227,PRODUCT_000000098,1,82015.47,82015.47
ORDER_000004227_ITEM_002,ORDER_000004227,PRODUCT_000000394,5,1417.36,7086.80
ORDER_000004227_ITEM_003,ORDER_000004227,PRODUCT_000000227,2,51780.80,103561.60
ORDER_000004228_ITEM_001,ORDER_000004228,PRODUCT_000000469,2,4611.19,9222.38
ORDER_000004228_ITEM_002,ORDER_000004228,PRODUCT_000000323,1,111157.95,111157.95
ORDER_000004228_ITEM_003,ORDER_000004228,PRODUCT_000000447,5,5903.88,29519.40
ORDER_000004229_ITEM_001,ORDER_000004229,PRODUCT_000000475,2,60287.81,120575.62
ORDER_000004229_ITEM_002,ORDER_000004229,PRODUCT_000000492,4,1512.08,6048.32
ORDER_000004229_ITEM_003,ORDER_000004229,PRODUCT_000000199,2,48433.40,96866.80
ORDER_000004230_ITEM_001,ORDER_000004230,PRODUCT_000000071,2,27899.72,55799.44
ORDER_000004230_ITEM_002,ORDER_000004230,PRODUCT_000000481,5,242.93,1214.65
ORDER_000004230_ITEM_003,ORDER_000004230,PRODUCT_000000337,3,3208.91,9626.73
ORDER_000004231_ITEM_001,ORDER_000004231,PRODUCT_000000369,1,1041.90,1041.90
ORDER_000004231_ITEM_002,ORDER_000004231,PRODUCT_000000426,3,14178.77,42536.31
ORDER_000004231_ITEM_003,ORDER_000004231,PRODUCT_000000402,4,51496.58,205986.32
ORDER_000004232_ITEM_001,ORDER_000004232,PRODUCT_000000368,5,9454.76,47273.80
ORDER_000004232_ITEM_002,ORDER_000004232,PRODUCT_000000178,3,11187.40,33562.20
ORDER_000004232_ITEM_003,ORDER_000004232,PRODUCT_000000006,1,78496.47,78496.47
ORDER_000004233_ITEM_001,ORDER_000004233,PRODUCT_000000239,4,30240.84,120963.36
ORDER_000004233_ITEM_002,ORDER_000004233,PRODUCT_000000402,4,51496.58,205986.32
ORDER_000004233_ITEM_003,ORDER_000004233,PRODUCT_000000350,5,27003.79,135018.95
ORDER_000004234_ITEM_001,ORDER_000004234,PRODUCT_000000100,3,4028.63,12085.89
ORDER_000004234_ITEM_002,ORDER_000004234,PRODUCT_000000198,2,53251.57,106503.14
ORDER_000004234_ITEM_003,ORDER_000004234,PRODUCT_000000466,1,7087.91,7087.91
ORDER_000004235_ITEM_001,ORDER_000004235,PRODUCT_000000293,1,68391.63,68391.63
ORDER_000004235_ITEM_002,ORDER_000004235,PRODUCT_000000491,1,116914.83,116914.83
ORDER_000004235_ITEM_003,ORDER_000004235,PRODUCT_000000192,4,10837.79,43351.16
ORDER_000004236_ITEM_001,ORDER_000004236,PRODUCT_000000321,3,11193.14,33579.42
ORDER_000004236_ITEM_002,ORDER_000004236,PRODUCT_000000480,1,4616.48,4616.48
ORDER_000004236_ITEM_003,ORDER_000004236,PRODUCT_000000416,5,2364.84,11824.20
ORDER_000004237_ITEM_001,ORDER_000004237,PRODUCT_000000430,3,56850.26,170550.78
ORDER_000004237_ITEM_002,ORDER_000004237,PRODUCT_000000447,1,5903.88,5903.88
ORDER_000004237_ITEM_003,ORDER_000004237,PRODUCT_000000127,1,47505.08,47505.08
ORDER_000004238_ITEM_001,ORDER_000004238,PRODUCT_000000032,3,916.80,2750.40
ORDER_000004238_ITEM_002,ORDER_000004238,PRODUCT_000000432,4,67458.36,269833.44
ORDER_000004238_ITEM_003,ORDER_000004238,PRODUCT_000000091,1,85829.09,85829.09
ORDER_000004239_ITEM_001,ORDER_000004239,PRODUCT_000000096,3,1255.12,3765.36
ORDER_000004239_ITEM_002,ORDER_000004239,PRODUCT_000000222,1,26935.38,26935.38
ORDER_000004239_ITEM_003,ORDER_000004239,PRODUCT_000000451,3,557.23,1671.69
ORDER_000004240_ITEM_001,ORDER_000004240,PRODUCT_000000405,1,6190.14,6190.14
ORDER_000004240_ITEM_002,ORDER_000004240,PRODUCT_000000293,4,68391.63,273566.52
ORDER_000004240_ITEM_003,ORDER_000004240,PRODUCT_000000263,4,114743.85,458975.40
ORDER_000004241_ITEM_001,ORDER_000004241,PRODUCT_000000013,2,85341.86,170683.72
ORDER_000004241_ITEM_002,ORDER_000004241,PRODUCT_000000007,3,3112.46,9337.38
ORDER_000004241_ITEM_003,ORDER_000004241,PRODUCT_000000248,1,6350.16,6350.16
ORDER_000004242_ITEM_001,ORDER_000004242,PRODUCT_000000339,4,14282.13,57128.52
ORDER_000004242_ITEM_002,ORDER_000004242,PRODUCT_000000062,1,5183.35,5183.35
ORDER_000004242_ITEM_003,ORDER_000004242,PRODUCT_000000258,1,1110.13,1110.13
ORDER_000004243_ITEM_001,ORDER_000004243,PRODUCT_000000289,2,66663.17,133326.34
ORDER_000004243_ITEM_002,ORDER_000004243,PRODUCT_000000188,2,35973.47,71946.94
ORDER_000004243_ITEM_003,ORDER_000004243,PRODUCT_000000162,4,12519.41,50077.64
ORDER_000004244_ITEM_001,ORDER_000004244,PRODUCT_000000032,4,916.80,3667.20
ORDER_000004244_ITEM_002,ORDER_000004244,PRODUCT_000000404,5,2884.96,14424.80
ORDER_000004244_ITEM_003,ORDER_000004244,PRODUCT_000000414,3,57878.53,173635.59
ORDER_000004245_ITEM_001,ORDER_000004245,PRODUCT_000000463,1,1804.78,1804.78
ORDER_000004245_ITEM_002,ORDER_000004245,PRODUCT_000000461,1,66176.77,66176.77
ORDER_000004245_ITEM_003,ORDER_000004245,PRODUCT_000000162,3,12519.41,37558.23
ORDER_000004246_ITEM_001,ORDER_000004246,PRODUCT_000000148,2,13436.93,26873.86
ORDER_000004246_ITEM_002,ORDER_000004246,PRODUCT_000000190,4,1821.64,7286.56
ORDER_000004246_ITEM_003,ORDER_000004246,PRODUCT_000000136,2,50895.01,101790.02
ORDER_000004247_ITEM_001,ORDER_000004247,PRODUCT_000000370,4,3741.06,14964.24
ORDER_000004247_ITEM_002,ORDER_000004247,PRODUCT_000000334,5,921.24,4606.20
ORDER_000004247_ITEM_003,ORDER_000004247,PRODUCT_000000192,1,10837.79,10837.79
ORDER_000004248_ITEM_001,ORDER_000004248,PRODUCT_000000460,4,49238.06,196952.24
ORDER_000004248_ITEM_002,ORDER_000004248,PRODUCT_000000035,3,6152.71,18458.13
ORDER_000004248_ITEM_003,ORDER_000004248,PRODUCT_000000134,3,2948.45,8845.35
ORDER_000004249_ITEM_001,ORDER_000004249,PRODUCT_000000336,2,9981.53,19963.06
ORDER_000004249_ITEM_002,ORDER_000004249,PRODUCT_000000212,1,10759.26,10759.26
ORDER_000004249_ITEM_003,ORDER_000004249,PRODUCT_000000175,2,40112.08,80224.16
ORDER_000004250_ITEM_001,ORDER_000004250,PRODUCT_000000288,1,105802.00,105802.00
ORDER_000004250_ITEM_002,ORDER_000004250,PRODUCT_000000460,2,49238.06,98476.12
ORDER_000004250_ITEM_003,ORDER_000004250,PRODUCT_000000428,5,180920.89,904604.45
ORDER_000004251_ITEM_001,ORDER_000004251,PRODUCT_000000365,2,1131.39,2262.78
ORDER_000004251_ITEM_002,ORDER_000004251,PRODUCT_000000102,4,81407.93,325631.72
ORDER_000004251_ITEM_003,ORDER_000004251,PRODUCT_000000153,3,1314.83,3944.49
ORDER_000004252_ITEM_001,ORDER_000004252,PRODUCT_000000351,3,186960.69,560882.07
ORDER_000004252_ITEM_002,ORDER_000004252,PRODUCT_000000236,1,1537.45,1537.45
ORDER_000004252_ITEM_003,ORDER_000004252,PRODUCT_000000050,5,191762.22,958811.10
ORDER_000004253_ITEM_001,ORDER_000004253,PRODUCT_000000435,3,66739.12,200217.36
ORDER_000004253_ITEM_002,ORDER_000004253,PRODUCT_000000248,2,6350.16,12700.32
ORDER_000004253_ITEM_003,ORDER_000004253,PRODUCT_000000477,3,130157.67,390473.01
ORDER_000004254_ITEM_001,ORDER_000004254,PRODUCT_000000384,3,1879.95,5639.85
ORDER_000004254_ITEM_002,ORDER_000004254,PRODUCT_000000218,1,7029.23,7029.23
ORDER_000004254_ITEM_003,ORDER_000004254,PRODUCT_000000076,3,2000.71,6002.13
ORDER_000004255_ITEM_001,ORDER_000004255,PRODUCT_000000027,2,122387.75,244775.50
ORDER_000004255_ITEM_002,ORDER_000004255,PRODUCT_000000404,5,2884.96,14424.80
ORDER_000004255_ITEM_003,ORDER_000004255,PRODUCT_000000229,3,12881.53,38644.59
ORDER_000004256_ITEM_001,ORDER_000004256,PRODUCT_000000455,5,5380.81,26904.05
ORDER_000004256_ITEM_002,ORDER_000004256,PRODUCT_000000393,4,2674.57,10698.28
ORDER_000004256_ITEM_003,ORDER_000004256,PRODUCT_000000281,1,385.35,385.35
ORDER_000004257_ITEM_001,ORDER_000004257,PRODUCT_000000460,2,49238.06,98476.12
ORDER_000004257_ITEM_002,ORDER_000004257,PRODUCT_000000493,2,1452.96,2905.92
ORDER_000004257_ITEM_003,ORDER_000004257,PRODUCT_000000244,1,13044.75,13044.75
ORDER_000004258_ITEM_001,ORDER_000004258,PRODUCT_000000437,2,5692.44,11384.88
ORDER_000004258_ITEM_002,ORDER_000004258,PRODUCT_000000500,4,66111.23,264444.92
ORDER_000004258_ITEM_003,ORDER_000004258,PRODUCT_000000212,5,10759.26,53796.30
ORDER_000004259_ITEM_001,ORDER_000004259,PRODUCT_000000255,3,52583.68,157751.04
ORDER_000004259_ITEM_002,ORDER_000004259,PRODUCT_000000014,1,31645.32,31645.32
ORDER_000004259_ITEM_003,ORDER_000004259,PRODUCT_000000335,2,7748.73,15497.46
ORDER_000004260_ITEM_001,ORDER_000004260,PRODUCT_000000338,2,17766.86,35533.72
ORDER_000004260_ITEM_002,ORDER_000004260,PRODUCT_000000040,3,21212.12,63636.36
ORDER_000004260_ITEM_003,ORDER_000004260,PRODUCT_000000296,2,105785.14,211570.28
ORDER_000004261_ITEM_001,ORDER_000004261,PRODUCT_000000345,4,106411.74,425646.96
ORDER_000004261_ITEM_002,ORDER_000004261,PRODUCT_000000422,4,76372.72,305490.88
ORDER_000004261_ITEM_003,ORDER_000004261,PRODUCT_000000393,4,2674.57,10698.28
ORDER_000004262_ITEM_001,ORDER_000004262,PRODUCT_000000435,4,66739.12,266956.48
ORDER_000004262_ITEM_002,ORDER_000004262,PRODUCT_000000005,2,3906.48,7812.96
ORDER_000004262_ITEM_003,ORDER_000004262,PRODUCT_000000131,4,8366.73,33466.92
ORDER_000004263_ITEM_001,ORDER_000004263,PRODUCT_000000134,1,2948.45,2948.45
ORDER_000004263_ITEM_002,ORDER_000004263,PRODUCT_000000421,4,26929.93,107719.72
ORDER_000004263_ITEM_003,ORDER_000004263,PRODUCT_000000392,5,38277.40,191387.00
ORDER_000004264_ITEM_001,ORDER_000004264,PRODUCT_000000382,2,36449.53,72899.06
ORDER_000004264_ITEM_002,ORDER_000004264,PRODUCT_000000304,1,12926.90,12926.90
ORDER_000004264_ITEM_003,ORDER_000004264,PRODUCT_000000096,4,1255.12,5020.48
ORDER_000004265_ITEM_001,ORDER_000004265,PRODUCT_000000439,3,72153.89,216461.67
ORDER_000004265_ITEM_002,ORDER_000004265,PRODUCT_000000001,2,47526.13,95052.26
ORDER_000004265_ITEM_003,ORDER_000004265,PRODUCT_000000125,2,48262.53,96525.06
ORDER_000004266_ITEM_001,ORDER_000004266,PRODUCT_000000487,4,62096.00,248384.00
ORDER_000004266_ITEM_002,ORDER_000004266,PRODUCT_000000386,2,7104.14,14208.28
ORDER_000004266_ITEM_003,ORDER_000004266,PRODUCT_000000096,2,1255.12,2510.24
ORDER_000004267_ITEM_001,ORDER_000004267,PRODUCT_000000389,4,71784.35,287137.40
ORDER_000004267_ITEM_002,ORDER_000004267,PRODUCT_000000490,3,5004.64,15013.92
ORDER_000004267_ITEM_003,ORDER_000004267,PRODUCT_000000468,3,11339.62,34018.86
ORDER_000004268_ITEM_001,ORDER_000004268,PRODUCT_000000222,1,26935.38,26935.38
ORDER_000004268_ITEM_002,ORDER_000004268,PRODUCT_000000059,1,96024.22,96024.22
ORDER_000004268_ITEM_003,ORDER_000004268,PRODUCT_000000243,1,14614.47,14614.47
ORDER_000004269_ITEM_001,ORDER_000004269,PRODUCT_000000255,2,52583.68,105167.36
ORDER_000004269_ITEM_002,ORDER_000004269,PRODUCT_000000470,1,1763.05,1763.05
ORDER_000004269_ITEM_003,ORDER_000004269,PRODUCT_000000440,1,4395.21,4395.21
ORDER_000004270_ITEM_001,ORDER_000004270,PRODUCT_000000137,2,2720.00,5440.00
ORDER_000004270_ITEM_002,ORDER_000004270,PRODUCT_000000065,5,3214.64,16073.20
ORDER_000004270_ITEM_003,ORDER_000004270,PRODUCT_000000425,4,3973.74,15894.96
ORDER_000004271_ITEM_001,ORDER_000004271,PRODUCT_000000120,3,73826.11,221478.33
ORDER_000004271_ITEM_002,ORDER_000004271,PRODUCT_000000395,1,606.04,606.04
ORDER_000004271_ITEM_003,ORDER_000004271,PRODUCT_000000052,5,175783.69,878918.45
ORDER_000004272_ITEM_001,ORDER_000004272,PRODUCT_000000500,5,66111.23,330556.15
ORDER_000004272_ITEM_002,ORDER_000004272,PRODUCT_000000218,2,7029.23,14058.46
ORDER_000004272_ITEM_003,ORDER_000004272,PRODUCT_000000114,5,140563.09,702815.45
ORDER_000004273_ITEM_001,ORDER_000004273,PRODUCT_000000076,2,2000.71,4001.42
ORDER_000004273_ITEM_002,ORDER_000004273,PRODUCT_000000445,2,957.74,1915.48
ORDER_000004273_ITEM_003,ORDER_000004273,PRODUCT_000000477,1,130157.67,130157.67
ORDER_000004274_ITEM_001,ORDER_000004274,PRODUCT_000000273,1,93376.09,93376.09
ORDER_000004274_ITEM_002,ORDER_000004274,PRODUCT_000000079,5,20185.32,100926.60
ORDER_000004274_ITEM_003,ORDER_000004274,PRODUCT_000000442,1,50728.25,50728.25
ORDER_000004275_ITEM_001,ORDER_000004275,PRODUCT_000000058,1,20181.60,20181.60
ORDER_000004275_ITEM_002,ORDER_000004275,PRODUCT_000000269,5,396.98,1984.90
ORDER_000004275_ITEM_003,ORDER_000004275,PRODUCT_000000351,3,186960.69,560882.07
ORDER_000004276_ITEM_001,ORDER_000004276,PRODUCT_000000256,1,1724.12,1724.12
ORDER_000004276_ITEM_002,ORDER_000004276,PRODUCT_000000388,2,16147.61,32295.22
ORDER_000004276_ITEM_003,ORDER_000004276,PRODUCT_000000376,2,1235.61,2471.22
ORDER_000004277_ITEM_001,ORDER_000004277,PRODUCT_000000463,5,1804.78,9023.90
ORDER_000004277_ITEM_002,ORDER_000004277,PRODUCT_000000212,1,10759.26,10759.26
ORDER_000004277_ITEM_003,ORDER_000004277,PRODUCT_000000479,4,436.69,1746.76
ORDER_000004278_ITEM_001,ORDER_000004278,PRODUCT_000000399,3,1168.76,3506.28
ORDER_000004278_ITEM_002,ORDER_000004278,PRODUCT_000000090,4,727.26,2909.04
ORDER_000004278_ITEM_003,ORDER_000004278,PRODUCT_000000279,5,1444.98,7224.90
ORDER_000004279_ITEM_001,ORDER_000004279,PRODUCT_000000384,5,1879.95,9399.75
ORDER_000004279_ITEM_002,ORDER_000004279,PRODUCT_000000261,5,26099.88,130499.40
ORDER_000004279_ITEM_003,ORDER_000004279,PRODUCT_000000099,1,13369.90,13369.90
ORDER_000004280_ITEM_001,ORDER_000004280,PRODUCT_000000438,5,40311.65,201558.25
ORDER_000004280_ITEM_002,ORDER_000004280,PRODUCT_000000440,2,4395.21,8790.42
ORDER_000004280_ITEM_003,ORDER_000004280,PRODUCT_000000437,3,5692.44,17077.32
ORDER_000004281_ITEM_001,ORDER_000004281,PRODUCT_000000187,1,1398.69,1398.69
ORDER_000004281_ITEM_002,ORDER_000004281,PRODUCT_000000140,2,2815.66,5631.32
ORDER_000004281_ITEM_003,ORDER_000004281,PRODUCT_000000173,2,18158.57,36317.14
ORDER_000004282_ITEM_001,ORDER_000004282,PRODUCT_000000279,3,1444.98,4334.94
ORDER_000004282_ITEM_002,ORDER_000004282,PRODUCT_000000099,3,13369.90,40109.70
ORDER_000004282_ITEM_003,ORDER_000004282,PRODUCT_000000465,1,27686.57,27686.57
ORDER_000004283_ITEM_001,ORDER_000004283,PRODUCT_000000012,5,116699.02,583495.10
ORDER_000004283_ITEM_002,ORDER_000004283,PRODUCT_000000329,4,9319.38,37277.52
ORDER_000004283_ITEM_003,ORDER_000004283,PRODUCT_000000041,2,4860.87,9721.74
ORDER_000004284_ITEM_001,ORDER_000004284,PRODUCT_000000492,2,1512.08,3024.16
ORDER_000004284_ITEM_002,ORDER_000004284,PRODUCT_000000467,4,89885.32,359541.28
ORDER_000004284_ITEM_003,ORDER_000004284,PRODUCT_000000399,4,1168.76,4675.04
ORDER_000004285_ITEM_001,ORDER_000004285,PRODUCT_000000159,1,40197.32,40197.32
ORDER_000004285_ITEM_002,ORDER_000004285,PRODUCT_000000336,3,9981.53,29944.59
ORDER_000004285_ITEM_003,ORDER_000004285,PRODUCT_000000106,4,1964.81,7859.24
ORDER_000004286_ITEM_001,ORDER_000004286,PRODUCT_000000359,2,31351.97,62703.94
ORDER_000004286_ITEM_002,ORDER_000004286,PRODUCT_000000036,4,49982.53,199930.12
ORDER_000004286_ITEM_003,ORDER_000004286,PRODUCT_000000202,4,22299.06,89196.24
ORDER_000004287_ITEM_001,ORDER_000004287,PRODUCT_000000246,1,84103.35,84103.35
ORDER_000004287_ITEM_002,ORDER_000004287,PRODUCT_000000385,5,2562.52,12812.60
ORDER_000004287_ITEM_003,ORDER_000004287,PRODUCT_000000123,5,18655.96,93279.80
ORDER_000004288_ITEM_001,ORDER_000004288,PRODUCT_000000191,4,936.27,3745.08
ORDER_000004288_ITEM_002,ORDER_000004288,PRODUCT_000000350,4,27003.79,108015.16
ORDER_000004288_ITEM_003,ORDER_000004288,PRODUCT_000000240,5,8842.70,44213.50
ORDER_000004289_ITEM_001,ORDER_000004289,PRODUCT_000000233,3,2536.45,7609.35
ORDER_000004289_ITEM_002,ORDER_000004289,PRODUCT_000000283,4,4001.25,16005.00
ORDER_000004289_ITEM_003,ORDER_000004289,PRODUCT_000000035,5,6152.71,30763.55
ORDER_000004290_ITEM_001,ORDER_000004290,PRODUCT_000000007,5,3112.46,15562.30
ORDER_000004290_ITEM_002,ORDER_000004290,PRODUCT_000000204,2,502.82,1005.64
ORDER_000004290_ITEM_003,ORDER_000004290,PRODUCT_000000401,4,1258.44,5033.76
ORDER_000004291_ITEM_001,ORDER_000004291,PRODUCT_000000107,1,835.56,835.56
ORDER_000004291_ITEM_002,ORDER_000004291,PRODUCT_000000422,4,76372.72,305490.88
ORDER_000004291_ITEM_003,ORDER_000004291,PRODUCT_000000124,5,2352.93,11764.65
ORDER_000004292_ITEM_001,ORDER_000004292,PRODUCT_000000145,3,3868.10,11604.30
ORDER_000004292_ITEM_002,ORDER_000004292,PRODUCT_000000323,5,111157.95,555789.75
ORDER_000004292_ITEM_003,ORDER_000004292,PRODUCT_000000032,2,916.80,1833.60
ORDER_000004293_ITEM_001,ORDER_000004293,PRODUCT_000000172,5,4761.64,23808.20
ORDER_000004293_ITEM_002,ORDER_000004293,PRODUCT_000000414,3,57878.53,173635.59
ORDER_000004293_ITEM_003,ORDER_000004293,PRODUCT_000000405,4,6190.14,24760.56
ORDER_000004294_ITEM_001,ORDER_000004294,PRODUCT_000000454,3,1504.58,4513.74
ORDER_000004294_ITEM_002,ORDER_000004294,PRODUCT_000000065,4,3214.64,12858.56
ORDER_000004294_ITEM_003,ORDER_000004294,PRODUCT_000000246,1,84103.35,84103.35
ORDER_000004295_ITEM_001,ORDER_000004295,PRODUCT_000000022,3,3619.59,10858.77
ORDER_000004295_ITEM_002,ORDER_000004295,PRODUCT_000000113,3,13504.86,40514.58
ORDER_000004295_ITEM_003,ORDER_000004295,PRODUCT_000000419,4,1633.27,6533.08
ORDER_000004296_ITEM_001,ORDER_000004296,PRODUCT_000000393,4,2674.57,10698.28
ORDER_000004296_ITEM_002,ORDER_000004296,PRODUCT_000000096,3,1255.12,3765.36
ORDER_000004296_ITEM_003,ORDER_000004296,PRODUCT_000000044,4,24208.61,96834.44
ORDER_000004297_ITEM_001,ORDER_000004297,PRODUCT_000000356,5,53340.70,266703.50
ORDER_000004297_ITEM_002,ORDER_000004297,PRODUCT_000000043,4,143690.78,574763.12
ORDER_000004297_ITEM_003,ORDER_000004297,PRODUCT_000000247,4,976.86,3907.44
ORDER_000004298_ITEM_001,ORDER_000004298,PRODUCT_000000095,4,112715.59,450862.36
ORDER_000004298_ITEM_002,ORDER_000004298,PRODUCT_000000166,1,6151.35,6151.35
ORDER_000004298_ITEM_003,ORDER_000004298,PRODUCT_000000118,1,115069.78,115069.78
ORDER_000004299_ITEM_001,ORDER_000004299,PRODUCT_000000160,3,243.20,729.60
ORDER_000004299_ITEM_002,ORDER_000004299,PRODUCT_000000117,4,186308.09,745232.36
ORDER_000004299_ITEM_003,ORDER_000004299,PRODUCT_000000421,2,26929.93,53859.86
ORDER_000004300_ITEM_001,ORDER_000004300,PRODUCT_000000255,2,52583.68,105167.36
ORDER_000004300_ITEM_002,ORDER_000004300,PRODUCT_000000321,5,11193.14,55965.70
ORDER_000004300_ITEM_003,ORDER_000004300,PRODUCT_000000272,2,13222.81,26445.62
ORDER_000004301_ITEM_001,ORDER_000004301,PRODUCT_000000358,3,459.97,1379.91
ORDER_000004301_ITEM_002,ORDER_000004301,PRODUCT_000000380,2,2099.88,4199.76
ORDER_000004301_ITEM_003,ORDER_000004301,PRODUCT_000000272,3,13222.81,39668.43
ORDER_000004302_ITEM_001,ORDER_000004302,PRODUCT_000000366,3,11041.34,33124.02
ORDER_000004302_ITEM_002,ORDER_000004302,PRODUCT_000000098,1,82015.47,82015.47
ORDER_000004302_ITEM_003,ORDER_000004302,PRODUCT_000000184,1,120740.28,120740.28
ORDER_000004303_ITEM_001,ORDER_000004303,PRODUCT_000000283,3,4001.25,12003.75
ORDER_000004303_ITEM_002,ORDER_000004303,PRODUCT_000000283,1,4001.25,4001.25
ORDER_000004303_ITEM_003,ORDER_000004303,PRODUCT_000000225,1,3256.60,3256.60
ORDER_000004304_ITEM_001,ORDER_000004304,PRODUCT_000000479,1,436.69,436.69
ORDER_000004304_ITEM_002,ORDER_000004304,PRODUCT_000000242,4,2669.01,10676.04
ORDER_000004304_ITEM_003,ORDER_000004304,PRODUCT_000000371,5,7881.87,39409.35
ORDER_000004305_ITEM_001,ORDER_000004305,PRODUCT_000000189,5,2291.77,11458.85
ORDER_000004305_ITEM_002,ORDER_000004305,PRODUCT_000000292,1,16024.87,16024.87
ORDER_000004305_ITEM_003,ORDER_000004305,PRODUCT_000000469,2,4611.19,9222.38
ORDER_000004306_ITEM_001,ORDER_000004306,PRODUCT_000000109,2,11755.22,23510.44
ORDER_000004306_ITEM_002,ORDER_000004306,PRODUCT_000000144,3,1419.24,4257.72
ORDER_000004306_ITEM_003,ORDER_000004306,PRODUCT_000000440,1,4395.21,4395.21
ORDER_000004307_ITEM_001,ORDER_000004307,PRODUCT_000000081,1,51812.13,51812.13
ORDER_000004307_ITEM_002,ORDER_000004307,PRODUCT_000000373,3,1253.40,3760.20
ORDER_000004307_ITEM_003,ORDER_000004307,PRODUCT_000000138,5,9019.79,45098.95
ORDER_000004308_ITEM_001,ORDER_000004308,PRODUCT_000000478,4,5870.96,23483.84
ORDER_000004308_ITEM_002,ORDER_000004308,PRODUCT_000000321,5,11193.14,55965.70
ORDER_000004308_ITEM_003,ORDER_000004308,PRODUCT_000000481,2,242.93,485.86
ORDER_000004309_ITEM_001,ORDER_000004309,PRODUCT_000000478,1,5870.96,5870.96
ORDER_000004309_ITEM_002,ORDER_000004309,PRODUCT_000000122,4,5503.57,22014.28
ORDER_000004309_ITEM_003,ORDER_000004309,PRODUCT_000000372,3,55828.82,167486.46
ORDER_000004310_ITEM_001,ORDER_000004310,PRODUCT_000000019,4,6627.77,26511.08
ORDER_000004310_ITEM_002,ORDER_000004310,PRODUCT_000000139,1,955.15,955.15
ORDER_000004310_ITEM_003,ORDER_000004310,PRODUCT_000000342,5,63802.09,319010.45
ORDER_000004311_ITEM_001,ORDER_000004311,PRODUCT_000000214,2,37438.96,74877.92
ORDER_000004311_ITEM_002,ORDER_000004311,PRODUCT_000000354,2,8755.37,17510.74
ORDER_000004311_ITEM_003,ORDER_000004311,PRODUCT_000000258,5,1110.13,5550.65
ORDER_000004312_ITEM_001,ORDER_000004312,PRODUCT_000000060,5,61306.51,306532.55
ORDER_000004312_ITEM_002,ORDER_000004312,PRODUCT_000000330,3,732.17,2196.51
ORDER_000004312_ITEM_003,ORDER_000004312,PRODUCT_000000461,3,66176.77,198530.31
ORDER_000004313_ITEM_001,ORDER_000004313,PRODUCT_000000339,1,14282.13,14282.13
ORDER_000004313_ITEM_002,ORDER_000004313,PRODUCT_000000292,2,16024.87,32049.74
ORDER_000004313_ITEM_003,ORDER_000004313,PRODUCT_000000079,1,20185.32,20185.32
ORDER_000004314_ITEM_001,ORDER_000004314,PRODUCT_000000124,2,2352.93,4705.86
ORDER_000004314_ITEM_002,ORDER_000004314,PRODUCT_000000230,4,104957.16,419828.64
ORDER_000004314_ITEM_003,ORDER_000004314,PRODUCT_000000447,2,5903.88,11807.76
ORDER_000004315_ITEM_001,ORDER_000004315,PRODUCT_000000134,3,2948.45,8845.35
ORDER_000004315_ITEM_002,ORDER_000004315,PRODUCT_000000483,1,11174.40,11174.40
ORDER_000004315_ITEM_003,ORDER_000004315,PRODUCT_000000079,4,20185.32,80741.28
ORDER_000004316_ITEM_001,ORDER_000004316,PRODUCT_000000468,2,11339.62,22679.24
ORDER_000004316_ITEM_002,ORDER_000004316,PRODUCT_000000139,2,955.15,1910.30
ORDER_000004316_ITEM_003,ORDER_000004316,PRODUCT_000000459,3,5188.95,15566.85
ORDER_000004317_ITEM_001,ORDER_000004317,PRODUCT_000000317,1,5032.06,5032.06
ORDER_000004317_ITEM_002,ORDER_000004317,PRODUCT_000000407,5,71009.01,355045.05
ORDER_000004317_ITEM_003,ORDER_000004317,PRODUCT_000000378,1,253.91,253.91
ORDER_000004318_ITEM_001,ORDER_000004318,PRODUCT_000000485,3,123226.74,369680.22
ORDER_000004318_ITEM_002,ORDER_000004318,PRODUCT_000000321,5,11193.14,55965.70
ORDER_000004318_ITEM_003,ORDER_000004318,PRODUCT_000000035,3,6152.71,18458.13
ORDER_000004319_ITEM_001,ORDER_000004319,PRODUCT_000000493,4,1452.96,5811.84
ORDER_000004319_ITEM_002,ORDER_000004319,PRODUCT_000000189,3,2291.77,6875.31
ORDER_000004319_ITEM_003,ORDER_000004319,PRODUCT_000000425,2,3973.74,7947.48
ORDER_000004320_ITEM_001,ORDER_000004320,PRODUCT_000000220,5,5722.11,28610.55
ORDER_000004320_ITEM_002,ORDER_000004320,PRODUCT_000000260,1,2417.05,2417.05
ORDER_000004320_ITEM_003,ORDER_000004320,PRODUCT_000000464,2,46076.82,92153.64
ORDER_000004321_ITEM_001,ORDER_000004321,PRODUCT_000000148,2,13436.93,26873.86
ORDER_000004321_ITEM_002,ORDER_000004321,PRODUCT_000000227,1,51780.80,51780.80
ORDER_000004321_ITEM_003,ORDER_000004321,PRODUCT_000000051,4,45102.28,180409.12
ORDER_000004322_ITEM_001,ORDER_000004322,PRODUCT_000000046,3,3078.68,9236.04
ORDER_000004322_ITEM_002,ORDER_000004322,PRODUCT_000000057,4,181686.00,726744.00
ORDER_000004322_ITEM_003,ORDER_000004322,PRODUCT_000000498,2,2542.71,5085.42
ORDER_000004323_ITEM_001,ORDER_000004323,PRODUCT_000000007,3,3112.46,9337.38
ORDER_000004323_ITEM_002,ORDER_000004323,PRODUCT_000000001,3,47526.13,142578.39
ORDER_000004323_ITEM_003,ORDER_000004323,PRODUCT_000000316,1,7149.36,7149.36
ORDER_000004324_ITEM_001,ORDER_000004324,PRODUCT_000000391,1,21049.94,21049.94
ORDER_000004324_ITEM_002,ORDER_000004324,PRODUCT_000000235,2,10340.23,20680.46
ORDER_000004324_ITEM_003,ORDER_000004324,PRODUCT_000000003,5,166254.56,831272.80
ORDER_000004325_ITEM_001,ORDER_000004325,PRODUCT_000000438,1,40311.65,40311.65
ORDER_000004325_ITEM_002,ORDER_000004325,PRODUCT_000000264,1,2135.20,2135.20
ORDER_000004325_ITEM_003,ORDER_000004325,PRODUCT_000000073,4,595.40,2381.60
ORDER_000004326_ITEM_001,ORDER_000004326,PRODUCT_000000225,3,3256.60,9769.80
ORDER_000004326_ITEM_002,ORDER_000004326,PRODUCT_000000123,3,18655.96,55967.88
ORDER_000004326_ITEM_003,ORDER_000004326,PRODUCT_000000024,4,2660.53,10642.12
ORDER_000004327_ITEM_001,ORDER_000004327,PRODUCT_000000079,4,20185.32,80741.28
ORDER_000004327_ITEM_002,ORDER_000004327,PRODUCT_000000213,4,12880.62,51522.48
ORDER_000004327_ITEM_003,ORDER_000004327,PRODUCT_000000045,5,35447.12,177235.60
ORDER_000004328_ITEM_001,ORDER_000004328,PRODUCT_000000186,3,11204.19,33612.57
ORDER_000004328_ITEM_002,ORDER_000004328,PRODUCT_000000099,2,13369.90,26739.80
ORDER_000004328_ITEM_003,ORDER_000004328,PRODUCT_000000483,2,11174.40,22348.80
ORDER_000004329_ITEM_001,ORDER_000004329,PRODUCT_000000489,3,65761.05,197283.15
ORDER_000004329_ITEM_002,ORDER_000004329,PRODUCT_000000161,4,684.54,2738.16
ORDER_000004329_ITEM_003,ORDER_000004329,PRODUCT_000000474,4,690.90,2763.60
ORDER_000004330_ITEM_001,ORDER_000004330,PRODUCT_000000173,5,18158.57,90792.85
ORDER_000004330_ITEM_002,ORDER_000004330,PRODUCT_000000229,5,12881.53,64407.65
ORDER_000004330_ITEM_003,ORDER_000004330,PRODUCT_000000126,2,23808.94,47617.88
ORDER_000004331_ITEM_001,ORDER_000004331,PRODUCT_000000236,2,1537.45,3074.90
ORDER_000004331_ITEM_002,ORDER_000004331,PRODUCT_000000017,2,17512.73,35025.46
ORDER_000004331_ITEM_003,ORDER_000004331,PRODUCT_000000245,3,2849.98,8549.94
ORDER_000004332_ITEM_001,ORDER_000004332,PRODUCT_000000184,5,120740.28,603701.40
ORDER_000004332_ITEM_002,ORDER_000004332,PRODUCT_000000109,1,11755.22,11755.22
ORDER_000004332_ITEM_003,ORDER_000004332,PRODUCT_000000230,4,104957.16,419828.64
ORDER_000004333_ITEM_001,ORDER_000004333,PRODUCT_000000466,3,7087.91,21263.73
ORDER_000004333_ITEM_002,ORDER_000004333,PRODUCT_000000086,5,8488.74,42443.70
ORDER_000004333_ITEM_003,ORDER_000004333,PRODUCT_000000094,1,159079.65,159079.65
ORDER_000004334_ITEM_001,ORDER_000004334,PRODUCT_000000420,5,33996.43,169982.15
ORDER_000004334_ITEM_002,ORDER_000004334,PRODUCT_000000215,4,5520.21,22080.84
ORDER_000004334_ITEM_003,ORDER_000004334,PRODUCT_000000123,4,18655.96,74623.84
ORDER_000004335_ITEM_001,ORDER_000004335,PRODUCT_000000293,2,68391.63,136783.26
ORDER_000004335_ITEM_002,ORDER_000004335,PRODUCT_000000364,5,87653.60,438268.00
ORDER_000004335_ITEM_003,ORDER_000004335,PRODUCT_000000147,1,79052.74,79052.74
ORDER_000004336_ITEM_001,ORDER_000004336,PRODUCT_000000209,4,4970.11,19880.44
ORDER_000004336_ITEM_002,ORDER_000004336,PRODUCT_000000089,5,7426.76,37133.80
ORDER_000004336_ITEM_003,ORDER_000004336,PRODUCT_000000120,5,73826.11,369130.55
ORDER_000004337_ITEM_001,ORDER_000004337,PRODUCT_000000401,4,1258.44,5033.76
ORDER_000004337_ITEM_002,ORDER_000004337,PRODUCT_000000263,1,114743.85,114743.85
ORDER_000004337_ITEM_003,ORDER_000004337,PRODUCT_000000063,1,16707.24,16707.24
ORDER_000004338_ITEM_001,ORDER_000004338,PRODUCT_000000226,3,2585.73,7757.19
ORDER_000004338_ITEM_002,ORDER_000004338,PRODUCT_000000487,4,62096.00,248384.00
ORDER_000004338_ITEM_003,ORDER_000004338,PRODUCT_000000030,3,27973.94,83921.82
ORDER_000004339_ITEM_001,ORDER_000004339,PRODUCT_000000114,2,140563.09,281126.18
ORDER_000004339_ITEM_002,ORDER_000004339,PRODUCT_000000067,4,14987.74,59950.96
ORDER_000004339_ITEM_003,ORDER_000004339,PRODUCT_000000340,2,46977.00,93954.00
ORDER_000004340_ITEM_001,ORDER_000004340,PRODUCT_000000333,4,530.81,2123.24
ORDER_000004340_ITEM_002,ORDER_000004340,PRODUCT_000000205,3,3783.93,11351.79
ORDER_000004340_ITEM_003,ORDER_000004340,PRODUCT_000000182,3,906.52,2719.56
ORDER_000004341_ITEM_001,ORDER_000004341,PRODUCT_000000455,1,5380.81,5380.81
ORDER_000004341_ITEM_002,ORDER_000004341,PRODUCT_000000018,2,54878.11,109756.22
ORDER_000004341_ITEM_003,ORDER_000004341,PRODUCT_000000024,3,2660.53,7981.59
ORDER_000004342_ITEM_001,ORDER_000004342,PRODUCT_000000264,2,2135.20,4270.40
ORDER_000004342_ITEM_002,ORDER_000004342,PRODUCT_000000041,2,4860.87,9721.74
ORDER_000004342_ITEM_003,ORDER_000004342,PRODUCT_000000051,4,45102.28,180409.12
ORDER_000004343_ITEM_001,ORDER_000004343,PRODUCT_000000192,3,10837.79,32513.37
ORDER_000004343_ITEM_002,ORDER_000004343,PRODUCT_000000199,1,48433.40,48433.40
ORDER_000004343_ITEM_003,ORDER_000004343,PRODUCT_000000005,3,3906.48,11719.44
ORDER_000004344_ITEM_001,ORDER_000004344,PRODUCT_000000141,1,11546.35,11546.35
ORDER_000004344_ITEM_002,ORDER_000004344,PRODUCT_000000129,4,109019.55,436078.20
ORDER_000004344_ITEM_003,ORDER_000004344,PRODUCT_000000032,4,916.80,3667.20
ORDER_000004345_ITEM_001,ORDER_000004345,PRODUCT_000000227,4,51780.80,207123.20
ORDER_000004345_ITEM_002,ORDER_000004345,PRODUCT_000000197,2,54944.74,109889.48
ORDER_000004345_ITEM_003,ORDER_000004345,PRODUCT_000000138,3,9019.79,27059.37
ORDER_000004346_ITEM_001,ORDER_000004346,PRODUCT_000000344,2,108319.93,216639.86
ORDER_000004346_ITEM_002,ORDER_000004346,PRODUCT_000000435,1,66739.12,66739.12
ORDER_000004346_ITEM_003,ORDER_000004346,PRODUCT_000000055,1,77397.64,77397.64
ORDER_000004347_ITEM_001,ORDER_000004347,PRODUCT_000000431,3,28619.97,85859.91
ORDER_000004347_ITEM_002,ORDER_000004347,PRODUCT_000000418,2,3679.29,7358.58
ORDER_000004347_ITEM_003,ORDER_000004347,PRODUCT_000000420,1,33996.43,33996.43
ORDER_000004348_ITEM_001,ORDER_000004348,PRODUCT_000000489,5,65761.05,328805.25
ORDER_000004348_ITEM_002,ORDER_000004348,PRODUCT_000000041,4,4860.87,19443.48
ORDER_000004348_ITEM_003,ORDER_000004348,PRODUCT_000000176,1,498.75,498.75
ORDER_000004349_ITEM_001,ORDER_000004349,PRODUCT_000000252,2,18522.97,37045.94
ORDER_000004349_ITEM_002,ORDER_000004349,PRODUCT_000000207,1,551.65,551.65
ORDER_000004349_ITEM_003,ORDER_000004349,PRODUCT_000000497,5,86756.62,433783.10
ORDER_000004350_ITEM_001,ORDER_000004350,PRODUCT_000000219,1,10831.78,10831.78
ORDER_000004350_ITEM_002,ORDER_000004350,PRODUCT_000000154,2,17743.63,35487.26
ORDER_000004350_ITEM_003,ORDER_000004350,PRODUCT_000000400,3,50864.82,152594.46
ORDER_000004351_ITEM_001,ORDER_000004351,PRODUCT_000000447,5,5903.88,29519.40
ORDER_000004351_ITEM_002,ORDER_000004351,PRODUCT_000000085,3,95727.09,287181.27
ORDER_000004351_ITEM_003,ORDER_000004351,PRODUCT_000000358,3,459.97,1379.91
ORDER_000004352_ITEM_001,ORDER_000004352,PRODUCT_000000045,1,35447.12,35447.12
ORDER_000004352_ITEM_002,ORDER_000004352,PRODUCT_000000308,3,10454.59,31363.77
ORDER_000004352_ITEM_003,ORDER_000004352,PRODUCT_000000083,4,68919.06,275676.24
ORDER_000004353_ITEM_001,ORDER_000004353,PRODUCT_000000166,1,6151.35,6151.35
ORDER_000004353_ITEM_002,ORDER_000004353,PRODUCT_000000380,4,2099.88,8399.52
ORDER_000004353_ITEM_003,ORDER_000004353,PRODUCT_000000091,3,85829.09,257487.27
ORDER_000004354_ITEM_001,ORDER_000004354,PRODUCT_000000058,5,20181.60,100908.00
ORDER_000004354_ITEM_002,ORDER_000004354,PRODUCT_000000131,3,8366.73,25100.19
ORDER_000004354_ITEM_003,ORDER_000004354,PRODUCT_000000267,4,451.33,1805.32
ORDER_000004355_ITEM_001,ORDER_000004355,PRODUCT_000000025,2,1480.92,2961.84
ORDER_000004355_ITEM_002,ORDER_000004355,PRODUCT_000000041,2,4860.87,9721.74
ORDER_000004355_ITEM_003,ORDER_000004355,PRODUCT_000000421,2,26929.93,53859.86
ORDER_000004356_ITEM_001,ORDER_000004356,PRODUCT_000000286,3,18315.20,54945.60
ORDER_000004356_ITEM_002,ORDER_000004356,PRODUCT_000000374,2,194612.79,389225.58
ORDER_000004356_ITEM_003,ORDER_000004356,PRODUCT_000000097,2,29573.36,59146.72
ORDER_000004357_ITEM_001,ORDER_000004357,PRODUCT_000000139,4,955.15,3820.60
ORDER_000004357_ITEM_002,ORDER_000004357,PRODUCT_000000235,3,10340.23,31020.69
ORDER_000004357_ITEM_003,ORDER_000004357,PRODUCT_000000101,4,1447.61,5790.44
ORDER_000004358_ITEM_001,ORDER_000004358,PRODUCT_000000462,5,87564.19,437820.95
ORDER_000004358_ITEM_002,ORDER_000004358,PRODUCT_000000229,1,12881.53,12881.53
ORDER_000004358_ITEM_003,ORDER_000004358,PRODUCT_000000155,1,37803.93,37803.93
ORDER_000004359_ITEM_001,ORDER_000004359,PRODUCT_000000133,1,107202.22,107202.22
ORDER_000004359_ITEM_002,ORDER_000004359,PRODUCT_000000329,2,9319.38,18638.76
ORDER_000004359_ITEM_003,ORDER_000004359,PRODUCT_000000133,4,107202.22,428808.88
ORDER_000004360_ITEM_001,ORDER_000004360,PRODUCT_000000422,3,76372.72,229118.16
ORDER_000004360_ITEM_002,ORDER_000004360,PRODUCT_000000254,2,208122.29,416244.58
ORDER_000004360_ITEM_003,ORDER_000004360,PRODUCT_000000194,1,2124.84,2124.84
ORDER_000004361_ITEM_001,ORDER_000004361,PRODUCT_000000098,5,82015.47,410077.35
ORDER_000004361_ITEM_002,ORDER_000004361,PRODUCT_000000418,2,3679.29,7358.58
ORDER_000004361_ITEM_003,ORDER_000004361,PRODUCT_000000391,1,21049.94,21049.94
ORDER_000004362_ITEM_001,ORDER_000004362,PRODUCT_000000498,1,2542.71,2542.71
ORDER_000004362_ITEM_002,ORDER_000004362,PRODUCT_000000251,5,1112.09,5560.45
ORDER_000004362_ITEM_003,ORDER_000004362,PRODUCT_000000135,1,19292.87,19292.87
ORDER_000004363_ITEM_001,ORDER_000004363,PRODUCT_000000110,1,7868.39,7868.39
ORDER_000004363_ITEM_002,ORDER_000004363,PRODUCT_000000230,3,104957.16,314871.48
ORDER_000004363_ITEM_003,ORDER_000004363,PRODUCT_000000301,2,3608.69,7217.38
ORDER_000004364_ITEM_001,ORDER_000004364,PRODUCT_000000008,2,113431.81,226863.62
ORDER_000004364_ITEM_002,ORDER_000004364,PRODUCT_000000060,5,61306.51,306532.55
ORDER_000004364_ITEM_003,ORDER_000004364,PRODUCT_000000155,3,37803.93,113411.79
ORDER_000004365_ITEM_001,ORDER_000004365,PRODUCT_000000426,1,14178.77,14178.77
ORDER_000004365_ITEM_002,ORDER_000004365,PRODUCT_000000124,3,2352.93,7058.79
ORDER_000004365_ITEM_003,ORDER_000004365,PRODUCT_000000447,3,5903.88,17711.64
ORDER_000004366_ITEM_001,ORDER_000004366,PRODUCT_000000442,4,50728.25,202913.00
ORDER_000004366_ITEM_002,ORDER_000004366,PRODUCT_000000424,4,6433.07,25732.28
ORDER_000004366_ITEM_003,ORDER_000004366,PRODUCT_000000098,5,82015.47,410077.35
ORDER_000004367_ITEM_001,ORDER_000004367,PRODUCT_000000256,3,1724.12,5172.36
ORDER_000004367_ITEM_002,ORDER_000004367,PRODUCT_000000166,2,6151.35,12302.70
ORDER_000004367_ITEM_003,ORDER_000004367,PRODUCT_000000256,1,1724.12,1724.12
ORDER_000004368_ITEM_001,ORDER_000004368,PRODUCT_000000235,5,10340.23,51701.15
ORDER_000004368_ITEM_002,ORDER_000004368,PRODUCT_000000088,1,4393.00,4393.00
ORDER_000004368_ITEM_003,ORDER_000004368,PRODUCT_000000421,5,26929.93,134649.65
ORDER_000004369_ITEM_001,ORDER_000004369,PRODUCT_000000057,5,181686.00,908430.00
ORDER_000004369_ITEM_002,ORDER_000004369,PRODUCT_000000319,4,52057.41,208229.64
ORDER_000004369_ITEM_003,ORDER_000004369,PRODUCT_000000088,1,4393.00,4393.00
ORDER_000004370_ITEM_001,ORDER_000004370,PRODUCT_000000300,2,3971.91,7943.82
ORDER_000004370_ITEM_002,ORDER_000004370,PRODUCT_000000413,4,782.86,3131.44
ORDER_000004370_ITEM_003,ORDER_000004370,PRODUCT_000000009,5,51529.17,257645.85
ORDER_000004371_ITEM_001,ORDER_000004371,PRODUCT_000000478,1,5870.96,5870.96
ORDER_000004371_ITEM_002,ORDER_000004371,PRODUCT_000000246,1,84103.35,84103.35
ORDER_000004371_ITEM_003,ORDER_000004371,PRODUCT_000000391,5,21049.94,105249.70
ORDER_000004372_ITEM_001,ORDER_000004372,PRODUCT_000000092,1,38553.85,38553.85
ORDER_000004372_ITEM_002,ORDER_000004372,PRODUCT_000000221,4,4631.09,18524.36
ORDER_000004372_ITEM_003,ORDER_000004372,PRODUCT_000000093,4,17022.09,68088.36
ORDER_000004373_ITEM_001,ORDER_000004373,PRODUCT_000000392,1,38277.40,38277.40
ORDER_000004373_ITEM_002,ORDER_000004373,PRODUCT_000000055,2,77397.64,154795.28
ORDER_000004373_ITEM_003,ORDER_000004373,PRODUCT_000000407,3,71009.01,213027.03
ORDER_000004374_ITEM_001,ORDER_000004374,PRODUCT_000000344,1,108319.93,108319.93
ORDER_000004374_ITEM_002,ORDER_000004374,PRODUCT_000000387,5,22127.64,110638.20
ORDER_000004374_ITEM_003,ORDER_000004374,PRODUCT_000000208,3,62048.54,186145.62
ORDER_000004375_ITEM_001,ORDER_000004375,PRODUCT_000000297,1,6305.72,6305.72
ORDER_000004375_ITEM_002,ORDER_000004375,PRODUCT_000000213,1,12880.62,12880.62
ORDER_000004375_ITEM_003,ORDER_000004375,PRODUCT_000000364,2,87653.60,175307.20
ORDER_000004376_ITEM_001,ORDER_000004376,PRODUCT_000000391,2,21049.94,42099.88
ORDER_000004376_ITEM_002,ORDER_000004376,PRODUCT_000000196,2,713.24,1426.48
ORDER_000004376_ITEM_003,ORDER_000004376,PRODUCT_000000164,3,63385.92,190157.76
ORDER_000004377_ITEM_001,ORDER_000004377,PRODUCT_000000044,2,24208.61,48417.22
ORDER_000004377_ITEM_002,ORDER_000004377,PRODUCT_000000062,3,5183.35,15550.05
ORDER_000004377_ITEM_003,ORDER_000004377,PRODUCT_000000076,3,2000.71,6002.13
ORDER_000004378_ITEM_001,ORDER_000004378,PRODUCT_000000073,5,595.40,2977.00
ORDER_000004378_ITEM_002,ORDER_000004378,PRODUCT_000000045,3,35447.12,106341.36
ORDER_000004378_ITEM_003,ORDER_000004378,PRODUCT_000000360,3,102821.06,308463.18
ORDER_000004379_ITEM_001,ORDER_000004379,PRODUCT_000000108,4,3286.97,13147.88
ORDER_000004379_ITEM_002,ORDER_000004379,PRODUCT_000000472,4,2444.82,9779.28
ORDER_000004379_ITEM_003,ORDER_000004379,PRODUCT_000000470,4,1763.05,7052.20
ORDER_000004380_ITEM_001,ORDER_000004380,PRODUCT_000000170,5,2022.45,10112.25
ORDER_000004380_ITEM_002,ORDER_000004380,PRODUCT_000000346,1,90006.80,90006.80
ORDER_000004380_ITEM_003,ORDER_000004380,PRODUCT_000000481,4,242.93,971.72
ORDER_000004381_ITEM_001,ORDER_000004381,PRODUCT_000000129,5,109019.55,545097.75
ORDER_000004381_ITEM_002,ORDER_000004381,PRODUCT_000000132,2,48602.08,97204.16
ORDER_000004381_ITEM_003,ORDER_000004381,PRODUCT_000000201,1,92050.96,92050.96
ORDER_000004382_ITEM_001,ORDER_000004382,PRODUCT_000000382,5,36449.53,182247.65
ORDER_000004382_ITEM_002,ORDER_000004382,PRODUCT_000000489,3,65761.05,197283.15
ORDER_000004382_ITEM_003,ORDER_000004382,PRODUCT_000000488,5,7299.35,36496.75
ORDER_000004383_ITEM_001,ORDER_000004383,PRODUCT_000000319,5,52057.41,260287.05
ORDER_000004383_ITEM_002,ORDER_000004383,PRODUCT_000000166,2,6151.35,12302.70
ORDER_000004383_ITEM_003,ORDER_000004383,PRODUCT_000000249,4,33792.11,135168.44
ORDER_000004384_ITEM_001,ORDER_000004384,PRODUCT_000000147,4,79052.74,316210.96
ORDER_000004384_ITEM_002,ORDER_000004384,PRODUCT_000000189,3,2291.77,6875.31
ORDER_000004384_ITEM_003,ORDER_000004384,PRODUCT_000000291,3,108213.93,324641.79
ORDER_000004385_ITEM_001,ORDER_000004385,PRODUCT_000000079,1,20185.32,20185.32
ORDER_000004385_ITEM_002,ORDER_000004385,PRODUCT_000000169,5,1720.94,8604.70
ORDER_000004385_ITEM_003,ORDER_000004385,PRODUCT_000000045,3,35447.12,106341.36
ORDER_000004386_ITEM_001,ORDER_000004386,PRODUCT_000000479,4,436.69,1746.76
ORDER_000004386_ITEM_002,ORDER_000004386,PRODUCT_000000388,2,16147.61,32295.22
ORDER_000004386_ITEM_003,ORDER_000004386,PRODUCT_000000316,2,7149.36,14298.72
ORDER_000004387_ITEM_001,ORDER_000004387,PRODUCT_000000139,5,955.15,4775.75
ORDER_000004387_ITEM_002,ORDER_000004387,PRODUCT_000000390,2,36528.52,73057.04
ORDER_000004387_ITEM_003,ORDER_000004387,PRODUCT_000000175,1,40112.08,40112.08
ORDER_000004388_ITEM_001,ORDER_000004388,PRODUCT_000000478,3,5870.96,17612.88
ORDER_000004388_ITEM_002,ORDER_000004388,PRODUCT_000000057,1,181686.00,181686.00
ORDER_000004388_ITEM_003,ORDER_000004388,PRODUCT_000000252,3,18522.97,55568.91
ORDER_000004389_ITEM_001,ORDER_000004389,PRODUCT_000000411,5,261.77,1308.85
ORDER_000004389_ITEM_002,ORDER_000004389,PRODUCT_000000169,1,1720.94,1720.94
ORDER_000004389_ITEM_003,ORDER_000004389,PRODUCT_000000486,1,411.42,411.42
ORDER_000004390_ITEM_001,ORDER_000004390,PRODUCT_000000366,4,11041.34,44165.36
ORDER_000004390_ITEM_002,ORDER_000004390,PRODUCT_000000048,4,71251.17,285004.68
ORDER_000004390_ITEM_003,ORDER_000004390,PRODUCT_000000182,2,906.52,1813.04
ORDER_000004391_ITEM_001,ORDER_000004391,PRODUCT_000000417,1,2286.08,2286.08
ORDER_000004391_ITEM_002,ORDER_000004391,PRODUCT_000000190,2,1821.64,3643.28
ORDER_000004391_ITEM_003,ORDER_000004391,PRODUCT_000000456,5,5850.98,29254.90
ORDER_000004392_ITEM_001,ORDER_000004392,PRODUCT_000000050,3,191762.22,575286.66
ORDER_000004392_ITEM_002,ORDER_000004392,PRODUCT_000000270,5,4362.80,21814.00
ORDER_000004392_ITEM_003,ORDER_000004392,PRODUCT_000000225,1,3256.60,3256.60
ORDER_000004393_ITEM_001,ORDER_000004393,PRODUCT_000000287,3,2545.20,7635.60
ORDER_000004393_ITEM_002,ORDER_000004393,PRODUCT_000000184,2,120740.28,241480.56
ORDER_000004393_ITEM_003,ORDER_000004393,PRODUCT_000000133,2,107202.22,214404.44
ORDER_000004394_ITEM_001,ORDER_000004394,PRODUCT_000000254,2,208122.29,416244.58
ORDER_000004394_ITEM_002,ORDER_000004394,PRODUCT_000000347,2,424.29,848.58
ORDER_000004394_ITEM_003,ORDER_000004394,PRODUCT_000000172,3,4761.64,14284.92
ORDER_000004395_ITEM_001,ORDER_000004395,PRODUCT_000000337,1,3208.91,3208.91
ORDER_000004395_ITEM_002,ORDER_000004395,PRODUCT_000000094,5,159079.65,795398.25
ORDER_000004395_ITEM_003,ORDER_000004395,PRODUCT_000000399,1,1168.76,1168.76
ORDER_000004396_ITEM_001,ORDER_000004396,PRODUCT_000000342,4,63802.09,255208.36
ORDER_000004396_ITEM_002,ORDER_000004396,PRODUCT_000000431,2,28619.97,57239.94
ORDER_000004396_ITEM_003,ORDER_000004396,PRODUCT_000000106,4,1964.81,7859.24
ORDER_000004397_ITEM_001,ORDER_000004397,PRODUCT_000000089,3,7426.76,22280.28
ORDER_000004397_ITEM_002,ORDER_000004397,PRODUCT_000000109,2,11755.22,23510.44
ORDER_000004397_ITEM_003,ORDER_000004397,PRODUCT_000000071,1,27899.72,27899.72
ORDER_000004398_ITEM_001,ORDER_000004398,PRODUCT_000000231,2,15947.02,31894.04
ORDER_000004398_ITEM_002,ORDER_000004398,PRODUCT_000000052,3,175783.69,527351.07
ORDER_000004398_ITEM_003,ORDER_000004398,PRODUCT_000000352,5,17207.18,86035.90
ORDER_000004399_ITEM_001,ORDER_000004399,PRODUCT_000000151,4,77780.21,311120.84
ORDER_000004399_ITEM_002,ORDER_000004399,PRODUCT_000000311,1,6289.30,6289.30
ORDER_000004399_ITEM_003,ORDER_000004399,PRODUCT_000000196,1,713.24,713.24
ORDER_000004400_ITEM_001,ORDER_000004400,PRODUCT_000000120,1,73826.11,73826.11
ORDER_000004400_ITEM_002,ORDER_000004400,PRODUCT_000000163,1,21213.87,21213.87
ORDER_000004400_ITEM_003,ORDER_000004400,PRODUCT_000000440,3,4395.21,13185.63
ORDER_000004401_ITEM_001,ORDER_000004401,PRODUCT_000000239,4,30240.84,120963.36
ORDER_000004401_ITEM_002,ORDER_000004401,PRODUCT_000000169,1,1720.94,1720.94
ORDER_000004401_ITEM_003,ORDER_000004401,PRODUCT_000000322,5,6422.03,32110.15
ORDER_000004402_ITEM_001,ORDER_000004402,PRODUCT_000000186,2,11204.19,22408.38
ORDER_000004402_ITEM_002,ORDER_000004402,PRODUCT_000000292,1,16024.87,16024.87
ORDER_000004402_ITEM_003,ORDER_000004402,PRODUCT_000000109,2,11755.22,23510.44
ORDER_000004403_ITEM_001,ORDER_000004403,PRODUCT_000000446,3,2878.87,8636.61
ORDER_000004403_ITEM_002,ORDER_000004403,PRODUCT_000000287,2,2545.20,5090.40
ORDER_000004403_ITEM_003,ORDER_000004403,PRODUCT_000000232,5,4022.49,20112.45
ORDER_000004404_ITEM_001,ORDER_000004404,PRODUCT_000000364,1,87653.60,87653.60
ORDER_000004404_ITEM_002,ORDER_000004404,PRODUCT_000000221,3,4631.09,13893.27
ORDER_000004404_ITEM_003,ORDER_000004404,PRODUCT_000000201,4,92050.96,368203.84
ORDER_000004405_ITEM_001,ORDER_000004405,PRODUCT_000000455,5,5380.81,26904.05
ORDER_000004405_ITEM_002,ORDER_000004405,PRODUCT_000000053,2,120555.53,241111.06
ORDER_000004405_ITEM_003,ORDER_000004405,PRODUCT_000000300,2,3971.91,7943.82
ORDER_000004406_ITEM_001,ORDER_000004406,PRODUCT_000000254,1,208122.29,208122.29
ORDER_000004406_ITEM_002,ORDER_000004406,PRODUCT_000000013,1,85341.86,85341.86
ORDER_000004406_ITEM_003,ORDER_000004406,PRODUCT_000000290,2,32348.76,64697.52
ORDER_000004407_ITEM_001,ORDER_000004407,PRODUCT_000000115,3,1102.21,3306.63
ORDER_000004407_ITEM_002,ORDER_000004407,PRODUCT_000000341,5,80395.16,401975.80
ORDER_000004407_ITEM_003,ORDER_000004407,PRODUCT_000000080,2,8444.99,16889.98
ORDER_000004408_ITEM_001,ORDER_000004408,PRODUCT_000000139,5,955.15,4775.75
ORDER_000004408_ITEM_002,ORDER_000004408,PRODUCT_000000307,1,8253.54,8253.54
ORDER_000004408_ITEM_003,ORDER_000004408,PRODUCT_000000373,4,1253.40,5013.60
ORDER_000004409_ITEM_001,ORDER_000004409,PRODUCT_000000014,3,31645.32,94935.96
ORDER_000004409_ITEM_002,ORDER_000004409,PRODUCT_000000129,3,109019.55,327058.65
ORDER_000004409_ITEM_003,ORDER_000004409,PRODUCT_000000487,5,62096.00,310480.00
ORDER_000004410_ITEM_001,ORDER_000004410,PRODUCT_000000285,4,59012.72,236050.88
ORDER_000004410_ITEM_002,ORDER_000004410,PRODUCT_000000326,5,12706.30,63531.50
ORDER_000004410_ITEM_003,ORDER_000004410,PRODUCT_000000325,3,4259.98,12779.94
ORDER_000004411_ITEM_001,ORDER_000004411,PRODUCT_000000283,1,4001.25,4001.25
ORDER_000004411_ITEM_002,ORDER_000004411,PRODUCT_000000108,2,3286.97,6573.94
ORDER_000004411_ITEM_003,ORDER_000004411,PRODUCT_000000418,4,3679.29,14717.16
ORDER_000004412_ITEM_001,ORDER_000004412,PRODUCT_000000183,1,39378.79,39378.79
ORDER_000004412_ITEM_002,ORDER_000004412,PRODUCT_000000239,2,30240.84,60481.68
ORDER_000004412_ITEM_003,ORDER_000004412,PRODUCT_000000440,4,4395.21,17580.84
ORDER_000004413_ITEM_001,ORDER_000004413,PRODUCT_000000387,4,22127.64,88510.56
ORDER_000004413_ITEM_002,ORDER_000004413,PRODUCT_000000006,1,78496.47,78496.47
ORDER_000004413_ITEM_003,ORDER_000004413,PRODUCT_000000171,2,212543.08,425086.16
ORDER_000004414_ITEM_001,ORDER_000004414,PRODUCT_000000034,1,3282.53,3282.53
ORDER_000004414_ITEM_002,ORDER_000004414,PRODUCT_000000343,2,62824.31,125648.62
ORDER_000004414_ITEM_003,ORDER_000004414,PRODUCT_000000214,5,37438.96,187194.80
ORDER_000004415_ITEM_001,ORDER_000004415,PRODUCT_000000314,1,13535.22,13535.22
ORDER_000004415_ITEM_002,ORDER_000004415,PRODUCT_000000456,1,5850.98,5850.98
ORDER_000004415_ITEM_003,ORDER_000004415,PRODUCT_000000426,2,14178.77,28357.54
ORDER_000004416_ITEM_001,ORDER_000004416,PRODUCT_000000465,1,27686.57,27686.57
ORDER_000004416_ITEM_002,ORDER_000004416,PRODUCT_000000177,1,29457.82,29457.82
ORDER_000004416_ITEM_003,ORDER_000004416,PRODUCT_000000105,4,630.25,2521.00
ORDER_000004417_ITEM_001,ORDER_000004417,PRODUCT_000000019,1,6627.77,6627.77
ORDER_000004417_ITEM_002,ORDER_000004417,PRODUCT_000000369,1,1041.90,1041.90
ORDER_000004417_ITEM_003,ORDER_000004417,PRODUCT_000000350,3,27003.79,81011.37
ORDER_000004418_ITEM_001,ORDER_000004418,PRODUCT_000000224,4,89554.05,358216.20
ORDER_000004418_ITEM_002,ORDER_000004418,PRODUCT_000000038,3,5864.01,17592.03
ORDER_000004418_ITEM_003,ORDER_000004418,PRODUCT_000000049,3,194087.22,582261.66
ORDER_000004419_ITEM_001,ORDER_000004419,PRODUCT_000000251,4,1112.09,4448.36
ORDER_000004419_ITEM_002,ORDER_000004419,PRODUCT_000000164,3,63385.92,190157.76
ORDER_000004419_ITEM_003,ORDER_000004419,PRODUCT_000000075,3,13044.69,39134.07
ORDER_000004420_ITEM_001,ORDER_000004420,PRODUCT_000000237,4,40793.49,163173.96
ORDER_000004420_ITEM_002,ORDER_000004420,PRODUCT_000000164,2,63385.92,126771.84
ORDER_000004420_ITEM_003,ORDER_000004420,PRODUCT_000000455,5,5380.81,26904.05
ORDER_000004421_ITEM_001,ORDER_000004421,PRODUCT_000000313,2,108316.97,216633.94
ORDER_000004421_ITEM_002,ORDER_000004421,PRODUCT_000000002,3,64148.53,192445.59
ORDER_000004421_ITEM_003,ORDER_000004421,PRODUCT_000000277,4,11671.40,46685.60
ORDER_000004422_ITEM_001,ORDER_000004422,PRODUCT_000000446,4,2878.87,11515.48
ORDER_000004422_ITEM_002,ORDER_000004422,PRODUCT_000000099,2,13369.90,26739.80
ORDER_000004422_ITEM_003,ORDER_000004422,PRODUCT_000000403,4,1868.76,7475.04
ORDER_000004423_ITEM_001,ORDER_000004423,PRODUCT_000000015,1,140055.39,140055.39
ORDER_000004423_ITEM_002,ORDER_000004423,PRODUCT_000000500,5,66111.23,330556.15
ORDER_000004423_ITEM_003,ORDER_000004423,PRODUCT_000000415,1,77825.19,77825.19
ORDER_000004424_ITEM_001,ORDER_000004424,PRODUCT_000000493,3,1452.96,4358.88
ORDER_000004424_ITEM_002,ORDER_000004424,PRODUCT_000000194,3,2124.84,6374.52
ORDER_000004424_ITEM_003,ORDER_000004424,PRODUCT_000000457,4,20677.50,82710.00
ORDER_000004425_ITEM_001,ORDER_000004425,PRODUCT_000000367,4,84997.19,339988.76
ORDER_000004425_ITEM_002,ORDER_000004425,PRODUCT_000000339,4,14282.13,57128.52
ORDER_000004425_ITEM_003,ORDER_000004425,PRODUCT_000000240,5,8842.70,44213.50
ORDER_000004426_ITEM_001,ORDER_000004426,PRODUCT_000000384,5,1879.95,9399.75
ORDER_000004426_ITEM_002,ORDER_000004426,PRODUCT_000000498,1,2542.71,2542.71
ORDER_000004426_ITEM_003,ORDER_000004426,PRODUCT_000000379,2,788.70,1577.40
ORDER_000004427_ITEM_001,ORDER_000004427,PRODUCT_000000293,1,68391.63,68391.63
ORDER_000004427_ITEM_002,ORDER_000004427,PRODUCT_000000361,5,2902.94,14514.70
ORDER_000004427_ITEM_003,ORDER_000004427,PRODUCT_000000303,5,28560.91,142804.55
ORDER_000004428_ITEM_001,ORDER_000004428,PRODUCT_000000100,1,4028.63,4028.63
ORDER_000004428_ITEM_002,ORDER_000004428,PRODUCT_000000224,3,89554.05,268662.15
ORDER_000004428_ITEM_003,ORDER_000004428,PRODUCT_000000331,1,16339.42,16339.42
ORDER_000004429_ITEM_001,ORDER_000004429,PRODUCT_000000072,3,7200.43,21601.29
ORDER_000004429_ITEM_002,ORDER_000004429,PRODUCT_000000484,4,54819.53,219278.12
ORDER_000004429_ITEM_003,ORDER_000004429,PRODUCT_000000309,1,281.12,281.12
ORDER_000004430_ITEM_001,ORDER_000004430,PRODUCT_000000489,1,65761.05,65761.05
ORDER_000004430_ITEM_002,ORDER_000004430,PRODUCT_000000377,2,11772.95,23545.90
ORDER_000004430_ITEM_003,ORDER_000004430,PRODUCT_000000189,3,2291.77,6875.31
ORDER_000004431_ITEM_001,ORDER_000004431,PRODUCT_000000153,1,1314.83,1314.83
ORDER_000004431_ITEM_002,ORDER_000004431,PRODUCT_000000245,1,2849.98,2849.98
ORDER_000004431_ITEM_003,ORDER_000004431,PRODUCT_000000407,5,71009.01,355045.05
ORDER_000004432_ITEM_001,ORDER_000004432,PRODUCT_000000133,5,107202.22,536011.10
ORDER_000004432_ITEM_002,ORDER_000004432,PRODUCT_000000318,3,11683.06,35049.18
ORDER_000004432_ITEM_003,ORDER_000004432,PRODUCT_000000176,4,498.75,1995.00
ORDER_000004433_ITEM_001,ORDER_000004433,PRODUCT_000000258,3,1110.13,3330.39
ORDER_000004433_ITEM_002,ORDER_000004433,PRODUCT_000000136,3,50895.01,152685.03
ORDER_000004433_ITEM_003,ORDER_000004433,PRODUCT_000000172,2,4761.64,9523.28
ORDER_000004434_ITEM_001,ORDER_000004434,PRODUCT_000000272,4,13222.81,52891.24
ORDER_000004434_ITEM_002,ORDER_000004434,PRODUCT_000000466,1,7087.91,7087.91
ORDER_000004434_ITEM_003,ORDER_000004434,PRODUCT_000000365,1,1131.39,1131.39
ORDER_000004435_ITEM_001,ORDER_000004435,PRODUCT_000000114,5,140563.09,702815.45
ORDER_000004435_ITEM_002,ORDER_000004435,PRODUCT_000000269,4,396.98,1587.92
ORDER_000004435_ITEM_003,ORDER_000004435,PRODUCT_000000379,3,788.70,2366.10
ORDER_000004436_ITEM_001,ORDER_000004436,PRODUCT_000000297,3,6305.72,18917.16
ORDER_000004436_ITEM_002,ORDER_000004436,PRODUCT_000000081,1,51812.13,51812.13
ORDER_000004436_ITEM_003,ORDER_000004436,PRODUCT_000000134,4,2948.45,11793.80
ORDER_000004437_ITEM_001,ORDER_000004437,PRODUCT_000000239,5,30240.84,151204.20
ORDER_000004437_ITEM_002,ORDER_000004437,PRODUCT_000000148,4,13436.93,53747.72
ORDER_000004437_ITEM_003,ORDER_000004437,PRODUCT_000000273,1,93376.09,93376.09
ORDER_000004438_ITEM_001,ORDER_000004438,PRODUCT_000000136,1,50895.01,50895.01
ORDER_000004438_ITEM_002,ORDER_000004438,PRODUCT_000000200,2,22985.98,45971.96
ORDER_000004438_ITEM_003,ORDER_000004438,PRODUCT_000000311,2,6289.30,12578.60
ORDER_000004439_ITEM_001,ORDER_000004439,PRODUCT_000000342,4,63802.09,255208.36
ORDER_000004439_ITEM_002,ORDER_000004439,PRODUCT_000000298,4,335.33,1341.32
ORDER_000004439_ITEM_003,ORDER_000004439,PRODUCT_000000206,5,338.63,1693.15
ORDER_000004440_ITEM_001,ORDER_000004440,PRODUCT_000000364,2,87653.60,175307.20
ORDER_000004440_ITEM_002,ORDER_000004440,PRODUCT_000000499,3,22717.74,68153.22
ORDER_000004440_ITEM_003,ORDER_000004440,PRODUCT_000000237,4,40793.49,163173.96
ORDER_000004441_ITEM_001,ORDER_000004441,PRODUCT_000000259,5,8268.46,41342.30
ORDER_000004441_ITEM_002,ORDER_000004441,PRODUCT_000000197,4,54944.74,219778.96
ORDER_000004441_ITEM_003,ORDER_000004441,PRODUCT_000000274,1,145414.87,145414.87
ORDER_000004442_ITEM_001,ORDER_000004442,PRODUCT_000000019,2,6627.77,13255.54
ORDER_000004442_ITEM_002,ORDER_000004442,PRODUCT_000000034,3,3282.53,9847.59
ORDER_000004442_ITEM_003,ORDER_000004442,PRODUCT_000000014,3,31645.32,94935.96
ORDER_000004443_ITEM_001,ORDER_000004443,PRODUCT_000000199,4,48433.40,193733.60
ORDER_000004443_ITEM_002,ORDER_000004443,PRODUCT_000000149,1,500.36,500.36
ORDER_000004443_ITEM_003,ORDER_000004443,PRODUCT_000000407,1,71009.01,71009.01
ORDER_000004444_ITEM_001,ORDER_000004444,PRODUCT_000000223,3,3175.58,9526.74
ORDER_000004444_ITEM_002,ORDER_000004444,PRODUCT_000000194,2,2124.84,4249.68
ORDER_000004444_ITEM_003,ORDER_000004444,PRODUCT_000000383,1,1933.39,1933.39
ORDER_000004445_ITEM_001,ORDER_000004445,PRODUCT_000000330,2,732.17,1464.34
ORDER_000004445_ITEM_002,ORDER_000004445,PRODUCT_000000276,4,6006.43,24025.72
ORDER_000004445_ITEM_003,ORDER_000004445,PRODUCT_000000154,3,17743.63,53230.89
ORDER_000004446_ITEM_001,ORDER_000004446,PRODUCT_000000180,4,131161.69,524646.76
ORDER_000004446_ITEM_002,ORDER_000004446,PRODUCT_000000134,4,2948.45,11793.80
ORDER_000004446_ITEM_003,ORDER_000004446,PRODUCT_000000357,5,64399.68,321998.40
ORDER_000004447_ITEM_001,ORDER_000004447,PRODUCT_000000222,1,26935.38,26935.38
ORDER_000004447_ITEM_002,ORDER_000004447,PRODUCT_000000074,5,75286.95,376434.75
ORDER_000004447_ITEM_003,ORDER_000004447,PRODUCT_000000486,5,411.42,2057.10
ORDER_000004448_ITEM_001,ORDER_000004448,PRODUCT_000000369,3,1041.90,3125.70
ORDER_000004448_ITEM_002,ORDER_000004448,PRODUCT_000000246,1,84103.35,84103.35
ORDER_000004448_ITEM_003,ORDER_000004448,PRODUCT_000000277,1,11671.40,11671.40
ORDER_000004449_ITEM_001,ORDER_000004449,PRODUCT_000000420,1,33996.43,33996.43
ORDER_000004449_ITEM_002,ORDER_000004449,PRODUCT_000000495,5,111322.66,556613.30
ORDER_000004449_ITEM_003,ORDER_000004449,PRODUCT_000000432,2,67458.36,134916.72
ORDER_000004450_ITEM_001,ORDER_000004450,PRODUCT_000000211,3,11540.41,34621.23
ORDER_000004450_ITEM_002,ORDER_000004450,PRODUCT_000000175,5,40112.08,200560.40
ORDER_000004450_ITEM_003,ORDER_000004450,PRODUCT_000000297,2,6305.72,12611.44
ORDER_000004451_ITEM_001,ORDER_000004451,PRODUCT_000000365,4,1131.39,4525.56
ORDER_000004451_ITEM_002,ORDER_000004451,PRODUCT_000000485,1,123226.74,123226.74
ORDER_000004451_ITEM_003,ORDER_000004451,PRODUCT_000000083,1,68919.06,68919.06
ORDER_000004452_ITEM_001,ORDER_000004452,PRODUCT_000000105,4,630.25,2521.00
ORDER_000004452_ITEM_002,ORDER_000004452,PRODUCT_000000326,4,12706.30,50825.20
ORDER_000004452_ITEM_003,ORDER_000004452,PRODUCT_000000444,4,3373.26,13493.04
ORDER_000004453_ITEM_001,ORDER_000004453,PRODUCT_000000352,2,17207.18,34414.36
ORDER_000004453_ITEM_002,ORDER_000004453,PRODUCT_000000151,1,77780.21,77780.21
ORDER_000004453_ITEM_003,ORDER_000004453,PRODUCT_000000416,1,2364.84,2364.84
ORDER_000004454_ITEM_001,ORDER_000004454,PRODUCT_000000184,2,120740.28,241480.56
ORDER_000004454_ITEM_002,ORDER_000004454,PRODUCT_000000459,1,5188.95,5188.95
ORDER_000004454_ITEM_003,ORDER_000004454,PRODUCT_000000154,3,17743.63,53230.89
ORDER_000004455_ITEM_001,ORDER_000004455,PRODUCT_000000158,2,21685.09,43370.18
ORDER_000004455_ITEM_002,ORDER_000004455,PRODUCT_000000193,4,1656.01,6624.04
ORDER_000004455_ITEM_003,ORDER_000004455,PRODUCT_000000321,1,11193.14,11193.14
ORDER_000004456_ITEM_001,ORDER_000004456,PRODUCT_000000441,2,38509.69,77019.38
ORDER_000004456_ITEM_002,ORDER_000004456,PRODUCT_000000052,4,175783.69,703134.76
ORDER_000004456_ITEM_003,ORDER_000004456,PRODUCT_000000172,1,4761.64,4761.64
ORDER_000004457_ITEM_001,ORDER_000004457,PRODUCT_000000042,5,81949.03,409745.15
ORDER_000004457_ITEM_002,ORDER_000004457,PRODUCT_000000368,4,9454.76,37819.04
ORDER_000004457_ITEM_003,ORDER_000004457,PRODUCT_000000224,3,89554.05,268662.15
ORDER_000004458_ITEM_001,ORDER_000004458,PRODUCT_000000378,5,253.91,1269.55
ORDER_000004458_ITEM_002,ORDER_000004458,PRODUCT_000000147,1,79052.74,79052.74
ORDER_000004458_ITEM_003,ORDER_000004458,PRODUCT_000000407,5,71009.01,355045.05
ORDER_000004459_ITEM_001,ORDER_000004459,PRODUCT_000000490,4,5004.64,20018.56
ORDER_000004459_ITEM_002,ORDER_000004459,PRODUCT_000000226,5,2585.73,12928.65
ORDER_000004459_ITEM_003,ORDER_000004459,PRODUCT_000000230,3,104957.16,314871.48
ORDER_000004460_ITEM_001,ORDER_000004460,PRODUCT_000000105,3,630.25,1890.75
ORDER_000004460_ITEM_002,ORDER_000004460,PRODUCT_000000036,3,49982.53,149947.59
ORDER_000004460_ITEM_003,ORDER_000004460,PRODUCT_000000190,4,1821.64,7286.56
ORDER_000004461_ITEM_001,ORDER_000004461,PRODUCT_000000126,2,23808.94,47617.88
ORDER_000004461_ITEM_002,ORDER_000004461,PRODUCT_000000333,5,530.81,2654.05
ORDER_000004461_ITEM_003,ORDER_000004461,PRODUCT_000000025,2,1480.92,2961.84
ORDER_000004462_ITEM_001,ORDER_000004462,PRODUCT_000000374,3,194612.79,583838.37
ORDER_000004462_ITEM_002,ORDER_000004462,PRODUCT_000000265,2,7416.00,14832.00
ORDER_000004462_ITEM_003,ORDER_000004462,PRODUCT_000000330,4,732.17,2928.68
ORDER_000004463_ITEM_001,ORDER_000004463,PRODUCT_000000094,4,159079.65,636318.60
ORDER_000004463_ITEM_002,ORDER_000004463,PRODUCT_000000034,2,3282.53,6565.06
ORDER_000004463_ITEM_003,ORDER_000004463,PRODUCT_000000047,2,13490.87,26981.74
ORDER_000004464_ITEM_001,ORDER_000004464,PRODUCT_000000228,1,79825.81,79825.81
ORDER_000004464_ITEM_002,ORDER_000004464,PRODUCT_000000496,3,970.45,2911.35
ORDER_000004464_ITEM_003,ORDER_000004464,PRODUCT_000000247,3,976.86,2930.58
ORDER_000004465_ITEM_001,ORDER_000004465,PRODUCT_000000380,1,2099.88,2099.88
ORDER_000004465_ITEM_002,ORDER_000004465,PRODUCT_000000264,2,2135.20,4270.40
ORDER_000004465_ITEM_003,ORDER_000004465,PRODUCT_000000289,4,66663.17,266652.68
ORDER_000004466_ITEM_001,ORDER_000004466,PRODUCT_000000069,5,4621.50,23107.50
ORDER_000004466_ITEM_002,ORDER_000004466,PRODUCT_000000004,4,84297.47,337189.88
ORDER_000004466_ITEM_003,ORDER_000004466,PRODUCT_000000091,5,85829.09,429145.45
ORDER_000004467_ITEM_001,ORDER_000004467,PRODUCT_000000311,4,6289.30,25157.20
ORDER_000004467_ITEM_002,ORDER_000004467,PRODUCT_000000432,2,67458.36,134916.72
ORDER_000004467_ITEM_003,ORDER_000004467,PRODUCT_000000336,1,9981.53,9981.53
ORDER_000004468_ITEM_001,ORDER_000004468,PRODUCT_000000146,5,1443.25,7216.25
ORDER_000004468_ITEM_002,ORDER_000004468,PRODUCT_000000071,1,27899.72,27899.72
ORDER_000004468_ITEM_003,ORDER_000004468,PRODUCT_000000236,1,1537.45,1537.45
ORDER_000004469_ITEM_001,ORDER_000004469,PRODUCT_000000194,1,2124.84,2124.84
ORDER_000004469_ITEM_002,ORDER_000004469,PRODUCT_000000126,3,23808.94,71426.82
ORDER_000004469_ITEM_003,ORDER_000004469,PRODUCT_000000002,3,64148.53,192445.59
ORDER_000004470_ITEM_001,ORDER_000004470,PRODUCT_000000221,3,4631.09,13893.27
ORDER_000004470_ITEM_002,ORDER_000004470,PRODUCT_000000377,3,11772.95,35318.85
ORDER_000004470_ITEM_003,ORDER_000004470,PRODUCT_000000220,1,5722.11,5722.11
ORDER_000004471_ITEM_001,ORDER_000004471,PRODUCT_000000108,4,3286.97,13147.88
ORDER_000004471_ITEM_002,ORDER_000004471,PRODUCT_000000165,5,91589.22,457946.10
ORDER_000004471_ITEM_003,ORDER_000004471,PRODUCT_000000228,3,79825.81,239477.43
ORDER_000004472_ITEM_001,ORDER_000004472,PRODUCT_000000083,3,68919.06,206757.18
ORDER_000004472_ITEM_002,ORDER_000004472,PRODUCT_000000028,5,22480.60,112403.00
ORDER_000004472_ITEM_003,ORDER_000004472,PRODUCT_000000262,4,34449.06,137796.24
ORDER_000004473_ITEM_001,ORDER_000004473,PRODUCT_000000222,2,26935.38,53870.76
ORDER_000004473_ITEM_002,ORDER_000004473,PRODUCT_000000113,2,13504.86,27009.72
ORDER_000004473_ITEM_003,ORDER_000004473,PRODUCT_000000050,5,191762.22,958811.10
ORDER_000004474_ITEM_001,ORDER_000004474,PRODUCT_000000447,3,5903.88,17711.64
ORDER_000004474_ITEM_002,ORDER_000004474,PRODUCT_000000279,2,1444.98,2889.96
ORDER_000004474_ITEM_003,ORDER_000004474,PRODUCT_000000479,2,436.69,873.38
ORDER_000004475_ITEM_001,ORDER_000004475,PRODUCT_000000397,1,2067.45,2067.45
ORDER_000004475_ITEM_002,ORDER_000004475,PRODUCT_000000150,1,97514.34,97514.34
ORDER_000004475_ITEM_003,ORDER_000004475,PRODUCT_000000284,4,25462.80,101851.20
ORDER_000004476_ITEM_001,ORDER_000004476,PRODUCT_000000453,5,179948.29,899741.45
ORDER_000004476_ITEM_002,ORDER_000004476,PRODUCT_000000023,4,1295.31,5181.24
ORDER_000004476_ITEM_003,ORDER_000004476,PRODUCT_000000465,1,27686.57,27686.57
ORDER_000004477_ITEM_001,ORDER_000004477,PRODUCT_000000006,2,78496.47,156992.94
ORDER_000004477_ITEM_002,ORDER_000004477,PRODUCT_000000068,4,603.83,2415.32
ORDER_000004477_ITEM_003,ORDER_000004477,PRODUCT_000000465,4,27686.57,110746.28
ORDER_000004478_ITEM_001,ORDER_000004478,PRODUCT_000000012,2,116699.02,233398.04
ORDER_000004478_ITEM_002,ORDER_000004478,PRODUCT_000000013,5,85341.86,426709.30
ORDER_000004478_ITEM_003,ORDER_000004478,PRODUCT_000000094,5,159079.65,795398.25
ORDER_000004479_ITEM_001,ORDER_000004479,PRODUCT_000000106,3,1964.81,5894.43
ORDER_000004479_ITEM_002,ORDER_000004479,PRODUCT_000000451,5,557.23,2786.15
ORDER_000004479_ITEM_003,ORDER_000004479,PRODUCT_000000463,3,1804.78,5414.34
ORDER_000004480_ITEM_001,ORDER_000004480,PRODUCT_000000465,3,27686.57,83059.71
ORDER_000004480_ITEM_002,ORDER_000004480,PRODUCT_000000230,2,104957.16,209914.32
ORDER_000004480_ITEM_003,ORDER_000004480,PRODUCT_000000461,3,66176.77,198530.31
ORDER_000004481_ITEM_001,ORDER_000004481,PRODUCT_000000165,5,91589.22,457946.10
ORDER_000004481_ITEM_002,ORDER_000004481,PRODUCT_000000334,1,921.24,921.24
ORDER_000004481_ITEM_003,ORDER_000004481,PRODUCT_000000178,4,11187.40,44749.60
ORDER_000004482_ITEM_001,ORDER_000004482,PRODUCT_000000430,4,56850.26,227401.04
ORDER_000004482_ITEM_002,ORDER_000004482,PRODUCT_000000013,3,85341.86,256025.58
ORDER_000004482_ITEM_003,ORDER_000004482,PRODUCT_000000192,3,10837.79,32513.37
ORDER_000004483_ITEM_001,ORDER_000004483,PRODUCT_000000051,2,45102.28,90204.56
ORDER_000004483_ITEM_002,ORDER_000004483,PRODUCT_000000381,4,80434.33,321737.32
ORDER_000004483_ITEM_003,ORDER_000004483,PRODUCT_000000293,1,68391.63,68391.63
ORDER_000004484_ITEM_001,ORDER_000004484,PRODUCT_000000061,4,378.02,1512.08
ORDER_000004484_ITEM_002,ORDER_000004484,PRODUCT_000000110,1,7868.39,7868.39
ORDER_000004484_ITEM_003,ORDER_000004484,PRODUCT_000000470,3,1763.05,5289.15
ORDER_000004485_ITEM_001,ORDER_000004485,PRODUCT_000000001,4,47526.13,190104.52
ORDER_000004485_ITEM_002,ORDER_000004485,PRODUCT_000000328,1,95553.61,95553.61
ORDER_000004485_ITEM_003,ORDER_000004485,PRODUCT_000000425,5,3973.74,19868.70
ORDER_000004486_ITEM_001,ORDER_000004486,PRODUCT_000000488,3,7299.35,21898.05
ORDER_000004486_ITEM_002,ORDER_000004486,PRODUCT_000000322,1,6422.03,6422.03
ORDER_000004486_ITEM_003,ORDER_000004486,PRODUCT_000000022,4,3619.59,14478.36
ORDER_000004487_ITEM_001,ORDER_000004487,PRODUCT_000000393,4,2674.57,10698.28
ORDER_000004487_ITEM_002,ORDER_000004487,PRODUCT_000000316,4,7149.36,28597.44
ORDER_000004487_ITEM_003,ORDER_000004487,PRODUCT_000000218,5,7029.23,35146.15
ORDER_000004488_ITEM_001,ORDER_000004488,PRODUCT_000000161,4,684.54,2738.16
ORDER_000004488_ITEM_002,ORDER_000004488,PRODUCT_000000370,1,3741.06,3741.06
ORDER_000004488_ITEM_003,ORDER_000004488,PRODUCT_000000260,1,2417.05,2417.05
ORDER_000004489_ITEM_001,ORDER_000004489,PRODUCT_000000023,3,1295.31,3885.93
ORDER_000004489_ITEM_002,ORDER_000004489,PRODUCT_000000183,2,39378.79,78757.58
ORDER_000004489_ITEM_003,ORDER_000004489,PRODUCT_000000361,5,2902.94,14514.70
ORDER_000004490_ITEM_001,ORDER_000004490,PRODUCT_000000495,5,111322.66,556613.30
ORDER_000004490_ITEM_002,ORDER_000004490,PRODUCT_000000369,3,1041.90,3125.70
ORDER_000004490_ITEM_003,ORDER_000004490,PRODUCT_000000403,5,1868.76,9343.80
ORDER_000004491_ITEM_001,ORDER_000004491,PRODUCT_000000488,3,7299.35,21898.05
ORDER_000004491_ITEM_002,ORDER_000004491,PRODUCT_000000497,4,86756.62,347026.48
ORDER_000004491_ITEM_003,ORDER_000004491,PRODUCT_000000439,2,72153.89,144307.78
ORDER_000004492_ITEM_001,ORDER_000004492,PRODUCT_000000173,4,18158.57,72634.28
ORDER_000004492_ITEM_002,ORDER_000004492,PRODUCT_000000129,5,109019.55,545097.75
ORDER_000004492_ITEM_003,ORDER_000004492,PRODUCT_000000241,1,19528.30,19528.30
ORDER_000004493_ITEM_001,ORDER_000004493,PRODUCT_000000351,5,186960.69,934803.45
ORDER_000004493_ITEM_002,ORDER_000004493,PRODUCT_000000257,1,6078.96,6078.96
ORDER_000004493_ITEM_003,ORDER_000004493,PRODUCT_000000408,3,291.08,873.24
ORDER_000004494_ITEM_001,ORDER_000004494,PRODUCT_000000049,2,194087.22,388174.44
ORDER_000004494_ITEM_002,ORDER_000004494,PRODUCT_000000443,3,1322.46,3967.38
ORDER_000004494_ITEM_003,ORDER_000004494,PRODUCT_000000261,3,26099.88,78299.64
ORDER_000004495_ITEM_001,ORDER_000004495,PRODUCT_000000212,2,10759.26,21518.52
ORDER_000004495_ITEM_002,ORDER_000004495,PRODUCT_000000170,2,2022.45,4044.90
ORDER_000004495_ITEM_003,ORDER_000004495,PRODUCT_000000406,2,130798.44,261596.88
ORDER_000004496_ITEM_001,ORDER_000004496,PRODUCT_000000054,5,1153.40,5767.00
ORDER_000004496_ITEM_002,ORDER_000004496,PRODUCT_000000114,3,140563.09,421689.27
ORDER_000004496_ITEM_003,ORDER_000004496,PRODUCT_000000305,5,2574.22,12871.10
ORDER_000004497_ITEM_001,ORDER_000004497,PRODUCT_000000328,1,95553.61,95553.61
ORDER_000004497_ITEM_002,ORDER_000004497,PRODUCT_000000391,1,21049.94,21049.94
ORDER_000004497_ITEM_003,ORDER_000004497,PRODUCT_000000099,5,13369.90,66849.50
ORDER_000004498_ITEM_001,ORDER_000004498,PRODUCT_000000015,4,140055.39,560221.56
ORDER_000004498_ITEM_002,ORDER_000004498,PRODUCT_000000335,3,7748.73,23246.19
ORDER_000004498_ITEM_003,ORDER_000004498,PRODUCT_000000268,4,230.02,920.08
ORDER_000004499_ITEM_001,ORDER_000004499,PRODUCT_000000374,4,194612.79,778451.16
ORDER_000004499_ITEM_002,ORDER_000004499,PRODUCT_000000439,2,72153.89,144307.78
ORDER_000004499_ITEM_003,ORDER_000004499,PRODUCT_000000129,1,109019.55,109019.55
ORDER_000004500_ITEM_001,ORDER_000004500,PRODUCT_000000356,3,53340.70,160022.10
ORDER_000004500_ITEM_002,ORDER_000004500,PRODUCT_000000327,3,10245.94,30737.82
ORDER_000004500_ITEM_003,ORDER_000004500,PRODUCT_000000185,4,30648.96,122595.84
ORDER_000004501_ITEM_001,ORDER_000004501,PRODUCT_000000230,4,104957.16,419828.64
ORDER_000004501_ITEM_002,ORDER_000004501,PRODUCT_000000442,2,50728.25,101456.50
ORDER_000004501_ITEM_003,ORDER_000004501,PRODUCT_000000052,4,175783.69,703134.76
ORDER_000004502_ITEM_001,ORDER_000004502,PRODUCT_000000463,1,1804.78,1804.78
ORDER_000004502_ITEM_002,ORDER_000004502,PRODUCT_000000205,2,3783.93,7567.86
ORDER_000004502_ITEM_003,ORDER_000004502,PRODUCT_000000356,3,53340.70,160022.10
ORDER_000004503_ITEM_001,ORDER_000004503,PRODUCT_000000378,3,253.91,761.73
ORDER_000004503_ITEM_002,ORDER_000004503,PRODUCT_000000265,1,7416.00,7416.00
ORDER_000004503_ITEM_003,ORDER_000004503,PRODUCT_000000330,5,732.17,3660.85
ORDER_000004504_ITEM_001,ORDER_000004504,PRODUCT_000000226,5,2585.73,12928.65
ORDER_000004504_ITEM_002,ORDER_000004504,PRODUCT_000000157,2,1512.91,3025.82
ORDER_000004504_ITEM_003,ORDER_000004504,PRODUCT_000000492,1,1512.08,1512.08
ORDER_000004505_ITEM_001,ORDER_000004505,PRODUCT_000000450,1,137048.55,137048.55
ORDER_000004505_ITEM_002,ORDER_000004505,PRODUCT_000000135,1,19292.87,19292.87
ORDER_000004505_ITEM_003,ORDER_000004505,PRODUCT_000000252,3,18522.97,55568.91
ORDER_000004506_ITEM_001,ORDER_000004506,PRODUCT_000000419,3,1633.27,4899.81
ORDER_000004506_ITEM_002,ORDER_000004506,PRODUCT_000000067,3,14987.74,44963.22
ORDER_000004506_ITEM_003,ORDER_000004506,PRODUCT_000000178,4,11187.40,44749.60
ORDER_000004507_ITEM_001,ORDER_000004507,PRODUCT_000000242,4,2669.01,10676.04
ORDER_000004507_ITEM_002,ORDER_000004507,PRODUCT_000000256,5,1724.12,8620.60
ORDER_000004507_ITEM_003,ORDER_000004507,PRODUCT_000000180,3,131161.69,393485.07
ORDER_000004508_ITEM_001,ORDER_000004508,PRODUCT_000000355,1,2839.63,2839.63
ORDER_000004508_ITEM_002,ORDER_000004508,PRODUCT_000000078,2,99659.01,199318.02
ORDER_000004508_ITEM_003,ORDER_000004508,PRODUCT_000000361,3,2902.94,8708.82
ORDER_000004509_ITEM_001,ORDER_000004509,PRODUCT_000000460,2,49238.06,98476.12
ORDER_000004509_ITEM_002,ORDER_000004509,PRODUCT_000000035,5,6152.71,30763.55
ORDER_000004509_ITEM_003,ORDER_000004509,PRODUCT_000000124,1,2352.93,2352.93
ORDER_000004510_ITEM_001,ORDER_000004510,PRODUCT_000000003,4,166254.56,665018.24
ORDER_000004510_ITEM_002,ORDER_000004510,PRODUCT_000000356,1,53340.70,53340.70
ORDER_000004510_ITEM_003,ORDER_000004510,PRODUCT_000000219,4,10831.78,43327.12
ORDER_000004511_ITEM_001,ORDER_000004511,PRODUCT_000000441,1,38509.69,38509.69
ORDER_000004511_ITEM_002,ORDER_000004511,PRODUCT_000000125,3,48262.53,144787.59
ORDER_000004511_ITEM_003,ORDER_000004511,PRODUCT_000000170,1,2022.45,2022.45
ORDER_000004512_ITEM_001,ORDER_000004512,PRODUCT_000000133,3,107202.22,321606.66
ORDER_000004512_ITEM_002,ORDER_000004512,PRODUCT_000000057,2,181686.00,363372.00
ORDER_000004512_ITEM_003,ORDER_000004512,PRODUCT_000000162,5,12519.41,62597.05
ORDER_000004513_ITEM_001,ORDER_000004513,PRODUCT_000000104,5,42385.77,211928.85
ORDER_000004513_ITEM_002,ORDER_000004513,PRODUCT_000000170,2,2022.45,4044.90
ORDER_000004513_ITEM_003,ORDER_000004513,PRODUCT_000000386,5,7104.14,35520.70
ORDER_000004514_ITEM_001,ORDER_000004514,PRODUCT_000000477,4,130157.67,520630.68
ORDER_000004514_ITEM_002,ORDER_000004514,PRODUCT_000000158,1,21685.09,21685.09
ORDER_000004514_ITEM_003,ORDER_000004514,PRODUCT_000000217,3,5712.09,17136.27
ORDER_000004515_ITEM_001,ORDER_000004515,PRODUCT_000000050,4,191762.22,767048.88
ORDER_000004515_ITEM_002,ORDER_000004515,PRODUCT_000000066,4,166045.11,664180.44
ORDER_000004515_ITEM_003,ORDER_000004515,PRODUCT_000000201,1,92050.96,92050.96
ORDER_000004516_ITEM_001,ORDER_000004516,PRODUCT_000000445,5,957.74,4788.70
ORDER_000004516_ITEM_002,ORDER_000004516,PRODUCT_000000247,2,976.86,1953.72
ORDER_000004516_ITEM_003,ORDER_000004516,PRODUCT_000000289,3,66663.17,199989.51
ORDER_000004517_ITEM_001,ORDER_000004517,PRODUCT_000000056,1,1746.83,1746.83
ORDER_000004517_ITEM_002,ORDER_000004517,PRODUCT_000000301,2,3608.69,7217.38
ORDER_000004517_ITEM_003,ORDER_000004517,PRODUCT_000000053,4,120555.53,482222.12
ORDER_000004518_ITEM_001,ORDER_000004518,PRODUCT_000000493,3,1452.96,4358.88
ORDER_000004518_ITEM_002,ORDER_000004518,PRODUCT_000000039,4,399.38,1597.52
ORDER_000004518_ITEM_003,ORDER_000004518,PRODUCT_000000481,4,242.93,971.72
ORDER_000004519_ITEM_001,ORDER_000004519,PRODUCT_000000179,3,16969.41,50908.23
ORDER_000004519_ITEM_002,ORDER_000004519,PRODUCT_000000249,2,33792.11,67584.22
ORDER_000004519_ITEM_003,ORDER_000004519,PRODUCT_000000002,2,64148.53,128297.06
ORDER_000004520_ITEM_001,ORDER_000004520,PRODUCT_000000339,1,14282.13,14282.13
ORDER_000004520_ITEM_002,ORDER_000004520,PRODUCT_000000279,2,1444.98,2889.96
ORDER_000004520_ITEM_003,ORDER_000004520,PRODUCT_000000182,3,906.52,2719.56
ORDER_000004521_ITEM_001,ORDER_000004521,PRODUCT_000000249,3,33792.11,101376.33
ORDER_000004521_ITEM_002,ORDER_000004521,PRODUCT_000000072,4,7200.43,28801.72
ORDER_000004521_ITEM_003,ORDER_000004521,PRODUCT_000000444,2,3373.26,6746.52
ORDER_000004522_ITEM_001,ORDER_000004522,PRODUCT_000000409,3,20583.82,61751.46
ORDER_000004522_ITEM_002,ORDER_000004522,PRODUCT_000000484,1,54819.53,54819.53
ORDER_000004522_ITEM_003,ORDER_000004522,PRODUCT_000000180,1,131161.69,131161.69
ORDER_000004523_ITEM_001,ORDER_000004523,PRODUCT_000000008,2,113431.81,226863.62
ORDER_000004523_ITEM_002,ORDER_000004523,PRODUCT_000000118,5,115069.78,575348.90
ORDER_000004523_ITEM_003,ORDER_000004523,PRODUCT_000000470,3,1763.05,5289.15
ORDER_000004524_ITEM_001,ORDER_000004524,PRODUCT_000000285,1,59012.72,59012.72
ORDER_000004524_ITEM_002,ORDER_000004524,PRODUCT_000000427,4,820.10,3280.40
ORDER_000004524_ITEM_003,ORDER_000004524,PRODUCT_000000286,3,18315.20,54945.60
ORDER_000004525_ITEM_001,ORDER_000004525,PRODUCT_000000409,3,20583.82,61751.46
ORDER_000004525_ITEM_002,ORDER_000004525,PRODUCT_000000443,1,1322.46,1322.46
ORDER_000004525_ITEM_003,ORDER_000004525,PRODUCT_000000436,5,39362.73,196813.65
ORDER_000004526_ITEM_001,ORDER_000004526,PRODUCT_000000149,3,500.36,1501.08
ORDER_000004526_ITEM_002,ORDER_000004526,PRODUCT_000000021,1,2952.32,2952.32
ORDER_000004526_ITEM_003,ORDER_000004526,PRODUCT_000000364,1,87653.60,87653.60
ORDER_000004527_ITEM_001,ORDER_000004527,PRODUCT_000000320,4,1644.19,6576.76
ORDER_000004527_ITEM_002,ORDER_000004527,PRODUCT_000000152,3,1691.46,5074.38
ORDER_000004527_ITEM_003,ORDER_000004527,PRODUCT_000000235,4,10340.23,41360.92
ORDER_000004528_ITEM_001,ORDER_000004528,PRODUCT_000000055,3,77397.64,232192.92
ORDER_000004528_ITEM_002,ORDER_000004528,PRODUCT_000000234,4,8118.02,32472.08
ORDER_000004528_ITEM_003,ORDER_000004528,PRODUCT_000000255,2,52583.68,105167.36
ORDER_000004529_ITEM_001,ORDER_000004529,PRODUCT_000000220,3,5722.11,17166.33
ORDER_000004529_ITEM_002,ORDER_000004529,PRODUCT_000000301,3,3608.69,10826.07
ORDER_000004529_ITEM_003,ORDER_000004529,PRODUCT_000000121,1,67658.89,67658.89
ORDER_000004530_ITEM_001,ORDER_000004530,PRODUCT_000000188,1,35973.47,35973.47
ORDER_000004530_ITEM_002,ORDER_000004530,PRODUCT_000000191,5,936.27,4681.35
ORDER_000004530_ITEM_003,ORDER_000004530,PRODUCT_000000054,1,1153.40,1153.40
ORDER_000004531_ITEM_001,ORDER_000004531,PRODUCT_000000467,1,89885.32,89885.32
ORDER_000004531_ITEM_002,ORDER_000004531,PRODUCT_000000333,4,530.81,2123.24
ORDER_000004531_ITEM_003,ORDER_000004531,PRODUCT_000000270,3,4362.80,13088.40
ORDER_000004532_ITEM_001,ORDER_000004532,PRODUCT_000000496,1,970.45,970.45
ORDER_000004532_ITEM_002,ORDER_000004532,PRODUCT_000000228,2,79825.81,159651.62
ORDER_000004532_ITEM_003,ORDER_000004532,PRODUCT_000000118,5,115069.78,575348.90
ORDER_000004533_ITEM_001,ORDER_000004533,PRODUCT_000000133,2,107202.22,214404.44
ORDER_000004533_ITEM_002,ORDER_000004533,PRODUCT_000000273,3,93376.09,280128.27
ORDER_000004533_ITEM_003,ORDER_000004533,PRODUCT_000000295,1,38276.02,38276.02
ORDER_000004534_ITEM_001,ORDER_000004534,PRODUCT_000000428,3,180920.89,542762.67
ORDER_000004534_ITEM_002,ORDER_000004534,PRODUCT_000000497,1,86756.62,86756.62
ORDER_000004534_ITEM_003,ORDER_000004534,PRODUCT_000000250,2,74845.58,149691.16
ORDER_000004535_ITEM_001,ORDER_000004535,PRODUCT_000000071,3,27899.72,83699.16
ORDER_000004535_ITEM_002,ORDER_000004535,PRODUCT_000000203,3,131189.59,393568.77
ORDER_000004535_ITEM_003,ORDER_000004535,PRODUCT_000000489,3,65761.05,197283.15
ORDER_000004536_ITEM_001,ORDER_000004536,PRODUCT_000000354,4,8755.37,35021.48
ORDER_000004536_ITEM_002,ORDER_000004536,PRODUCT_000000231,4,15947.02,63788.08
ORDER_000004536_ITEM_003,ORDER_000004536,PRODUCT_000000134,2,2948.45,5896.90
ORDER_000004537_ITEM_001,ORDER_000004537,PRODUCT_000000035,2,6152.71,12305.42
ORDER_000004537_ITEM_002,ORDER_000004537,PRODUCT_000000238,1,709.92,709.92
ORDER_000004537_ITEM_003,ORDER_000004537,PRODUCT_000000406,2,130798.44,261596.88
ORDER_000004538_ITEM_001,ORDER_000004538,PRODUCT_000000265,1,7416.00,7416.00
ORDER_000004538_ITEM_002,ORDER_000004538,PRODUCT_000000361,5,2902.94,14514.70
ORDER_000004538_ITEM_003,ORDER_000004538,PRODUCT_000000280,4,8266.88,33067.52
ORDER_000004539_ITEM_001,ORDER_000004539,PRODUCT_000000088,5,4393.00,21965.00
ORDER_000004539_ITEM_002,ORDER_000004539,PRODUCT_000000107,5,835.56,4177.80
ORDER_000004539_ITEM_003,ORDER_000004539,PRODUCT_000000257,3,6078.96,18236.88
ORDER_000004540_ITEM_001,ORDER_000004540,PRODUCT_000000398,3,5027.03,15081.09
ORDER_000004540_ITEM_002,ORDER_000004540,PRODUCT_000000032,3,916.80,2750.40
ORDER_000004540_ITEM_003,ORDER_000004540,PRODUCT_000000470,4,1763.05,7052.20
ORDER_000004541_ITEM_001,ORDER_000004541,PRODUCT_000000032,3,916.80,2750.40
ORDER_000004541_ITEM_002,ORDER_000004541,PRODUCT_000000088,3,4393.00,13179.00
ORDER_000004541_ITEM_003,ORDER_000004541,PRODUCT_000000148,2,13436.93,26873.86
ORDER_000004542_ITEM_001,ORDER_000004542,PRODUCT_000000460,2,49238.06,98476.12
ORDER_000004542_ITEM_002,ORDER_000004542,PRODUCT_000000080,2,8444.99,16889.98
ORDER_000004542_ITEM_003,ORDER_000004542,PRODUCT_000000092,3,38553.85,115661.55
ORDER_000004543_ITEM_001,ORDER_000004543,PRODUCT_000000121,4,67658.89,270635.56
ORDER_000004543_ITEM_002,ORDER_000004543,PRODUCT_000000369,1,1041.90,1041.90
ORDER_000004543_ITEM_003,ORDER_000004543,PRODUCT_000000401,5,1258.44,6292.20
ORDER_000004544_ITEM_001,ORDER_000004544,PRODUCT_000000191,1,936.27,936.27
ORDER_000004544_ITEM_002,ORDER_000004544,PRODUCT_000000056,2,1746.83,3493.66
ORDER_000004544_ITEM_003,ORDER_000004544,PRODUCT_000000460,3,49238.06,147714.18
ORDER_000004545_ITEM_001,ORDER_000004545,PRODUCT_000000498,1,2542.71,2542.71
ORDER_000004545_ITEM_002,ORDER_000004545,PRODUCT_000000204,4,502.82,2011.28
ORDER_000004545_ITEM_003,ORDER_000004545,PRODUCT_000000168,5,4563.70,22818.50
ORDER_000004546_ITEM_001,ORDER_000004546,PRODUCT_000000244,2,13044.75,26089.50
ORDER_000004546_ITEM_002,ORDER_000004546,PRODUCT_000000359,4,31351.97,125407.88
ORDER_000004546_ITEM_003,ORDER_000004546,PRODUCT_000000040,4,21212.12,84848.48
ORDER_000004547_ITEM_001,ORDER_000004547,PRODUCT_000000302,1,3481.66,3481.66
ORDER_000004547_ITEM_002,ORDER_000004547,PRODUCT_000000435,5,66739.12,333695.60
ORDER_000004547_ITEM_003,ORDER_000004547,PRODUCT_000000271,2,7343.39,14686.78
ORDER_000004548_ITEM_001,ORDER_000004548,PRODUCT_000000376,3,1235.61,3706.83
ORDER_000004548_ITEM_002,ORDER_000004548,PRODUCT_000000046,2,3078.68,6157.36
ORDER_000004548_ITEM_003,ORDER_000004548,PRODUCT_000000261,5,26099.88,130499.40
ORDER_000004549_ITEM_001,ORDER_000004549,PRODUCT_000000352,3,17207.18,51621.54
ORDER_000004549_ITEM_002,ORDER_000004549,PRODUCT_000000450,5,137048.55,685242.75
ORDER_000004549_ITEM_003,ORDER_000004549,PRODUCT_000000035,4,6152.71,24610.84
ORDER_000004550_ITEM_001,ORDER_000004550,PRODUCT_000000305,5,2574.22,12871.10
ORDER_000004550_ITEM_002,ORDER_000004550,PRODUCT_000000107,2,835.56,1671.12
ORDER_000004550_ITEM_003,ORDER_000004550,PRODUCT_000000321,1,11193.14,11193.14
ORDER_000004551_ITEM_001,ORDER_000004551,PRODUCT_000000126,1,23808.94,23808.94
ORDER_000004551_ITEM_002,ORDER_000004551,PRODUCT_000000399,1,1168.76,1168.76
ORDER_000004551_ITEM_003,ORDER_000004551,PRODUCT_000000403,4,1868.76,7475.04
ORDER_000004552_ITEM_001,ORDER_000004552,PRODUCT_000000199,5,48433.40,242167.00
ORDER_000004552_ITEM_002,ORDER_000004552,PRODUCT_000000322,5,6422.03,32110.15
ORDER_000004552_ITEM_003,ORDER_000004552,PRODUCT_000000415,3,77825.19,233475.57
ORDER_000004553_ITEM_001,ORDER_000004553,PRODUCT_000000165,5,91589.22,457946.10
ORDER_000004553_ITEM_002,ORDER_000004553,PRODUCT_000000077,4,77023.77,308095.08
ORDER_000004553_ITEM_003,ORDER_000004553,PRODUCT_000000318,1,11683.06,11683.06
ORDER_000004554_ITEM_001,ORDER_000004554,PRODUCT_000000498,4,2542.71,10170.84
ORDER_000004554_ITEM_002,ORDER_000004554,PRODUCT_000000049,2,194087.22,388174.44
ORDER_000004554_ITEM_003,ORDER_000004554,PRODUCT_000000500,4,66111.23,264444.92
ORDER_000004555_ITEM_001,ORDER_000004555,PRODUCT_000000241,2,19528.30,39056.60
ORDER_000004555_ITEM_002,ORDER_000004555,PRODUCT_000000246,2,84103.35,168206.70
ORDER_000004555_ITEM_003,ORDER_000004555,PRODUCT_000000398,5,5027.03,25135.15
ORDER_000004556_ITEM_001,ORDER_000004556,PRODUCT_000000373,2,1253.40,2506.80
ORDER_000004556_ITEM_002,ORDER_000004556,PRODUCT_000000188,5,35973.47,179867.35
ORDER_000004556_ITEM_003,ORDER_000004556,PRODUCT_000000405,3,6190.14,18570.42
ORDER_000004557_ITEM_001,ORDER_000004557,PRODUCT_000000299,4,109951.12,439804.48
ORDER_000004557_ITEM_002,ORDER_000004557,PRODUCT_000000171,3,212543.08,637629.24
ORDER_000004557_ITEM_003,ORDER_000004557,PRODUCT_000000446,2,2878.87,5757.74
ORDER_000004558_ITEM_001,ORDER_000004558,PRODUCT_000000266,4,139987.08,559948.32
ORDER_000004558_ITEM_002,ORDER_000004558,PRODUCT_000000476,3,65466.46,196399.38
ORDER_000004558_ITEM_003,ORDER_000004558,PRODUCT_000000371,3,7881.87,23645.61
ORDER_000004559_ITEM_001,ORDER_000004559,PRODUCT_000000249,5,33792.11,168960.55
ORDER_000004559_ITEM_002,ORDER_000004559,PRODUCT_000000233,1,2536.45,2536.45
ORDER_000004559_ITEM_003,ORDER_000004559,PRODUCT_000000495,3,111322.66,333967.98
ORDER_000004560_ITEM_001,ORDER_000004560,PRODUCT_000000500,3,66111.23,198333.69
ORDER_000004560_ITEM_002,ORDER_000004560,PRODUCT_000000206,5,338.63,1693.15
ORDER_000004560_ITEM_003,ORDER_000004560,PRODUCT_000000297,5,6305.72,31528.60
ORDER_000004561_ITEM_001,ORDER_000004561,PRODUCT_000000351,3,186960.69,560882.07
ORDER_000004561_ITEM_002,ORDER_000004561,PRODUCT_000000045,4,35447.12,141788.48
ORDER_000004561_ITEM_003,ORDER_000004561,PRODUCT_000000263,1,114743.85,114743.85
ORDER_000004562_ITEM_001,ORDER_000004562,PRODUCT_000000084,2,69985.17,139970.34
ORDER_000004562_ITEM_002,ORDER_000004562,PRODUCT_000000341,5,80395.16,401975.80
ORDER_000004562_ITEM_003,ORDER_000004562,PRODUCT_000000344,3,108319.93,324959.79
ORDER_000004563_ITEM_001,ORDER_000004563,PRODUCT_000000198,2,53251.57,106503.14
ORDER_000004563_ITEM_002,ORDER_000004563,PRODUCT_000000470,4,1763.05,7052.20
ORDER_000004563_ITEM_003,ORDER_000004563,PRODUCT_000000012,1,116699.02,116699.02
ORDER_000004564_ITEM_001,ORDER_000004564,PRODUCT_000000128,4,10367.22,41468.88
ORDER_000004564_ITEM_002,ORDER_000004564,PRODUCT_000000122,4,5503.57,22014.28
ORDER_000004564_ITEM_003,ORDER_000004564,PRODUCT_000000422,4,76372.72,305490.88
ORDER_000004565_ITEM_001,ORDER_000004565,PRODUCT_000000302,1,3481.66,3481.66
ORDER_000004565_ITEM_002,ORDER_000004565,PRODUCT_000000261,2,26099.88,52199.76
ORDER_000004565_ITEM_003,ORDER_000004565,PRODUCT_000000377,5,11772.95,58864.75
ORDER_000004566_ITEM_001,ORDER_000004566,PRODUCT_000000350,2,27003.79,54007.58
ORDER_000004566_ITEM_002,ORDER_000004566,PRODUCT_000000381,2,80434.33,160868.66
ORDER_000004566_ITEM_003,ORDER_000004566,PRODUCT_000000440,5,4395.21,21976.05
ORDER_000004567_ITEM_001,ORDER_000004567,PRODUCT_000000294,4,98126.54,392506.16
ORDER_000004567_ITEM_002,ORDER_000004567,PRODUCT_000000390,1,36528.52,36528.52
ORDER_000004567_ITEM_003,ORDER_000004567,PRODUCT_000000402,1,51496.58,51496.58
ORDER_000004568_ITEM_001,ORDER_000004568,PRODUCT_000000221,4,4631.09,18524.36
ORDER_000004568_ITEM_002,ORDER_000004568,PRODUCT_000000240,5,8842.70,44213.50
ORDER_000004568_ITEM_003,ORDER_000004568,PRODUCT_000000180,5,131161.69,655808.45
ORDER_000004569_ITEM_001,ORDER_000004569,PRODUCT_000000401,4,1258.44,5033.76
ORDER_000004569_ITEM_002,ORDER_000004569,PRODUCT_000000297,2,6305.72,12611.44
ORDER_000004569_ITEM_003,ORDER_000004569,PRODUCT_000000365,1,1131.39,1131.39
ORDER_000004570_ITEM_001,ORDER_000004570,PRODUCT_000000192,2,10837.79,21675.58
ORDER_000004570_ITEM_002,ORDER_000004570,PRODUCT_000000416,3,2364.84,7094.52
ORDER_000004570_ITEM_003,ORDER_000004570,PRODUCT_000000044,2,24208.61,48417.22
ORDER_000004571_ITEM_001,ORDER_000004571,PRODUCT_000000273,5,93376.09,466880.45
ORDER_000004571_ITEM_002,ORDER_000004571,PRODUCT_000000286,3,18315.20,54945.60
ORDER_000004571_ITEM_003,ORDER_000004571,PRODUCT_000000061,5,378.02,1890.10
ORDER_000004572_ITEM_001,ORDER_000004572,PRODUCT_000000316,5,7149.36,35746.80
ORDER_000004572_ITEM_002,ORDER_000004572,PRODUCT_000000085,1,95727.09,95727.09
ORDER_000004572_ITEM_003,ORDER_000004572,PRODUCT_000000266,4,139987.08,559948.32
ORDER_000004573_ITEM_001,ORDER_000004573,PRODUCT_000000095,4,112715.59,450862.36
ORDER_000004573_ITEM_002,ORDER_000004573,PRODUCT_000000011,4,5081.83,20327.32
ORDER_000004573_ITEM_003,ORDER_000004573,PRODUCT_000000355,3,2839.63,8518.89
ORDER_000004574_ITEM_001,ORDER_000004574,PRODUCT_000000264,3,2135.20,6405.60
ORDER_000004574_ITEM_002,ORDER_000004574,PRODUCT_000000488,4,7299.35,29197.40
ORDER_000004574_ITEM_003,ORDER_000004574,PRODUCT_000000398,5,5027.03,25135.15
ORDER_000004575_ITEM_001,ORDER_000004575,PRODUCT_000000043,4,143690.78,574763.12
ORDER_000004575_ITEM_002,ORDER_000004575,PRODUCT_000000466,5,7087.91,35439.55
ORDER_000004575_ITEM_003,ORDER_000004575,PRODUCT_000000156,2,17875.07,35750.14
ORDER_000004576_ITEM_001,ORDER_000004576,PRODUCT_000000125,1,48262.53,48262.53
ORDER_000004576_ITEM_002,ORDER_000004576,PRODUCT_000000385,4,2562.52,10250.08
ORDER_000004576_ITEM_003,ORDER_000004576,PRODUCT_000000042,1,81949.03,81949.03
ORDER_000004577_ITEM_001,ORDER_000004577,PRODUCT_000000406,2,130798.44,261596.88
ORDER_000004577_ITEM_002,ORDER_000004577,PRODUCT_000000053,2,120555.53,241111.06
ORDER_000004577_ITEM_003,ORDER_000004577,PRODUCT_000000024,2,2660.53,5321.06
ORDER_000004578_ITEM_001,ORDER_000004578,PRODUCT_000000046,5,3078.68,15393.40
ORDER_000004578_ITEM_002,ORDER_000004578,PRODUCT_000000208,2,62048.54,124097.08
ORDER_000004578_ITEM_003,ORDER_000004578,PRODUCT_000000450,1,137048.55,137048.55
ORDER_000004579_ITEM_001,ORDER_000004579,PRODUCT_000000072,3,7200.43,21601.29
ORDER_000004579_ITEM_002,ORDER_000004579,PRODUCT_000000036,1,49982.53,49982.53
ORDER_000004579_ITEM_003,ORDER_000004579,PRODUCT_000000054,2,1153.40,2306.80
ORDER_000004580_ITEM_001,ORDER_000004580,PRODUCT_000000207,5,551.65,2758.25
ORDER_000004580_ITEM_002,ORDER_000004580,PRODUCT_000000152,5,1691.46,8457.30
ORDER_000004580_ITEM_003,ORDER_000004580,PRODUCT_000000351,3,186960.69,560882.07
ORDER_000004581_ITEM_001,ORDER_000004581,PRODUCT_000000471,1,26176.74,26176.74
ORDER_000004581_ITEM_002,ORDER_000004581,PRODUCT_000000205,3,3783.93,11351.79
ORDER_000004581_ITEM_003,ORDER_000004581,PRODUCT_000000404,2,2884.96,5769.92
ORDER_000004582_ITEM_001,ORDER_000004582,PRODUCT_000000327,1,10245.94,10245.94
ORDER_000004582_ITEM_002,ORDER_000004582,PRODUCT_000000008,3,113431.81,340295.43
ORDER_000004582_ITEM_003,ORDER_000004582,PRODUCT_000000044,4,24208.61,96834.44
ORDER_000004583_ITEM_001,ORDER_000004583,PRODUCT_000000194,1,2124.84,2124.84
ORDER_000004583_ITEM_002,ORDER_000004583,PRODUCT_000000042,4,81949.03,327796.12
ORDER_000004583_ITEM_003,ORDER_000004583,PRODUCT_000000396,1,32148.93,32148.93
ORDER_000004584_ITEM_001,ORDER_000004584,PRODUCT_000000289,2,66663.17,133326.34
ORDER_000004584_ITEM_002,ORDER_000004584,PRODUCT_000000461,2,66176.77,132353.54
ORDER_000004584_ITEM_003,ORDER_000004584,PRODUCT_000000424,1,6433.07,6433.07
ORDER_000004585_ITEM_001,ORDER_000004585,PRODUCT_000000134,4,2948.45,11793.80
ORDER_000004585_ITEM_002,ORDER_000004585,PRODUCT_000000383,2,1933.39,3866.78
ORDER_000004585_ITEM_003,ORDER_000004585,PRODUCT_000000277,1,11671.40,11671.40
ORDER_000004586_ITEM_001,ORDER_000004586,PRODUCT_000000016,1,71215.48,71215.48
ORDER_000004586_ITEM_002,ORDER_000004586,PRODUCT_000000499,2,22717.74,45435.48
ORDER_000004586_ITEM_003,ORDER_000004586,PRODUCT_000000239,3,30240.84,90722.52
ORDER_000004587_ITEM_001,ORDER_000004587,PRODUCT_000000423,3,2075.71,6227.13
ORDER_000004587_ITEM_002,ORDER_000004587,PRODUCT_000000461,2,66176.77,132353.54
ORDER_000004587_ITEM_003,ORDER_000004587,PRODUCT_000000143,1,71000.26,71000.26
ORDER_000004588_ITEM_001,ORDER_000004588,PRODUCT_000000322,3,6422.03,19266.09
ORDER_000004588_ITEM_002,ORDER_000004588,PRODUCT_000000284,5,25462.80,127314.00
ORDER_000004588_ITEM_003,ORDER_000004588,PRODUCT_000000478,5,5870.96,29354.80
ORDER_000004589_ITEM_001,ORDER_000004589,PRODUCT_000000102,1,81407.93,81407.93
ORDER_000004589_ITEM_002,ORDER_000004589,PRODUCT_000000296,5,105785.14,528925.70
ORDER_000004589_ITEM_003,ORDER_000004589,PRODUCT_000000459,3,5188.95,15566.85
ORDER_000004590_ITEM_001,ORDER_000004590,PRODUCT_000000316,5,7149.36,35746.80
ORDER_000004590_ITEM_002,ORDER_000004590,PRODUCT_000000158,1,21685.09,21685.09
ORDER_000004590_ITEM_003,ORDER_000004590,PRODUCT_000000340,5,46977.00,234885.00
ORDER_000004591_ITEM_001,ORDER_000004591,PRODUCT_000000195,3,3974.21,11922.63
ORDER_000004591_ITEM_002,ORDER_000004591,PRODUCT_000000043,1,143690.78,143690.78
ORDER_000004591_ITEM_003,ORDER_000004591,PRODUCT_000000095,5,112715.59,563577.95
ORDER_000004592_ITEM_001,ORDER_000004592,PRODUCT_000000141,4,11546.35,46185.40
ORDER_000004592_ITEM_002,ORDER_000004592,PRODUCT_000000401,2,1258.44,2516.88
ORDER_000004592_ITEM_003,ORDER_000004592,PRODUCT_000000152,4,1691.46,6765.84
ORDER_000004593_ITEM_001,ORDER_000004593,PRODUCT_000000283,3,4001.25,12003.75
ORDER_000004593_ITEM_002,ORDER_000004593,PRODUCT_000000124,5,2352.93,11764.65
ORDER_000004593_ITEM_003,ORDER_000004593,PRODUCT_000000112,3,20260.19,60780.57
ORDER_000004594_ITEM_001,ORDER_000004594,PRODUCT_000000073,3,595.40,1786.20
ORDER_000004594_ITEM_002,ORDER_000004594,PRODUCT_000000186,4,11204.19,44816.76
ORDER_000004594_ITEM_003,ORDER_000004594,PRODUCT_000000294,2,98126.54,196253.08
ORDER_000004595_ITEM_001,ORDER_000004595,PRODUCT_000000142,5,77646.41,388232.05
ORDER_000004595_ITEM_002,ORDER_000004595,PRODUCT_000000186,2,11204.19,22408.38
ORDER_000004595_ITEM_003,ORDER_000004595,PRODUCT_000000174,5,121049.76,605248.80
ORDER_000004596_ITEM_001,ORDER_000004596,PRODUCT_000000433,4,3121.66,12486.64
ORDER_000004596_ITEM_002,ORDER_000004596,PRODUCT_000000189,3,2291.77,6875.31
ORDER_000004596_ITEM_003,ORDER_000004596,PRODUCT_000000027,4,122387.75,489551.00
ORDER_000004597_ITEM_001,ORDER_000004597,PRODUCT_000000381,5,80434.33,402171.65
ORDER_000004597_ITEM_002,ORDER_000004597,PRODUCT_000000308,3,10454.59,31363.77
ORDER_000004597_ITEM_003,ORDER_000004597,PRODUCT_000000161,3,684.54,2053.62
ORDER_000004598_ITEM_001,ORDER_000004598,PRODUCT_000000477,1,130157.67,130157.67
ORDER_000004598_ITEM_002,ORDER_000004598,PRODUCT_000000106,4,1964.81,7859.24
ORDER_000004598_ITEM_003,ORDER_000004598,PRODUCT_000000096,1,1255.12,1255.12
ORDER_000004599_ITEM_001,ORDER_000004599,PRODUCT_000000351,3,186960.69,560882.07
ORDER_000004599_ITEM_002,ORDER_000004599,PRODUCT_000000424,5,6433.07,32165.35
ORDER_000004599_ITEM_003,ORDER_000004599,PRODUCT_000000163,5,21213.87,106069.35
ORDER_000004600_ITEM_001,ORDER_000004600,PRODUCT_000000014,1,31645.32,31645.32
ORDER_000004600_ITEM_002,ORDER_000004600,PRODUCT_000000427,2,820.10,1640.20
ORDER_000004600_ITEM_003,ORDER_000004600,PRODUCT_000000376,1,1235.61,1235.61
ORDER_000004601_ITEM_001,ORDER_000004601,PRODUCT_000000048,5,71251.17,356255.85
ORDER_000004601_ITEM_002,ORDER_000004601,PRODUCT_000000470,5,1763.05,8815.25
ORDER_000004601_ITEM_003,ORDER_000004601,PRODUCT_000000402,4,51496.58,205986.32
ORDER_000004602_ITEM_001,ORDER_000004602,PRODUCT_000000431,1,28619.97,28619.97
ORDER_000004602_ITEM_002,ORDER_000004602,PRODUCT_000000041,4,4860.87,19443.48
ORDER_000004602_ITEM_003,ORDER_000004602,PRODUCT_000000134,4,2948.45,11793.80
ORDER_000004603_ITEM_001,ORDER_000004603,PRODUCT_000000272,3,13222.81,39668.43
ORDER_000004603_ITEM_002,ORDER_000004603,PRODUCT_000000128,3,10367.22,31101.66
ORDER_000004603_ITEM_003,ORDER_000004603,PRODUCT_000000391,3,21049.94,63149.82
ORDER_000004604_ITEM_001,ORDER_000004604,PRODUCT_000000002,1,64148.53,64148.53
ORDER_000004604_ITEM_002,ORDER_000004604,PRODUCT_000000366,3,11041.34,33124.02
ORDER_000004604_ITEM_003,ORDER_000004604,PRODUCT_000000192,4,10837.79,43351.16
ORDER_000004605_ITEM_001,ORDER_000004605,PRODUCT_000000179,2,16969.41,33938.82
ORDER_000004605_ITEM_002,ORDER_000004605,PRODUCT_000000471,3,26176.74,78530.22
ORDER_000004605_ITEM_003,ORDER_000004605,PRODUCT_000000318,1,11683.06,11683.06
ORDER_000004606_ITEM_001,ORDER_000004606,PRODUCT_000000118,3,115069.78,345209.34
ORDER_000004606_ITEM_002,ORDER_000004606,PRODUCT_000000170,2,2022.45,4044.90
ORDER_000004606_ITEM_003,ORDER_000004606,PRODUCT_000000321,4,11193.14,44772.56
ORDER_000004607_ITEM_001,ORDER_000004607,PRODUCT_000000270,4,4362.80,17451.20
ORDER_000004607_ITEM_002,ORDER_000004607,PRODUCT_000000335,1,7748.73,7748.73
ORDER_000004607_ITEM_003,ORDER_000004607,PRODUCT_000000388,2,16147.61,32295.22
ORDER_000004608_ITEM_001,ORDER_000004608,PRODUCT_000000179,3,16969.41,50908.23
ORDER_000004608_ITEM_002,ORDER_000004608,PRODUCT_000000060,2,61306.51,122613.02
ORDER_000004608_ITEM_003,ORDER_000004608,PRODUCT_000000456,1,5850.98,5850.98
ORDER_000004609_ITEM_001,ORDER_000004609,PRODUCT_000000070,4,82897.23,331588.92
ORDER_000004609_ITEM_002,ORDER_000004609,PRODUCT_000000285,2,59012.72,118025.44
ORDER_000004609_ITEM_003,ORDER_000004609,PRODUCT_000000257,1,6078.96,6078.96
ORDER_000004610_ITEM_001,ORDER_000004610,PRODUCT_000000116,1,108578.88,108578.88
ORDER_000004610_ITEM_002,ORDER_000004610,PRODUCT_000000427,4,820.10,3280.40
ORDER_000004610_ITEM_003,ORDER_000004610,PRODUCT_000000326,5,12706.30,63531.50
ORDER_000004611_ITEM_001,ORDER_000004611,PRODUCT_000000440,5,4395.21,21976.05
ORDER_000004611_ITEM_002,ORDER_000004611,PRODUCT_000000444,4,3373.26,13493.04
ORDER_000004611_ITEM_003,ORDER_000004611,PRODUCT_000000263,3,114743.85,344231.55
ORDER_000004612_ITEM_001,ORDER_000004612,PRODUCT_000000387,4,22127.64,88510.56
ORDER_000004612_ITEM_002,ORDER_000004612,PRODUCT_000000060,4,61306.51,245226.04
ORDER_000004612_ITEM_003,ORDER_000004612,PRODUCT_000000145,2,3868.10,7736.20
ORDER_000004613_ITEM_001,ORDER_000004613,PRODUCT_000000355,5,2839.63,14198.15
ORDER_000004613_ITEM_002,ORDER_000004613,PRODUCT_000000472,4,2444.82,9779.28
ORDER_000004613_ITEM_003,ORDER_000004613,PRODUCT_000000369,4,1041.90,4167.60
ORDER_000004614_ITEM_001,ORDER_000004614,PRODUCT_000000235,2,10340.23,20680.46
ORDER_000004614_ITEM_002,ORDER_000004614,PRODUCT_000000179,5,16969.41,84847.05
ORDER_000004614_ITEM_003,ORDER_000004614,PRODUCT_000000165,2,91589.22,183178.44
ORDER_000004615_ITEM_001,ORDER_000004615,PRODUCT_000000309,4,281.12,1124.48
ORDER_000004615_ITEM_002,ORDER_000004615,PRODUCT_000000005,5,3906.48,19532.40
ORDER_000004615_ITEM_003,ORDER_000004615,PRODUCT_000000199,3,48433.40,145300.20
ORDER_000004616_ITEM_001,ORDER_000004616,PRODUCT_000000068,4,603.83,2415.32
ORDER_000004616_ITEM_002,ORDER_000004616,PRODUCT_000000183,5,39378.79,196893.95
ORDER_000004616_ITEM_003,ORDER_000004616,PRODUCT_000000368,4,9454.76,37819.04
ORDER_000004617_ITEM_001,ORDER_000004617,PRODUCT_000000410,2,6005.71,12011.42
ORDER_000004617_ITEM_002,ORDER_000004617,PRODUCT_000000449,5,10447.59,52237.95
ORDER_000004617_ITEM_003,ORDER_000004617,PRODUCT_000000090,3,727.26,2181.78
ORDER_000004618_ITEM_001,ORDER_000004618,PRODUCT_000000193,5,1656.01,8280.05
ORDER_000004618_ITEM_002,ORDER_000004618,PRODUCT_000000433,3,3121.66,9364.98
ORDER_000004618_ITEM_003,ORDER_000004618,PRODUCT_000000467,3,89885.32,269655.96
ORDER_000004619_ITEM_001,ORDER_000004619,PRODUCT_000000141,3,11546.35,34639.05
ORDER_000004619_ITEM_002,ORDER_000004619,PRODUCT_000000287,4,2545.20,10180.80
ORDER_000004619_ITEM_003,ORDER_000004619,PRODUCT_000000264,5,2135.20,10676.00
ORDER_000004620_ITEM_001,ORDER_000004620,PRODUCT_000000489,5,65761.05,328805.25
ORDER_000004620_ITEM_002,ORDER_000004620,PRODUCT_000000290,5,32348.76,161743.80
ORDER_000004620_ITEM_003,ORDER_000004620,PRODUCT_000000388,5,16147.61,80738.05
ORDER_000004621_ITEM_001,ORDER_000004621,PRODUCT_000000440,4,4395.21,17580.84
ORDER_000004621_ITEM_002,ORDER_000004621,PRODUCT_000000121,3,67658.89,202976.67
ORDER_000004621_ITEM_003,ORDER_000004621,PRODUCT_000000381,3,80434.33,241302.99
ORDER_000004622_ITEM_001,ORDER_000004622,PRODUCT_000000107,3,835.56,2506.68
ORDER_000004622_ITEM_002,ORDER_000004622,PRODUCT_000000021,4,2952.32,11809.28
ORDER_000004622_ITEM_003,ORDER_000004622,PRODUCT_000000397,1,2067.45,2067.45
ORDER_000004623_ITEM_001,ORDER_000004623,PRODUCT_000000417,3,2286.08,6858.24
ORDER_000004623_ITEM_002,ORDER_000004623,PRODUCT_000000245,4,2849.98,11399.92
ORDER_000004623_ITEM_003,ORDER_000004623,PRODUCT_000000251,3,1112.09,3336.27
ORDER_000004624_ITEM_001,ORDER_000004624,PRODUCT_000000407,2,71009.01,142018.02
ORDER_000004624_ITEM_002,ORDER_000004624,PRODUCT_000000168,2,4563.70,9127.40
ORDER_000004624_ITEM_003,ORDER_000004624,PRODUCT_000000463,4,1804.78,7219.12
ORDER_000004625_ITEM_001,ORDER_000004625,PRODUCT_000000018,1,54878.11,54878.11
ORDER_000004625_ITEM_002,ORDER_000004625,PRODUCT_000000211,1,11540.41,11540.41
ORDER_000004625_ITEM_003,ORDER_000004625,PRODUCT_000000381,1,80434.33,80434.33
ORDER_000004626_ITEM_001,ORDER_000004626,PRODUCT_000000414,4,57878.53,231514.12
ORDER_000004626_ITEM_002,ORDER_000004626,PRODUCT_000000061,3,378.02,1134.06
ORDER_000004626_ITEM_003,ORDER_000004626,PRODUCT_000000173,3,18158.57,54475.71
ORDER_000004627_ITEM_001,ORDER_000004627,PRODUCT_000000499,4,22717.74,90870.96
ORDER_000004627_ITEM_002,ORDER_000004627,PRODUCT_000000106,4,1964.81,7859.24
ORDER_000004627_ITEM_003,ORDER_000004627,PRODUCT_000000096,1,1255.12,1255.12
ORDER_000004628_ITEM_001,ORDER_000004628,PRODUCT_000000201,4,92050.96,368203.84
ORDER_000004628_ITEM_002,ORDER_000004628,PRODUCT_000000268,2,230.02,460.04
ORDER_000004628_ITEM_003,ORDER_000004628,PRODUCT_000000389,2,71784.35,143568.70
ORDER_000004629_ITEM_001,ORDER_000004629,PRODUCT_000000247,2,976.86,1953.72
ORDER_000004629_ITEM_002,ORDER_000004629,PRODUCT_000000050,1,191762.22,191762.22
ORDER_000004629_ITEM_003,ORDER_000004629,PRODUCT_000000086,1,8488.74,8488.74
ORDER_000004630_ITEM_001,ORDER_000004630,PRODUCT_000000462,2,87564.19,175128.38
ORDER_000004630_ITEM_002,ORDER_000004630,PRODUCT_000000272,1,13222.81,13222.81
ORDER_000004630_ITEM_003,ORDER_000004630,PRODUCT_000000258,3,1110.13,3330.39
ORDER_000004631_ITEM_001,ORDER_000004631,PRODUCT_000000432,5,67458.36,337291.80
ORDER_000004631_ITEM_002,ORDER_000004631,PRODUCT_000000184,1,120740.28,120740.28
ORDER_000004631_ITEM_003,ORDER_000004631,PRODUCT_000000202,3,22299.06,66897.18
ORDER_000004632_ITEM_001,ORDER_000004632,PRODUCT_000000203,4,131189.59,524758.36
ORDER_000004632_ITEM_002,ORDER_000004632,PRODUCT_000000431,1,28619.97,28619.97
ORDER_000004632_ITEM_003,ORDER_000004632,PRODUCT_000000004,1,84297.47,84297.47
ORDER_000004633_ITEM_001,ORDER_000004633,PRODUCT_000000165,1,91589.22,91589.22
ORDER_000004633_ITEM_002,ORDER_000004633,PRODUCT_000000130,3,2919.96,8759.88
ORDER_000004633_ITEM_003,ORDER_000004633,PRODUCT_000000321,2,11193.14,22386.28
ORDER_000004634_ITEM_001,ORDER_000004634,PRODUCT_000000411,5,261.77,1308.85
ORDER_000004634_ITEM_002,ORDER_000004634,PRODUCT_000000201,4,92050.96,368203.84
ORDER_000004634_ITEM_003,ORDER_000004634,PRODUCT_000000242,5,2669.01,13345.05
ORDER_000004635_ITEM_001,ORDER_000004635,PRODUCT_000000136,3,50895.01,152685.03
ORDER_000004635_ITEM_002,ORDER_000004635,PRODUCT_000000069,5,4621.50,23107.50
ORDER_000004635_ITEM_003,ORDER_000004635,PRODUCT_000000256,1,1724.12,1724.12
ORDER_000004636_ITEM_001,ORDER_000004636,PRODUCT_000000231,2,15947.02,31894.04
ORDER_000004636_ITEM_002,ORDER_000004636,PRODUCT_000000236,5,1537.45,7687.25
ORDER_000004636_ITEM_003,ORDER_000004636,PRODUCT_000000081,3,51812.13,155436.39
ORDER_000004637_ITEM_001,ORDER_000004637,PRODUCT_000000484,3,54819.53,164458.59
ORDER_000004637_ITEM_002,ORDER_000004637,PRODUCT_000000301,5,3608.69,18043.45
ORDER_000004637_ITEM_003,ORDER_000004637,PRODUCT_000000400,3,50864.82,152594.46
ORDER_000004638_ITEM_001,ORDER_000004638,PRODUCT_000000465,5,27686.57,138432.85
ORDER_000004638_ITEM_002,ORDER_000004638,PRODUCT_000000335,5,7748.73,38743.65
ORDER_000004638_ITEM_003,ORDER_000004638,PRODUCT_000000010,1,2629.61,2629.61
ORDER_000004639_ITEM_001,ORDER_000004639,PRODUCT_000000421,4,26929.93,107719.72
ORDER_000004639_ITEM_002,ORDER_000004639,PRODUCT_000000221,2,4631.09,9262.18
ORDER_000004639_ITEM_003,ORDER_000004639,PRODUCT_000000290,5,32348.76,161743.80
ORDER_000004640_ITEM_001,ORDER_000004640,PRODUCT_000000235,5,10340.23,51701.15
ORDER_000004640_ITEM_002,ORDER_000004640,PRODUCT_000000498,1,2542.71,2542.71
ORDER_000004640_ITEM_003,ORDER_000004640,PRODUCT_000000319,5,52057.41,260287.05
ORDER_000004641_ITEM_001,ORDER_000004641,PRODUCT_000000306,1,16336.98,16336.98
ORDER_000004641_ITEM_002,ORDER_000004641,PRODUCT_000000365,4,1131.39,4525.56
ORDER_000004641_ITEM_003,ORDER_000004641,PRODUCT_000000170,1,2022.45,2022.45
ORDER_000004642_ITEM_001,ORDER_000004642,PRODUCT_000000038,5,5864.01,29320.05
ORDER_000004642_ITEM_002,ORDER_000004642,PRODUCT_000000310,4,14175.81,56703.24
ORDER_000004642_ITEM_003,ORDER_000004642,PRODUCT_000000429,1,54612.57,54612.57
ORDER_000004643_ITEM_001,ORDER_000004643,PRODUCT_000000092,2,38553.85,77107.70
ORDER_000004643_ITEM_002,ORDER_000004643,PRODUCT_000000040,1,21212.12,21212.12
ORDER_000004643_ITEM_003,ORDER_000004643,PRODUCT_000000368,3,9454.76,28364.28
ORDER_000004644_ITEM_001,ORDER_000004644,PRODUCT_000000219,1,10831.78,10831.78
ORDER_000004644_ITEM_002,ORDER_000004644,PRODUCT_000000258,2,1110.13,2220.26
ORDER_000004644_ITEM_003,ORDER_000004644,PRODUCT_000000249,2,33792.11,67584.22
ORDER_000004645_ITEM_001,ORDER_000004645,PRODUCT_000000111,2,5144.89,10289.78
ORDER_000004645_ITEM_002,ORDER_000004645,PRODUCT_000000096,1,1255.12,1255.12
ORDER_000004645_ITEM_003,ORDER_000004645,PRODUCT_000000246,3,84103.35,252310.05
ORDER_000004646_ITEM_001,ORDER_000004646,PRODUCT_000000037,3,28745.87,86237.61
ORDER_000004646_ITEM_002,ORDER_000004646,PRODUCT_000000022,1,3619.59,3619.59
ORDER_000004646_ITEM_003,ORDER_000004646,PRODUCT_000000373,4,1253.40,5013.60
ORDER_000004647_ITEM_001,ORDER_000004647,PRODUCT_000000398,3,5027.03,15081.09
ORDER_000004647_ITEM_002,ORDER_000004647,PRODUCT_000000156,2,17875.07,35750.14
ORDER_000004647_ITEM_003,ORDER_000004647,PRODUCT_000000444,4,3373.26,13493.04
ORDER_000004648_ITEM_001,ORDER_000004648,PRODUCT_000000194,5,2124.84,10624.20
ORDER_000004648_ITEM_002,ORDER_000004648,PRODUCT_000000122,4,5503.57,22014.28
ORDER_000004648_ITEM_003,ORDER_000004648,PRODUCT_000000407,5,71009.01,355045.05
ORDER_000004649_ITEM_001,ORDER_000004649,PRODUCT_000000172,2,4761.64,9523.28
ORDER_000004649_ITEM_002,ORDER_000004649,PRODUCT_000000300,4,3971.91,15887.64
ORDER_000004649_ITEM_003,ORDER_000004649,PRODUCT_000000224,1,89554.05,89554.05
ORDER_000004650_ITEM_001,ORDER_000004650,PRODUCT_000000092,1,38553.85,38553.85
ORDER_000004650_ITEM_002,ORDER_000004650,PRODUCT_000000422,4,76372.72,305490.88
ORDER_000004650_ITEM_003,ORDER_000004650,PRODUCT_000000042,1,81949.03,81949.03
ORDER_000004651_ITEM_001,ORDER_000004651,PRODUCT_000000170,4,2022.45,8089.80
ORDER_000004651_ITEM_002,ORDER_000004651,PRODUCT_000000020,5,4087.52,20437.60
ORDER_000004651_ITEM_003,ORDER_000004651,PRODUCT_000000260,5,2417.05,12085.25
ORDER_000004652_ITEM_001,ORDER_000004652,PRODUCT_000000497,2,86756.62,173513.24
ORDER_000004652_ITEM_002,ORDER_000004652,PRODUCT_000000212,4,10759.26,43037.04
ORDER_000004652_ITEM_003,ORDER_000004652,PRODUCT_000000406,4,130798.44,523193.76
ORDER_000004653_ITEM_001,ORDER_000004653,PRODUCT_000000105,5,630.25,3151.25
ORDER_000004653_ITEM_002,ORDER_000004653,PRODUCT_000000067,4,14987.74,59950.96
ORDER_000004653_ITEM_003,ORDER_000004653,PRODUCT_000000156,3,17875.07,53625.21
ORDER_000004654_ITEM_001,ORDER_000004654,PRODUCT_000000221,4,4631.09,18524.36
ORDER_000004654_ITEM_002,ORDER_000004654,PRODUCT_000000456,5,5850.98,29254.90
ORDER_000004654_ITEM_003,ORDER_000004654,PRODUCT_000000358,5,459.97,2299.85
ORDER_000004655_ITEM_001,ORDER_000004655,PRODUCT_000000236,1,1537.45,1537.45
ORDER_000004655_ITEM_002,ORDER_000004655,PRODUCT_000000344,5,108319.93,541599.65
ORDER_000004655_ITEM_003,ORDER_000004655,PRODUCT_000000111,1,5144.89,5144.89
ORDER_000004656_ITEM_001,ORDER_000004656,PRODUCT_000000060,1,61306.51,61306.51
ORDER_000004656_ITEM_002,ORDER_000004656,PRODUCT_000000448,5,30757.35,153786.75
ORDER_000004656_ITEM_003,ORDER_000004656,PRODUCT_000000425,3,3973.74,11921.22
ORDER_000004657_ITEM_001,ORDER_000004657,PRODUCT_000000468,1,11339.62,11339.62
ORDER_000004657_ITEM_002,ORDER_000004657,PRODUCT_000000492,5,1512.08,7560.40
ORDER_000004657_ITEM_003,ORDER_000004657,PRODUCT_000000494,5,535.49,2677.45
ORDER_000004658_ITEM_001,ORDER_000004658,PRODUCT_000000049,5,194087.22,970436.10
ORDER_000004658_ITEM_002,ORDER_000004658,PRODUCT_000000200,5,22985.98,114929.90
ORDER_000004658_ITEM_003,ORDER_000004658,PRODUCT_000000157,2,1512.91,3025.82
ORDER_000004659_ITEM_001,ORDER_000004659,PRODUCT_000000161,5,684.54,3422.70
ORDER_000004659_ITEM_002,ORDER_000004659,PRODUCT_000000334,1,921.24,921.24
ORDER_000004659_ITEM_003,ORDER_000004659,PRODUCT_000000201,3,92050.96,276152.88
ORDER_000004660_ITEM_001,ORDER_000004660,PRODUCT_000000288,1,105802.00,105802.00
ORDER_000004660_ITEM_002,ORDER_000004660,PRODUCT_000000114,2,140563.09,281126.18
ORDER_000004660_ITEM_003,ORDER_000004660,PRODUCT_000000420,3,33996.43,101989.29
ORDER_000004661_ITEM_001,ORDER_000004661,PRODUCT_000000381,1,80434.33,80434.33
ORDER_000004661_ITEM_002,ORDER_000004661,PRODUCT_000000480,4,4616.48,18465.92
ORDER_000004661_ITEM_003,ORDER_000004661,PRODUCT_000000097,1,29573.36,29573.36
ORDER_000004662_ITEM_001,ORDER_000004662,PRODUCT_000000310,3,14175.81,42527.43
ORDER_000004662_ITEM_002,ORDER_000004662,PRODUCT_000000372,1,55828.82,55828.82
ORDER_000004662_ITEM_003,ORDER_000004662,PRODUCT_000000395,5,606.04,3030.20
ORDER_000004663_ITEM_001,ORDER_000004663,PRODUCT_000000412,2,65524.59,131049.18
ORDER_000004663_ITEM_002,ORDER_000004663,PRODUCT_000000247,3,976.86,2930.58
ORDER_000004663_ITEM_003,ORDER_000004663,PRODUCT_000000198,5,53251.57,266257.85
ORDER_000004664_ITEM_001,ORDER_000004664,PRODUCT_000000035,4,6152.71,24610.84
ORDER_000004664_ITEM_002,ORDER_000004664,PRODUCT_000000195,2,3974.21,7948.42
ORDER_000004664_ITEM_003,ORDER_000004664,PRODUCT_000000047,5,13490.87,67454.35
ORDER_000004665_ITEM_001,ORDER_000004665,PRODUCT_000000205,2,3783.93,7567.86
ORDER_000004665_ITEM_002,ORDER_000004665,PRODUCT_000000238,1,709.92,709.92
ORDER_000004665_ITEM_003,ORDER_000004665,PRODUCT_000000171,4,212543.08,850172.32
ORDER_000004666_ITEM_001,ORDER_000004666,PRODUCT_000000136,4,50895.01,203580.04
ORDER_000004666_ITEM_002,ORDER_000004666,PRODUCT_000000224,1,89554.05,89554.05
ORDER_000004666_ITEM_003,ORDER_000004666,PRODUCT_000000204,1,502.82,502.82
ORDER_000004667_ITEM_001,ORDER_000004667,PRODUCT_000000387,2,22127.64,44255.28
ORDER_000004667_ITEM_002,ORDER_000004667,PRODUCT_000000422,5,76372.72,381863.60
ORDER_000004667_ITEM_003,ORDER_000004667,PRODUCT_000000292,5,16024.87,80124.35
ORDER_000004668_ITEM_001,ORDER_000004668,PRODUCT_000000435,4,66739.12,266956.48
ORDER_000004668_ITEM_002,ORDER_000004668,PRODUCT_000000371,5,7881.87,39409.35
ORDER_000004668_ITEM_003,ORDER_000004668,PRODUCT_000000084,4,69985.17,279940.68
ORDER_000004669_ITEM_001,ORDER_000004669,PRODUCT_000000271,3,7343.39,22030.17
ORDER_000004669_ITEM_002,ORDER_000004669,PRODUCT_000000295,2,38276.02,76552.04
ORDER_000004669_ITEM_003,ORDER_000004669,PRODUCT_000000474,2,690.90,1381.80
ORDER_000004670_ITEM_001,ORDER_000004670,PRODUCT_000000025,5,1480.92,7404.60
ORDER_000004670_ITEM_002,ORDER_000004670,PRODUCT_000000289,3,66663.17,199989.51
ORDER_000004670_ITEM_003,ORDER_000004670,PRODUCT_000000500,1,66111.23,66111.23
ORDER_000004671_ITEM_001,ORDER_000004671,PRODUCT_000000448,5,30757.35,153786.75
ORDER_000004671_ITEM_002,ORDER_000004671,PRODUCT_000000357,2,64399.68,128799.36
ORDER_000004671_ITEM_003,ORDER_000004671,PRODUCT_000000184,4,120740.28,482961.12
ORDER_000004672_ITEM_001,ORDER_000004672,PRODUCT_000000002,3,64148.53,192445.59
ORDER_000004672_ITEM_002,ORDER_000004672,PRODUCT_000000181,4,1727.48,6909.92
ORDER_000004672_ITEM_003,ORDER_000004672,PRODUCT_000000414,2,57878.53,115757.06
ORDER_000004673_ITEM_001,ORDER_000004673,PRODUCT_000000155,1,37803.93,37803.93
ORDER_000004673_ITEM_002,ORDER_000004673,PRODUCT_000000491,1,116914.83,116914.83
ORDER_000004673_ITEM_003,ORDER_000004673,PRODUCT_000000475,3,60287.81,180863.43
ORDER_000004674_ITEM_001,ORDER_000004674,PRODUCT_000000167,5,29972.62,149863.10
ORDER_000004674_ITEM_002,ORDER_000004674,PRODUCT_000000249,4,33792.11,135168.44
ORDER_000004674_ITEM_003,ORDER_000004674,PRODUCT_000000135,4,19292.87,77171.48
ORDER_000004675_ITEM_001,ORDER_000004675,PRODUCT_000000415,5,77825.19,389125.95
ORDER_000004675_ITEM_002,ORDER_000004675,PRODUCT_000000399,2,1168.76,2337.52
ORDER_000004675_ITEM_003,ORDER_000004675,PRODUCT_000000313,1,108316.97,108316.97
ORDER_000004676_ITEM_001,ORDER_000004676,PRODUCT_000000290,3,32348.76,97046.28
ORDER_000004676_ITEM_002,ORDER_000004676,PRODUCT_000000163,2,21213.87,42427.74
ORDER_000004676_ITEM_003,ORDER_000004676,PRODUCT_000000103,2,63093.38,126186.76
ORDER_000004677_ITEM_001,ORDER_000004677,PRODUCT_000000001,1,47526.13,47526.13
ORDER_000004677_ITEM_002,ORDER_000004677,PRODUCT_000000224,5,89554.05,447770.25
ORDER_000004677_ITEM_003,ORDER_000004677,PRODUCT_000000419,1,1633.27,1633.27
ORDER_000004678_ITEM_001,ORDER_000004678,PRODUCT_000000400,1,50864.82,50864.82
ORDER_000004678_ITEM_002,ORDER_000004678,PRODUCT_000000183,4,39378.79,157515.16
ORDER_000004678_ITEM_003,ORDER_000004678,PRODUCT_000000361,5,2902.94,14514.70
ORDER_000004679_ITEM_001,ORDER_000004679,PRODUCT_000000255,2,52583.68,105167.36
ORDER_000004679_ITEM_002,ORDER_000004679,PRODUCT_000000154,2,17743.63,35487.26
ORDER_000004679_ITEM_003,ORDER_000004679,PRODUCT_000000028,5,22480.60,112403.00
ORDER_000004680_ITEM_001,ORDER_000004680,PRODUCT_000000256,3,1724.12,5172.36
ORDER_000004680_ITEM_002,ORDER_000004680,PRODUCT_000000127,1,47505.08,47505.08
ORDER_000004680_ITEM_003,ORDER_000004680,PRODUCT_000000076,5,2000.71,10003.55
ORDER_000004681_ITEM_001,ORDER_000004681,PRODUCT_000000167,3,29972.62,89917.86
ORDER_000004681_ITEM_002,ORDER_000004681,PRODUCT_000000066,1,166045.11,166045.11
ORDER_000004681_ITEM_003,ORDER_000004681,PRODUCT_000000378,5,253.91,1269.55
ORDER_000004682_ITEM_001,ORDER_000004682,PRODUCT_000000053,5,120555.53,602777.65
ORDER_000004682_ITEM_002,ORDER_000004682,PRODUCT_000000497,3,86756.62,260269.86
ORDER_000004682_ITEM_003,ORDER_000004682,PRODUCT_000000454,4,1504.58,6018.32
ORDER_000004683_ITEM_001,ORDER_000004683,PRODUCT_000000186,4,11204.19,44816.76
ORDER_000004683_ITEM_002,ORDER_000004683,PRODUCT_000000320,2,1644.19,3288.38
ORDER_000004683_ITEM_003,ORDER_000004683,PRODUCT_000000228,3,79825.81,239477.43
ORDER_000004684_ITEM_001,ORDER_000004684,PRODUCT_000000237,1,40793.49,40793.49
ORDER_000004684_ITEM_002,ORDER_000004684,PRODUCT_000000130,4,2919.96,11679.84
ORDER_000004684_ITEM_003,ORDER_000004684,PRODUCT_000000321,3,11193.14,33579.42
ORDER_000004685_ITEM_001,ORDER_000004685,PRODUCT_000000016,5,71215.48,356077.40
ORDER_000004685_ITEM_002,ORDER_000004685,PRODUCT_000000098,2,82015.47,164030.94
ORDER_000004685_ITEM_003,ORDER_000004685,PRODUCT_000000123,3,18655.96,55967.88
ORDER_000004686_ITEM_001,ORDER_000004686,PRODUCT_000000018,3,54878.11,164634.33
ORDER_000004686_ITEM_002,ORDER_000004686,PRODUCT_000000204,1,502.82,502.82
ORDER_000004686_ITEM_003,ORDER_000004686,PRODUCT_000000138,4,9019.79,36079.16
ORDER_000004687_ITEM_001,ORDER_000004687,PRODUCT_000000023,1,1295.31,1295.31
ORDER_000004687_ITEM_002,ORDER_000004687,PRODUCT_000000279,5,1444.98,7224.90
ORDER_000004687_ITEM_003,ORDER_000004687,PRODUCT_000000184,5,120740.28,603701.40
ORDER_000004688_ITEM_001,ORDER_000004688,PRODUCT_000000303,1,28560.91,28560.91
ORDER_000004688_ITEM_002,ORDER_000004688,PRODUCT_000000268,5,230.02,1150.10
ORDER_000004688_ITEM_003,ORDER_000004688,PRODUCT_000000232,3,4022.49,12067.47
ORDER_000004689_ITEM_001,ORDER_000004689,PRODUCT_000000296,4,105785.14,423140.56
ORDER_000004689_ITEM_002,ORDER_000004689,PRODUCT_000000472,3,2444.82,7334.46
ORDER_000004689_ITEM_003,ORDER_000004689,PRODUCT_000000485,4,123226.74,492906.96
ORDER_000004690_ITEM_001,ORDER_000004690,PRODUCT_000000069,2,4621.50,9243.00
ORDER_000004690_ITEM_002,ORDER_000004690,PRODUCT_000000476,5,65466.46,327332.30
ORDER_000004690_ITEM_003,ORDER_000004690,PRODUCT_000000387,4,22127.64,88510.56
ORDER_000004691_ITEM_001,ORDER_000004691,PRODUCT_000000040,3,21212.12,63636.36
ORDER_000004691_ITEM_002,ORDER_000004691,PRODUCT_000000115,5,1102.21,5511.05
ORDER_000004691_ITEM_003,ORDER_000004691,PRODUCT_000000411,5,261.77,1308.85
ORDER_000004692_ITEM_001,ORDER_000004692,PRODUCT_000000027,4,122387.75,489551.00
ORDER_000004692_ITEM_002,ORDER_000004692,PRODUCT_000000251,4,1112.09,4448.36
ORDER_000004692_ITEM_003,ORDER_000004692,PRODUCT_000000037,4,28745.87,114983.48
ORDER_000004693_ITEM_001,ORDER_000004693,PRODUCT_000000009,1,51529.17,51529.17
ORDER_000004693_ITEM_002,ORDER_000004693,PRODUCT_000000027,3,122387.75,367163.25
ORDER_000004693_ITEM_003,ORDER_000004693,PRODUCT_000000292,2,16024.87,32049.74
ORDER_000004694_ITEM_001,ORDER_000004694,PRODUCT_000000052,1,175783.69,175783.69
ORDER_000004694_ITEM_002,ORDER_000004694,PRODUCT_000000152,4,1691.46,6765.84
ORDER_000004694_ITEM_003,ORDER_000004694,PRODUCT_000000407,1,71009.01,71009.01
ORDER_000004695_ITEM_001,ORDER_000004695,PRODUCT_000000452,2,66502.26,133004.52
ORDER_000004695_ITEM_002,ORDER_000004695,PRODUCT_000000455,2,5380.81,10761.62
ORDER_000004695_ITEM_003,ORDER_000004695,PRODUCT_000000036,5,49982.53,249912.65
ORDER_000004696_ITEM_001,ORDER_000004696,PRODUCT_000000010,3,2629.61,7888.83
ORDER_000004696_ITEM_002,ORDER_000004696,PRODUCT_000000162,1,12519.41,12519.41
ORDER_000004696_ITEM_003,ORDER_000004696,PRODUCT_000000252,4,18522.97,74091.88
ORDER_000004697_ITEM_001,ORDER_000004697,PRODUCT_000000236,5,1537.45,7687.25
ORDER_000004697_ITEM_002,ORDER_000004697,PRODUCT_000000440,2,4395.21,8790.42
ORDER_000004697_ITEM_003,ORDER_000004697,PRODUCT_000000283,2,4001.25,8002.50
ORDER_000004698_ITEM_001,ORDER_000004698,PRODUCT_000000368,2,9454.76,18909.52
ORDER_000004698_ITEM_002,ORDER_000004698,PRODUCT_000000233,2,2536.45,5072.90
ORDER_000004698_ITEM_003,ORDER_000004698,PRODUCT_000000321,4,11193.14,44772.56
ORDER_000004699_ITEM_001,ORDER_000004699,PRODUCT_000000128,5,10367.22,51836.10
ORDER_000004699_ITEM_002,ORDER_000004699,PRODUCT_000000240,4,8842.70,35370.80
ORDER_000004699_ITEM_003,ORDER_000004699,PRODUCT_000000074,5,75286.95,376434.75
ORDER_000004700_ITEM_001,ORDER_000004700,PRODUCT_000000172,1,4761.64,4761.64
ORDER_000004700_ITEM_002,ORDER_000004700,PRODUCT_000000442,4,50728.25,202913.00
ORDER_000004700_ITEM_003,ORDER_000004700,PRODUCT_000000211,5,11540.41,57702.05
ORDER_000004701_ITEM_001,ORDER_000004701,PRODUCT_000000451,4,557.23,2228.92
ORDER_000004701_ITEM_002,ORDER_000004701,PRODUCT_000000428,4,180920.89,723683.56
ORDER_000004701_ITEM_003,ORDER_000004701,PRODUCT_000000279,4,1444.98,5779.92
ORDER_000004702_ITEM_001,ORDER_000004702,PRODUCT_000000330,4,732.17,2928.68
ORDER_000004702_ITEM_002,ORDER_000004702,PRODUCT_000000426,1,14178.77,14178.77
ORDER_000004702_ITEM_003,ORDER_000004702,PRODUCT_000000449,5,10447.59,52237.95
ORDER_000004703_ITEM_001,ORDER_000004703,PRODUCT_000000012,5,116699.02,583495.10
ORDER_000004703_ITEM_002,ORDER_000004703,PRODUCT_000000458,3,38414.84,115244.52
ORDER_000004703_ITEM_003,ORDER_000004703,PRODUCT_000000196,4,713.24,2852.96
ORDER_000004704_ITEM_001,ORDER_000004704,PRODUCT_000000170,3,2022.45,6067.35
ORDER_000004704_ITEM_002,ORDER_000004704,PRODUCT_000000325,2,4259.98,8519.96
ORDER_000004704_ITEM_003,ORDER_000004704,PRODUCT_000000144,3,1419.24,4257.72
ORDER_000004705_ITEM_001,ORDER_000004705,PRODUCT_000000279,2,1444.98,2889.96
ORDER_000004705_ITEM_002,ORDER_000004705,PRODUCT_000000242,2,2669.01,5338.02
ORDER_000004705_ITEM_003,ORDER_000004705,PRODUCT_000000357,4,64399.68,257598.72
ORDER_000004706_ITEM_001,ORDER_000004706,PRODUCT_000000182,2,906.52,1813.04
ORDER_000004706_ITEM_002,ORDER_000004706,PRODUCT_000000012,1,116699.02,116699.02
ORDER_000004706_ITEM_003,ORDER_000004706,PRODUCT_000000225,3,3256.60,9769.80
ORDER_000004707_ITEM_001,ORDER_000004707,PRODUCT_000000451,5,557.23,2786.15
ORDER_000004707_ITEM_002,ORDER_000004707,PRODUCT_000000101,4,1447.61,5790.44
ORDER_000004707_ITEM_003,ORDER_000004707,PRODUCT_000000326,1,12706.30,12706.30
ORDER_000004708_ITEM_001,ORDER_000004708,PRODUCT_000000493,3,1452.96,4358.88
ORDER_000004708_ITEM_002,ORDER_000004708,PRODUCT_000000211,3,11540.41,34621.23
ORDER_000004708_ITEM_003,ORDER_000004708,PRODUCT_000000017,5,17512.73,87563.65
ORDER_000004709_ITEM_001,ORDER_000004709,PRODUCT_000000092,1,38553.85,38553.85
ORDER_000004709_ITEM_002,ORDER_000004709,PRODUCT_000000402,5,51496.58,257482.90
ORDER_000004709_ITEM_003,ORDER_000004709,PRODUCT_000000312,5,508.37,2541.85
ORDER_000004710_ITEM_001,ORDER_000004710,PRODUCT_000000329,1,9319.38,9319.38
ORDER_000004710_ITEM_002,ORDER_000004710,PRODUCT_000000128,1,10367.22,10367.22
ORDER_000004710_ITEM_003,ORDER_000004710,PRODUCT_000000240,4,8842.70,35370.80
ORDER_000004711_ITEM_001,ORDER_000004711,PRODUCT_000000156,5,17875.07,89375.35
ORDER_000004711_ITEM_002,ORDER_000004711,PRODUCT_000000227,2,51780.80,103561.60
ORDER_000004711_ITEM_003,ORDER_000004711,PRODUCT_000000359,4,31351.97,125407.88
ORDER_000004712_ITEM_001,ORDER_000004712,PRODUCT_000000267,4,451.33,1805.32
ORDER_000004712_ITEM_002,ORDER_000004712,PRODUCT_000000110,5,7868.39,39341.95
ORDER_000004712_ITEM_003,ORDER_000004712,PRODUCT_000000336,4,9981.53,39926.12
ORDER_000004713_ITEM_001,ORDER_000004713,PRODUCT_000000198,4,53251.57,213006.28
ORDER_000004713_ITEM_002,ORDER_000004713,PRODUCT_000000366,2,11041.34,22082.68
ORDER_000004713_ITEM_003,ORDER_000004713,PRODUCT_000000119,2,10653.04,21306.08
ORDER_000004714_ITEM_001,ORDER_000004714,PRODUCT_000000193,5,1656.01,8280.05
ORDER_000004714_ITEM_002,ORDER_000004714,PRODUCT_000000284,5,25462.80,127314.00
ORDER_000004714_ITEM_003,ORDER_000004714,PRODUCT_000000276,5,6006.43,30032.15
ORDER_000004715_ITEM_001,ORDER_000004715,PRODUCT_000000053,2,120555.53,241111.06
ORDER_000004715_ITEM_002,ORDER_000004715,PRODUCT_000000272,5,13222.81,66114.05
ORDER_000004715_ITEM_003,ORDER_000004715,PRODUCT_000000005,3,3906.48,11719.44
ORDER_000004716_ITEM_001,ORDER_000004716,PRODUCT_000000154,2,17743.63,35487.26
ORDER_000004716_ITEM_002,ORDER_000004716,PRODUCT_000000112,3,20260.19,60780.57
ORDER_000004716_ITEM_003,ORDER_000004716,PRODUCT_000000308,4,10454.59,41818.36
ORDER_000004717_ITEM_001,ORDER_000004717,PRODUCT_000000183,4,39378.79,157515.16
ORDER_000004717_ITEM_002,ORDER_000004717,PRODUCT_000000241,2,19528.30,39056.60
ORDER_000004717_ITEM_003,ORDER_000004717,PRODUCT_000000190,1,1821.64,1821.64
ORDER_000004718_ITEM_001,ORDER_000004718,PRODUCT_000000053,3,120555.53,361666.59
ORDER_000004718_ITEM_002,ORDER_000004718,PRODUCT_000000322,3,6422.03,19266.09
ORDER_000004718_ITEM_003,ORDER_000004718,PRODUCT_000000147,2,79052.74,158105.48
ORDER_000004719_ITEM_001,ORDER_000004719,PRODUCT_000000437,2,5692.44,11384.88
ORDER_000004719_ITEM_002,ORDER_000004719,PRODUCT_000000333,4,530.81,2123.24
ORDER_000004719_ITEM_003,ORDER_000004719,PRODUCT_000000122,4,5503.57,22014.28
ORDER_000004720_ITEM_001,ORDER_000004720,PRODUCT_000000045,2,35447.12,70894.24
ORDER_000004720_ITEM_002,ORDER_000004720,PRODUCT_000000119,3,10653.04,31959.12
ORDER_000004720_ITEM_003,ORDER_000004720,PRODUCT_000000219,5,10831.78,54158.90
ORDER_000004721_ITEM_001,ORDER_000004721,PRODUCT_000000272,5,13222.81,66114.05
ORDER_000004721_ITEM_002,ORDER_000004721,PRODUCT_000000351,3,186960.69,560882.07
ORDER_000004721_ITEM_003,ORDER_000004721,PRODUCT_000000036,4,49982.53,199930.12
ORDER_000004722_ITEM_001,ORDER_000004722,PRODUCT_000000281,5,385.35,1926.75
ORDER_000004722_ITEM_002,ORDER_000004722,PRODUCT_000000248,5,6350.16,31750.80
ORDER_000004722_ITEM_003,ORDER_000004722,PRODUCT_000000216,3,189337.30,568011.90
ORDER_000004723_ITEM_001,ORDER_000004723,PRODUCT_000000244,1,13044.75,13044.75
ORDER_000004723_ITEM_002,ORDER_000004723,PRODUCT_000000212,2,10759.26,21518.52
ORDER_000004723_ITEM_003,ORDER_000004723,PRODUCT_000000248,4,6350.16,25400.64
ORDER_000004724_ITEM_001,ORDER_000004724,PRODUCT_000000019,2,6627.77,13255.54
ORDER_000004724_ITEM_002,ORDER_000004724,PRODUCT_000000393,3,2674.57,8023.71
ORDER_000004724_ITEM_003,ORDER_000004724,PRODUCT_000000084,3,69985.17,209955.51
ORDER_000004725_ITEM_001,ORDER_000004725,PRODUCT_000000420,3,33996.43,101989.29
ORDER_000004725_ITEM_002,ORDER_000004725,PRODUCT_000000495,4,111322.66,445290.64
ORDER_000004725_ITEM_003,ORDER_000004725,PRODUCT_000000215,5,5520.21,27601.05
ORDER_000004726_ITEM_001,ORDER_000004726,PRODUCT_000000232,4,4022.49,16089.96
ORDER_000004726_ITEM_002,ORDER_000004726,PRODUCT_000000119,5,10653.04,53265.20
ORDER_000004726_ITEM_003,ORDER_000004726,PRODUCT_000000404,5,2884.96,14424.80
ORDER_000004727_ITEM_001,ORDER_000004727,PRODUCT_000000209,5,4970.11,24850.55
ORDER_000004727_ITEM_002,ORDER_000004727,PRODUCT_000000453,1,179948.29,179948.29
ORDER_000004727_ITEM_003,ORDER_000004727,PRODUCT_000000396,3,32148.93,96446.79
ORDER_000004728_ITEM_001,ORDER_000004728,PRODUCT_000000310,3,14175.81,42527.43
ORDER_000004728_ITEM_002,ORDER_000004728,PRODUCT_000000470,3,1763.05,5289.15
ORDER_000004728_ITEM_003,ORDER_000004728,PRODUCT_000000022,2,3619.59,7239.18
ORDER_000004729_ITEM_001,ORDER_000004729,PRODUCT_000000315,3,1366.86,4100.58
ORDER_000004729_ITEM_002,ORDER_000004729,PRODUCT_000000399,4,1168.76,4675.04
ORDER_000004729_ITEM_003,ORDER_000004729,PRODUCT_000000220,2,5722.11,11444.22
ORDER_000004730_ITEM_001,ORDER_000004730,PRODUCT_000000424,1,6433.07,6433.07
ORDER_000004730_ITEM_002,ORDER_000004730,PRODUCT_000000149,2,500.36,1000.72
ORDER_000004730_ITEM_003,ORDER_000004730,PRODUCT_000000058,1,20181.60,20181.60
ORDER_000004731_ITEM_001,ORDER_000004731,PRODUCT_000000251,1,1112.09,1112.09
ORDER_000004731_ITEM_002,ORDER_000004731,PRODUCT_000000072,5,7200.43,36002.15
ORDER_000004731_ITEM_003,ORDER_000004731,PRODUCT_000000039,2,399.38,798.76
ORDER_000004732_ITEM_001,ORDER_000004732,PRODUCT_000000443,4,1322.46,5289.84
ORDER_000004732_ITEM_002,ORDER_000004732,PRODUCT_000000228,4,79825.81,319303.24
ORDER_000004732_ITEM_003,ORDER_000004732,PRODUCT_000000117,4,186308.09,745232.36
ORDER_000004733_ITEM_001,ORDER_000004733,PRODUCT_000000286,1,18315.20,18315.20
ORDER_000004733_ITEM_002,ORDER_000004733,PRODUCT_000000019,5,6627.77,33138.85
ORDER_000004733_ITEM_003,ORDER_000004733,PRODUCT_000000193,3,1656.01,4968.03
ORDER_000004734_ITEM_001,ORDER_000004734,PRODUCT_000000441,3,38509.69,115529.07
ORDER_000004734_ITEM_002,ORDER_000004734,PRODUCT_000000271,2,7343.39,14686.78
ORDER_000004734_ITEM_003,ORDER_000004734,PRODUCT_000000479,2,436.69,873.38
ORDER_000004735_ITEM_001,ORDER_000004735,PRODUCT_000000274,1,145414.87,145414.87
ORDER_000004735_ITEM_002,ORDER_000004735,PRODUCT_000000407,1,71009.01,71009.01
ORDER_000004735_ITEM_003,ORDER_000004735,PRODUCT_000000100,4,4028.63,16114.52
ORDER_000004736_ITEM_001,ORDER_000004736,PRODUCT_000000473,3,10475.93,31427.79
ORDER_000004736_ITEM_002,ORDER_000004736,PRODUCT_000000288,5,105802.00,529010.00
ORDER_000004736_ITEM_003,ORDER_000004736,PRODUCT_000000401,5,1258.44,6292.20
ORDER_000004737_ITEM_001,ORDER_000004737,PRODUCT_000000306,1,16336.98,16336.98
ORDER_000004737_ITEM_002,ORDER_000004737,PRODUCT_000000020,1,4087.52,4087.52
ORDER_000004737_ITEM_003,ORDER_000004737,PRODUCT_000000247,4,976.86,3907.44
ORDER_000004738_ITEM_001,ORDER_000004738,PRODUCT_000000373,1,1253.40,1253.40
ORDER_000004738_ITEM_002,ORDER_000004738,PRODUCT_000000328,5,95553.61,477768.05
ORDER_000004738_ITEM_003,ORDER_000004738,PRODUCT_000000406,3,130798.44,392395.32
ORDER_000004739_ITEM_001,ORDER_000004739,PRODUCT_000000138,2,9019.79,18039.58
ORDER_000004739_ITEM_002,ORDER_000004739,PRODUCT_000000196,4,713.24,2852.96
ORDER_000004739_ITEM_003,ORDER_000004739,PRODUCT_000000318,4,11683.06,46732.24
ORDER_000004740_ITEM_001,ORDER_000004740,PRODUCT_000000098,3,82015.47,246046.41
ORDER_000004740_ITEM_002,ORDER_000004740,PRODUCT_000000329,5,9319.38,46596.90
ORDER_000004740_ITEM_003,ORDER_000004740,PRODUCT_000000266,4,139987.08,559948.32
ORDER_000004741_ITEM_001,ORDER_000004741,PRODUCT_000000230,5,104957.16,524785.80
ORDER_000004741_ITEM_002,ORDER_000004741,PRODUCT_000000391,2,21049.94,42099.88
ORDER_000004741_ITEM_003,ORDER_000004741,PRODUCT_000000091,4,85829.09,343316.36
ORDER_000004742_ITEM_001,ORDER_000004742,PRODUCT_000000380,1,2099.88,2099.88
ORDER_000004742_ITEM_002,ORDER_000004742,PRODUCT_000000191,4,936.27,3745.08
ORDER_000004742_ITEM_003,ORDER_000004742,PRODUCT_000000187,3,1398.69,4196.07
ORDER_000004743_ITEM_001,ORDER_000004743,PRODUCT_000000162,2,12519.41,25038.82
ORDER_000004743_ITEM_002,ORDER_000004743,PRODUCT_000000315,1,1366.86,1366.86
ORDER_000004743_ITEM_003,ORDER_000004743,PRODUCT_000000258,3,1110.13,3330.39
ORDER_000004744_ITEM_001,ORDER_000004744,PRODUCT_000000365,2,1131.39,2262.78
ORDER_000004744_ITEM_002,ORDER_000004744,PRODUCT_000000020,3,4087.52,12262.56
ORDER_000004744_ITEM_003,ORDER_000004744,PRODUCT_000000141,3,11546.35,34639.05
ORDER_000004745_ITEM_001,ORDER_000004745,PRODUCT_000000415,4,77825.19,311300.76
ORDER_000004745_ITEM_002,ORDER_000004745,PRODUCT_000000125,3,48262.53,144787.59
ORDER_000004745_ITEM_003,ORDER_000004745,PRODUCT_000000147,4,79052.74,316210.96
ORDER_000004746_ITEM_001,ORDER_000004746,PRODUCT_000000044,3,24208.61,72625.83
ORDER_000004746_ITEM_002,ORDER_000004746,PRODUCT_000000399,1,1168.76,1168.76
ORDER_000004746_ITEM_003,ORDER_000004746,PRODUCT_000000069,5,4621.50,23107.50
ORDER_000004747_ITEM_001,ORDER_000004747,PRODUCT_000000483,4,11174.40,44697.60
ORDER_000004747_ITEM_002,ORDER_000004747,PRODUCT_000000331,2,16339.42,32678.84
ORDER_000004747_ITEM_003,ORDER_000004747,PRODUCT_000000309,2,281.12,562.24
ORDER_000004748_ITEM_001,ORDER_000004748,PRODUCT_000000170,2,2022.45,4044.90
ORDER_000004748_ITEM_002,ORDER_000004748,PRODUCT_000000159,4,40197.32,160789.28
ORDER_000004748_ITEM_003,ORDER_000004748,PRODUCT_000000454,1,1504.58,1504.58
ORDER_000004749_ITEM_001,ORDER_000004749,PRODUCT_000000099,3,13369.90,40109.70
ORDER_000004749_ITEM_002,ORDER_000004749,PRODUCT_000000329,2,9319.38,18638.76
ORDER_000004749_ITEM_003,ORDER_000004749,PRODUCT_000000121,3,67658.89,202976.67
ORDER_000004750_ITEM_001,ORDER_000004750,PRODUCT_000000306,2,16336.98,32673.96
ORDER_000004750_ITEM_002,ORDER_000004750,PRODUCT_000000121,3,67658.89,202976.67
ORDER_000004750_ITEM_003,ORDER_000004750,PRODUCT_000000374,1,194612.79,194612.79
ORDER_000004751_ITEM_001,ORDER_000004751,PRODUCT_000000007,2,3112.46,6224.92
ORDER_000004751_ITEM_002,ORDER_000004751,PRODUCT_000000038,5,5864.01,29320.05
ORDER_000004751_ITEM_003,ORDER_000004751,PRODUCT_000000151,3,77780.21,233340.63
ORDER_000004752_ITEM_001,ORDER_000004752,PRODUCT_000000407,5,71009.01,355045.05
ORDER_000004752_ITEM_002,ORDER_000004752,PRODUCT_000000431,5,28619.97,143099.85
ORDER_000004752_ITEM_003,ORDER_000004752,PRODUCT_000000412,3,65524.59,196573.77
ORDER_000004753_ITEM_001,ORDER_000004753,PRODUCT_000000236,2,1537.45,3074.90
ORDER_000004753_ITEM_002,ORDER_000004753,PRODUCT_000000267,5,451.33,2256.65
ORDER_000004753_ITEM_003,ORDER_000004753,PRODUCT_000000362,1,311.22,311.22
ORDER_000004754_ITEM_001,ORDER_000004754,PRODUCT_000000433,1,3121.66,3121.66
ORDER_000004754_ITEM_002,ORDER_000004754,PRODUCT_000000474,2,690.90,1381.80
ORDER_000004754_ITEM_003,ORDER_000004754,PRODUCT_000000344,4,108319.93,433279.72
ORDER_000004755_ITEM_001,ORDER_000004755,PRODUCT_000000095,2,112715.59,225431.18
ORDER_000004755_ITEM_002,ORDER_000004755,PRODUCT_000000017,1,17512.73,17512.73
ORDER_000004755_ITEM_003,ORDER_000004755,PRODUCT_000000282,2,114133.14,228266.28
ORDER_000004756_ITEM_001,ORDER_000004756,PRODUCT_000000239,2,30240.84,60481.68
ORDER_000004756_ITEM_002,ORDER_000004756,PRODUCT_000000121,5,67658.89,338294.45
ORDER_000004756_ITEM_003,ORDER_000004756,PRODUCT_000000015,4,140055.39,560221.56
ORDER_000004757_ITEM_001,ORDER_000004757,PRODUCT_000000237,2,40793.49,81586.98
ORDER_000004757_ITEM_002,ORDER_000004757,PRODUCT_000000415,5,77825.19,389125.95
ORDER_000004757_ITEM_003,ORDER_000004757,PRODUCT_000000170,1,2022.45,2022.45
ORDER_000004758_ITEM_001,ORDER_000004758,PRODUCT_000000024,1,2660.53,2660.53
ORDER_000004758_ITEM_002,ORDER_000004758,PRODUCT_000000052,3,175783.69,527351.07
ORDER_000004758_ITEM_003,ORDER_000004758,PRODUCT_000000261,4,26099.88,104399.52
ORDER_000004759_ITEM_001,ORDER_000004759,PRODUCT_000000069,1,4621.50,4621.50
ORDER_000004759_ITEM_002,ORDER_000004759,PRODUCT_000000452,5,66502.26,332511.30
ORDER_000004759_ITEM_003,ORDER_000004759,PRODUCT_000000176,2,498.75,997.50
ORDER_000004760_ITEM_001,ORDER_000004760,PRODUCT_000000041,2,4860.87,9721.74
ORDER_000004760_ITEM_002,ORDER_000004760,PRODUCT_000000287,3,2545.20,7635.60
ORDER_000004760_ITEM_003,ORDER_000004760,PRODUCT_000000205,2,3783.93,7567.86
ORDER_000004761_ITEM_001,ORDER_000004761,PRODUCT_000000338,4,17766.86,71067.44
ORDER_000004761_ITEM_002,ORDER_000004761,PRODUCT_000000303,3,28560.91,85682.73
ORDER_000004761_ITEM_003,ORDER_000004761,PRODUCT_000000212,5,10759.26,53796.30
ORDER_000004762_ITEM_001,ORDER_000004762,PRODUCT_000000296,2,105785.14,211570.28
ORDER_000004762_ITEM_002,ORDER_000004762,PRODUCT_000000192,2,10837.79,21675.58
ORDER_000004762_ITEM_003,ORDER_000004762,PRODUCT_000000008,4,113431.81,453727.24
ORDER_000004763_ITEM_001,ORDER_000004763,PRODUCT_000000091,1,85829.09,85829.09
ORDER_000004763_ITEM_002,ORDER_000004763,PRODUCT_000000163,5,21213.87,106069.35
ORDER_000004763_ITEM_003,ORDER_000004763,PRODUCT_000000230,5,104957.16,524785.80
ORDER_000004764_ITEM_001,ORDER_000004764,PRODUCT_000000181,5,1727.48,8637.40
ORDER_000004764_ITEM_002,ORDER_000004764,PRODUCT_000000429,2,54612.57,109225.14
ORDER_000004764_ITEM_003,ORDER_000004764,PRODUCT_000000226,4,2585.73,10342.92
ORDER_000004765_ITEM_001,ORDER_000004765,PRODUCT_000000261,4,26099.88,104399.52
ORDER_000004765_ITEM_002,ORDER_000004765,PRODUCT_000000173,1,18158.57,18158.57
ORDER_000004765_ITEM_003,ORDER_000004765,PRODUCT_000000273,2,93376.09,186752.18
ORDER_000004766_ITEM_001,ORDER_000004766,PRODUCT_000000309,2,281.12,562.24
ORDER_000004766_ITEM_002,ORDER_000004766,PRODUCT_000000186,5,11204.19,56020.95
ORDER_000004766_ITEM_003,ORDER_000004766,PRODUCT_000000319,4,52057.41,208229.64
ORDER_000004767_ITEM_001,ORDER_000004767,PRODUCT_000000192,1,10837.79,10837.79
ORDER_000004767_ITEM_002,ORDER_000004767,PRODUCT_000000102,1,81407.93,81407.93
ORDER_000004767_ITEM_003,ORDER_000004767,PRODUCT_000000407,4,71009.01,284036.04
ORDER_000004768_ITEM_001,ORDER_000004768,PRODUCT_000000399,4,1168.76,4675.04
ORDER_000004768_ITEM_002,ORDER_000004768,PRODUCT_000000243,4,14614.47,58457.88
ORDER_000004768_ITEM_003,ORDER_000004768,PRODUCT_000000281,4,385.35,1541.40
ORDER_000004769_ITEM_001,ORDER_000004769,PRODUCT_000000470,1,1763.05,1763.05
ORDER_000004769_ITEM_002,ORDER_000004769,PRODUCT_000000234,2,8118.02,16236.04
ORDER_000004769_ITEM_003,ORDER_000004769,PRODUCT_000000015,4,140055.39,560221.56
ORDER_000004770_ITEM_001,ORDER_000004770,PRODUCT_000000449,3,10447.59,31342.77
ORDER_000004770_ITEM_002,ORDER_000004770,PRODUCT_000000432,1,67458.36,67458.36
ORDER_000004770_ITEM_003,ORDER_000004770,PRODUCT_000000010,3,2629.61,7888.83
ORDER_000004771_ITEM_001,ORDER_000004771,PRODUCT_000000114,4,140563.09,562252.36
ORDER_000004771_ITEM_002,ORDER_000004771,PRODUCT_000000389,3,71784.35,215353.05
ORDER_000004771_ITEM_003,ORDER_000004771,PRODUCT_000000194,5,2124.84,10624.20
ORDER_000004772_ITEM_001,ORDER_000004772,PRODUCT_000000211,2,11540.41,23080.82
ORDER_000004772_ITEM_002,ORDER_000004772,PRODUCT_000000032,3,916.80,2750.40
ORDER_000004772_ITEM_003,ORDER_000004772,PRODUCT_000000460,3,49238.06,147714.18
ORDER_000004773_ITEM_001,ORDER_000004773,PRODUCT_000000274,1,145414.87,145414.87
ORDER_000004773_ITEM_002,ORDER_000004773,PRODUCT_000000468,4,11339.62,45358.48
ORDER_000004773_ITEM_003,ORDER_000004773,PRODUCT_000000260,5,2417.05,12085.25
ORDER_000004774_ITEM_001,ORDER_000004774,PRODUCT_000000068,2,603.83,1207.66
ORDER_000004774_ITEM_002,ORDER_000004774,PRODUCT_000000121,2,67658.89,135317.78
ORDER_000004774_ITEM_003,ORDER_000004774,PRODUCT_000000343,5,62824.31,314121.55
ORDER_000004775_ITEM_001,ORDER_000004775,PRODUCT_000000068,4,603.83,2415.32
ORDER_000004775_ITEM_002,ORDER_000004775,PRODUCT_000000072,4,7200.43,28801.72
ORDER_000004775_ITEM_003,ORDER_000004775,PRODUCT_000000422,3,76372.72,229118.16
ORDER_000004776_ITEM_001,ORDER_000004776,PRODUCT_000000195,3,3974.21,11922.63
ORDER_000004776_ITEM_002,ORDER_000004776,PRODUCT_000000180,4,131161.69,524646.76
ORDER_000004776_ITEM_003,ORDER_000004776,PRODUCT_000000089,4,7426.76,29707.04
ORDER_000004777_ITEM_001,ORDER_000004777,PRODUCT_000000485,3,123226.74,369680.22
ORDER_000004777_ITEM_002,ORDER_000004777,PRODUCT_000000050,1,191762.22,191762.22
ORDER_000004777_ITEM_003,ORDER_000004777,PRODUCT_000000400,1,50864.82,50864.82
ORDER_000004778_ITEM_001,ORDER_000004778,PRODUCT_000000394,2,1417.36,2834.72
ORDER_000004778_ITEM_002,ORDER_000004778,PRODUCT_000000249,4,33792.11,135168.44
ORDER_000004778_ITEM_003,ORDER_000004778,PRODUCT_000000238,1,709.92,709.92
ORDER_000004779_ITEM_001,ORDER_000004779,PRODUCT_000000363,2,1679.27,3358.54
ORDER_000004779_ITEM_002,ORDER_000004779,PRODUCT_000000012,1,116699.02,116699.02
ORDER_000004779_ITEM_003,ORDER_000004779,PRODUCT_000000230,2,104957.16,209914.32
ORDER_000004780_ITEM_001,ORDER_000004780,PRODUCT_000000117,5,186308.09,931540.45
ORDER_000004780_ITEM_002,ORDER_000004780,PRODUCT_000000205,1,3783.93,3783.93
ORDER_000004780_ITEM_003,ORDER_000004780,PRODUCT_000000315,2,1366.86,2733.72
ORDER_000004781_ITEM_001,ORDER_000004781,PRODUCT_000000141,5,11546.35,57731.75
ORDER_000004781_ITEM_002,ORDER_000004781,PRODUCT_000000124,4,2352.93,9411.72
ORDER_000004781_ITEM_003,ORDER_000004781,PRODUCT_000000201,5,92050.96,460254.80
ORDER_000004782_ITEM_001,ORDER_000004782,PRODUCT_000000471,5,26176.74,130883.70
ORDER_000004782_ITEM_002,ORDER_000004782,PRODUCT_000000086,3,8488.74,25466.22
ORDER_000004782_ITEM_003,ORDER_000004782,PRODUCT_000000155,3,37803.93,113411.79
ORDER_000004783_ITEM_001,ORDER_000004783,PRODUCT_000000016,5,71215.48,356077.40
ORDER_000004783_ITEM_002,ORDER_000004783,PRODUCT_000000195,3,3974.21,11922.63
ORDER_000004783_ITEM_003,ORDER_000004783,PRODUCT_000000025,1,1480.92,1480.92
ORDER_000004784_ITEM_001,ORDER_000004784,PRODUCT_000000067,1,14987.74,14987.74
ORDER_000004784_ITEM_002,ORDER_000004784,PRODUCT_000000185,3,30648.96,91946.88
ORDER_000004784_ITEM_003,ORDER_000004784,PRODUCT_000000457,3,20677.50,62032.50
ORDER_000004785_ITEM_001,ORDER_000004785,PRODUCT_000000431,5,28619.97,143099.85
ORDER_000004785_ITEM_002,ORDER_000004785,PRODUCT_000000240,3,8842.70,26528.10
ORDER_000004785_ITEM_003,ORDER_000004785,PRODUCT_000000462,4,87564.19,350256.76
ORDER_000004786_ITEM_001,ORDER_000004786,PRODUCT_000000070,5,82897.23,414486.15
ORDER_000004786_ITEM_002,ORDER_000004786,PRODUCT_000000143,5,71000.26,355001.30
ORDER_000004786_ITEM_003,ORDER_000004786,PRODUCT_000000141,5,11546.35,57731.75
ORDER_000004787_ITEM_001,ORDER_000004787,PRODUCT_000000466,4,7087.91,28351.64
ORDER_000004787_ITEM_002,ORDER_000004787,PRODUCT_000000430,5,56850.26,284251.30
ORDER_000004787_ITEM_003,ORDER_000004787,PRODUCT_000000156,1,17875.07,17875.07
ORDER_000004788_ITEM_001,ORDER_000004788,PRODUCT_000000147,2,79052.74,158105.48
ORDER_000004788_ITEM_002,ORDER_000004788,PRODUCT_000000416,4,2364.84,9459.36
ORDER_000004788_ITEM_003,ORDER_000004788,PRODUCT_000000293,1,68391.63,68391.63
ORDER_000004789_ITEM_001,ORDER_000004789,PRODUCT_000000214,4,37438.96,149755.84
ORDER_000004789_ITEM_002,ORDER_000004789,PRODUCT_000000001,2,47526.13,95052.26
ORDER_000004789_ITEM_003,ORDER_000004789,PRODUCT_000000471,3,26176.74,78530.22
ORDER_000004790_ITEM_001,ORDER_000004790,PRODUCT_000000352,4,17207.18,68828.72
ORDER_000004790_ITEM_002,ORDER_000004790,PRODUCT_000000203,4,131189.59,524758.36
ORDER_000004790_ITEM_003,ORDER_000004790,PRODUCT_000000126,1,23808.94,23808.94
ORDER_000004791_ITEM_001,ORDER_000004791,PRODUCT_000000329,1,9319.38,9319.38
ORDER_000004791_ITEM_002,ORDER_000004791,PRODUCT_000000382,4,36449.53,145798.12
ORDER_000004791_ITEM_003,ORDER_000004791,PRODUCT_000000406,1,130798.44,130798.44
ORDER_000004792_ITEM_001,ORDER_000004792,PRODUCT_000000125,3,48262.53,144787.59
ORDER_000004792_ITEM_002,ORDER_000004792,PRODUCT_000000438,3,40311.65,120934.95
ORDER_000004792_ITEM_003,ORDER_000004792,PRODUCT_000000482,1,1961.27,1961.27
ORDER_000004793_ITEM_001,ORDER_000004793,PRODUCT_000000219,2,10831.78,21663.56
ORDER_000004793_ITEM_002,ORDER_000004793,PRODUCT_000000380,3,2099.88,6299.64
ORDER_000004793_ITEM_003,ORDER_000004793,PRODUCT_000000161,4,684.54,2738.16
ORDER_000004794_ITEM_001,ORDER_000004794,PRODUCT_000000393,4,2674.57,10698.28
ORDER_000004794_ITEM_002,ORDER_000004794,PRODUCT_000000154,1,17743.63,17743.63
ORDER_000004794_ITEM_003,ORDER_000004794,PRODUCT_000000029,4,2844.42,11377.68
ORDER_000004795_ITEM_001,ORDER_000004795,PRODUCT_000000210,1,961.15,961.15
ORDER_000004795_ITEM_002,ORDER_000004795,PRODUCT_000000215,4,5520.21,22080.84
ORDER_000004795_ITEM_003,ORDER_000004795,PRODUCT_000000114,4,140563.09,562252.36
ORDER_000004796_ITEM_001,ORDER_000004796,PRODUCT_000000107,5,835.56,4177.80
ORDER_000004796_ITEM_002,ORDER_000004796,PRODUCT_000000143,2,71000.26,142000.52
ORDER_000004796_ITEM_003,ORDER_000004796,PRODUCT_000000038,1,5864.01,5864.01
ORDER_000004797_ITEM_001,ORDER_000004797,PRODUCT_000000423,5,2075.71,10378.55
ORDER_000004797_ITEM_002,ORDER_000004797,PRODUCT_000000095,3,112715.59,338146.77
ORDER_000004797_ITEM_003,ORDER_000004797,PRODUCT_000000224,2,89554.05,179108.10
ORDER_000004798_ITEM_001,ORDER_000004798,PRODUCT_000000347,3,424.29,1272.87
ORDER_000004798_ITEM_002,ORDER_000004798,PRODUCT_000000384,2,1879.95,3759.90
ORDER_000004798_ITEM_003,ORDER_000004798,PRODUCT_000000094,5,159079.65,795398.25
ORDER_000004799_ITEM_001,ORDER_000004799,PRODUCT_000000359,2,31351.97,62703.94
ORDER_000004799_ITEM_002,ORDER_000004799,PRODUCT_000000496,1,970.45,970.45
ORDER_000004799_ITEM_003,ORDER_000004799,PRODUCT_000000038,3,5864.01,17592.03
ORDER_000004800_ITEM_001,ORDER_000004800,PRODUCT_000000498,3,2542.71,7628.13
ORDER_000004800_ITEM_002,ORDER_000004800,PRODUCT_000000025,4,1480.92,5923.68
ORDER_000004800_ITEM_003,ORDER_000004800,PRODUCT_000000099,3,13369.90,40109.70
ORDER_000004801_ITEM_001,ORDER_000004801,PRODUCT_000000398,2,5027.03,10054.06
ORDER_000004801_ITEM_002,ORDER_000004801,PRODUCT_000000429,3,54612.57,163837.71
ORDER_000004801_ITEM_003,ORDER_000004801,PRODUCT_000000266,4,139987.08,559948.32
ORDER_000004802_ITEM_001,ORDER_000004802,PRODUCT_000000441,5,38509.69,192548.45
ORDER_000004802_ITEM_002,ORDER_000004802,PRODUCT_000000017,4,17512.73,70050.92
ORDER_000004802_ITEM_003,ORDER_000004802,PRODUCT_000000358,3,459.97,1379.91
ORDER_000004803_ITEM_001,ORDER_000004803,PRODUCT_000000249,3,33792.11,101376.33
ORDER_000004803_ITEM_002,ORDER_000004803,PRODUCT_000000038,2,5864.01,11728.02
ORDER_000004803_ITEM_003,ORDER_000004803,PRODUCT_000000176,2,498.75,997.50
ORDER_000004804_ITEM_001,ORDER_000004804,PRODUCT_000000256,3,1724.12,5172.36
ORDER_000004804_ITEM_002,ORDER_000004804,PRODUCT_000000041,2,4860.87,9721.74
ORDER_000004804_ITEM_003,ORDER_000004804,PRODUCT_000000126,4,23808.94,95235.76
ORDER_000004805_ITEM_001,ORDER_000004805,PRODUCT_000000143,5,71000.26,355001.30
ORDER_000004805_ITEM_002,ORDER_000004805,PRODUCT_000000315,4,1366.86,5467.44
ORDER_000004805_ITEM_003,ORDER_000004805,PRODUCT_000000468,5,11339.62,56698.10
ORDER_000004806_ITEM_001,ORDER_000004806,PRODUCT_000000090,1,727.26,727.26
ORDER_000004806_ITEM_002,ORDER_000004806,PRODUCT_000000263,3,114743.85,344231.55
ORDER_000004806_ITEM_003,ORDER_000004806,PRODUCT_000000018,2,54878.11,109756.22
ORDER_000004807_ITEM_001,ORDER_000004807,PRODUCT_000000223,4,3175.58,12702.32
ORDER_000004807_ITEM_002,ORDER_000004807,PRODUCT_000000340,5,46977.00,234885.00
ORDER_000004807_ITEM_003,ORDER_000004807,PRODUCT_000000410,1,6005.71,6005.71
ORDER_000004808_ITEM_001,ORDER_000004808,PRODUCT_000000212,4,10759.26,43037.04
ORDER_000004808_ITEM_002,ORDER_000004808,PRODUCT_000000101,5,1447.61,7238.05
ORDER_000004808_ITEM_003,ORDER_000004808,PRODUCT_000000341,1,80395.16,80395.16
ORDER_000004809_ITEM_001,ORDER_000004809,PRODUCT_000000335,1,7748.73,7748.73
ORDER_000004809_ITEM_002,ORDER_000004809,PRODUCT_000000274,5,145414.87,727074.35
ORDER_000004809_ITEM_003,ORDER_000004809,PRODUCT_000000200,2,22985.98,45971.96
ORDER_000004810_ITEM_001,ORDER_000004810,PRODUCT_000000032,2,916.80,1833.60
ORDER_000004810_ITEM_002,ORDER_000004810,PRODUCT_000000139,3,955.15,2865.45
ORDER_000004810_ITEM_003,ORDER_000004810,PRODUCT_000000146,4,1443.25,5773.00
ORDER_000004811_ITEM_001,ORDER_000004811,PRODUCT_000000483,1,11174.40,11174.40
ORDER_000004811_ITEM_002,ORDER_000004811,PRODUCT_000000163,4,21213.87,84855.48
ORDER_000004811_ITEM_003,ORDER_000004811,PRODUCT_000000261,1,26099.88,26099.88
ORDER_000004812_ITEM_001,ORDER_000004812,PRODUCT_000000222,2,26935.38,53870.76
ORDER_000004812_ITEM_002,ORDER_000004812,PRODUCT_000000029,4,2844.42,11377.68
ORDER_000004812_ITEM_003,ORDER_000004812,PRODUCT_000000034,1,3282.53,3282.53
ORDER_000004813_ITEM_001,ORDER_000004813,PRODUCT_000000495,1,111322.66,111322.66
ORDER_000004813_ITEM_002,ORDER_000004813,PRODUCT_000000371,1,7881.87,7881.87
ORDER_000004813_ITEM_003,ORDER_000004813,PRODUCT_000000055,3,77397.64,232192.92
ORDER_000004814_ITEM_001,ORDER_000004814,PRODUCT_000000103,4,63093.38,252373.52
ORDER_000004814_ITEM_002,ORDER_000004814,PRODUCT_000000302,1,3481.66,3481.66
ORDER_000004814_ITEM_003,ORDER_000004814,PRODUCT_000000157,1,1512.91,1512.91
ORDER_000004815_ITEM_001,ORDER_000004815,PRODUCT_000000469,3,4611.19,13833.57
ORDER_000004815_ITEM_002,ORDER_000004815,PRODUCT_000000262,5,34449.06,172245.30
ORDER_000004815_ITEM_003,ORDER_000004815,PRODUCT_000000321,1,11193.14,11193.14
ORDER_000004816_ITEM_001,ORDER_000004816,PRODUCT_000000024,4,2660.53,10642.12
ORDER_000004816_ITEM_002,ORDER_000004816,PRODUCT_000000385,1,2562.52,2562.52
ORDER_000004816_ITEM_003,ORDER_000004816,PRODUCT_000000247,4,976.86,3907.44
ORDER_000004817_ITEM_001,ORDER_000004817,PRODUCT_000000156,4,17875.07,71500.28
ORDER_000004817_ITEM_002,ORDER_000004817,PRODUCT_000000105,4,630.25,2521.00
ORDER_000004817_ITEM_003,ORDER_000004817,PRODUCT_000000038,3,5864.01,17592.03
ORDER_000004818_ITEM_001,ORDER_000004818,PRODUCT_000000352,2,17207.18,34414.36
ORDER_000004818_ITEM_002,ORDER_000004818,PRODUCT_000000125,2,48262.53,96525.06
ORDER_000004818_ITEM_003,ORDER_000004818,PRODUCT_000000175,3,40112.08,120336.24
ORDER_000004819_ITEM_001,ORDER_000004819,PRODUCT_000000358,2,459.97,919.94
ORDER_000004819_ITEM_002,ORDER_000004819,PRODUCT_000000472,1,2444.82,2444.82
ORDER_000004819_ITEM_003,ORDER_000004819,PRODUCT_000000307,3,8253.54,24760.62
ORDER_000004820_ITEM_001,ORDER_000004820,PRODUCT_000000417,2,2286.08,4572.16
ORDER_000004820_ITEM_002,ORDER_000004820,PRODUCT_000000214,2,37438.96,74877.92
ORDER_000004820_ITEM_003,ORDER_000004820,PRODUCT_000000175,5,40112.08,200560.40
ORDER_000004821_ITEM_001,ORDER_000004821,PRODUCT_000000273,1,93376.09,93376.09
ORDER_000004821_ITEM_002,ORDER_000004821,PRODUCT_000000354,2,8755.37,17510.74
ORDER_000004821_ITEM_003,ORDER_000004821,PRODUCT_000000180,5,131161.69,655808.45
ORDER_000004822_ITEM_001,ORDER_000004822,PRODUCT_000000130,1,2919.96,2919.96
ORDER_000004822_ITEM_002,ORDER_000004822,PRODUCT_000000071,5,27899.72,139498.60
ORDER_000004822_ITEM_003,ORDER_000004822,PRODUCT_000000299,2,109951.12,219902.24
ORDER_000004823_ITEM_001,ORDER_000004823,PRODUCT_000000043,1,143690.78,143690.78
ORDER_000004823_ITEM_002,ORDER_000004823,PRODUCT_000000143,4,71000.26,284001.04
ORDER_000004823_ITEM_003,ORDER_000004823,PRODUCT_000000178,5,11187.40,55937.00
ORDER_000004824_ITEM_001,ORDER_000004824,PRODUCT_000000249,5,33792.11,168960.55
ORDER_000004824_ITEM_002,ORDER_000004824,PRODUCT_000000278,3,2383.85,7151.55
ORDER_000004824_ITEM_003,ORDER_000004824,PRODUCT_000000443,5,1322.46,6612.30
ORDER_000004825_ITEM_001,ORDER_000004825,PRODUCT_000000434,1,1900.67,1900.67
ORDER_000004825_ITEM_002,ORDER_000004825,PRODUCT_000000186,3,11204.19,33612.57
ORDER_000004825_ITEM_003,ORDER_000004825,PRODUCT_000000470,3,1763.05,5289.15
ORDER_000004826_ITEM_001,ORDER_000004826,PRODUCT_000000268,3,230.02,690.06
ORDER_000004826_ITEM_002,ORDER_000004826,PRODUCT_000000033,4,84979.83,339919.32
ORDER_000004826_ITEM_003,ORDER_000004826,PRODUCT_000000447,2,5903.88,11807.76
ORDER_000004827_ITEM_001,ORDER_000004827,PRODUCT_000000144,2,1419.24,2838.48
ORDER_000004827_ITEM_002,ORDER_000004827,PRODUCT_000000040,4,21212.12,84848.48
ORDER_000004827_ITEM_003,ORDER_000004827,PRODUCT_000000449,1,10447.59,10447.59
ORDER_000004828_ITEM_001,ORDER_000004828,PRODUCT_000000250,1,74845.58,74845.58
ORDER_000004828_ITEM_002,ORDER_000004828,PRODUCT_000000199,5,48433.40,242167.00
ORDER_000004828_ITEM_003,ORDER_000004828,PRODUCT_000000305,4,2574.22,10296.88
ORDER_000004829_ITEM_001,ORDER_000004829,PRODUCT_000000480,4,4616.48,18465.92
ORDER_000004829_ITEM_002,ORDER_000004829,PRODUCT_000000449,5,10447.59,52237.95
ORDER_000004829_ITEM_003,ORDER_000004829,PRODUCT_000000272,3,13222.81,39668.43
ORDER_000004830_ITEM_001,ORDER_000004830,PRODUCT_000000130,4,2919.96,11679.84
ORDER_000004830_ITEM_002,ORDER_000004830,PRODUCT_000000286,3,18315.20,54945.60
ORDER_000004830_ITEM_003,ORDER_000004830,PRODUCT_000000303,3,28560.91,85682.73
ORDER_000004831_ITEM_001,ORDER_000004831,PRODUCT_000000359,1,31351.97,31351.97
ORDER_000004831_ITEM_002,ORDER_000004831,PRODUCT_000000440,5,4395.21,21976.05
ORDER_000004831_ITEM_003,ORDER_000004831,PRODUCT_000000231,1,15947.02,15947.02
ORDER_000004832_ITEM_001,ORDER_000004832,PRODUCT_000000239,4,30240.84,120963.36
ORDER_000004832_ITEM_002,ORDER_000004832,PRODUCT_000000369,5,1041.90,5209.50
ORDER_000004832_ITEM_003,ORDER_000004832,PRODUCT_000000003,2,166254.56,332509.12
ORDER_000004833_ITEM_001,ORDER_000004833,PRODUCT_000000494,5,535.49,2677.45
ORDER_000004833_ITEM_002,ORDER_000004833,PRODUCT_000000430,2,56850.26,113700.52
ORDER_000004833_ITEM_003,ORDER_000004833,PRODUCT_000000401,2,1258.44,2516.88
ORDER_000004834_ITEM_001,ORDER_000004834,PRODUCT_000000012,4,116699.02,466796.08
ORDER_000004834_ITEM_002,ORDER_000004834,PRODUCT_000000408,3,291.08,873.24
ORDER_000004834_ITEM_003,ORDER_000004834,PRODUCT_000000236,2,1537.45,3074.90
ORDER_000004835_ITEM_001,ORDER_000004835,PRODUCT_000000192,2,10837.79,21675.58
ORDER_000004835_ITEM_002,ORDER_000004835,PRODUCT_000000346,3,90006.80,270020.40
ORDER_000004835_ITEM_003,ORDER_000004835,PRODUCT_000000391,5,21049.94,105249.70
ORDER_000004836_ITEM_001,ORDER_000004836,PRODUCT_000000449,4,10447.59,41790.36
ORDER_000004836_ITEM_002,ORDER_000004836,PRODUCT_000000163,3,21213.87,63641.61
ORDER_000004836_ITEM_003,ORDER_000004836,PRODUCT_000000398,3,5027.03,15081.09
ORDER_000004837_ITEM_001,ORDER_000004837,PRODUCT_000000406,5,130798.44,653992.20
ORDER_000004837_ITEM_002,ORDER_000004837,PRODUCT_000000467,5,89885.32,449426.60
ORDER_000004837_ITEM_003,ORDER_000004837,PRODUCT_000000495,4,111322.66,445290.64
ORDER_000004838_ITEM_001,ORDER_000004838,PRODUCT_000000327,4,10245.94,40983.76
ORDER_000004838_ITEM_002,ORDER_000004838,PRODUCT_000000364,2,87653.60,175307.20
ORDER_000004838_ITEM_003,ORDER_000004838,PRODUCT_000000440,1,4395.21,4395.21
ORDER_000004839_ITEM_001,ORDER_000004839,PRODUCT_000000286,2,18315.20,36630.40
ORDER_000004839_ITEM_002,ORDER_000004839,PRODUCT_000000407,3,71009.01,213027.03
ORDER_000004839_ITEM_003,ORDER_000004839,PRODUCT_000000495,3,111322.66,333967.98
ORDER_000004840_ITEM_001,ORDER_000004840,PRODUCT_000000351,3,186960.69,560882.07
ORDER_000004840_ITEM_002,ORDER_000004840,PRODUCT_000000402,2,51496.58,102993.16
ORDER_000004840_ITEM_003,ORDER_000004840,PRODUCT_000000069,2,4621.50,9243.00
ORDER_000004841_ITEM_001,ORDER_000004841,PRODUCT_000000005,1,3906.48,3906.48
ORDER_000004841_ITEM_002,ORDER_000004841,PRODUCT_000000353,2,761.53,1523.06
ORDER_000004841_ITEM_003,ORDER_000004841,PRODUCT_000000019,2,6627.77,13255.54
ORDER_000004842_ITEM_001,ORDER_000004842,PRODUCT_000000158,1,21685.09,21685.09
ORDER_000004842_ITEM_002,ORDER_000004842,PRODUCT_000000059,4,96024.22,384096.88
ORDER_000004842_ITEM_003,ORDER_000004842,PRODUCT_000000489,4,65761.05,263044.20
ORDER_000004843_ITEM_001,ORDER_000004843,PRODUCT_000000013,4,85341.86,341367.44
ORDER_000004843_ITEM_002,ORDER_000004843,PRODUCT_000000310,2,14175.81,28351.62
ORDER_000004843_ITEM_003,ORDER_000004843,PRODUCT_000000476,5,65466.46,327332.30
ORDER_000004844_ITEM_001,ORDER_000004844,PRODUCT_000000287,1,2545.20,2545.20
ORDER_000004844_ITEM_002,ORDER_000004844,PRODUCT_000000278,1,2383.85,2383.85
ORDER_000004844_ITEM_003,ORDER_000004844,PRODUCT_000000360,4,102821.06,411284.24
ORDER_000004845_ITEM_001,ORDER_000004845,PRODUCT_000000055,5,77397.64,386988.20
ORDER_000004845_ITEM_002,ORDER_000004845,PRODUCT_000000015,3,140055.39,420166.17
ORDER_000004845_ITEM_003,ORDER_000004845,PRODUCT_000000199,4,48433.40,193733.60
ORDER_000004846_ITEM_001,ORDER_000004846,PRODUCT_000000471,5,26176.74,130883.70
ORDER_000004846_ITEM_002,ORDER_000004846,PRODUCT_000000268,4,230.02,920.08
ORDER_000004846_ITEM_003,ORDER_000004846,PRODUCT_000000445,2,957.74,1915.48
ORDER_000004847_ITEM_001,ORDER_000004847,PRODUCT_000000477,4,130157.67,520630.68
ORDER_000004847_ITEM_002,ORDER_000004847,PRODUCT_000000468,1,11339.62,11339.62
ORDER_000004847_ITEM_003,ORDER_000004847,PRODUCT_000000324,3,58960.31,176880.93
ORDER_000004848_ITEM_001,ORDER_000004848,PRODUCT_000000108,3,3286.97,9860.91
ORDER_000004848_ITEM_002,ORDER_000004848,PRODUCT_000000191,4,936.27,3745.08
ORDER_000004848_ITEM_003,ORDER_000004848,PRODUCT_000000014,1,31645.32,31645.32
ORDER_000004849_ITEM_001,ORDER_000004849,PRODUCT_000000013,4,85341.86,341367.44
ORDER_000004849_ITEM_002,ORDER_000004849,PRODUCT_000000240,5,8842.70,44213.50
ORDER_000004849_ITEM_003,ORDER_000004849,PRODUCT_000000082,2,904.37,1808.74
ORDER_000004850_ITEM_001,ORDER_000004850,PRODUCT_000000444,3,3373.26,10119.78
ORDER_000004850_ITEM_002,ORDER_000004850,PRODUCT_000000496,2,970.45,1940.90
ORDER_000004850_ITEM_003,ORDER_000004850,PRODUCT_000000126,5,23808.94,119044.70
ORDER_000004851_ITEM_001,ORDER_000004851,PRODUCT_000000397,4,2067.45,8269.80
ORDER_000004851_ITEM_002,ORDER_000004851,PRODUCT_000000160,1,243.20,243.20
ORDER_000004851_ITEM_003,ORDER_000004851,PRODUCT_000000007,4,3112.46,12449.84
ORDER_000004852_ITEM_001,ORDER_000004852,PRODUCT_000000221,5,4631.09,23155.45
ORDER_000004852_ITEM_002,ORDER_000004852,PRODUCT_000000095,3,112715.59,338146.77
ORDER_000004852_ITEM_003,ORDER_000004852,PRODUCT_000000485,5,123226.74,616133.70
ORDER_000004853_ITEM_001,ORDER_000004853,PRODUCT_000000153,3,1314.83,3944.49
ORDER_000004853_ITEM_002,ORDER_000004853,PRODUCT_000000258,1,1110.13,1110.13
ORDER_000004853_ITEM_003,ORDER_000004853,PRODUCT_000000321,3,11193.14,33579.42
ORDER_000004854_ITEM_001,ORDER_000004854,PRODUCT_000000138,5,9019.79,45098.95
ORDER_000004854_ITEM_002,ORDER_000004854,PRODUCT_000000096,1,1255.12,1255.12
ORDER_000004854_ITEM_003,ORDER_000004854,PRODUCT_000000485,3,123226.74,369680.22
ORDER_000004855_ITEM_001,ORDER_000004855,PRODUCT_000000138,3,9019.79,27059.37
ORDER_000004855_ITEM_002,ORDER_000004855,PRODUCT_000000428,2,180920.89,361841.78
ORDER_000004855_ITEM_003,ORDER_000004855,PRODUCT_000000393,1,2674.57,2674.57
ORDER_000004856_ITEM_001,ORDER_000004856,PRODUCT_000000059,3,96024.22,288072.66
ORDER_000004856_ITEM_002,ORDER_000004856,PRODUCT_000000319,3,52057.41,156172.23
ORDER_000004856_ITEM_003,ORDER_000004856,PRODUCT_000000191,4,936.27,3745.08
ORDER_000004857_ITEM_001,ORDER_000004857,PRODUCT_000000120,1,73826.11,73826.11
ORDER_000004857_ITEM_002,ORDER_000004857,PRODUCT_000000467,5,89885.32,449426.60
ORDER_000004857_ITEM_003,ORDER_000004857,PRODUCT_000000406,4,130798.44,523193.76
ORDER_000004858_ITEM_001,ORDER_000004858,PRODUCT_000000130,5,2919.96,14599.80
ORDER_000004858_ITEM_002,ORDER_000004858,PRODUCT_000000344,4,108319.93,433279.72
ORDER_000004858_ITEM_003,ORDER_000004858,PRODUCT_000000100,1,4028.63,4028.63
ORDER_000004859_ITEM_001,ORDER_000004859,PRODUCT_000000474,2,690.90,1381.80
ORDER_000004859_ITEM_002,ORDER_000004859,PRODUCT_000000161,1,684.54,684.54
ORDER_000004859_ITEM_003,ORDER_000004859,PRODUCT_000000124,1,2352.93,2352.93
ORDER_000004860_ITEM_001,ORDER_000004860,PRODUCT_000000150,1,97514.34,97514.34
ORDER_000004860_ITEM_002,ORDER_000004860,PRODUCT_000000178,1,11187.40,11187.40
ORDER_000004860_ITEM_003,ORDER_000004860,PRODUCT_000000427,2,820.10,1640.20
ORDER_000004861_ITEM_001,ORDER_000004861,PRODUCT_000000248,3,6350.16,19050.48
ORDER_000004861_ITEM_002,ORDER_000004861,PRODUCT_000000385,1,2562.52,2562.52
ORDER_000004861_ITEM_003,ORDER_000004861,PRODUCT_000000464,5,46076.82,230384.10
ORDER_000004862_ITEM_001,ORDER_000004862,PRODUCT_000000365,5,1131.39,5656.95
ORDER_000004862_ITEM_002,ORDER_000004862,PRODUCT_000000085,5,95727.09,478635.45
ORDER_000004862_ITEM_003,ORDER_000004862,PRODUCT_000000203,2,131189.59,262379.18
ORDER_000004863_ITEM_001,ORDER_000004863,PRODUCT_000000127,4,47505.08,190020.32
ORDER_000004863_ITEM_002,ORDER_000004863,PRODUCT_000000338,3,17766.86,53300.58
ORDER_000004863_ITEM_003,ORDER_000004863,PRODUCT_000000199,5,48433.40,242167.00
ORDER_000004864_ITEM_001,ORDER_000004864,PRODUCT_000000247,2,976.86,1953.72
ORDER_000004864_ITEM_002,ORDER_000004864,PRODUCT_000000253,2,1399.91,2799.82
ORDER_000004864_ITEM_003,ORDER_000004864,PRODUCT_000000084,2,69985.17,139970.34
ORDER_000004865_ITEM_001,ORDER_000004865,PRODUCT_000000005,4,3906.48,15625.92
ORDER_000004865_ITEM_002,ORDER_000004865,PRODUCT_000000144,2,1419.24,2838.48
ORDER_000004865_ITEM_003,ORDER_000004865,PRODUCT_000000066,1,166045.11,166045.11
ORDER_000004866_ITEM_001,ORDER_000004866,PRODUCT_000000297,1,6305.72,6305.72
ORDER_000004866_ITEM_002,ORDER_000004866,PRODUCT_000000397,4,2067.45,8269.80
ORDER_000004866_ITEM_003,ORDER_000004866,PRODUCT_000000127,1,47505.08,47505.08
ORDER_000004867_ITEM_001,ORDER_000004867,PRODUCT_000000323,2,111157.95,222315.90
ORDER_000004867_ITEM_002,ORDER_000004867,PRODUCT_000000162,2,12519.41,25038.82
ORDER_000004867_ITEM_003,ORDER_000004867,PRODUCT_000000331,1,16339.42,16339.42
ORDER_000004868_ITEM_001,ORDER_000004868,PRODUCT_000000299,5,109951.12,549755.60
ORDER_000004868_ITEM_002,ORDER_000004868,PRODUCT_000000062,1,5183.35,5183.35
ORDER_000004868_ITEM_003,ORDER_000004868,PRODUCT_000000027,5,122387.75,611938.75
ORDER_000004869_ITEM_001,ORDER_000004869,PRODUCT_000000448,5,30757.35,153786.75
ORDER_000004869_ITEM_002,ORDER_000004869,PRODUCT_000000266,2,139987.08,279974.16
ORDER_000004869_ITEM_003,ORDER_000004869,PRODUCT_000000134,1,2948.45,2948.45
ORDER_000004870_ITEM_001,ORDER_000004870,PRODUCT_000000117,1,186308.09,186308.09
ORDER_000004870_ITEM_002,ORDER_000004870,PRODUCT_000000409,3,20583.82,61751.46
ORDER_000004870_ITEM_003,ORDER_000004870,PRODUCT_000000149,4,500.36,2001.44
ORDER_000004871_ITEM_001,ORDER_000004871,PRODUCT_000000094,5,159079.65,795398.25
ORDER_000004871_ITEM_002,ORDER_000004871,PRODUCT_000000429,4,54612.57,218450.28
ORDER_000004871_ITEM_003,ORDER_000004871,PRODUCT_000000375,4,2168.98,8675.92
ORDER_000004872_ITEM_001,ORDER_000004872,PRODUCT_000000445,4,957.74,3830.96
ORDER_000004872_ITEM_002,ORDER_000004872,PRODUCT_000000101,1,1447.61,1447.61
ORDER_000004872_ITEM_003,ORDER_000004872,PRODUCT_000000160,3,243.20,729.60
ORDER_000004873_ITEM_001,ORDER_000004873,PRODUCT_000000141,2,11546.35,23092.70
ORDER_000004873_ITEM_002,ORDER_000004873,PRODUCT_000000390,5,36528.52,182642.60
ORDER_000004873_ITEM_003,ORDER_000004873,PRODUCT_000000405,5,6190.14,30950.70
ORDER_000004874_ITEM_001,ORDER_000004874,PRODUCT_000000244,2,13044.75,26089.50
ORDER_000004874_ITEM_002,ORDER_000004874,PRODUCT_000000423,2,2075.71,4151.42
ORDER_000004874_ITEM_003,ORDER_000004874,PRODUCT_000000088,2,4393.00,8786.00
ORDER_000004875_ITEM_001,ORDER_000004875,PRODUCT_000000097,2,29573.36,59146.72
ORDER_000004875_ITEM_002,ORDER_000004875,PRODUCT_000000219,3,10831.78,32495.34
ORDER_000004875_ITEM_003,ORDER_000004875,PRODUCT_000000126,2,23808.94,47617.88
ORDER_000004876_ITEM_001,ORDER_000004876,PRODUCT_000000367,2,84997.19,169994.38
ORDER_000004876_ITEM_002,ORDER_000004876,PRODUCT_000000073,4,595.40,2381.60
ORDER_000004876_ITEM_003,ORDER_000004876,PRODUCT_000000258,2,1110.13,2220.26
ORDER_000004877_ITEM_001,ORDER_000004877,PRODUCT_000000311,5,6289.30,31446.50
ORDER_000004877_ITEM_002,ORDER_000004877,PRODUCT_000000067,3,14987.74,44963.22
ORDER_000004877_ITEM_003,ORDER_000004877,PRODUCT_000000167,5,29972.62,149863.10
ORDER_000004878_ITEM_001,ORDER_000004878,PRODUCT_000000264,5,2135.20,10676.00
ORDER_000004878_ITEM_002,ORDER_000004878,PRODUCT_000000337,4,3208.91,12835.64
ORDER_000004878_ITEM_003,ORDER_000004878,PRODUCT_000000434,1,1900.67,1900.67
ORDER_000004879_ITEM_001,ORDER_000004879,PRODUCT_000000282,5,114133.14,570665.70
ORDER_000004879_ITEM_002,ORDER_000004879,PRODUCT_000000264,1,2135.20,2135.20
ORDER_000004879_ITEM_003,ORDER_000004879,PRODUCT_000000049,2,194087.22,388174.44
ORDER_000004880_ITEM_001,ORDER_000004880,PRODUCT_000000025,3,1480.92,4442.76
ORDER_000004880_ITEM_002,ORDER_000004880,PRODUCT_000000436,5,39362.73,196813.65
ORDER_000004880_ITEM_003,ORDER_000004880,PRODUCT_000000108,2,3286.97,6573.94
ORDER_000004881_ITEM_001,ORDER_000004881,PRODUCT_000000347,4,424.29,1697.16
ORDER_000004881_ITEM_002,ORDER_000004881,PRODUCT_000000201,5,92050.96,460254.80
ORDER_000004881_ITEM_003,ORDER_000004881,PRODUCT_000000205,3,3783.93,11351.79
ORDER_000004882_ITEM_001,ORDER_000004882,PRODUCT_000000295,5,38276.02,191380.10
ORDER_000004882_ITEM_002,ORDER_000004882,PRODUCT_000000171,3,212543.08,637629.24
ORDER_000004882_ITEM_003,ORDER_000004882,PRODUCT_000000456,5,5850.98,29254.90
ORDER_000004883_ITEM_001,ORDER_000004883,PRODUCT_000000339,3,14282.13,42846.39
ORDER_000004883_ITEM_002,ORDER_000004883,PRODUCT_000000405,1,6190.14,6190.14
ORDER_000004883_ITEM_003,ORDER_000004883,PRODUCT_000000230,2,104957.16,209914.32
ORDER_000004884_ITEM_001,ORDER_000004884,PRODUCT_000000328,2,95553.61,191107.22
ORDER_000004884_ITEM_002,ORDER_000004884,PRODUCT_000000203,5,131189.59,655947.95
ORDER_000004884_ITEM_003,ORDER_000004884,PRODUCT_000000008,3,113431.81,340295.43
ORDER_000004885_ITEM_001,ORDER_000004885,PRODUCT_000000388,2,16147.61,32295.22
ORDER_000004885_ITEM_002,ORDER_000004885,PRODUCT_000000280,1,8266.88,8266.88
ORDER_000004885_ITEM_003,ORDER_000004885,PRODUCT_000000077,1,77023.77,77023.77
ORDER_000004886_ITEM_001,ORDER_000004886,PRODUCT_000000026,4,18909.61,75638.44
ORDER_000004886_ITEM_002,ORDER_000004886,PRODUCT_000000276,3,6006.43,18019.29
ORDER_000004886_ITEM_003,ORDER_000004886,PRODUCT_000000169,4,1720.94,6883.76
ORDER_000004887_ITEM_001,ORDER_000004887,PRODUCT_000000104,3,42385.77,127157.31
ORDER_000004887_ITEM_002,ORDER_000004887,PRODUCT_000000042,5,81949.03,409745.15
ORDER_000004887_ITEM_003,ORDER_000004887,PRODUCT_000000281,3,385.35,1156.05
ORDER_000004888_ITEM_001,ORDER_000004888,PRODUCT_000000223,3,3175.58,9526.74
ORDER_000004888_ITEM_002,ORDER_000004888,PRODUCT_000000358,2,459.97,919.94
ORDER_000004888_ITEM_003,ORDER_000004888,PRODUCT_000000286,2,18315.20,36630.40
ORDER_000004889_ITEM_001,ORDER_000004889,PRODUCT_000000388,5,16147.61,80738.05
ORDER_000004889_ITEM_002,ORDER_000004889,PRODUCT_000000291,5,108213.93,541069.65
ORDER_000004889_ITEM_003,ORDER_000004889,PRODUCT_000000493,3,1452.96,4358.88
ORDER_000004890_ITEM_001,ORDER_000004890,PRODUCT_000000483,2,11174.40,22348.80
ORDER_000004890_ITEM_002,ORDER_000004890,PRODUCT_000000304,5,12926.90,64634.50
ORDER_000004890_ITEM_003,ORDER_000004890,PRODUCT_000000191,4,936.27,3745.08
ORDER_000004891_ITEM_001,ORDER_000004891,PRODUCT_000000084,5,69985.17,349925.85
ORDER_000004891_ITEM_002,ORDER_000004891,PRODUCT_000000101,5,1447.61,7238.05
ORDER_000004891_ITEM_003,ORDER_000004891,PRODUCT_000000063,1,16707.24,16707.24
ORDER_000004892_ITEM_001,ORDER_000004892,PRODUCT_000000441,5,38509.69,192548.45
ORDER_000004892_ITEM_002,ORDER_000004892,PRODUCT_000000130,4,2919.96,11679.84
ORDER_000004892_ITEM_003,ORDER_000004892,PRODUCT_000000268,5,230.02,1150.10
ORDER_000004893_ITEM_001,ORDER_000004893,PRODUCT_000000259,1,8268.46,8268.46
ORDER_000004893_ITEM_002,ORDER_000004893,PRODUCT_000000211,5,11540.41,57702.05
ORDER_000004893_ITEM_003,ORDER_000004893,PRODUCT_000000076,3,2000.71,6002.13
ORDER_000004894_ITEM_001,ORDER_000004894,PRODUCT_000000332,4,1477.19,5908.76
ORDER_000004894_ITEM_002,ORDER_000004894,PRODUCT_000000239,4,30240.84,120963.36
ORDER_000004894_ITEM_003,ORDER_000004894,PRODUCT_000000494,5,535.49,2677.45
ORDER_000004895_ITEM_001,ORDER_000004895,PRODUCT_000000332,4,1477.19,5908.76
ORDER_000004895_ITEM_002,ORDER_000004895,PRODUCT_000000472,1,2444.82,2444.82
ORDER_000004895_ITEM_003,ORDER_000004895,PRODUCT_000000326,4,12706.30,50825.20
ORDER_000004896_ITEM_001,ORDER_000004896,PRODUCT_000000063,3,16707.24,50121.72
ORDER_000004896_ITEM_002,ORDER_000004896,PRODUCT_000000046,1,3078.68,3078.68
ORDER_000004896_ITEM_003,ORDER_000004896,PRODUCT_000000012,3,116699.02,350097.06
ORDER_000004897_ITEM_001,ORDER_000004897,PRODUCT_000000010,3,2629.61,7888.83
ORDER_000004897_ITEM_002,ORDER_000004897,PRODUCT_000000373,4,1253.40,5013.60
ORDER_000004897_ITEM_003,ORDER_000004897,PRODUCT_000000294,1,98126.54,98126.54
ORDER_000004898_ITEM_001,ORDER_000004898,PRODUCT_000000451,4,557.23,2228.92
ORDER_000004898_ITEM_002,ORDER_000004898,PRODUCT_000000317,1,5032.06,5032.06
ORDER_000004898_ITEM_003,ORDER_000004898,PRODUCT_000000077,4,77023.77,308095.08
ORDER_000004899_ITEM_001,ORDER_000004899,PRODUCT_000000395,5,606.04,3030.20
ORDER_000004899_ITEM_002,ORDER_000004899,PRODUCT_000000285,1,59012.72,59012.72
ORDER_000004899_ITEM_003,ORDER_000004899,PRODUCT_000000119,2,10653.04,21306.08
ORDER_000004900_ITEM_001,ORDER_000004900,PRODUCT_000000457,4,20677.50,82710.00
ORDER_000004900_ITEM_002,ORDER_000004900,PRODUCT_000000010,2,2629.61,5259.22
ORDER_000004900_ITEM_003,ORDER_000004900,PRODUCT_000000043,4,143690.78,574763.12
ORDER_000004901_ITEM_001,ORDER_000004901,PRODUCT_000000405,1,6190.14,6190.14
ORDER_000004901_ITEM_002,ORDER_000004901,PRODUCT_000000247,1,976.86,976.86
ORDER_000004901_ITEM_003,ORDER_000004901,PRODUCT_000000177,5,29457.82,147289.10
ORDER_000004902_ITEM_001,ORDER_000004902,PRODUCT_000000250,3,74845.58,224536.74
ORDER_000004902_ITEM_002,ORDER_000004902,PRODUCT_000000363,1,1679.27,1679.27
ORDER_000004902_ITEM_003,ORDER_000004902,PRODUCT_000000370,3,3741.06,11223.18
ORDER_000004903_ITEM_001,ORDER_000004903,PRODUCT_000000472,4,2444.82,9779.28
ORDER_000004903_ITEM_002,ORDER_000004903,PRODUCT_000000055,5,77397.64,386988.20
ORDER_000004903_ITEM_003,ORDER_000004903,PRODUCT_000000032,2,916.80,1833.60
ORDER_000004904_ITEM_001,ORDER_000004904,PRODUCT_000000065,3,3214.64,9643.92
ORDER_000004904_ITEM_002,ORDER_000004904,PRODUCT_000000200,3,22985.98,68957.94
ORDER_000004904_ITEM_003,ORDER_000004904,PRODUCT_000000332,5,1477.19,7385.95
ORDER_000004905_ITEM_001,ORDER_000004905,PRODUCT_000000258,3,1110.13,3330.39
ORDER_000004905_ITEM_002,ORDER_000004905,PRODUCT_000000350,1,27003.79,27003.79
ORDER_000004905_ITEM_003,ORDER_000004905,PRODUCT_000000161,3,684.54,2053.62
ORDER_000004906_ITEM_001,ORDER_000004906,PRODUCT_000000390,2,36528.52,73057.04
ORDER_000004906_ITEM_002,ORDER_000004906,PRODUCT_000000327,1,10245.94,10245.94
ORDER_000004906_ITEM_003,ORDER_000004906,PRODUCT_000000268,3,230.02,690.06
ORDER_000004907_ITEM_001,ORDER_000004907,PRODUCT_000000005,5,3906.48,19532.40
ORDER_000004907_ITEM_002,ORDER_000004907,PRODUCT_000000278,1,2383.85,2383.85
ORDER_000004907_ITEM_003,ORDER_000004907,PRODUCT_000000152,2,1691.46,3382.92
ORDER_000004908_ITEM_001,ORDER_000004908,PRODUCT_000000190,5,1821.64,9108.20
ORDER_000004908_ITEM_002,ORDER_000004908,PRODUCT_000000232,3,4022.49,12067.47
ORDER_000004908_ITEM_003,ORDER_000004908,PRODUCT_000000419,4,1633.27,6533.08
ORDER_000004909_ITEM_001,ORDER_000004909,PRODUCT_000000365,2,1131.39,2262.78
ORDER_000004909_ITEM_002,ORDER_000004909,PRODUCT_000000448,1,30757.35,30757.35
ORDER_000004909_ITEM_003,ORDER_000004909,PRODUCT_000000245,1,2849.98,2849.98
ORDER_000004910_ITEM_001,ORDER_000004910,PRODUCT_000000027,1,122387.75,122387.75
ORDER_000004910_ITEM_002,ORDER_000004910,PRODUCT_000000417,2,2286.08,4572.16
ORDER_000004910_ITEM_003,ORDER_000004910,PRODUCT_000000495,2,111322.66,222645.32
ORDER_000004911_ITEM_001,ORDER_000004911,PRODUCT_000000441,3,38509.69,115529.07
ORDER_000004911_ITEM_002,ORDER_000004911,PRODUCT_000000223,5,3175.58,15877.90
ORDER_000004911_ITEM_003,ORDER_000004911,PRODUCT_000000087,3,55215.64,165646.92
ORDER_000004912_ITEM_001,ORDER_000004912,PRODUCT_000000035,3,6152.71,18458.13
ORDER_000004912_ITEM_002,ORDER_000004912,PRODUCT_000000429,4,54612.57,218450.28
ORDER_000004912_ITEM_003,ORDER_000004912,PRODUCT_000000117,3,186308.09,558924.27
ORDER_000004913_ITEM_001,ORDER_000004913,PRODUCT_000000459,3,5188.95,15566.85
ORDER_000004913_ITEM_002,ORDER_000004913,PRODUCT_000000302,4,3481.66,13926.64
ORDER_000004913_ITEM_003,ORDER_000004913,PRODUCT_000000403,2,1868.76,3737.52
ORDER_000004914_ITEM_001,ORDER_000004914,PRODUCT_000000150,1,97514.34,97514.34
ORDER_000004914_ITEM_002,ORDER_000004914,PRODUCT_000000295,3,38276.02,114828.06
ORDER_000004914_ITEM_003,ORDER_000004914,PRODUCT_000000309,1,281.12,281.12
ORDER_000004915_ITEM_001,ORDER_000004915,PRODUCT_000000117,5,186308.09,931540.45
ORDER_000004915_ITEM_002,ORDER_000004915,PRODUCT_000000419,4,1633.27,6533.08
ORDER_000004915_ITEM_003,ORDER_000004915,PRODUCT_000000234,3,8118.02,24354.06
ORDER_000004916_ITEM_001,ORDER_000004916,PRODUCT_000000226,5,2585.73,12928.65
ORDER_000004916_ITEM_002,ORDER_000004916,PRODUCT_000000049,1,194087.22,194087.22
ORDER_000004916_ITEM_003,ORDER_000004916,PRODUCT_000000387,5,22127.64,110638.20
ORDER_000004917_ITEM_001,ORDER_000004917,PRODUCT_000000035,3,6152.71,18458.13
ORDER_000004917_ITEM_002,ORDER_000004917,PRODUCT_000000143,3,71000.26,213000.78
ORDER_000004917_ITEM_003,ORDER_000004917,PRODUCT_000000051,4,45102.28,180409.12
ORDER_000004918_ITEM_001,ORDER_000004918,PRODUCT_000000207,5,551.65,2758.25
ORDER_000004918_ITEM_002,ORDER_000004918,PRODUCT_000000354,5,8755.37,43776.85
ORDER_000004918_ITEM_003,ORDER_000004918,PRODUCT_000000454,3,1504.58,4513.74
ORDER_000004919_ITEM_001,ORDER_000004919,PRODUCT_000000197,4,54944.74,219778.96
ORDER_000004919_ITEM_002,ORDER_000004919,PRODUCT_000000313,4,108316.97,433267.88
ORDER_000004919_ITEM_003,ORDER_000004919,PRODUCT_000000359,1,31351.97,31351.97
ORDER_000004920_ITEM_001,ORDER_000004920,PRODUCT_000000182,2,906.52,1813.04
ORDER_000004920_ITEM_002,ORDER_000004920,PRODUCT_000000006,2,78496.47,156992.94
ORDER_000004920_ITEM_003,ORDER_000004920,PRODUCT_000000406,5,130798.44,653992.20
ORDER_000004921_ITEM_001,ORDER_000004921,PRODUCT_000000300,2,3971.91,7943.82
ORDER_000004921_ITEM_002,ORDER_000004921,PRODUCT_000000053,1,120555.53,120555.53
ORDER_000004921_ITEM_003,ORDER_000004921,PRODUCT_000000082,4,904.37,3617.48
ORDER_000004922_ITEM_001,ORDER_000004922,PRODUCT_000000337,1,3208.91,3208.91
ORDER_000004922_ITEM_002,ORDER_000004922,PRODUCT_000000221,5,4631.09,23155.45
ORDER_000004922_ITEM_003,ORDER_000004922,PRODUCT_000000292,5,16024.87,80124.35
ORDER_000004923_ITEM_001,ORDER_000004923,PRODUCT_000000390,1,36528.52,36528.52
ORDER_000004923_ITEM_002,ORDER_000004923,PRODUCT_000000288,4,105802.00,423208.00
ORDER_000004923_ITEM_003,ORDER_000004923,PRODUCT_000000097,1,29573.36,29573.36
ORDER_000004924_ITEM_001,ORDER_000004924,PRODUCT_000000243,2,14614.47,29228.94
ORDER_000004924_ITEM_002,ORDER_000004924,PRODUCT_000000171,1,212543.08,212543.08
ORDER_000004924_ITEM_003,ORDER_000004924,PRODUCT_000000416,3,2364.84,7094.52
ORDER_000004925_ITEM_001,ORDER_000004925,PRODUCT_000000338,3,17766.86,53300.58
ORDER_000004925_ITEM_002,ORDER_000004925,PRODUCT_000000108,4,3286.97,13147.88
ORDER_000004925_ITEM_003,ORDER_000004925,PRODUCT_000000464,1,46076.82,46076.82
ORDER_000004926_ITEM_001,ORDER_000004926,PRODUCT_000000089,1,7426.76,7426.76
ORDER_000004926_ITEM_002,ORDER_000004926,PRODUCT_000000442,2,50728.25,101456.50
ORDER_000004926_ITEM_003,ORDER_000004926,PRODUCT_000000458,5,38414.84,192074.20
ORDER_000004927_ITEM_001,ORDER_000004927,PRODUCT_000000040,4,21212.12,84848.48
ORDER_000004927_ITEM_002,ORDER_000004927,PRODUCT_000000485,1,123226.74,123226.74
ORDER_000004927_ITEM_003,ORDER_000004927,PRODUCT_000000138,3,9019.79,27059.37
ORDER_000004928_ITEM_001,ORDER_000004928,PRODUCT_000000176,5,498.75,2493.75
ORDER_000004928_ITEM_002,ORDER_000004928,PRODUCT_000000484,2,54819.53,109639.06
ORDER_000004928_ITEM_003,ORDER_000004928,PRODUCT_000000104,5,42385.77,211928.85
ORDER_000004929_ITEM_001,ORDER_000004929,PRODUCT_000000414,1,57878.53,57878.53
ORDER_000004929_ITEM_002,ORDER_000004929,PRODUCT_000000349,3,2148.69,6446.07
ORDER_000004929_ITEM_003,ORDER_000004929,PRODUCT_000000221,5,4631.09,23155.45
ORDER_000004930_ITEM_001,ORDER_000004930,PRODUCT_000000448,4,30757.35,123029.40
ORDER_000004930_ITEM_002,ORDER_000004930,PRODUCT_000000332,4,1477.19,5908.76
ORDER_000004930_ITEM_003,ORDER_000004930,PRODUCT_000000183,5,39378.79,196893.95
ORDER_000004931_ITEM_001,ORDER_000004931,PRODUCT_000000400,1,50864.82,50864.82
ORDER_000004931_ITEM_002,ORDER_000004931,PRODUCT_000000443,1,1322.46,1322.46
ORDER_000004931_ITEM_003,ORDER_000004931,PRODUCT_000000209,4,4970.11,19880.44
ORDER_000004932_ITEM_001,ORDER_000004932,PRODUCT_000000268,1,230.02,230.02
ORDER_000004932_ITEM_002,ORDER_000004932,PRODUCT_000000496,5,970.45,4852.25
ORDER_000004932_ITEM_003,ORDER_000004932,PRODUCT_000000254,2,208122.29,416244.58
ORDER_000004933_ITEM_001,ORDER_000004933,PRODUCT_000000205,1,3783.93,3783.93
ORDER_000004933_ITEM_002,ORDER_000004933,PRODUCT_000000360,3,102821.06,308463.18
ORDER_000004933_ITEM_003,ORDER_000004933,PRODUCT_000000427,5,820.10,4100.50
ORDER_000004934_ITEM_001,ORDER_000004934,PRODUCT_000000483,3,11174.40,33523.20
ORDER_000004934_ITEM_002,ORDER_000004934,PRODUCT_000000049,1,194087.22,194087.22
ORDER_000004934_ITEM_003,ORDER_000004934,PRODUCT_000000083,4,68919.06,275676.24
ORDER_000004935_ITEM_001,ORDER_000004935,PRODUCT_000000280,4,8266.88,33067.52
ORDER_000004935_ITEM_002,ORDER_000004935,PRODUCT_000000135,3,19292.87,57878.61
ORDER_000004935_ITEM_003,ORDER_000004935,PRODUCT_000000465,5,27686.57,138432.85
ORDER_000004936_ITEM_001,ORDER_000004936,PRODUCT_000000390,3,36528.52,109585.56
ORDER_000004936_ITEM_002,ORDER_000004936,PRODUCT_000000091,1,85829.09,85829.09
ORDER_000004936_ITEM_003,ORDER_000004936,PRODUCT_000000265,4,7416.00,29664.00
ORDER_000004937_ITEM_001,ORDER_000004937,PRODUCT_000000086,3,8488.74,25466.22
ORDER_000004937_ITEM_002,ORDER_000004937,PRODUCT_000000306,4,16336.98,65347.92
ORDER_000004937_ITEM_003,ORDER_000004937,PRODUCT_000000460,4,49238.06,196952.24
ORDER_000004938_ITEM_001,ORDER_000004938,PRODUCT_000000326,1,12706.30,12706.30
ORDER_000004938_ITEM_002,ORDER_000004938,PRODUCT_000000322,2,6422.03,12844.06
ORDER_000004938_ITEM_003,ORDER_000004938,PRODUCT_000000067,5,14987.74,74938.70
ORDER_000004939_ITEM_001,ORDER_000004939,PRODUCT_000000001,5,47526.13,237630.65
ORDER_000004939_ITEM_002,ORDER_000004939,PRODUCT_000000208,5,62048.54,310242.70
ORDER_000004939_ITEM_003,ORDER_000004939,PRODUCT_000000091,1,85829.09,85829.09
ORDER_000004940_ITEM_001,ORDER_000004940,PRODUCT_000000437,4,5692.44,22769.76
ORDER_000004940_ITEM_002,ORDER_000004940,PRODUCT_000000171,3,212543.08,637629.24
ORDER_000004940_ITEM_003,ORDER_000004940,PRODUCT_000000477,2,130157.67,260315.34
ORDER_000004941_ITEM_001,ORDER_000004941,PRODUCT_000000259,5,8268.46,41342.30
ORDER_000004941_ITEM_002,ORDER_000004941,PRODUCT_000000157,4,1512.91,6051.64
ORDER_000004941_ITEM_003,ORDER_000004941,PRODUCT_000000417,4,2286.08,9144.32
ORDER_000004942_ITEM_001,ORDER_000004942,PRODUCT_000000383,4,1933.39,7733.56
ORDER_000004942_ITEM_002,ORDER_000004942,PRODUCT_000000456,1,5850.98,5850.98
ORDER_000004942_ITEM_003,ORDER_000004942,PRODUCT_000000279,5,1444.98,7224.90
ORDER_000004943_ITEM_001,ORDER_000004943,PRODUCT_000000301,3,3608.69,10826.07
ORDER_000004943_ITEM_002,ORDER_000004943,PRODUCT_000000299,3,109951.12,329853.36
ORDER_000004943_ITEM_003,ORDER_000004943,PRODUCT_000000135,4,19292.87,77171.48
ORDER_000004944_ITEM_001,ORDER_000004944,PRODUCT_000000288,4,105802.00,423208.00
ORDER_000004944_ITEM_002,ORDER_000004944,PRODUCT_000000206,4,338.63,1354.52
ORDER_000004944_ITEM_003,ORDER_000004944,PRODUCT_000000204,5,502.82,2514.10
ORDER_000004945_ITEM_001,ORDER_000004945,PRODUCT_000000300,1,3971.91,3971.91
ORDER_000004945_ITEM_002,ORDER_000004945,PRODUCT_000000220,5,5722.11,28610.55
ORDER_000004945_ITEM_003,ORDER_000004945,PRODUCT_000000252,3,18522.97,55568.91
ORDER_000004946_ITEM_001,ORDER_000004946,PRODUCT_000000433,3,3121.66,9364.98
ORDER_000004946_ITEM_002,ORDER_000004946,PRODUCT_000000122,3,5503.57,16510.71
ORDER_000004946_ITEM_003,ORDER_000004946,PRODUCT_000000011,5,5081.83,25409.15
ORDER_000004947_ITEM_001,ORDER_000004947,PRODUCT_000000152,3,1691.46,5074.38
ORDER_000004947_ITEM_002,ORDER_000004947,PRODUCT_000000314,4,13535.22,54140.88
ORDER_000004947_ITEM_003,ORDER_000004947,PRODUCT_000000164,5,63385.92,316929.60
ORDER_000004948_ITEM_001,ORDER_000004948,PRODUCT_000000279,1,1444.98,1444.98
ORDER_000004948_ITEM_002,ORDER_000004948,PRODUCT_000000464,5,46076.82,230384.10
ORDER_000004948_ITEM_003,ORDER_000004948,PRODUCT_000000310,3,14175.81,42527.43
ORDER_000004949_ITEM_001,ORDER_000004949,PRODUCT_000000299,1,109951.12,109951.12
ORDER_000004949_ITEM_002,ORDER_000004949,PRODUCT_000000090,5,727.26,3636.30
ORDER_000004949_ITEM_003,ORDER_000004949,PRODUCT_000000334,5,921.24,4606.20
ORDER_000004950_ITEM_001,ORDER_000004950,PRODUCT_000000421,4,26929.93,107719.72
ORDER_000004950_ITEM_002,ORDER_000004950,PRODUCT_000000385,3,2562.52,7687.56
ORDER_000004950_ITEM_003,ORDER_000004950,PRODUCT_000000315,5,1366.86,6834.30
ORDER_000004951_ITEM_001,ORDER_000004951,PRODUCT_000000210,1,961.15,961.15
ORDER_000004951_ITEM_002,ORDER_000004951,PRODUCT_000000499,3,22717.74,68153.22
ORDER_000004951_ITEM_003,ORDER_000004951,PRODUCT_000000286,2,18315.20,36630.40
ORDER_000004952_ITEM_001,ORDER_000004952,PRODUCT_000000446,2,2878.87,5757.74
ORDER_000004952_ITEM_002,ORDER_000004952,PRODUCT_000000384,5,1879.95,9399.75
ORDER_000004952_ITEM_003,ORDER_000004952,PRODUCT_000000033,1,84979.83,84979.83
ORDER_000004953_ITEM_001,ORDER_000004953,PRODUCT_000000319,3,52057.41,156172.23
ORDER_000004953_ITEM_002,ORDER_000004953,PRODUCT_000000205,2,3783.93,7567.86
ORDER_000004953_ITEM_003,ORDER_000004953,PRODUCT_000000214,4,37438.96,149755.84
ORDER_000004954_ITEM_001,ORDER_000004954,PRODUCT_000000457,3,20677.50,62032.50
ORDER_000004954_ITEM_002,ORDER_000004954,PRODUCT_000000125,2,48262.53,96525.06
ORDER_000004954_ITEM_003,ORDER_000004954,PRODUCT_000000104,2,42385.77,84771.54
ORDER_000004955_ITEM_001,ORDER_000004955,PRODUCT_000000380,5,2099.88,10499.40
ORDER_000004955_ITEM_002,ORDER_000004955,PRODUCT_000000345,1,106411.74,106411.74
ORDER_000004955_ITEM_003,ORDER_000004955,PRODUCT_000000220,1,5722.11,5722.11
ORDER_000004956_ITEM_001,ORDER_000004956,PRODUCT_000000496,5,970.45,4852.25
ORDER_000004956_ITEM_002,ORDER_000004956,PRODUCT_000000086,1,8488.74,8488.74
ORDER_000004956_ITEM_003,ORDER_000004956,PRODUCT_000000080,4,8444.99,33779.96
ORDER_000004957_ITEM_001,ORDER_000004957,PRODUCT_000000203,4,131189.59,524758.36
ORDER_000004957_ITEM_002,ORDER_000004957,PRODUCT_000000335,5,7748.73,38743.65
ORDER_000004957_ITEM_003,ORDER_000004957,PRODUCT_000000081,2,51812.13,103624.26
ORDER_000004958_ITEM_001,ORDER_000004958,PRODUCT_000000054,1,1153.40,1153.40
ORDER_000004958_ITEM_002,ORDER_000004958,PRODUCT_000000370,3,3741.06,11223.18
ORDER_000004958_ITEM_003,ORDER_000004958,PRODUCT_000000443,4,1322.46,5289.84
ORDER_000004959_ITEM_001,ORDER_000004959,PRODUCT_000000147,3,79052.74,237158.22
ORDER_000004959_ITEM_002,ORDER_000004959,PRODUCT_000000026,4,18909.61,75638.44
ORDER_000004959_ITEM_003,ORDER_000004959,PRODUCT_000000443,5,1322.46,6612.30
ORDER_000004960_ITEM_001,ORDER_000004960,PRODUCT_000000449,3,10447.59,31342.77
ORDER_000004960_ITEM_002,ORDER_000004960,PRODUCT_000000290,2,32348.76,64697.52
ORDER_000004960_ITEM_003,ORDER_000004960,PRODUCT_000000256,4,1724.12,6896.48
ORDER_000004961_ITEM_001,ORDER_000004961,PRODUCT_000000483,4,11174.40,44697.60
ORDER_000004961_ITEM_002,ORDER_000004961,PRODUCT_000000127,4,47505.08,190020.32
ORDER_000004961_ITEM_003,ORDER_000004961,PRODUCT_000000031,4,223997.16,895988.64
ORDER_000004962_ITEM_001,ORDER_000004962,PRODUCT_000000423,2,2075.71,4151.42
ORDER_000004962_ITEM_002,ORDER_000004962,PRODUCT_000000289,5,66663.17,333315.85
ORDER_000004962_ITEM_003,ORDER_000004962,PRODUCT_000000161,1,684.54,684.54
ORDER_000004963_ITEM_001,ORDER_000004963,PRODUCT_000000199,4,48433.40,193733.60
ORDER_000004963_ITEM_002,ORDER_000004963,PRODUCT_000000415,2,77825.19,155650.38
ORDER_000004963_ITEM_003,ORDER_000004963,PRODUCT_000000025,4,1480.92,5923.68
ORDER_000004964_ITEM_001,ORDER_000004964,PRODUCT_000000107,1,835.56,835.56
ORDER_000004964_ITEM_002,ORDER_000004964,PRODUCT_000000246,1,84103.35,84103.35
ORDER_000004964_ITEM_003,ORDER_000004964,PRODUCT_000000056,4,1746.83,6987.32
ORDER_000004965_ITEM_001,ORDER_000004965,PRODUCT_000000043,1,143690.78,143690.78
ORDER_000004965_ITEM_002,ORDER_000004965,PRODUCT_000000415,2,77825.19,155650.38
ORDER_000004965_ITEM_003,ORDER_000004965,PRODUCT_000000394,3,1417.36,4252.08
ORDER_000004966_ITEM_001,ORDER_000004966,PRODUCT_000000429,2,54612.57,109225.14
ORDER_000004966_ITEM_002,ORDER_000004966,PRODUCT_000000033,1,84979.83,84979.83
ORDER_000004966_ITEM_003,ORDER_000004966,PRODUCT_000000236,2,1537.45,3074.90
ORDER_000004967_ITEM_001,ORDER_000004967,PRODUCT_000000294,2,98126.54,196253.08
ORDER_000004967_ITEM_002,ORDER_000004967,PRODUCT_000000197,3,54944.74,164834.22
ORDER_000004967_ITEM_003,ORDER_000004967,PRODUCT_000000252,1,18522.97,18522.97
ORDER_000004968_ITEM_001,ORDER_000004968,PRODUCT_000000422,2,76372.72,152745.44
ORDER_000004968_ITEM_002,ORDER_000004968,PRODUCT_000000282,1,114133.14,114133.14
ORDER_000004968_ITEM_003,ORDER_000004968,PRODUCT_000000438,3,40311.65,120934.95
ORDER_000004969_ITEM_001,ORDER_000004969,PRODUCT_000000076,2,2000.71,4001.42
ORDER_000004969_ITEM_002,ORDER_000004969,PRODUCT_000000154,1,17743.63,17743.63
ORDER_000004969_ITEM_003,ORDER_000004969,PRODUCT_000000296,3,105785.14,317355.42
ORDER_000004970_ITEM_001,ORDER_000004970,PRODUCT_000000257,3,6078.96,18236.88
ORDER_000004970_ITEM_002,ORDER_000004970,PRODUCT_000000312,1,508.37,508.37
ORDER_000004970_ITEM_003,ORDER_000004970,PRODUCT_000000359,1,31351.97,31351.97
ORDER_000004971_ITEM_001,ORDER_000004971,PRODUCT_000000148,4,13436.93,53747.72
ORDER_000004971_ITEM_002,ORDER_000004971,PRODUCT_000000052,3,175783.69,527351.07
ORDER_000004971_ITEM_003,ORDER_000004971,PRODUCT_000000156,1,17875.07,17875.07
ORDER_000004972_ITEM_001,ORDER_000004972,PRODUCT_000000050,3,191762.22,575286.66
ORDER_000004972_ITEM_002,ORDER_000004972,PRODUCT_000000075,4,13044.69,52178.76
ORDER_000004972_ITEM_003,ORDER_000004972,PRODUCT_000000234,4,8118.02,32472.08
ORDER_000004973_ITEM_001,ORDER_000004973,PRODUCT_000000143,5,71000.26,355001.30
ORDER_000004973_ITEM_002,ORDER_000004973,PRODUCT_000000340,1,46977.00,46977.00
ORDER_000004973_ITEM_003,ORDER_000004973,PRODUCT_000000304,1,12926.90,12926.90
ORDER_000004974_ITEM_001,ORDER_000004974,PRODUCT_000000387,4,22127.64,88510.56
ORDER_000004974_ITEM_002,ORDER_000004974,PRODUCT_000000108,5,3286.97,16434.85
ORDER_000004974_ITEM_003,ORDER_000004974,PRODUCT_000000324,3,58960.31,176880.93
ORDER_000004975_ITEM_001,ORDER_000004975,PRODUCT_000000405,2,6190.14,12380.28
ORDER_000004975_ITEM_002,ORDER_000004975,PRODUCT_000000401,5,1258.44,6292.20
ORDER_000004975_ITEM_003,ORDER_000004975,PRODUCT_000000248,5,6350.16,31750.80
ORDER_000004976_ITEM_001,ORDER_000004976,PRODUCT_000000148,1,13436.93,13436.93
ORDER_000004976_ITEM_002,ORDER_000004976,PRODUCT_000000415,1,77825.19,77825.19
ORDER_000004976_ITEM_003,ORDER_000004976,PRODUCT_000000197,1,54944.74,54944.74
ORDER_000004977_ITEM_001,ORDER_000004977,PRODUCT_000000235,4,10340.23,41360.92
ORDER_000004977_ITEM_002,ORDER_000004977,PRODUCT_000000139,4,955.15,3820.60
ORDER_000004977_ITEM_003,ORDER_000004977,PRODUCT_000000229,2,12881.53,25763.06
ORDER_000004978_ITEM_001,ORDER_000004978,PRODUCT_000000275,5,37395.96,186979.80
ORDER_000004978_ITEM_002,ORDER_000004978,PRODUCT_000000183,4,39378.79,157515.16
ORDER_000004978_ITEM_003,ORDER_000004978,PRODUCT_000000294,4,98126.54,392506.16
ORDER_000004979_ITEM_001,ORDER_000004979,PRODUCT_000000352,1,17207.18,17207.18
ORDER_000004979_ITEM_002,ORDER_000004979,PRODUCT_000000333,2,530.81,1061.62
ORDER_000004979_ITEM_003,ORDER_000004979,PRODUCT_000000303,5,28560.91,142804.55
ORDER_000004980_ITEM_001,ORDER_000004980,PRODUCT_000000016,1,71215.48,71215.48
ORDER_000004980_ITEM_002,ORDER_000004980,PRODUCT_000000197,3,54944.74,164834.22
ORDER_000004980_ITEM_003,ORDER_000004980,PRODUCT_000000252,1,18522.97,18522.97
ORDER_000004981_ITEM_001,ORDER_000004981,PRODUCT_000000211,4,11540.41,46161.64
ORDER_000004981_ITEM_002,ORDER_000004981,PRODUCT_000000084,5,69985.17,349925.85
ORDER_000004981_ITEM_003,ORDER_000004981,PRODUCT_000000165,5,91589.22,457946.10
ORDER_000004982_ITEM_001,ORDER_000004982,PRODUCT_000000189,1,2291.77,2291.77
ORDER_000004982_ITEM_002,ORDER_000004982,PRODUCT_000000116,1,108578.88,108578.88
ORDER_000004982_ITEM_003,ORDER_000004982,PRODUCT_000000056,2,1746.83,3493.66
ORDER_000004983_ITEM_001,ORDER_000004983,PRODUCT_000000195,3,3974.21,11922.63
ORDER_000004983_ITEM_002,ORDER_000004983,PRODUCT_000000240,3,8842.70,26528.10
ORDER_000004983_ITEM_003,ORDER_000004983,PRODUCT_000000146,3,1443.25,4329.75
ORDER_000004984_ITEM_001,ORDER_000004984,PRODUCT_000000335,3,7748.73,23246.19
ORDER_000004984_ITEM_002,ORDER_000004984,PRODUCT_000000415,3,77825.19,233475.57
ORDER_000004984_ITEM_003,ORDER_000004984,PRODUCT_000000423,3,2075.71,6227.13
ORDER_000004985_ITEM_001,ORDER_000004985,PRODUCT_000000337,1,3208.91,3208.91
ORDER_000004985_ITEM_002,ORDER_000004985,PRODUCT_000000240,1,8842.70,8842.70
ORDER_000004985_ITEM_003,ORDER_000004985,PRODUCT_000000467,3,89885.32,269655.96
ORDER_000004986_ITEM_001,ORDER_000004986,PRODUCT_000000182,3,906.52,2719.56
ORDER_000004986_ITEM_002,ORDER_000004986,PRODUCT_000000292,4,16024.87,64099.48
ORDER_000004986_ITEM_003,ORDER_000004986,PRODUCT_000000058,4,20181.60,80726.40
ORDER_000004987_ITEM_001,ORDER_000004987,PRODUCT_000000090,4,727.26,2909.04
ORDER_000004987_ITEM_002,ORDER_000004987,PRODUCT_000000118,3,115069.78,345209.34
ORDER_000004987_ITEM_003,ORDER_000004987,PRODUCT_000000461,5,66176.77,330883.85
ORDER_000004988_ITEM_001,ORDER_000004988,PRODUCT_000000022,3,3619.59,10858.77
ORDER_000004988_ITEM_002,ORDER_000004988,PRODUCT_000000011,3,5081.83,15245.49
ORDER_000004988_ITEM_003,ORDER_000004988,PRODUCT_000000010,4,2629.61,10518.44
ORDER_000004989_ITEM_001,ORDER_000004989,PRODUCT_000000300,5,3971.91,19859.55
ORDER_000004989_ITEM_002,ORDER_000004989,PRODUCT_000000342,2,63802.09,127604.18
ORDER_000004989_ITEM_003,ORDER_000004989,PRODUCT_000000023,2,1295.31,2590.62
ORDER_000004990_ITEM_001,ORDER_000004990,PRODUCT_000000029,4,2844.42,11377.68
ORDER_000004990_ITEM_002,ORDER_000004990,PRODUCT_000000484,5,54819.53,274097.65
ORDER_000004990_ITEM_003,ORDER_000004990,PRODUCT_000000299,3,109951.12,329853.36
ORDER_000004991_ITEM_001,ORDER_000004991,PRODUCT_000000298,1,335.33,335.33
ORDER_000004991_ITEM_002,ORDER_000004991,PRODUCT_000000478,3,5870.96,17612.88
ORDER_000004991_ITEM_003,ORDER_000004991,PRODUCT_000000331,1,16339.42,16339.42
ORDER_000004992_ITEM_001,ORDER_000004992,PRODUCT_000000030,3,27973.94,83921.82
ORDER_000004992_ITEM_002,ORDER_000004992,PRODUCT_000000460,1,49238.06,49238.06
ORDER_000004992_ITEM_003,ORDER_000004992,PRODUCT_000000144,5,1419.24,7096.20
ORDER_000004993_ITEM_001,ORDER_000004993,PRODUCT_000000082,3,904.37,2713.11
ORDER_000004993_ITEM_002,ORDER_000004993,PRODUCT_000000151,4,77780.21,311120.84
ORDER_000004993_ITEM_003,ORDER_000004993,PRODUCT_000000295,1,38276.02,38276.02
ORDER_000004994_ITEM_001,ORDER_000004994,PRODUCT_000000207,1,551.65,551.65
ORDER_000004994_ITEM_002,ORDER_000004994,PRODUCT_000000158,1,21685.09,21685.09
ORDER_000004994_ITEM_003,ORDER_000004994,PRODUCT_000000130,5,2919.96,14599.80
ORDER_000004995_ITEM_001,ORDER_000004995,PRODUCT_000000449,2,10447.59,20895.18
ORDER_000004995_ITEM_002,ORDER_000004995,PRODUCT_000000059,2,96024.22,192048.44
ORDER_000004995_ITEM_003,ORDER_000004995,PRODUCT_000000238,5,709.92,3549.60
ORDER_000004996_ITEM_001,ORDER_000004996,PRODUCT_000000330,2,732.17,1464.34
ORDER_000004996_ITEM_002,ORDER_000004996,PRODUCT_000000195,1,3974.21,3974.21
ORDER_000004996_ITEM_003,ORDER_000004996,PRODUCT_000000149,2,500.36,1000.72
ORDER_000004997_ITEM_001,ORDER_000004997,PRODUCT_000000021,4,2952.32,11809.28
ORDER_000004997_ITEM_002,ORDER_000004997,PRODUCT_000000159,1,40197.32,40197.32
ORDER_000004997_ITEM_003,ORDER_000004997,PRODUCT_000000257,5,6078.96,30394.80
ORDER_000004998_ITEM_001,ORDER_000004998,PRODUCT_000000149,1,500.36,500.36
ORDER_000004998_ITEM_002,ORDER_000004998,PRODUCT_000000014,3,31645.32,94935.96
ORDER_000004998_ITEM_003,ORDER_000004998,PRODUCT_000000297,2,6305.72,12611.44
ORDER_000004999_ITEM_001,ORDER_000004999,PRODUCT_000000421,4,26929.93,107719.72
ORDER_000004999_ITEM_002,ORDER_000004999,PRODUCT_000000434,5,1900.67,9503.35
ORDER_000004999_ITEM_003,ORDER_000004999,PRODUCT_000000076,1,2000.71,2000.71
ORDER_000005000_ITEM_001,ORDER_000005000,PRODUCT_000000041,4,4860.87,19443.48
ORDER_000005000_ITEM_002,ORDER_000005000,PRODUCT_000000054,1,1153.40,1153.40
ORDER_000005000_ITEM_003,ORDER_000005000,PRODUCT_000000062,3,5183.35,15550.05
