id,order_id,payment_method,payment_status,amount,payment_date
ORDER_000000001_PAYMENT,ORDER_000000001,UPI,SUCCESS,208123.15,2026-12-05T02:44:30
ORDER_000000002_PAYMENT,ORDER_000000002,WALLET,SUCCESS,634033.52,2026-01-29T17:27:22
ORDER_000000003_PAYMENT,ORDER_000000003,CREDIT_CARD,SUCCESS,258321.56,2026-11-29T13:24:03
ORDER_000000004_PAYMENT,ORDER_000000004,WALLET,SUCCESS,93211.62,2026-07-04T20:15:15
ORDER_000000005_PAYMENT,ORDER_000000005,NET_BANKING,SUCCESS,419098.56,2026-10-08T05:18
ORDER_000000006_PAYMENT,ORDER_000000006,DEBIT_CARD,SUCCESS,298298.13,2026-08-30T16:11:13
ORDER_000000007_PAYMENT,ORDER_000000007,UPI,SUCCESS,184580.68,2026-08-18T06:43:04
ORDER_000000008_PAYMENT,ORDER_000000008,CREDIT_CARD,SUCCESS,211688.78,2026-12-08T14:01:47
ORDER_000000009_PAYMENT,ORDER_000000009,DEBIT_CARD,SUCCESS,200168.83,2026-07-31T00:26:32
ORDER_000000010_PAYMENT,ORDER_000000010,UPI,SUCCESS,204511.11,2026-04-08T06:14:30
ORDER_000000011_PAYMENT,ORDER_000000011,NET_BANKING,SUCCESS,179711.94,2026-07-25T11:57:34
ORDER_000000012_PAYMENT,ORDER_000000012,CREDIT_CARD,SUCCESS,164046.48,2026-10-24T22:37:04
ORDER_000000013_PAYMENT,ORDER_000000013,NET_BANKING,SUCCESS,441579.31,2026-03-29T05:42:56
ORDER_000000014_PAYMENT,ORDER_000000014,DEBIT_CARD,SUCCESS,146688.21,2026-11-23T14:46:43
ORDER_000000015_PAYMENT,ORDER_000000015,WALLET,FAILED,424045.68,2026-09-08T22:41:59
ORDER_000000016_PAYMENT,ORDER_000000016,CREDIT_CARD,SUCCESS,399906.30,2026-03-29T05:05:37
ORDER_000000017_PAYMENT,ORDER_000000017,DEBIT_CARD,SUCCESS,238076.97,2026-06-12T02:03:31
ORDER_000000018_PAYMENT,ORDER_000000018,UPI,SUCCESS,442125.21,2026-02-06T19:55:59
ORDER_000000019_PAYMENT,ORDER_000000019,CREDIT_CARD,SUCCESS,139147.35,2026-03-26T13:18:29
ORDER_000000020_PAYMENT,ORDER_000000020,DEBIT_CARD,SUCCESS,400651.36,2026-06-24T07:59:44
ORDER_000000021_PAYMENT,ORDER_000000021,CREDIT_CARD,SUCCESS,446257.00,2026-11-13T01:41:24
ORDER_000000022_PAYMENT,ORDER_000000022,NET_BANKING,SUCCESS,30571.40,2026-06-12T17:58:13
ORDER_000000023_PAYMENT,ORDER_000000023,NET_BANKING,FAILED,345125.74,2026-05-15T00:13:43
ORDER_000000024_PAYMENT,ORDER_000000024,WALLET,SUCCESS,90947.80,2026-08-23T07:34:26
ORDER_000000025_PAYMENT,ORDER_000000025,UPI,FAILED,130890.28,2026-12-09T14:40:57
ORDER_000000026_PAYMENT,ORDER_000000026,UPI,SUCCESS,202245.18,2026-05-06T15:13:09
ORDER_000000027_PAYMENT,ORDER_000000027,DEBIT_CARD,SUCCESS,737258.74,2026-05-16T20:10:38
ORDER_000000028_PAYMENT,ORDER_000000028,UPI,SUCCESS,513256.70,2026-01-14T05:45:23
ORDER_000000029_PAYMENT,ORDER_000000029,DEBIT_CARD,SUCCESS,542045.10,2026-06-05T21:29:15
ORDER_000000030_PAYMENT,ORDER_000000030,NET_BANKING,SUCCESS,29224.23,2026-02-22T08:39:51
ORDER_000000031_PAYMENT,ORDER_000000031,CREDIT_CARD,SUCCESS,398042.63,2026-09-07T18:45:46
ORDER_000000032_PAYMENT,ORDER_000000032,DEBIT_CARD,SUCCESS,156623.91,2026-05-09T03:52:35
ORDER_000000033_PAYMENT,ORDER_000000033,CREDIT_CARD,SUCCESS,352038.36,2026-08-10T23:20:11
ORDER_000000034_PAYMENT,ORDER_000000034,WALLET,SUCCESS,76228.17,2026-07-15T03:37:27
ORDER_000000035_PAYMENT,ORDER_000000035,NET_BANKING,SUCCESS,242072.94,2026-06-14T02:51:28
ORDER_000000036_PAYMENT,ORDER_000000036,DEBIT_CARD,SUCCESS,196675.70,2026-04-15T04:32:03
ORDER_000000037_PAYMENT,ORDER_000000037,UPI,SUCCESS,614387.92,2026-02-28T20:10:49
ORDER_000000038_PAYMENT,ORDER_000000038,CREDIT_CARD,SUCCESS,235110.42,2026-05-05T19:31:28
ORDER_000000039_PAYMENT,ORDER_000000039,WALLET,SUCCESS,260764.91,2026-04-01T09:53:01
ORDER_000000040_PAYMENT,ORDER_000000040,CREDIT_CARD,SUCCESS,398126.24,2026-05-30T08:33:10
ORDER_000000041_PAYMENT,ORDER_000000041,UPI,SUCCESS,455889.68,2026-03-23T21:16:54
ORDER_000000042_PAYMENT,ORDER_000000042,UPI,SUCCESS,490567.89,2026-09-29T13:57:32
ORDER_000000043_PAYMENT,ORDER_000000043,UPI,SUCCESS,123368.82,2026-07-10T09:49:09
ORDER_000000044_PAYMENT,ORDER_000000044,NET_BANKING,SUCCESS,574405.50,2026-04-30T16:27:04
ORDER_000000045_PAYMENT,ORDER_000000045,UPI,SUCCESS,100189.34,2026-02-04T22:40:40
ORDER_000000046_PAYMENT,ORDER_000000046,CREDIT_CARD,SUCCESS,206719.60,2026-07-14T23:48:11
ORDER_000000047_PAYMENT,ORDER_000000047,WALLET,SUCCESS,664329.79,2026-10-08T21:45:08
ORDER_000000048_PAYMENT,ORDER_000000048,UPI,SUCCESS,193643.55,2026-12-11T19:32:52
ORDER_000000049_PAYMENT,ORDER_000000049,UPI,SUCCESS,201820.30,2026-09-25T01:09:36
ORDER_000000050_PAYMENT,ORDER_000000050,UPI,SUCCESS,656775.26,2026-09-19T22:36:33
ORDER_000000051_PAYMENT,ORDER_000000051,CREDIT_CARD,SUCCESS,299716.76,2026-01-12T07:40:53
ORDER_000000052_PAYMENT,ORDER_000000052,CREDIT_CARD,SUCCESS,372596.47,2026-12-12T01:49:25
ORDER_000000053_PAYMENT,ORDER_000000053,DEBIT_CARD,SUCCESS,202323.58,2026-07-05T17:49:29
ORDER_000000054_PAYMENT,ORDER_000000054,WALLET,SUCCESS,205779.36,2026-06-16T09:09:34
ORDER_000000055_PAYMENT,ORDER_000000055,WALLET,SUCCESS,289110.68,2026-07-24T18:15:35
ORDER_000000056_PAYMENT,ORDER_000000056,UPI,SUCCESS,200111.04,2026-04-12T03:09:57
ORDER_000000057_PAYMENT,ORDER_000000057,UPI,SUCCESS,278167.33,2026-01-16T14:24:59
ORDER_000000058_PAYMENT,ORDER_000000058,CREDIT_CARD,SUCCESS,102540.74,2026-03-22T00:48:55
ORDER_000000059_PAYMENT,ORDER_000000059,WALLET,SUCCESS,78363.96,2026-04-04T11:46:40
ORDER_000000060_PAYMENT,ORDER_000000060,UPI,SUCCESS,278182.81,2026-06-06T09:40:41
ORDER_000000061_PAYMENT,ORDER_000000061,UPI,SUCCESS,329965.64,2026-03-07T23:40:42
ORDER_000000062_PAYMENT,ORDER_000000062,UPI,SUCCESS,290955.76,2026-02-07T17:41:52
ORDER_000000063_PAYMENT,ORDER_000000063,DEBIT_CARD,SUCCESS,239821.01,2026-06-22T20:50:54
ORDER_000000064_PAYMENT,ORDER_000000064,UPI,SUCCESS,511316.07,2026-11-26T06:42:53
ORDER_000000065_PAYMENT,ORDER_000000065,CREDIT_CARD,SUCCESS,280636.64,2026-07-19T07:15:30
ORDER_000000066_PAYMENT,ORDER_000000066,UPI,SUCCESS,397267.88,2026-08-10T19:16:44
ORDER_000000067_PAYMENT,ORDER_000000067,CREDIT_CARD,SUCCESS,324100.12,2026-11-05T12:07:27
ORDER_000000068_PAYMENT,ORDER_000000068,NET_BANKING,SUCCESS,299760.12,2026-11-13T21:28:37
ORDER_000000069_PAYMENT,ORDER_000000069,CREDIT_CARD,SUCCESS,65912.43,2026-04-04T11:07:37
ORDER_000000070_PAYMENT,ORDER_000000070,WALLET,SUCCESS,316536.65,2026-08-25T14:23:50
ORDER_000000071_PAYMENT,ORDER_000000071,UPI,SUCCESS,279063.30,2026-09-29T16:33:05
ORDER_000000072_PAYMENT,ORDER_000000072,CREDIT_CARD,SUCCESS,147923.06,2026-02-15T14:56:51
ORDER_000000073_PAYMENT,ORDER_000000073,WALLET,SUCCESS,589187.10,2026-03-23T07:52:31
ORDER_000000074_PAYMENT,ORDER_000000074,UPI,SUCCESS,167763.08,2026-05-31T09:52:20
ORDER_000000075_PAYMENT,ORDER_000000075,CREDIT_CARD,SUCCESS,399999.70,2026-10-07T00:33:40
ORDER_000000076_PAYMENT,ORDER_000000076,UPI,SUCCESS,220798.40,2026-07-29T00:31:10
ORDER_000000077_PAYMENT,ORDER_000000077,DEBIT_CARD,SUCCESS,341031.63,2026-03-10T08:10:53
ORDER_000000078_PAYMENT,ORDER_000000078,WALLET,SUCCESS,283809.48,2026-01-18T16:41:30
ORDER_000000079_PAYMENT,ORDER_000000079,WALLET,SUCCESS,62496.92,2026-10-22T17:46:30
ORDER_000000080_PAYMENT,ORDER_000000080,UPI,SUCCESS,160300.72,2026-08-03T14:50:40
ORDER_000000081_PAYMENT,ORDER_000000081,WALLET,SUCCESS,127017.47,2026-10-02T11:18:57
ORDER_000000082_PAYMENT,ORDER_000000082,UPI,SUCCESS,40710.96,2026-12-26T09:34:12
ORDER_000000083_PAYMENT,ORDER_000000083,UPI,SUCCESS,166460.86,2026-12-03T13:55:55
ORDER_000000084_PAYMENT,ORDER_000000084,UPI,SUCCESS,99158.80,2026-09-21T20:40:25
ORDER_000000085_PAYMENT,ORDER_000000085,WALLET,FAILED,629772.93,2026-08-28T18:47:50
ORDER_000000086_PAYMENT,ORDER_000000086,UPI,SUCCESS,268689.92,2026-01-12T15:48:56
ORDER_000000087_PAYMENT,ORDER_000000087,WALLET,SUCCESS,66844.40,2026-12-05T12:43:34
ORDER_000000088_PAYMENT,ORDER_000000088,UPI,SUCCESS,481405.52,2026-04-10T12:01:19
ORDER_000000089_PAYMENT,ORDER_000000089,DEBIT_CARD,SUCCESS,500956.84,2026-12-25T17:25:32
ORDER_000000090_PAYMENT,ORDER_000000090,UPI,SUCCESS,307045.46,2026-05-13T11:31:07
ORDER_000000091_PAYMENT,ORDER_000000091,UPI,SUCCESS,511271.15,2026-04-02T21:11:01
ORDER_000000092_PAYMENT,ORDER_000000092,CREDIT_CARD,SUCCESS,217725.41,2026-06-28T09:32:13
ORDER_000000093_PAYMENT,ORDER_000000093,DEBIT_CARD,SUCCESS,130870.10,2026-11-21T23:06:48
ORDER_000000094_PAYMENT,ORDER_000000094,NET_BANKING,SUCCESS,115827.96,2026-11-21T06:48:48
ORDER_000000095_PAYMENT,ORDER_000000095,NET_BANKING,SUCCESS,370917.26,2026-02-09T07:43:47
ORDER_000000096_PAYMENT,ORDER_000000096,CREDIT_CARD,SUCCESS,359219.81,2026-12-18T02:12:38
ORDER_000000097_PAYMENT,ORDER_000000097,CREDIT_CARD,SUCCESS,370940.97,2026-05-14T20:39:56
ORDER_000000098_PAYMENT,ORDER_000000098,CREDIT_CARD,FAILED,151523.79,2026-07-04T17:02:38
ORDER_000000099_PAYMENT,ORDER_000000099,UPI,SUCCESS,188965.84,2026-02-28T04:09:22
ORDER_000000100_PAYMENT,ORDER_000000100,CREDIT_CARD,SUCCESS,465134.91,2026-12-26T21:42:10
ORDER_000000101_PAYMENT,ORDER_000000101,NET_BANKING,SUCCESS,120808.12,2026-11-22T01:07:12
ORDER_000000102_PAYMENT,ORDER_000000102,UPI,SUCCESS,297975.10,2026-06-12T03:44:47
ORDER_000000103_PAYMENT,ORDER_000000103,UPI,SUCCESS,305614.86,2026-06-19T16:56:15
ORDER_000000104_PAYMENT,ORDER_000000104,NET_BANKING,SUCCESS,225016.50,2026-09-05T15:55:54
ORDER_000000105_PAYMENT,ORDER_000000105,CREDIT_CARD,SUCCESS,174279.43,2026-03-07T10:25:20
ORDER_000000106_PAYMENT,ORDER_000000106,UPI,SUCCESS,521626.06,2026-09-21T02:32:30
ORDER_000000107_PAYMENT,ORDER_000000107,UPI,SUCCESS,128488.10,2026-06-14T08:59:29
ORDER_000000108_PAYMENT,ORDER_000000108,NET_BANKING,SUCCESS,385163.76,2026-03-14T08:41:42
ORDER_000000109_PAYMENT,ORDER_000000109,DEBIT_CARD,SUCCESS,236528.07,2026-03-18T10:21:34
ORDER_000000110_PAYMENT,ORDER_000000110,UPI,SUCCESS,313682.10,2026-05-16T22:50:05
ORDER_000000111_PAYMENT,ORDER_000000111,DEBIT_CARD,SUCCESS,284085.18,2026-03-11T05:49:32
ORDER_000000112_PAYMENT,ORDER_000000112,UPI,SUCCESS,186483.21,2026-01-21T19:23:16
ORDER_000000113_PAYMENT,ORDER_000000113,WALLET,SUCCESS,294794.65,2026-08-11T01:27:25
ORDER_000000114_PAYMENT,ORDER_000000114,WALLET,SUCCESS,781926.59,2026-02-26T14:06:45
ORDER_000000115_PAYMENT,ORDER_000000115,DEBIT_CARD,FAILED,172511.73,2026-03-04T15:04:41
ORDER_000000116_PAYMENT,ORDER_000000116,UPI,SUCCESS,558395.08,2026-08-16T21:19:09
ORDER_000000117_PAYMENT,ORDER_000000117,UPI,SUCCESS,399993.57,2026-01-10T13:01:33
ORDER_000000118_PAYMENT,ORDER_000000118,UPI,SUCCESS,527121.09,2026-04-05T13:37:12
ORDER_000000119_PAYMENT,ORDER_000000119,NET_BANKING,SUCCESS,57484.61,2026-06-25T21:49:40
ORDER_000000120_PAYMENT,ORDER_000000120,DEBIT_CARD,SUCCESS,178077.67,2026-06-14T23:14:34
ORDER_000000121_PAYMENT,ORDER_000000121,WALLET,SUCCESS,27725.69,2026-08-21T04:53:26
ORDER_000000122_PAYMENT,ORDER_000000122,UPI,SUCCESS,330842.40,2026-09-21T05:24:25
ORDER_000000123_PAYMENT,ORDER_000000123,DEBIT_CARD,SUCCESS,219359.64,2026-08-03T10:25:40
ORDER_000000124_PAYMENT,ORDER_000000124,DEBIT_CARD,SUCCESS,358154.64,2026-08-22T00:59:50
ORDER_000000125_PAYMENT,ORDER_000000125,UPI,SUCCESS,90752.12,2026-07-05T13:14:59
ORDER_000000126_PAYMENT,ORDER_000000126,UPI,SUCCESS,197409.86,2026-11-24T01:08:15
ORDER_000000127_PAYMENT,ORDER_000000127,UPI,SUCCESS,80449.42,2026-08-05T14:41:14
ORDER_000000128_PAYMENT,ORDER_000000128,DEBIT_CARD,SUCCESS,268231.52,2026-01-04T23:24:06
ORDER_000000129_PAYMENT,ORDER_000000129,NET_BANKING,SUCCESS,321079.49,2026-07-12T18:32:48
ORDER_000000130_PAYMENT,ORDER_000000130,CREDIT_CARD,SUCCESS,235965.96,2026-07-26T01:19:01
ORDER_000000131_PAYMENT,ORDER_000000131,UPI,SUCCESS,202681.92,2026-08-15T22:48:03
ORDER_000000132_PAYMENT,ORDER_000000132,NET_BANKING,SUCCESS,160545.32,2026-04-15T04:24:21
ORDER_000000133_PAYMENT,ORDER_000000133,UPI,SUCCESS,162731.97,2026-12-06T00:35:11
ORDER_000000134_PAYMENT,ORDER_000000134,NET_BANKING,SUCCESS,180527.48,2026-05-09T18:07:57
ORDER_000000135_PAYMENT,ORDER_000000135,UPI,SUCCESS,288471.51,2026-06-05T15:03:14
ORDER_000000136_PAYMENT,ORDER_000000136,DEBIT_CARD,SUCCESS,191232.81,2026-05-16T01:31:53
ORDER_000000137_PAYMENT,ORDER_000000137,WALLET,FAILED,741500.58,2026-06-28T01:31:06
ORDER_000000138_PAYMENT,ORDER_000000138,UPI,SUCCESS,364505.05,2026-08-17T06:35:40
ORDER_000000139_PAYMENT,ORDER_000000139,UPI,SUCCESS,500751.04,2026-06-09T12:24:58
ORDER_000000140_PAYMENT,ORDER_000000140,WALLET,SUCCESS,327214.06,2027-01-01T04:12:27
ORDER_000000141_PAYMENT,ORDER_000000141,WALLET,SUCCESS,448814.99,2026-02-13T17:49:36
ORDER_000000142_PAYMENT,ORDER_000000142,CREDIT_CARD,SUCCESS,185562.09,2026-08-30T01:30:42
ORDER_000000143_PAYMENT,ORDER_000000143,CREDIT_CARD,SUCCESS,292346.32,2026-06-19T01:59:36
ORDER_000000144_PAYMENT,ORDER_000000144,UPI,SUCCESS,174247.50,2026-07-23T13:39:32
ORDER_000000145_PAYMENT,ORDER_000000145,CREDIT_CARD,SUCCESS,292697.78,2026-04-06T03:38:29
ORDER_000000146_PAYMENT,ORDER_000000146,UPI,SUCCESS,140923.11,2026-09-12T09:14:35
ORDER_000000147_PAYMENT,ORDER_000000147,UPI,SUCCESS,186868.10,2026-08-05T03:23:57
ORDER_000000148_PAYMENT,ORDER_000000148,DEBIT_CARD,SUCCESS,202973.03,2026-03-22T05:35:40
ORDER_000000149_PAYMENT,ORDER_000000149,UPI,SUCCESS,148625.16,2026-01-04T15:14:35
ORDER_000000150_PAYMENT,ORDER_000000150,UPI,SUCCESS,225988.71,2026-08-09T07:44:20
ORDER_000000151_PAYMENT,ORDER_000000151,UPI,SUCCESS,413699.68,2026-08-27T10:10:06
ORDER_000000152_PAYMENT,ORDER_000000152,DEBIT_CARD,SUCCESS,279521.82,2026-03-22T13:37:34
ORDER_000000153_PAYMENT,ORDER_000000153,NET_BANKING,FAILED,480143.02,2026-11-10T14:58:02
ORDER_000000154_PAYMENT,ORDER_000000154,WALLET,SUCCESS,217855.45,2026-04-25T16:17:51
ORDER_000000155_PAYMENT,ORDER_000000155,UPI,SUCCESS,769166.10,2026-01-29T02:23:10
ORDER_000000156_PAYMENT,ORDER_000000156,DEBIT_CARD,SUCCESS,572109.82,2026-05-12T22:47:53
ORDER_000000157_PAYMENT,ORDER_000000157,UPI,SUCCESS,171928.07,2026-08-11T01:16:56
ORDER_000000158_PAYMENT,ORDER_000000158,UPI,SUCCESS,161195.00,2026-09-29T07:55:16
ORDER_000000159_PAYMENT,ORDER_000000159,UPI,SUCCESS,295541.04,2026-09-02T09:06:10
ORDER_000000160_PAYMENT,ORDER_000000160,NET_BANKING,SUCCESS,238996.44,2026-10-22T07:58:07
ORDER_000000161_PAYMENT,ORDER_000000161,CREDIT_CARD,SUCCESS,154715.78,2026-12-24T16:38:10
ORDER_000000162_PAYMENT,ORDER_000000162,UPI,SUCCESS,194749.32,2026-12-10T15:01:46
ORDER_000000163_PAYMENT,ORDER_000000163,CREDIT_CARD,SUCCESS,472903.69,2026-09-19T22:05:58
ORDER_000000164_PAYMENT,ORDER_000000164,UPI,SUCCESS,138305.88,2026-08-23T09:59:28
ORDER_000000165_PAYMENT,ORDER_000000165,UPI,SUCCESS,160560.16,2026-01-03T06:10:06
ORDER_000000166_PAYMENT,ORDER_000000166,UPI,SUCCESS,85905.08,2026-09-18T03:11:40
ORDER_000000167_PAYMENT,ORDER_000000167,DEBIT_CARD,SUCCESS,298586.75,2026-09-07T10:07:11
ORDER_000000168_PAYMENT,ORDER_000000168,WALLET,SUCCESS,207840.34,2026-07-13T09:29:34
ORDER_000000169_PAYMENT,ORDER_000000169,CREDIT_CARD,SUCCESS,447569.83,2026-01-05T06:21:23
ORDER_000000170_PAYMENT,ORDER_000000170,WALLET,SUCCESS,273865.32,2026-10-06T14:17:06
ORDER_000000171_PAYMENT,ORDER_000000171,CREDIT_CARD,SUCCESS,420681.00,2026-05-15T06:03:04
ORDER_000000172_PAYMENT,ORDER_000000172,NET_BANKING,SUCCESS,206249.34,2026-11-08T13:20:46
ORDER_000000173_PAYMENT,ORDER_000000173,UPI,SUCCESS,399888.20,2026-04-06T16:49:49
ORDER_000000174_PAYMENT,ORDER_000000174,CREDIT_CARD,SUCCESS,38863.65,2026-10-16T12:39:35
ORDER_000000175_PAYMENT,ORDER_000000175,UPI,SUCCESS,389675.68,2026-04-29T01:16:15
ORDER_000000176_PAYMENT,ORDER_000000176,NET_BANKING,SUCCESS,381921.50,2026-06-21T01:45:36
ORDER_000000177_PAYMENT,ORDER_000000177,UPI,SUCCESS,309886.88,2026-11-20T15:00:49
ORDER_000000178_PAYMENT,ORDER_000000178,CREDIT_CARD,SUCCESS,70351.14,2026-07-30T08:09:20
ORDER_000000179_PAYMENT,ORDER_000000179,NET_BANKING,SUCCESS,339281.66,2026-05-14T03:05:18
ORDER_000000180_PAYMENT,ORDER_000000180,DEBIT_CARD,SUCCESS,286968.49,2026-09-01T13:58:55
ORDER_000000181_PAYMENT,ORDER_000000181,UPI,FAILED,309451.16,2026-01-30T16:15:10
ORDER_000000182_PAYMENT,ORDER_000000182,UPI,SUCCESS,274309.87,2026-01-26T13:31:51
ORDER_000000183_PAYMENT,ORDER_000000183,UPI,SUCCESS,435901.35,2026-05-11T09:11:59
ORDER_000000184_PAYMENT,ORDER_000000184,UPI,FAILED,347769.86,2026-08-03T20:30:51
ORDER_000000185_PAYMENT,ORDER_000000185,UPI,SUCCESS,281651.68,2026-03-10T21:11:25
ORDER_000000186_PAYMENT,ORDER_000000186,CREDIT_CARD,SUCCESS,483754.10,2026-01-15T13:47:11
ORDER_000000187_PAYMENT,ORDER_000000187,CREDIT_CARD,SUCCESS,444704.19,2026-01-10T13:48:20
ORDER_000000188_PAYMENT,ORDER_000000188,WALLET,SUCCESS,5718.15,2026-01-31T00:44:51
ORDER_000000189_PAYMENT,ORDER_000000189,NET_BANKING,SUCCESS,152304.02,2026-09-15T02:06:51
ORDER_000000190_PAYMENT,ORDER_000000190,WALLET,SUCCESS,279196.74,2026-12-23T03:30:10
ORDER_000000191_PAYMENT,ORDER_000000191,UPI,SUCCESS,268918.29,2026-12-31T01:16:10
ORDER_000000192_PAYMENT,ORDER_000000192,UPI,SUCCESS,205659.96,2026-08-18T00:01:13
ORDER_000000193_PAYMENT,ORDER_000000193,UPI,SUCCESS,182347.78,2026-11-02T08:10:17
ORDER_000000194_PAYMENT,ORDER_000000194,UPI,SUCCESS,311839.56,2026-07-01T03:19:38
ORDER_000000195_PAYMENT,ORDER_000000195,NET_BANKING,SUCCESS,176996.80,2026-08-06T22:16:20
ORDER_000000196_PAYMENT,ORDER_000000196,UPI,SUCCESS,759259.56,2026-10-02T08:35:19
ORDER_000000197_PAYMENT,ORDER_000000197,UPI,SUCCESS,353611.66,2026-11-16T19:17:46
ORDER_000000198_PAYMENT,ORDER_000000198,UPI,SUCCESS,196268.95,2026-05-12T23:10:34
ORDER_000000199_PAYMENT,ORDER_000000199,UPI,SUCCESS,199276.98,2026-11-09T05:29:24
ORDER_000000200_PAYMENT,ORDER_000000200,CREDIT_CARD,SUCCESS,322364.08,2026-07-22T18:09:24
ORDER_000000201_PAYMENT,ORDER_000000201,DEBIT_CARD,SUCCESS,378628.58,2026-04-04T07:53:56
ORDER_000000202_PAYMENT,ORDER_000000202,WALLET,SUCCESS,343844.31,2026-10-18T06:37:41
ORDER_000000203_PAYMENT,ORDER_000000203,UPI,SUCCESS,217244.20,2026-04-25T10:25:15
ORDER_000000204_PAYMENT,ORDER_000000204,CREDIT_CARD,SUCCESS,67990.46,2026-04-18T06:52:31
ORDER_000000205_PAYMENT,ORDER_000000205,UPI,SUCCESS,355111.82,2026-07-11T19:27:25
ORDER_000000206_PAYMENT,ORDER_000000206,DEBIT_CARD,SUCCESS,259343.63,2026-03-15T07:01:27
ORDER_000000207_PAYMENT,ORDER_000000207,UPI,FAILED,84902.47,2026-07-17T20:28:28
ORDER_000000208_PAYMENT,ORDER_000000208,UPI,SUCCESS,182721.92,2026-05-17T11:17:42
ORDER_000000209_PAYMENT,ORDER_000000209,WALLET,SUCCESS,114124.15,2026-02-20T12:24:55
ORDER_000000210_PAYMENT,ORDER_000000210,UPI,SUCCESS,196438.65,2026-01-15T11:17:10
ORDER_000000211_PAYMENT,ORDER_000000211,CREDIT_CARD,SUCCESS,279988.47,2026-09-18T13:45:41
ORDER_000000212_PAYMENT,ORDER_000000212,UPI,SUCCESS,227723.19,2026-04-13T12:57:02
ORDER_000000213_PAYMENT,ORDER_000000213,CREDIT_CARD,SUCCESS,216469.41,2026-05-16T19:23:51
ORDER_000000214_PAYMENT,ORDER_000000214,DEBIT_CARD,SUCCESS,416571.42,2026-09-16T14:19:53
ORDER_000000215_PAYMENT,ORDER_000000215,DEBIT_CARD,SUCCESS,79704.77,2026-10-13T03:02:37
ORDER_000000216_PAYMENT,ORDER_000000216,UPI,SUCCESS,190119.42,2027-01-01T11:42:08
ORDER_000000217_PAYMENT,ORDER_000000217,WALLET,SUCCESS,196449.06,2026-10-13T02:44:09
ORDER_000000218_PAYMENT,ORDER_000000218,DEBIT_CARD,SUCCESS,549112.88,2026-01-22T13:16:06
ORDER_000000219_PAYMENT,ORDER_000000219,NET_BANKING,SUCCESS,395687.52,2026-09-13T13:12:23
ORDER_000000220_PAYMENT,ORDER_000000220,NET_BANKING,SUCCESS,346216.26,2026-11-11T14:01:08
ORDER_000000221_PAYMENT,ORDER_000000221,UPI,SUCCESS,227526.51,2026-12-16T16:35:09
ORDER_000000222_PAYMENT,ORDER_000000222,UPI,SUCCESS,173868.85,2026-11-08T12:10:42
ORDER_000000223_PAYMENT,ORDER_000000223,DEBIT_CARD,SUCCESS,230955.04,2026-07-29T00:42:53
ORDER_000000224_PAYMENT,ORDER_000000224,WALLET,SUCCESS,115970.43,2026-05-10T21:00:23
ORDER_000000225_PAYMENT,ORDER_000000225,UPI,SUCCESS,355083.71,2026-08-27T02:12:36
ORDER_000000226_PAYMENT,ORDER_000000226,UPI,SUCCESS,474243.53,2026-11-27T00:05:49
ORDER_000000227_PAYMENT,ORDER_000000227,CREDIT_CARD,SUCCESS,188003.02,2026-08-17T03:44:03
ORDER_000000228_PAYMENT,ORDER_000000228,CREDIT_CARD,SUCCESS,171206.12,2026-08-17T07:46:27
ORDER_000000229_PAYMENT,ORDER_000000229,UPI,SUCCESS,470457.30,2026-07-16T20:10:45
ORDER_000000230_PAYMENT,ORDER_000000230,NET_BANKING,SUCCESS,584648.50,2026-07-13T02:49:08
ORDER_000000231_PAYMENT,ORDER_000000231,CREDIT_CARD,SUCCESS,521414.82,2026-12-06T19:08:39
ORDER_000000232_PAYMENT,ORDER_000000232,DEBIT_CARD,SUCCESS,432489.28,2026-06-29T07:49:01
ORDER_000000233_PAYMENT,ORDER_000000233,UPI,SUCCESS,215577.77,2026-07-15T14:04:03
ORDER_000000234_PAYMENT,ORDER_000000234,NET_BANKING,SUCCESS,338693.39,2026-09-30T04:58:23
ORDER_000000235_PAYMENT,ORDER_000000235,DEBIT_CARD,SUCCESS,312182.00,2026-06-18T11:44:25
ORDER_000000236_PAYMENT,ORDER_000000236,CREDIT_CARD,SUCCESS,640833.13,2026-05-21T07:36:17
ORDER_000000237_PAYMENT,ORDER_000000237,UPI,SUCCESS,621776.20,2026-04-03T20:34:47
ORDER_000000238_PAYMENT,ORDER_000000238,DEBIT_CARD,SUCCESS,182346.95,2026-04-18T13:30:30
ORDER_000000239_PAYMENT,ORDER_000000239,UPI,SUCCESS,154719.18,2026-07-29T13:28:37
ORDER_000000240_PAYMENT,ORDER_000000240,NET_BANKING,SUCCESS,190323.66,2026-09-20T10:32:09
ORDER_000000241_PAYMENT,ORDER_000000241,UPI,SUCCESS,426396.87,2026-12-25T10:24:23
ORDER_000000242_PAYMENT,ORDER_000000242,CREDIT_CARD,SUCCESS,799747.24,2026-12-29T04:13:39
ORDER_000000243_PAYMENT,ORDER_000000243,CREDIT_CARD,SUCCESS,544935.45,2026-04-04T20:54:01
ORDER_000000244_PAYMENT,ORDER_000000244,UPI,FAILED,408575.96,2026-07-18T05:30:27
ORDER_000000245_PAYMENT,ORDER_000000245,CREDIT_CARD,SUCCESS,161585.77,2026-07-14T02:44:40
ORDER_000000246_PAYMENT,ORDER_000000246,UPI,SUCCESS,418554.43,2026-11-24T15:11:06
ORDER_000000247_PAYMENT,ORDER_000000247,UPI,SUCCESS,91841.38,2026-07-08T14:22:11
ORDER_000000248_PAYMENT,ORDER_000000248,UPI,SUCCESS,224037.68,2026-12-16T19:41:28
ORDER_000000249_PAYMENT,ORDER_000000249,UPI,SUCCESS,130177.47,2026-11-13T17:57:01
ORDER_000000250_PAYMENT,ORDER_000000250,CREDIT_CARD,SUCCESS,765338.90,2026-10-22T09:31:28
ORDER_000000251_PAYMENT,ORDER_000000251,DEBIT_CARD,SUCCESS,259121.82,2026-04-01T08:58:04
ORDER_000000252_PAYMENT,ORDER_000000252,UPI,FAILED,425799.89,2026-08-22T08:50:08
ORDER_000000253_PAYMENT,ORDER_000000253,UPI,SUCCESS,433034.52,2026-08-04T21:58:43
ORDER_000000254_PAYMENT,ORDER_000000254,DEBIT_CARD,SUCCESS,116863.49,2026-09-25T07:24:23
ORDER_000000255_PAYMENT,ORDER_000000255,CREDIT_CARD,SUCCESS,323124.69,2026-04-11T01:58:43
ORDER_000000256_PAYMENT,ORDER_000000256,CREDIT_CARD,SUCCESS,343927.03,2026-04-22T04:54:27
ORDER_000000257_PAYMENT,ORDER_000000257,UPI,SUCCESS,379631.74,2026-07-03T20:39:28
ORDER_000000258_PAYMENT,ORDER_000000258,UPI,SUCCESS,572748.34,2026-08-03T17:32:15
ORDER_000000259_PAYMENT,ORDER_000000259,DEBIT_CARD,SUCCESS,153849.67,2026-10-02T13:18:12
ORDER_000000260_PAYMENT,ORDER_000000260,DEBIT_CARD,SUCCESS,258358.26,2026-06-26T21:10:19
ORDER_000000261_PAYMENT,ORDER_000000261,UPI,SUCCESS,133708.59,2026-06-11T22:08:01
ORDER_000000262_PAYMENT,ORDER_000000262,DEBIT_CARD,SUCCESS,392318.66,2026-11-12T18:28:03
ORDER_000000263_PAYMENT,ORDER_000000263,CREDIT_CARD,SUCCESS,426289.61,2026-03-16T21:22:11
ORDER_000000264_PAYMENT,ORDER_000000264,UPI,SUCCESS,178375.79,2026-10-22T02:47:52
ORDER_000000265_PAYMENT,ORDER_000000265,NET_BANKING,SUCCESS,59525.07,2026-02-22T02:47:47
ORDER_000000266_PAYMENT,ORDER_000000266,DEBIT_CARD,SUCCESS,338737.70,2026-05-29T23:12:36
ORDER_000000267_PAYMENT,ORDER_000000267,CREDIT_CARD,SUCCESS,196041.84,2026-08-26T07:19:15
ORDER_000000268_PAYMENT,ORDER_000000268,UPI,SUCCESS,352775.39,2026-08-31T08:57:04
ORDER_000000269_PAYMENT,ORDER_000000269,UPI,SUCCESS,323377.87,2026-04-15T11:23:50
ORDER_000000270_PAYMENT,ORDER_000000270,UPI,SUCCESS,247983.11,2026-09-22T10:10:33
ORDER_000000271_PAYMENT,ORDER_000000271,CREDIT_CARD,SUCCESS,439395.06,2026-05-09T20:35:52
ORDER_000000272_PAYMENT,ORDER_000000272,WALLET,SUCCESS,480813.08,2026-04-09T15:32:42
ORDER_000000273_PAYMENT,ORDER_000000273,DEBIT_CARD,SUCCESS,82043.96,2026-06-04T14:14:02
ORDER_000000274_PAYMENT,ORDER_000000274,CREDIT_CARD,SUCCESS,212353.74,2026-01-18T21:48:44
ORDER_000000275_PAYMENT,ORDER_000000275,WALLET,SUCCESS,251046.27,2026-12-08T00:20:35
ORDER_000000276_PAYMENT,ORDER_000000276,CREDIT_CARD,SUCCESS,163216.72,2026-09-07T05:28:27
ORDER_000000277_PAYMENT,ORDER_000000277,UPI,SUCCESS,535087.36,2026-01-08T19:15:32
ORDER_000000278_PAYMENT,ORDER_000000278,CREDIT_CARD,SUCCESS,401931.81,2026-03-11T11:57:18
ORDER_000000279_PAYMENT,ORDER_000000279,UPI,FAILED,273922.08,2026-11-25T05:11:32
ORDER_000000280_PAYMENT,ORDER_000000280,WALLET,SUCCESS,261859.44,2026-04-14T18:54:42
ORDER_000000281_PAYMENT,ORDER_000000281,WALLET,SUCCESS,478339.93,2026-09-10T15:03:03
ORDER_000000282_PAYMENT,ORDER_000000282,CREDIT_CARD,SUCCESS,145616.65,2026-01-31T10:58:07
ORDER_000000283_PAYMENT,ORDER_000000283,DEBIT_CARD,SUCCESS,467253.55,2026-07-09T15:43:34
ORDER_000000284_PAYMENT,ORDER_000000284,UPI,SUCCESS,242528.58,2026-11-22T16:49:44
ORDER_000000285_PAYMENT,ORDER_000000285,CREDIT_CARD,SUCCESS,421616.27,2026-07-06T07:21:11
ORDER_000000286_PAYMENT,ORDER_000000286,WALLET,SUCCESS,195760.44,2026-01-22T21:44:38
ORDER_000000287_PAYMENT,ORDER_000000287,DEBIT_CARD,SUCCESS,221482.58,2026-02-05T17:34:02
ORDER_000000288_PAYMENT,ORDER_000000288,UPI,SUCCESS,34743.18,2026-10-28T08:35:56
ORDER_000000289_PAYMENT,ORDER_000000289,UPI,SUCCESS,822921.23,2026-12-20T18:03:46
ORDER_000000290_PAYMENT,ORDER_000000290,NET_BANKING,SUCCESS,296841.59,2026-09-13T06:37:39
ORDER_000000291_PAYMENT,ORDER_000000291,WALLET,SUCCESS,132459.20,2026-06-18T07:46:27
ORDER_000000292_PAYMENT,ORDER_000000292,UPI,SUCCESS,299421.34,2026-11-20T10:30:12
ORDER_000000293_PAYMENT,ORDER_000000293,WALLET,SUCCESS,156440.56,2026-08-08T12:45:45
ORDER_000000294_PAYMENT,ORDER_000000294,CREDIT_CARD,SUCCESS,212592.33,2026-12-23T05:20:39
ORDER_000000295_PAYMENT,ORDER_000000295,CREDIT_CARD,SUCCESS,409201.22,2026-11-29T07:08:23
ORDER_000000296_PAYMENT,ORDER_000000296,UPI,SUCCESS,186573.30,2026-09-25T01:03:22
ORDER_000000297_PAYMENT,ORDER_000000297,UPI,FAILED,118079.99,2026-03-23T01:55:25
ORDER_000000298_PAYMENT,ORDER_000000298,CREDIT_CARD,SUCCESS,241865.47,2026-07-16T13:45:31
ORDER_000000299_PAYMENT,ORDER_000000299,WALLET,SUCCESS,515454.04,2026-06-03T00:55:52
ORDER_000000300_PAYMENT,ORDER_000000300,DEBIT_CARD,SUCCESS,94861.56,2026-05-11T04:42:17
ORDER_000000301_PAYMENT,ORDER_000000301,NET_BANKING,SUCCESS,264251.53,2026-08-08T22:26:45
ORDER_000000302_PAYMENT,ORDER_000000302,NET_BANKING,SUCCESS,388081.68,2026-03-05T18:40:22
ORDER_000000303_PAYMENT,ORDER_000000303,DEBIT_CARD,SUCCESS,606691.39,2026-05-07T21:15:45
ORDER_000000304_PAYMENT,ORDER_000000304,NET_BANKING,SUCCESS,392228.21,2026-03-12T12:45:08
ORDER_000000305_PAYMENT,ORDER_000000305,DEBIT_CARD,SUCCESS,271219.70,2026-10-02T22:29:27
ORDER_000000306_PAYMENT,ORDER_000000306,UPI,SUCCESS,202707.82,2026-04-03T07:24:34
ORDER_000000307_PAYMENT,ORDER_000000307,UPI,SUCCESS,348701.05,2026-09-16T12:20:49
ORDER_000000308_PAYMENT,ORDER_000000308,DEBIT_CARD,SUCCESS,174790.11,2026-06-10T22:19:26
ORDER_000000309_PAYMENT,ORDER_000000309,CREDIT_CARD,SUCCESS,481365.66,2026-11-13T08:25:12
ORDER_000000310_PAYMENT,ORDER_000000310,NET_BANKING,SUCCESS,156523.29,2026-03-05T15:16
ORDER_000000311_PAYMENT,ORDER_000000311,NET_BANKING,SUCCESS,319717.93,2026-09-02T20:10:26
ORDER_000000312_PAYMENT,ORDER_000000312,WALLET,SUCCESS,246719.57,2026-08-12T11:12:32
ORDER_000000313_PAYMENT,ORDER_000000313,DEBIT_CARD,SUCCESS,171720.72,2026-08-10T03:55:52
ORDER_000000314_PAYMENT,ORDER_000000314,UPI,SUCCESS,246658.78,2026-02-19T01:50:01
ORDER_000000315_PAYMENT,ORDER_000000315,DEBIT_CARD,SUCCESS,188069.98,2026-12-21T17:41:58
ORDER_000000316_PAYMENT,ORDER_000000316,UPI,SUCCESS,56918.56,2026-10-31T13:03:15
ORDER_000000317_PAYMENT,ORDER_000000317,UPI,SUCCESS,658288.01,2026-05-12T09:21:43
ORDER_000000318_PAYMENT,ORDER_000000318,NET_BANKING,SUCCESS,314855.27,2026-09-07T08:30:20
ORDER_000000319_PAYMENT,ORDER_000000319,NET_BANKING,SUCCESS,392699.71,2026-05-14T15:04:23
ORDER_000000320_PAYMENT,ORDER_000000320,NET_BANKING,SUCCESS,565199.28,2026-06-09T05:44:39
ORDER_000000321_PAYMENT,ORDER_000000321,DEBIT_CARD,SUCCESS,58636.49,2026-09-20T01:50:32
ORDER_000000322_PAYMENT,ORDER_000000322,UPI,SUCCESS,267672.68,2026-08-26T00:09:21
ORDER_000000323_PAYMENT,ORDER_000000323,CREDIT_CARD,SUCCESS,214942.46,2026-02-06T13:35:32
ORDER_000000324_PAYMENT,ORDER_000000324,NET_BANKING,SUCCESS,248144.06,2026-04-27T14:10:59
ORDER_000000325_PAYMENT,ORDER_000000325,DEBIT_CARD,SUCCESS,113769.32,2026-10-23T21:52:30
ORDER_000000326_PAYMENT,ORDER_000000326,WALLET,SUCCESS,123866.97,2026-01-03T18:43:46
ORDER_000000327_PAYMENT,ORDER_000000327,NET_BANKING,SUCCESS,320882.53,2026-07-22T21:56:18
ORDER_000000328_PAYMENT,ORDER_000000328,UPI,SUCCESS,482006.80,2026-04-07T15:09:39
ORDER_000000329_PAYMENT,ORDER_000000329,NET_BANKING,SUCCESS,214355.49,2026-04-08T17:38:14
ORDER_000000330_PAYMENT,ORDER_000000330,CREDIT_CARD,SUCCESS,196795.32,2026-10-16T07:24:32
ORDER_000000331_PAYMENT,ORDER_000000331,UPI,SUCCESS,63217.01,2026-02-12T01:50:55
ORDER_000000332_PAYMENT,ORDER_000000332,WALLET,SUCCESS,32127.85,2026-12-24T09:25:37
ORDER_000000333_PAYMENT,ORDER_000000333,UPI,SUCCESS,84741.47,2026-03-19T01:59:51
ORDER_000000334_PAYMENT,ORDER_000000334,UPI,SUCCESS,202022.66,2026-11-25T07:18:15
ORDER_000000335_PAYMENT,ORDER_000000335,UPI,SUCCESS,200381.92,2026-08-14T02:29:37
ORDER_000000336_PAYMENT,ORDER_000000336,UPI,SUCCESS,175228.56,2026-09-08T18:16:04
ORDER_000000337_PAYMENT,ORDER_000000337,UPI,SUCCESS,186326.63,2026-01-20T21:56:13
ORDER_000000338_PAYMENT,ORDER_000000338,UPI,SUCCESS,58093.13,2026-11-22T17:14:09
ORDER_000000339_PAYMENT,ORDER_000000339,WALLET,SUCCESS,374945.93,2026-01-19T04:50:36
ORDER_000000340_PAYMENT,ORDER_000000340,UPI,SUCCESS,161379.79,2026-12-20T14:30:47
ORDER_000000341_PAYMENT,ORDER_000000341,WALLET,SUCCESS,496700.71,2026-05-17T02:20:44
ORDER_000000342_PAYMENT,ORDER_000000342,WALLET,SUCCESS,556223.53,2026-01-11T16:11:03
ORDER_000000343_PAYMENT,ORDER_000000343,NET_BANKING,SUCCESS,78931.63,2026-07-14T14:09:10
ORDER_000000344_PAYMENT,ORDER_000000344,UPI,SUCCESS,562036.54,2026-01-02T13:00:10
ORDER_000000345_PAYMENT,ORDER_000000345,NET_BANKING,SUCCESS,147305.50,2026-08-13T17:40:22
ORDER_000000346_PAYMENT,ORDER_000000346,UPI,SUCCESS,195802.35,2026-10-21T06:28:13
ORDER_000000347_PAYMENT,ORDER_000000347,CREDIT_CARD,SUCCESS,412329.38,2026-05-11T03:43:10
ORDER_000000348_PAYMENT,ORDER_000000348,WALLET,SUCCESS,349458.33,2026-01-25T05:09:23
ORDER_000000349_PAYMENT,ORDER_000000349,UPI,SUCCESS,138725.64,2026-01-15T19:51:02
ORDER_000000350_PAYMENT,ORDER_000000350,UPI,SUCCESS,229057.02,2026-09-10T02:40
ORDER_000000351_PAYMENT,ORDER_000000351,UPI,SUCCESS,75302.99,2026-06-17T17:04:28
ORDER_000000352_PAYMENT,ORDER_000000352,DEBIT_CARD,SUCCESS,213582.42,2026-03-07T04:51:11
ORDER_000000353_PAYMENT,ORDER_000000353,NET_BANKING,SUCCESS,380520.10,2026-04-17T16:51:58
ORDER_000000354_PAYMENT,ORDER_000000354,NET_BANKING,SUCCESS,555310.89,2026-09-29T10:39:26
ORDER_000000355_PAYMENT,ORDER_000000355,CREDIT_CARD,SUCCESS,113935.30,2026-12-08T23:25:12
ORDER_000000356_PAYMENT,ORDER_000000356,NET_BANKING,SUCCESS,138693.71,2026-10-06T17:28:09
ORDER_000000357_PAYMENT,ORDER_000000357,CREDIT_CARD,SUCCESS,689098.76,2026-10-19T16:35:02
ORDER_000000358_PAYMENT,ORDER_000000358,UPI,SUCCESS,56143.22,2026-10-31T01:34:01
ORDER_000000359_PAYMENT,ORDER_000000359,WALLET,SUCCESS,255216.66,2026-04-26T03:54:50
ORDER_000000360_PAYMENT,ORDER_000000360,UPI,SUCCESS,71280.03,2026-08-09T18:58:11
ORDER_000000361_PAYMENT,ORDER_000000361,UPI,SUCCESS,121370.84,2026-02-09T23:08:12
ORDER_000000362_PAYMENT,ORDER_000000362,UPI,SUCCESS,224640.68,2026-10-05T21:51:50
ORDER_000000363_PAYMENT,ORDER_000000363,NET_BANKING,SUCCESS,195008.61,2026-03-17T22:29:36
ORDER_000000364_PAYMENT,ORDER_000000364,UPI,SUCCESS,290083.27,2026-11-15T10:07:07
ORDER_000000365_PAYMENT,ORDER_000000365,DEBIT_CARD,SUCCESS,242010.20,2026-05-16T22:52:05
ORDER_000000366_PAYMENT,ORDER_000000366,CREDIT_CARD,SUCCESS,207055.20,2026-04-11T15:30:48
ORDER_000000367_PAYMENT,ORDER_000000367,UPI,SUCCESS,564508.26,2026-05-12T03:23:10
ORDER_000000368_PAYMENT,ORDER_000000368,UPI,SUCCESS,397392.36,2026-09-26T23:52:33
ORDER_000000369_PAYMENT,ORDER_000000369,UPI,SUCCESS,289644.15,2026-04-10T16:31:51
ORDER_000000370_PAYMENT,ORDER_000000370,WALLET,SUCCESS,198390.87,2026-08-24T14:14
ORDER_000000371_PAYMENT,ORDER_000000371,WALLET,SUCCESS,62478.24,2026-09-14T16:39:22
ORDER_000000372_PAYMENT,ORDER_000000372,UPI,SUCCESS,330170.75,2026-01-14T21:16:08
ORDER_000000373_PAYMENT,ORDER_000000373,UPI,SUCCESS,240498.15,2026-04-11T15:22:05
ORDER_000000374_PAYMENT,ORDER_000000374,UPI,FAILED,336805.78,2026-09-22T04:12:46
ORDER_000000375_PAYMENT,ORDER_000000375,UPI,SUCCESS,155088.14,2026-02-01T07:09:41
ORDER_000000376_PAYMENT,ORDER_000000376,UPI,SUCCESS,268609.39,2026-11-21T19:34:59
ORDER_000000377_PAYMENT,ORDER_000000377,CREDIT_CARD,SUCCESS,298971.50,2026-01-20T18:52:59
ORDER_000000378_PAYMENT,ORDER_000000378,DEBIT_CARD,SUCCESS,553290.79,2026-07-09T06:13:50
ORDER_000000379_PAYMENT,ORDER_000000379,UPI,SUCCESS,131255.84,2026-09-21T01:10:05
ORDER_000000380_PAYMENT,ORDER_000000380,UPI,SUCCESS,267848.94,2026-07-15T12:54:25
ORDER_000000381_PAYMENT,ORDER_000000381,DEBIT_CARD,SUCCESS,142933.10,2026-01-25T03:22:39
ORDER_000000382_PAYMENT,ORDER_000000382,WALLET,SUCCESS,134007.17,2026-06-05T11:39:04
ORDER_000000383_PAYMENT,ORDER_000000383,WALLET,SUCCESS,64920.44,2026-05-10T15:01:56
ORDER_000000384_PAYMENT,ORDER_000000384,CREDIT_CARD,SUCCESS,629541.95,2026-07-11T08:01:22
ORDER_000000385_PAYMENT,ORDER_000000385,UPI,SUCCESS,198198.61,2026-05-08T12:35:40
ORDER_000000386_PAYMENT,ORDER_000000386,NET_BANKING,SUCCESS,442255.70,2026-10-06T03:29:29
ORDER_000000387_PAYMENT,ORDER_000000387,UPI,SUCCESS,294546.52,2026-05-29T23:18:40
ORDER_000000388_PAYMENT,ORDER_000000388,WALLET,SUCCESS,419393.58,2026-09-28T15:15:36
ORDER_000000389_PAYMENT,ORDER_000000389,UPI,SUCCESS,117321.56,2026-07-22T05:52:22
ORDER_000000390_PAYMENT,ORDER_000000390,UPI,SUCCESS,288020.94,2026-06-11T18:31:22
ORDER_000000391_PAYMENT,ORDER_000000391,NET_BANKING,SUCCESS,829634.35,2026-06-20T12:24
ORDER_000000392_PAYMENT,ORDER_000000392,UPI,SUCCESS,381414.16,2026-12-28T14:47:01
ORDER_000000393_PAYMENT,ORDER_000000393,UPI,SUCCESS,232523.36,2026-11-22T01:36:49
ORDER_000000394_PAYMENT,ORDER_000000394,UPI,SUCCESS,274514.72,2026-09-30T10:03:27
ORDER_000000395_PAYMENT,ORDER_000000395,UPI,SUCCESS,274869.39,2026-11-28T17:31:34
ORDER_000000396_PAYMENT,ORDER_000000396,UPI,SUCCESS,119389.80,2026-12-06T07:06:18
ORDER_000000397_PAYMENT,ORDER_000000397,DEBIT_CARD,SUCCESS,353350.03,2026-11-11T22:47:40
ORDER_000000398_PAYMENT,ORDER_000000398,CREDIT_CARD,SUCCESS,74499.89,2026-07-14T23:36:17
ORDER_000000399_PAYMENT,ORDER_000000399,DEBIT_CARD,SUCCESS,519649.48,2026-09-30T18:59:40
ORDER_000000400_PAYMENT,ORDER_000000400,DEBIT_CARD,SUCCESS,163167.01,2026-09-24T12:04:49
ORDER_000000401_PAYMENT,ORDER_000000401,UPI,SUCCESS,351439.57,2026-09-17T12:45:48
ORDER_000000402_PAYMENT,ORDER_000000402,UPI,SUCCESS,262641.60,2026-06-04T08:01:43
ORDER_000000403_PAYMENT,ORDER_000000403,UPI,SUCCESS,310440.06,2026-06-23T02:26:08
ORDER_000000404_PAYMENT,ORDER_000000404,WALLET,SUCCESS,720702.47,2026-03-01T06:01:57
ORDER_000000405_PAYMENT,ORDER_000000405,UPI,SUCCESS,27605.40,2026-12-24T07:46:45
ORDER_000000406_PAYMENT,ORDER_000000406,CREDIT_CARD,SUCCESS,275903.80,2026-09-13T03:41
ORDER_000000407_PAYMENT,ORDER_000000407,DEBIT_CARD,SUCCESS,580798.89,2026-08-21T16:39:29
ORDER_000000408_PAYMENT,ORDER_000000408,CREDIT_CARD,SUCCESS,534545.25,2026-08-19T18:44:13
ORDER_000000409_PAYMENT,ORDER_000000409,DEBIT_CARD,SUCCESS,274704.48,2026-12-11T15:31:48
ORDER_000000410_PAYMENT,ORDER_000000410,CREDIT_CARD,SUCCESS,230881.10,2026-05-07T08:56:01
ORDER_000000411_PAYMENT,ORDER_000000411,UPI,SUCCESS,531926.15,2026-03-10T06:40:30
ORDER_000000412_PAYMENT,ORDER_000000412,UPI,SUCCESS,329856.88,2026-08-19T10:36:07
ORDER_000000413_PAYMENT,ORDER_000000413,NET_BANKING,SUCCESS,183170.77,2026-11-08T21:25:48
ORDER_000000414_PAYMENT,ORDER_000000414,UPI,SUCCESS,687274.42,2026-05-21T21:46:25
ORDER_000000415_PAYMENT,ORDER_000000415,NET_BANKING,SUCCESS,214364.93,2026-08-28T05:16:43
ORDER_000000416_PAYMENT,ORDER_000000416,DEBIT_CARD,SUCCESS,359403.10,2026-10-23T10:59:02
ORDER_000000417_PAYMENT,ORDER_000000417,UPI,SUCCESS,449533.79,2026-03-12T07:52:20
ORDER_000000418_PAYMENT,ORDER_000000418,UPI,SUCCESS,122859.06,2026-04-14T06:54:01
ORDER_000000419_PAYMENT,ORDER_000000419,UPI,SUCCESS,301318.37,2026-09-02T05:10:18
ORDER_000000420_PAYMENT,ORDER_000000420,UPI,SUCCESS,109403.55,2026-02-05T16:46:20
ORDER_000000421_PAYMENT,ORDER_000000421,UPI,SUCCESS,292400.41,2026-04-02T14:19:25
ORDER_000000422_PAYMENT,ORDER_000000422,UPI,SUCCESS,149225.01,2026-02-26T09:25:25
ORDER_000000423_PAYMENT,ORDER_000000423,DEBIT_CARD,SUCCESS,426101.92,2026-11-13T04:36:23
ORDER_000000424_PAYMENT,ORDER_000000424,UPI,SUCCESS,229500.03,2026-01-20T06:09:06
ORDER_000000425_PAYMENT,ORDER_000000425,CREDIT_CARD,SUCCESS,630296.68,2026-01-15T18:34:15
ORDER_000000426_PAYMENT,ORDER_000000426,DEBIT_CARD,SUCCESS,153182.02,2026-03-19T12:12:32
ORDER_000000427_PAYMENT,ORDER_000000427,NET_BANKING,SUCCESS,268423.84,2026-11-30T11:45:21
ORDER_000000428_PAYMENT,ORDER_000000428,WALLET,SUCCESS,347255.35,2026-10-09T14:42:28
ORDER_000000429_PAYMENT,ORDER_000000429,DEBIT_CARD,SUCCESS,397867.33,2026-05-13T00:04:48
ORDER_000000430_PAYMENT,ORDER_000000430,UPI,SUCCESS,323065.43,2026-09-17T20:53:01
ORDER_000000431_PAYMENT,ORDER_000000431,UPI,SUCCESS,335528.19,2026-05-07T00:27:14
ORDER_000000432_PAYMENT,ORDER_000000432,UPI,SUCCESS,123561.68,2026-08-28T06:41:43
ORDER_000000433_PAYMENT,ORDER_000000433,DEBIT_CARD,SUCCESS,235661.08,2026-01-04T23:22:14
ORDER_000000434_PAYMENT,ORDER_000000434,CREDIT_CARD,SUCCESS,347396.92,2026-04-16T23:08:18
ORDER_000000435_PAYMENT,ORDER_000000435,DEBIT_CARD,SUCCESS,240122.50,2026-08-23T00:51:45
ORDER_000000436_PAYMENT,ORDER_000000436,UPI,SUCCESS,47439.91,2026-07-28T06:38:26
ORDER_000000437_PAYMENT,ORDER_000000437,CREDIT_CARD,SUCCESS,311785.76,2026-03-11T07:46:21
ORDER_000000438_PAYMENT,ORDER_000000438,NET_BANKING,SUCCESS,396252.81,2026-06-02T07:09:24
ORDER_000000439_PAYMENT,ORDER_000000439,UPI,SUCCESS,424265.39,2026-10-18T19:13:58
ORDER_000000440_PAYMENT,ORDER_000000440,UPI,SUCCESS,242264.62,2026-10-27T09:58:51
ORDER_000000441_PAYMENT,ORDER_000000441,UPI,SUCCESS,31382.52,2026-01-08T04:00:12
ORDER_000000442_PAYMENT,ORDER_000000442,NET_BANKING,SUCCESS,411029.66,2026-06-06T03:24:48
ORDER_000000443_PAYMENT,ORDER_000000443,UPI,SUCCESS,382152.30,2026-10-06T11:16:59
ORDER_000000444_PAYMENT,ORDER_000000444,UPI,SUCCESS,185271.56,2026-07-09T13:32
ORDER_000000445_PAYMENT,ORDER_000000445,CREDIT_CARD,SUCCESS,189924.37,2026-02-02T16:00:29
ORDER_000000446_PAYMENT,ORDER_000000446,CREDIT_CARD,SUCCESS,543802.14,2026-12-26T19:28:04
ORDER_000000447_PAYMENT,ORDER_000000447,DEBIT_CARD,SUCCESS,417738.67,2026-11-30T17:44:43
ORDER_000000448_PAYMENT,ORDER_000000448,DEBIT_CARD,SUCCESS,355938.75,2026-12-14T23:00:19
ORDER_000000449_PAYMENT,ORDER_000000449,DEBIT_CARD,SUCCESS,42001.13,2026-04-02T23:20:37
ORDER_000000450_PAYMENT,ORDER_000000450,UPI,SUCCESS,94780.53,2026-12-08T11:49:14
ORDER_000000451_PAYMENT,ORDER_000000451,WALLET,SUCCESS,68983.71,2026-11-10T13:01:52
ORDER_000000452_PAYMENT,ORDER_000000452,CREDIT_CARD,SUCCESS,808650.47,2026-05-18T11:41:39
ORDER_000000453_PAYMENT,ORDER_000000453,DEBIT_CARD,SUCCESS,345141.01,2026-05-09T03:56:13
ORDER_000000454_PAYMENT,ORDER_000000454,DEBIT_CARD,SUCCESS,106277.67,2026-11-13T15:03:41
ORDER_000000455_PAYMENT,ORDER_000000455,CREDIT_CARD,SUCCESS,128605.52,2026-06-02T15:22:37
ORDER_000000456_PAYMENT,ORDER_000000456,WALLET,SUCCESS,172236.02,2026-07-21T18:04:24
ORDER_000000457_PAYMENT,ORDER_000000457,CREDIT_CARD,SUCCESS,107018.30,2026-12-25T03:29:24
ORDER_000000458_PAYMENT,ORDER_000000458,UPI,SUCCESS,259344.67,2026-12-18T07:28:39
ORDER_000000459_PAYMENT,ORDER_000000459,CREDIT_CARD,SUCCESS,121872.97,2026-07-25T21:13
ORDER_000000460_PAYMENT,ORDER_000000460,UPI,SUCCESS,203731.80,2026-11-26T05:56:10
ORDER_000000461_PAYMENT,ORDER_000000461,CREDIT_CARD,SUCCESS,182141.90,2026-12-12T10:27:03
ORDER_000000462_PAYMENT,ORDER_000000462,UPI,SUCCESS,431282.88,2026-08-25T12:52:11
ORDER_000000463_PAYMENT,ORDER_000000463,CREDIT_CARD,FAILED,161134.01,2026-12-04T21:58:23
ORDER_000000464_PAYMENT,ORDER_000000464,NET_BANKING,SUCCESS,450060.81,2026-07-24T16:38:20
ORDER_000000465_PAYMENT,ORDER_000000465,CREDIT_CARD,SUCCESS,287643.74,2026-03-20T14:40:33
ORDER_000000466_PAYMENT,ORDER_000000466,CREDIT_CARD,SUCCESS,89334.91,2026-03-11T13:42:19
ORDER_000000467_PAYMENT,ORDER_000000467,UPI,SUCCESS,306938.11,2026-03-10T08:43:52
ORDER_000000468_PAYMENT,ORDER_000000468,NET_BANKING,SUCCESS,470070.50,2026-12-31T10:29:59
ORDER_000000469_PAYMENT,ORDER_000000469,UPI,SUCCESS,227339.56,2026-06-10T17:46:59
ORDER_000000470_PAYMENT,ORDER_000000470,DEBIT_CARD,SUCCESS,350145.56,2026-11-03T12:14:28
ORDER_000000471_PAYMENT,ORDER_000000471,UPI,SUCCESS,288784.69,2026-02-08T14:55:08
ORDER_000000472_PAYMENT,ORDER_000000472,UPI,SUCCESS,105631.95,2026-04-01T10:49
ORDER_000000473_PAYMENT,ORDER_000000473,UPI,SUCCESS,345426.45,2026-07-28T04:32:33
ORDER_000000474_PAYMENT,ORDER_000000474,DEBIT_CARD,SUCCESS,315901.40,2026-06-07T13:05:42
ORDER_000000475_PAYMENT,ORDER_000000475,DEBIT_CARD,SUCCESS,586096.95,2026-07-15T15:09:33
ORDER_000000476_PAYMENT,ORDER_000000476,DEBIT_CARD,SUCCESS,559651.85,2026-08-07T11:16:37
ORDER_000000477_PAYMENT,ORDER_000000477,WALLET,SUCCESS,484465.10,2026-02-02T18:06:22
ORDER_000000478_PAYMENT,ORDER_000000478,DEBIT_CARD,SUCCESS,175451.15,2026-03-21T01:05:12
ORDER_000000479_PAYMENT,ORDER_000000479,CREDIT_CARD,SUCCESS,549133.53,2026-12-10T05:36:37
ORDER_000000480_PAYMENT,ORDER_000000480,DEBIT_CARD,SUCCESS,167509.74,2026-09-01T07:31:24
ORDER_000000481_PAYMENT,ORDER_000000481,DEBIT_CARD,SUCCESS,277756.05,2026-12-22T10:34:59
ORDER_000000482_PAYMENT,ORDER_000000482,UPI,SUCCESS,112454.25,2026-07-06T22:08:32
ORDER_000000483_PAYMENT,ORDER_000000483,WALLET,SUCCESS,179932.08,2026-02-15T04:09:12
ORDER_000000484_PAYMENT,ORDER_000000484,UPI,SUCCESS,515120.05,2026-01-04T19:30:30
ORDER_000000485_PAYMENT,ORDER_000000485,DEBIT_CARD,SUCCESS,501726.88,2026-12-05T00:32:34
ORDER_000000486_PAYMENT,ORDER_000000486,DEBIT_CARD,SUCCESS,431100.90,2026-02-27T12:06:23
ORDER_000000487_PAYMENT,ORDER_000000487,CREDIT_CARD,FAILED,87645.03,2026-01-08T19:23:10
ORDER_000000488_PAYMENT,ORDER_000000488,UPI,SUCCESS,506885.60,2026-10-15T09:22:49
ORDER_000000489_PAYMENT,ORDER_000000489,UPI,SUCCESS,372577.89,2026-01-28T03:19:14
ORDER_000000490_PAYMENT,ORDER_000000490,UPI,SUCCESS,106521.30,2026-08-04T02:10:57
ORDER_000000491_PAYMENT,ORDER_000000491,CREDIT_CARD,SUCCESS,178072.38,2026-06-18T11:30:15
ORDER_000000492_PAYMENT,ORDER_000000492,CREDIT_CARD,SUCCESS,194456.05,2026-07-09T23:53:44
ORDER_000000493_PAYMENT,ORDER_000000493,UPI,FAILED,201070.08,2026-09-13T20:22:32
ORDER_000000494_PAYMENT,ORDER_000000494,UPI,SUCCESS,340728.97,2026-05-11T02:04:27
ORDER_000000495_PAYMENT,ORDER_000000495,UPI,SUCCESS,225858.36,2026-07-19T00:10:28
ORDER_000000496_PAYMENT,ORDER_000000496,DEBIT_CARD,SUCCESS,96263.00,2026-10-26T07:56:21
ORDER_000000497_PAYMENT,ORDER_000000497,DEBIT_CARD,SUCCESS,277347.32,2026-03-10T18:21:59
ORDER_000000498_PAYMENT,ORDER_000000498,UPI,SUCCESS,317401.17,2026-08-11T16:28:27
ORDER_000000499_PAYMENT,ORDER_000000499,WALLET,FAILED,199952.20,2026-09-26T13:41:04
ORDER_000000500_PAYMENT,ORDER_000000500,WALLET,SUCCESS,308261.60,2026-02-15T02:08:24
ORDER_000000501_PAYMENT,ORDER_000000501,UPI,SUCCESS,510590.14,2026-02-18T14:57:17
ORDER_000000502_PAYMENT,ORDER_000000502,DEBIT_CARD,SUCCESS,671634.60,2026-04-15T21:38:50
ORDER_000000503_PAYMENT,ORDER_000000503,DEBIT_CARD,SUCCESS,104630.98,2026-10-26T10:04:27
ORDER_000000504_PAYMENT,ORDER_000000504,UPI,SUCCESS,188040.01,2026-09-25T01:10:33
ORDER_000000505_PAYMENT,ORDER_000000505,UPI,SUCCESS,557450.57,2026-06-08T05:28:05
ORDER_000000506_PAYMENT,ORDER_000000506,UPI,SUCCESS,215681.80,2026-02-22T06:14:25
ORDER_000000507_PAYMENT,ORDER_000000507,UPI,SUCCESS,130194.92,2026-08-21T14:45:48
ORDER_000000508_PAYMENT,ORDER_000000508,NET_BANKING,SUCCESS,467594.93,2026-03-05T20:37:15
ORDER_000000509_PAYMENT,ORDER_000000509,CREDIT_CARD,SUCCESS,240696.70,2026-06-23T00:58:12
ORDER_000000510_PAYMENT,ORDER_000000510,WALLET,SUCCESS,301717.00,2026-08-26T06:14:34
ORDER_000000511_PAYMENT,ORDER_000000511,UPI,SUCCESS,74313.41,2026-03-29T05:22:32
ORDER_000000512_PAYMENT,ORDER_000000512,UPI,SUCCESS,169170.89,2026-09-05T19:11:27
ORDER_000000513_PAYMENT,ORDER_000000513,UPI,SUCCESS,76736.52,2026-06-26T00:41:51
ORDER_000000514_PAYMENT,ORDER_000000514,UPI,SUCCESS,360390.69,2026-03-22T14:13:18
ORDER_000000515_PAYMENT,ORDER_000000515,DEBIT_CARD,SUCCESS,393809.41,2026-07-21T16:55:33
ORDER_000000516_PAYMENT,ORDER_000000516,UPI,SUCCESS,237381.64,2026-01-11T18:44:31
ORDER_000000517_PAYMENT,ORDER_000000517,UPI,SUCCESS,281498.16,2026-08-05T07:32:52
ORDER_000000518_PAYMENT,ORDER_000000518,UPI,SUCCESS,408896.93,2026-06-20T13:49:23
ORDER_000000519_PAYMENT,ORDER_000000519,UPI,SUCCESS,273492.43,2026-01-19T06:31:29
ORDER_000000520_PAYMENT,ORDER_000000520,CREDIT_CARD,FAILED,273850.22,2026-11-12T15:15:39
ORDER_000000521_PAYMENT,ORDER_000000521,WALLET,SUCCESS,356266.18,2026-11-16T06:28:05
ORDER_000000522_PAYMENT,ORDER_000000522,UPI,SUCCESS,492594.75,2026-03-09T22:18:02
ORDER_000000523_PAYMENT,ORDER_000000523,WALLET,SUCCESS,420769.19,2026-03-25T22:50:18
ORDER_000000524_PAYMENT,ORDER_000000524,UPI,SUCCESS,90708.84,2026-06-03T22:38
ORDER_000000525_PAYMENT,ORDER_000000525,DEBIT_CARD,SUCCESS,282559.95,2026-05-19T23:59:57
ORDER_000000526_PAYMENT,ORDER_000000526,UPI,SUCCESS,443975.82,2026-01-25T14:57:46
ORDER_000000527_PAYMENT,ORDER_000000527,UPI,SUCCESS,47859.46,2026-05-14T11:38:14
ORDER_000000528_PAYMENT,ORDER_000000528,NET_BANKING,FAILED,409030.57,2026-01-09T15:26:02
ORDER_000000529_PAYMENT,ORDER_000000529,WALLET,SUCCESS,125389.85,2026-12-15T21:10:25
ORDER_000000530_PAYMENT,ORDER_000000530,NET_BANKING,SUCCESS,555859.54,2026-04-06T15:38:10
ORDER_000000531_PAYMENT,ORDER_000000531,WALLET,SUCCESS,326015.16,2026-09-01T17:39:25
ORDER_000000532_PAYMENT,ORDER_000000532,CREDIT_CARD,SUCCESS,123120.46,2026-11-05T21:53:15
ORDER_000000533_PAYMENT,ORDER_000000533,CREDIT_CARD,SUCCESS,158058.09,2026-11-03T23:24:02
ORDER_000000534_PAYMENT,ORDER_000000534,CREDIT_CARD,SUCCESS,230245.74,2026-10-05T14:13:43
ORDER_000000535_PAYMENT,ORDER_000000535,CREDIT_CARD,SUCCESS,239230.90,2026-10-31T20:57:04
ORDER_000000536_PAYMENT,ORDER_000000536,CREDIT_CARD,SUCCESS,248022.46,2026-10-01T08:16:46
ORDER_000000537_PAYMENT,ORDER_000000537,UPI,SUCCESS,296046.59,2026-12-04T16:10:06
ORDER_000000538_PAYMENT,ORDER_000000538,NET_BANKING,SUCCESS,400556.43,2026-04-12T00:08:37
ORDER_000000539_PAYMENT,ORDER_000000539,WALLET,SUCCESS,363508.26,2026-05-29T03:06:56
ORDER_000000540_PAYMENT,ORDER_000000540,CREDIT_CARD,SUCCESS,139525.62,2026-05-06T09:21:53
ORDER_000000541_PAYMENT,ORDER_000000541,UPI,SUCCESS,304959.44,2026-01-02T20:01:30
ORDER_000000542_PAYMENT,ORDER_000000542,CREDIT_CARD,SUCCESS,586518.47,2026-11-21T08:18:58
ORDER_000000543_PAYMENT,ORDER_000000543,DEBIT_CARD,SUCCESS,226188.20,2026-01-27T00:19:21
ORDER_000000544_PAYMENT,ORDER_000000544,UPI,SUCCESS,419654.65,2026-01-03T05:09:27
ORDER_000000545_PAYMENT,ORDER_000000545,NET_BANKING,SUCCESS,428907.76,2026-02-09T22:59:54
ORDER_000000546_PAYMENT,ORDER_000000546,CREDIT_CARD,SUCCESS,275390.11,2026-08-31T01:35:29
ORDER_000000547_PAYMENT,ORDER_000000547,WALLET,SUCCESS,498942.90,2026-12-28T19:08:18
ORDER_000000548_PAYMENT,ORDER_000000548,UPI,SUCCESS,214977.18,2026-08-28T23:39:42
ORDER_000000549_PAYMENT,ORDER_000000549,WALLET,SUCCESS,611117.23,2026-07-24T10:38:20
ORDER_000000550_PAYMENT,ORDER_000000550,CREDIT_CARD,SUCCESS,356768.36,2026-01-23T21:53:14
ORDER_000000551_PAYMENT,ORDER_000000551,DEBIT_CARD,SUCCESS,504731.71,2026-11-12T07:31:07
ORDER_000000552_PAYMENT,ORDER_000000552,DEBIT_CARD,SUCCESS,369716.29,2026-11-20T02:24:31
ORDER_000000553_PAYMENT,ORDER_000000553,CREDIT_CARD,SUCCESS,361638.34,2026-06-08T08:25:27
ORDER_000000554_PAYMENT,ORDER_000000554,UPI,SUCCESS,401249.24,2026-01-10T16:32:50
ORDER_000000555_PAYMENT,ORDER_000000555,WALLET,SUCCESS,347960.82,2026-01-01T20:22:47
ORDER_000000556_PAYMENT,ORDER_000000556,UPI,SUCCESS,202293.16,2026-08-21T03:43:20
ORDER_000000557_PAYMENT,ORDER_000000557,CREDIT_CARD,SUCCESS,391644.59,2026-09-06T16:49:58
ORDER_000000558_PAYMENT,ORDER_000000558,UPI,SUCCESS,369024.13,2026-05-16T09:11:56
ORDER_000000559_PAYMENT,ORDER_000000559,UPI,SUCCESS,66461.51,2026-12-15T23:54:24
ORDER_000000560_PAYMENT,ORDER_000000560,NET_BANKING,SUCCESS,355779.64,2026-09-03T20:56:34
ORDER_000000561_PAYMENT,ORDER_000000561,UPI,SUCCESS,449219.30,2026-03-31T12:26:30
ORDER_000000562_PAYMENT,ORDER_000000562,CREDIT_CARD,SUCCESS,354373.74,2026-07-14T07:50:57
ORDER_000000563_PAYMENT,ORDER_000000563,UPI,SUCCESS,118598.75,2026-01-08T11:40:31
ORDER_000000564_PAYMENT,ORDER_000000564,NET_BANKING,SUCCESS,150563.95,2026-04-16T21:03:59
ORDER_000000565_PAYMENT,ORDER_000000565,UPI,SUCCESS,730398.73,2026-06-30T10:00:12
ORDER_000000566_PAYMENT,ORDER_000000566,CREDIT_CARD,SUCCESS,398863.52,2026-11-05T11:02:52
ORDER_000000567_PAYMENT,ORDER_000000567,WALLET,SUCCESS,372813.32,2026-09-16T04:31:56
ORDER_000000568_PAYMENT,ORDER_000000568,CREDIT_CARD,SUCCESS,114378.16,2026-01-21T14:57:19
ORDER_000000569_PAYMENT,ORDER_000000569,UPI,SUCCESS,568316.26,2026-02-13T03:26:54
ORDER_000000570_PAYMENT,ORDER_000000570,UPI,SUCCESS,588428.08,2026-01-31T08:52:33
ORDER_000000571_PAYMENT,ORDER_000000571,DEBIT_CARD,FAILED,278206.78,2026-02-15T14:16:33
ORDER_000000572_PAYMENT,ORDER_000000572,CREDIT_CARD,SUCCESS,283317.56,2026-09-10T15:03:50
ORDER_000000573_PAYMENT,ORDER_000000573,UPI,SUCCESS,254534.92,2026-09-13T21:15:17
ORDER_000000574_PAYMENT,ORDER_000000574,UPI,SUCCESS,207982.83,2026-01-16T14:56:25
ORDER_000000575_PAYMENT,ORDER_000000575,WALLET,SUCCESS,449806.31,2026-12-08T06:50:02
ORDER_000000576_PAYMENT,ORDER_000000576,CREDIT_CARD,SUCCESS,195554.04,2026-12-19T15:27:40
ORDER_000000577_PAYMENT,ORDER_000000577,NET_BANKING,SUCCESS,258994.87,2026-06-19T18:17:12
ORDER_000000578_PAYMENT,ORDER_000000578,CREDIT_CARD,SUCCESS,462301.15,2026-03-08T14:40
ORDER_000000579_PAYMENT,ORDER_000000579,DEBIT_CARD,SUCCESS,365260.38,2026-08-18T09:48:47
ORDER_000000580_PAYMENT,ORDER_000000580,CREDIT_CARD,SUCCESS,409994.52,2026-11-14T14:35:01
ORDER_000000581_PAYMENT,ORDER_000000581,WALLET,SUCCESS,44418.92,2026-06-09T07:21:50
ORDER_000000582_PAYMENT,ORDER_000000582,UPI,SUCCESS,357433.00,2026-12-24T17:20:26
ORDER_000000583_PAYMENT,ORDER_000000583,CREDIT_CARD,SUCCESS,170636.64,2026-04-08T02:35:36
ORDER_000000584_PAYMENT,ORDER_000000584,UPI,SUCCESS,83181.28,2026-04-08T10:48:34
ORDER_000000585_PAYMENT,ORDER_000000585,UPI,SUCCESS,435648.34,2026-01-13T01:16:20
ORDER_000000586_PAYMENT,ORDER_000000586,CREDIT_CARD,SUCCESS,433039.52,2026-04-30T17:14:29
ORDER_000000587_PAYMENT,ORDER_000000587,CREDIT_CARD,FAILED,90877.98,2026-03-23T23:15:44
ORDER_000000588_PAYMENT,ORDER_000000588,WALLET,SUCCESS,145165.22,2026-07-11T16:57:24
ORDER_000000589_PAYMENT,ORDER_000000589,UPI,SUCCESS,269960.25,2026-07-15T12:35:25
ORDER_000000590_PAYMENT,ORDER_000000590,CREDIT_CARD,SUCCESS,367724.28,2026-03-31T23:40:10
ORDER_000000591_PAYMENT,ORDER_000000591,DEBIT_CARD,SUCCESS,223589.68,2026-10-21T14:45:04
ORDER_000000592_PAYMENT,ORDER_000000592,NET_BANKING,SUCCESS,146330.23,2026-01-06T01:05:19
ORDER_000000593_PAYMENT,ORDER_000000593,WALLET,SUCCESS,271076.09,2026-02-15T23:19:41
ORDER_000000594_PAYMENT,ORDER_000000594,UPI,SUCCESS,299277.31,2026-10-11T07:25:08
ORDER_000000595_PAYMENT,ORDER_000000595,UPI,SUCCESS,188504.20,2026-11-30T03:26:36
ORDER_000000596_PAYMENT,ORDER_000000596,WALLET,SUCCESS,267378.86,2026-12-24T00:04:05
ORDER_000000597_PAYMENT,ORDER_000000597,UPI,SUCCESS,203495.84,2026-08-27T08:48:17
ORDER_000000598_PAYMENT,ORDER_000000598,UPI,SUCCESS,204297.10,2026-02-10T14:42:26
ORDER_000000599_PAYMENT,ORDER_000000599,DEBIT_CARD,SUCCESS,687756.00,2026-07-03T17:05:28
ORDER_000000600_PAYMENT,ORDER_000000600,UPI,SUCCESS,125683.08,2026-04-12T15:05:13
ORDER_000000601_PAYMENT,ORDER_000000601,NET_BANKING,SUCCESS,384716.42,2026-09-20T04:40:51
ORDER_000000602_PAYMENT,ORDER_000000602,UPI,SUCCESS,634249.14,2026-02-06T19:27:34
ORDER_000000603_PAYMENT,ORDER_000000603,UPI,SUCCESS,235009.47,2026-09-25T22:13:16
ORDER_000000604_PAYMENT,ORDER_000000604,CREDIT_CARD,SUCCESS,186031.76,2026-06-11T06:39:45
ORDER_000000605_PAYMENT,ORDER_000000605,UPI,SUCCESS,172192.30,2026-08-15T23:39:16
ORDER_000000606_PAYMENT,ORDER_000000606,UPI,SUCCESS,207862.87,2026-03-21T08:48:42
ORDER_000000607_PAYMENT,ORDER_000000607,UPI,SUCCESS,568976.33,2026-03-29T00:57:56
ORDER_000000608_PAYMENT,ORDER_000000608,UPI,SUCCESS,244280.84,2026-08-27T16:40:59
ORDER_000000609_PAYMENT,ORDER_000000609,CREDIT_CARD,SUCCESS,236572.36,2026-06-21T23:04:30
ORDER_000000610_PAYMENT,ORDER_000000610,UPI,SUCCESS,359715.61,2026-04-10T14:44:42
ORDER_000000611_PAYMENT,ORDER_000000611,NET_BANKING,SUCCESS,544545.50,2026-01-12T13:01:32
ORDER_000000612_PAYMENT,ORDER_000000612,WALLET,SUCCESS,119709.66,2026-11-13T08:07:27
ORDER_000000613_PAYMENT,ORDER_000000613,NET_BANKING,FAILED,292082.14,2026-10-08T09:36:55
ORDER_000000614_PAYMENT,ORDER_000000614,UPI,SUCCESS,334936.33,2026-02-18T22:29:36
ORDER_000000615_PAYMENT,ORDER_000000615,DEBIT_CARD,SUCCESS,378088.80,2026-01-26T03:10:39
ORDER_000000616_PAYMENT,ORDER_000000616,CREDIT_CARD,SUCCESS,292218.48,2026-01-31T02:56:07
ORDER_000000617_PAYMENT,ORDER_000000617,UPI,SUCCESS,451021.29,2026-04-06T08:42
ORDER_000000618_PAYMENT,ORDER_000000618,DEBIT_CARD,SUCCESS,223907.26,2026-10-08T19:43:20
ORDER_000000619_PAYMENT,ORDER_000000619,CREDIT_CARD,SUCCESS,332329.91,2026-07-29T05:02:25
ORDER_000000620_PAYMENT,ORDER_000000620,UPI,SUCCESS,358324.90,2026-05-20T21:32:18
ORDER_000000621_PAYMENT,ORDER_000000621,UPI,SUCCESS,70871.74,2026-12-19T18:07:53
ORDER_000000622_PAYMENT,ORDER_000000622,UPI,SUCCESS,398495.30,2026-09-12T14:34:51
ORDER_000000623_PAYMENT,ORDER_000000623,UPI,SUCCESS,314514.79,2026-03-24T22:00:56
ORDER_000000624_PAYMENT,ORDER_000000624,UPI,SUCCESS,172454.70,2026-08-23T22:14:50
ORDER_000000625_PAYMENT,ORDER_000000625,UPI,SUCCESS,189467.63,2026-05-21T04:07:25
ORDER_000000626_PAYMENT,ORDER_000000626,UPI,FAILED,194635.66,2026-12-04T21:58:32
ORDER_000000627_PAYMENT,ORDER_000000627,DEBIT_CARD,SUCCESS,215823.49,2026-09-05T04:42:08
ORDER_000000628_PAYMENT,ORDER_000000628,DEBIT_CARD,SUCCESS,256711.88,2026-12-27T06:39:24
ORDER_000000629_PAYMENT,ORDER_000000629,CREDIT_CARD,SUCCESS,284556.35,2026-10-18T07:57:08
ORDER_000000630_PAYMENT,ORDER_000000630,UPI,SUCCESS,294573.71,2026-04-30T04:56:11
ORDER_000000631_PAYMENT,ORDER_000000631,UPI,SUCCESS,427677.06,2026-09-20T12:12:37
ORDER_000000632_PAYMENT,ORDER_000000632,CREDIT_CARD,SUCCESS,220349.07,2026-03-29T05:54:27
ORDER_000000633_PAYMENT,ORDER_000000633,CREDIT_CARD,SUCCESS,110764.90,2026-12-04T13:39:31
ORDER_000000634_PAYMENT,ORDER_000000634,UPI,FAILED,202659.56,2026-04-29T17:48:37
ORDER_000000635_PAYMENT,ORDER_000000635,WALLET,SUCCESS,80621.85,2026-04-20T11:43:50
ORDER_000000636_PAYMENT,ORDER_000000636,WALLET,SUCCESS,463694.06,2026-05-02T05:27:16
ORDER_000000637_PAYMENT,ORDER_000000637,UPI,SUCCESS,365351.20,2026-10-04T17:02
ORDER_000000638_PAYMENT,ORDER_000000638,UPI,SUCCESS,372097.90,2026-06-26T11:19:39
ORDER_000000639_PAYMENT,ORDER_000000639,CREDIT_CARD,SUCCESS,268013.05,2026-06-19T02:14:41
ORDER_000000640_PAYMENT,ORDER_000000640,UPI,FAILED,200970.98,2026-02-03T15:54
ORDER_000000641_PAYMENT,ORDER_000000641,UPI,SUCCESS,164289.58,2026-02-12T13:45:52
ORDER_000000642_PAYMENT,ORDER_000000642,UPI,SUCCESS,368873.75,2026-02-08T11:50:01
ORDER_000000643_PAYMENT,ORDER_000000643,UPI,SUCCESS,85477.62,2026-05-26T05:05
ORDER_000000644_PAYMENT,ORDER_000000644,UPI,SUCCESS,292636.49,2026-07-09T20:24:40
ORDER_000000645_PAYMENT,ORDER_000000645,UPI,SUCCESS,209698.16,2026-04-22T10:50:38
ORDER_000000646_PAYMENT,ORDER_000000646,NET_BANKING,SUCCESS,282533.81,2026-09-15T11:39:36
ORDER_000000647_PAYMENT,ORDER_000000647,WALLET,SUCCESS,136060.47,2026-10-23T19:21:03
ORDER_000000648_PAYMENT,ORDER_000000648,DEBIT_CARD,SUCCESS,373297.79,2026-09-09T10:09:44
ORDER_000000649_PAYMENT,ORDER_000000649,UPI,SUCCESS,303330.27,2026-10-30T10:42:26
ORDER_000000650_PAYMENT,ORDER_000000650,UPI,SUCCESS,486491.62,2026-11-24T08:35:56
ORDER_000000651_PAYMENT,ORDER_000000651,WALLET,SUCCESS,159934.19,2026-06-24T03:11:43
ORDER_000000652_PAYMENT,ORDER_000000652,CREDIT_CARD,SUCCESS,391504.68,2026-06-07T08:56:52
ORDER_000000653_PAYMENT,ORDER_000000653,DEBIT_CARD,SUCCESS,360982.00,2026-07-01T09:38:33
ORDER_000000654_PAYMENT,ORDER_000000654,WALLET,SUCCESS,36306.23,2026-08-13T20:52:02
ORDER_000000655_PAYMENT,ORDER_000000655,UPI,SUCCESS,512386.96,2026-02-28T00:02:58
ORDER_000000656_PAYMENT,ORDER_000000656,UPI,SUCCESS,234462.69,2026-06-05T06:37:50
ORDER_000000657_PAYMENT,ORDER_000000657,DEBIT_CARD,SUCCESS,327763.23,2026-08-31T13:45:23
ORDER_000000658_PAYMENT,ORDER_000000658,CREDIT_CARD,SUCCESS,501808.20,2026-10-15T21:52:58
ORDER_000000659_PAYMENT,ORDER_000000659,WALLET,SUCCESS,159011.04,2026-05-17T15:13:27
ORDER_000000660_PAYMENT,ORDER_000000660,UPI,SUCCESS,225242.41,2026-01-04T21:36:47
ORDER_000000661_PAYMENT,ORDER_000000661,UPI,SUCCESS,128885.95,2026-02-08T13:08:21
ORDER_000000662_PAYMENT,ORDER_000000662,WALLET,SUCCESS,628462.64,2026-09-09T23:38:53
ORDER_000000663_PAYMENT,ORDER_000000663,UPI,SUCCESS,435730.64,2026-12-15T14:11:51
ORDER_000000664_PAYMENT,ORDER_000000664,CREDIT_CARD,SUCCESS,458193.46,2026-03-24T09:41:06
ORDER_000000665_PAYMENT,ORDER_000000665,NET_BANKING,SUCCESS,410683.04,2026-04-28T19:10:26
ORDER_000000666_PAYMENT,ORDER_000000666,CREDIT_CARD,SUCCESS,246075.34,2026-12-16T05:27:33
ORDER_000000667_PAYMENT,ORDER_000000667,CREDIT_CARD,SUCCESS,174210.57,2026-09-24T14:45:33
ORDER_000000668_PAYMENT,ORDER_000000668,DEBIT_CARD,FAILED,138144.47,2026-07-23T03:01:48
ORDER_000000669_PAYMENT,ORDER_000000669,WALLET,SUCCESS,242062.01,2026-05-23T13:52:37
ORDER_000000670_PAYMENT,ORDER_000000670,CREDIT_CARD,SUCCESS,165458.76,2026-11-20T19:07:36
ORDER_000000671_PAYMENT,ORDER_000000671,DEBIT_CARD,SUCCESS,519958.32,2026-11-06T13:38:33
ORDER_000000672_PAYMENT,ORDER_000000672,WALLET,SUCCESS,429617.56,2026-11-28T07:24:42
ORDER_000000673_PAYMENT,ORDER_000000673,NET_BANKING,FAILED,434591.72,2026-05-17T20:13:57
ORDER_000000674_PAYMENT,ORDER_000000674,CREDIT_CARD,SUCCESS,257143.34,2026-10-08T03:56:53
ORDER_000000675_PAYMENT,ORDER_000000675,UPI,SUCCESS,81753.69,2026-02-12T04:29:54
ORDER_000000676_PAYMENT,ORDER_000000676,NET_BANKING,SUCCESS,446762.77,2026-08-31T18:58:13
ORDER_000000677_PAYMENT,ORDER_000000677,UPI,FAILED,495565.08,2026-05-02T19:47:43
ORDER_000000678_PAYMENT,ORDER_000000678,CREDIT_CARD,SUCCESS,167473.60,2026-07-30T19:13:05
ORDER_000000679_PAYMENT,ORDER_000000679,CREDIT_CARD,SUCCESS,381624.12,2026-06-06T20:48:17
ORDER_000000680_PAYMENT,ORDER_000000680,WALLET,SUCCESS,279386.64,2026-11-22T04:40:36
ORDER_000000681_PAYMENT,ORDER_000000681,WALLET,FAILED,261753.56,2026-12-04T09:03:32
ORDER_000000682_PAYMENT,ORDER_000000682,DEBIT_CARD,SUCCESS,395715.36,2026-09-17T00:14:01
ORDER_000000683_PAYMENT,ORDER_000000683,WALLET,SUCCESS,381615.84,2026-08-26T21:11:38
ORDER_000000684_PAYMENT,ORDER_000000684,UPI,SUCCESS,629850.64,2026-09-20T23:40:11
ORDER_000000685_PAYMENT,ORDER_000000685,UPI,SUCCESS,45903.06,2026-11-24T19:33:32
ORDER_000000686_PAYMENT,ORDER_000000686,UPI,SUCCESS,176281.65,2026-12-13T09:44:57
ORDER_000000687_PAYMENT,ORDER_000000687,UPI,SUCCESS,422137.52,2026-02-05T12:16:38
ORDER_000000688_PAYMENT,ORDER_000000688,NET_BANKING,SUCCESS,173357.76,2026-01-21T15:49:59
ORDER_000000689_PAYMENT,ORDER_000000689,UPI,SUCCESS,389723.52,2026-03-25T14:38:30
ORDER_000000690_PAYMENT,ORDER_000000690,UPI,SUCCESS,400335.99,2026-06-17T19:11:56
ORDER_000000691_PAYMENT,ORDER_000000691,CREDIT_CARD,SUCCESS,473905.11,2026-12-09T13:45:38
ORDER_000000692_PAYMENT,ORDER_000000692,NET_BANKING,FAILED,124709.04,2026-01-22T14:01:46
ORDER_000000693_PAYMENT,ORDER_000000693,UPI,SUCCESS,307132.28,2026-07-03T12:16:26
ORDER_000000694_PAYMENT,ORDER_000000694,NET_BANKING,SUCCESS,259706.42,2026-09-08T20:29:40
ORDER_000000695_PAYMENT,ORDER_000000695,UPI,SUCCESS,197689.70,2026-04-06T03:56:09
ORDER_000000696_PAYMENT,ORDER_000000696,DEBIT_CARD,SUCCESS,447244.65,2026-11-20T09:26:02
ORDER_000000697_PAYMENT,ORDER_000000697,UPI,SUCCESS,190975.54,2026-08-24T16:44:28
ORDER_000000698_PAYMENT,ORDER_000000698,UPI,SUCCESS,142759.22,2026-05-27T04:38:35
ORDER_000000699_PAYMENT,ORDER_000000699,DEBIT_CARD,SUCCESS,611334.45,2026-03-02T22:13:08
ORDER_000000700_PAYMENT,ORDER_000000700,NET_BANKING,SUCCESS,641216.15,2026-08-25T22:09:50
ORDER_000000701_PAYMENT,ORDER_000000701,CREDIT_CARD,SUCCESS,632635.57,2026-03-30T10:08:29
ORDER_000000702_PAYMENT,ORDER_000000702,UPI,SUCCESS,362229.33,2026-04-10T00:49:28
ORDER_000000703_PAYMENT,ORDER_000000703,UPI,SUCCESS,66587.45,2026-10-22T15:14:38
ORDER_000000704_PAYMENT,ORDER_000000704,UPI,SUCCESS,244525.82,2026-04-05T14:46:51
ORDER_000000705_PAYMENT,ORDER_000000705,UPI,SUCCESS,457250.78,2026-05-29T21:10:14
ORDER_000000706_PAYMENT,ORDER_000000706,UPI,FAILED,748465.75,2026-03-20T10:44:46
ORDER_000000707_PAYMENT,ORDER_000000707,UPI,SUCCESS,42987.97,2026-06-08T10:21:31
ORDER_000000708_PAYMENT,ORDER_000000708,CREDIT_CARD,SUCCESS,61511.86,2026-02-15T01:10:11
ORDER_000000709_PAYMENT,ORDER_000000709,CREDIT_CARD,SUCCESS,267465.32,2026-03-29T01:55:08
ORDER_000000710_PAYMENT,ORDER_000000710,UPI,SUCCESS,175758.51,2026-12-08T22:17:04
ORDER_000000711_PAYMENT,ORDER_000000711,DEBIT_CARD,SUCCESS,856530.30,2026-10-30T17:06:07
ORDER_000000712_PAYMENT,ORDER_000000712,CREDIT_CARD,SUCCESS,403533.07,2026-12-16T02:27:26
ORDER_000000713_PAYMENT,ORDER_000000713,DEBIT_CARD,SUCCESS,184990.18,2026-04-30T05:46:41
ORDER_000000714_PAYMENT,ORDER_000000714,UPI,SUCCESS,392414.54,2026-07-13T05:59:54
ORDER_000000715_PAYMENT,ORDER_000000715,UPI,SUCCESS,91307.27,2026-03-03T10:51:22
ORDER_000000716_PAYMENT,ORDER_000000716,CREDIT_CARD,SUCCESS,312642.24,2026-04-12T12:04:56
ORDER_000000717_PAYMENT,ORDER_000000717,CREDIT_CARD,SUCCESS,40300.56,2026-05-24T05:54:51
ORDER_000000718_PAYMENT,ORDER_000000718,UPI,SUCCESS,235682.06,2026-10-29T18:23:51
ORDER_000000719_PAYMENT,ORDER_000000719,UPI,SUCCESS,243033.74,2026-08-14T07:38:52
ORDER_000000720_PAYMENT,ORDER_000000720,CREDIT_CARD,SUCCESS,61131.56,2026-07-02T16:57:24
ORDER_000000721_PAYMENT,ORDER_000000721,NET_BANKING,SUCCESS,233344.63,2026-09-20T10:54:34
ORDER_000000722_PAYMENT,ORDER_000000722,UPI,SUCCESS,236040.72,2026-07-22T11:15:37
ORDER_000000723_PAYMENT,ORDER_000000723,WALLET,SUCCESS,268314.33,2026-03-30T00:11:51
ORDER_000000724_PAYMENT,ORDER_000000724,UPI,SUCCESS,207896.44,2026-12-29T20:43:44
ORDER_000000725_PAYMENT,ORDER_000000725,CREDIT_CARD,SUCCESS,613859.82,2026-03-13T10:14:57
ORDER_000000726_PAYMENT,ORDER_000000726,NET_BANKING,SUCCESS,374930.62,2026-06-18T21:32:05
ORDER_000000727_PAYMENT,ORDER_000000727,CREDIT_CARD,SUCCESS,176969.45,2026-08-12T03:29:07
ORDER_000000728_PAYMENT,ORDER_000000728,DEBIT_CARD,SUCCESS,88617.44,2026-01-06T15:05:06
ORDER_000000729_PAYMENT,ORDER_000000729,NET_BANKING,SUCCESS,256897.19,2026-10-06T15:56:24
ORDER_000000730_PAYMENT,ORDER_000000730,UPI,SUCCESS,115916.78,2026-10-11T00:19:42
ORDER_000000731_PAYMENT,ORDER_000000731,UPI,SUCCESS,264024.70,2026-12-29T19:32:35
ORDER_000000732_PAYMENT,ORDER_000000732,UPI,SUCCESS,268947.59,2026-12-04T03:04:49
ORDER_000000733_PAYMENT,ORDER_000000733,UPI,SUCCESS,283409.68,2026-03-23T10:32:36
ORDER_000000734_PAYMENT,ORDER_000000734,DEBIT_CARD,SUCCESS,358265.08,2026-07-16T18:11:17
ORDER_000000735_PAYMENT,ORDER_000000735,UPI,SUCCESS,145903.22,2026-04-03T21:52:22
ORDER_000000736_PAYMENT,ORDER_000000736,DEBIT_CARD,SUCCESS,318071.84,2026-06-21T18:16:38
ORDER_000000737_PAYMENT,ORDER_000000737,UPI,SUCCESS,679799.92,2026-09-08T13:54:41
ORDER_000000738_PAYMENT,ORDER_000000738,NET_BANKING,SUCCESS,97262.92,2026-03-24T04:08:23
ORDER_000000739_PAYMENT,ORDER_000000739,NET_BANKING,SUCCESS,68746.13,2026-06-23T04:53:20
ORDER_000000740_PAYMENT,ORDER_000000740,CREDIT_CARD,SUCCESS,151875.00,2026-11-04T22:51:14
ORDER_000000741_PAYMENT,ORDER_000000741,UPI,SUCCESS,384784.70,2026-07-14T09:56:49
ORDER_000000742_PAYMENT,ORDER_000000742,UPI,SUCCESS,195850.13,2026-01-25T23:05:42
ORDER_000000743_PAYMENT,ORDER_000000743,UPI,SUCCESS,201890.71,2026-01-07T18:43:21
ORDER_000000744_PAYMENT,ORDER_000000744,UPI,SUCCESS,183534.79,2026-12-21T01:33:29
ORDER_000000745_PAYMENT,ORDER_000000745,UPI,SUCCESS,331573.96,2026-10-22T17:38:45
ORDER_000000746_PAYMENT,ORDER_000000746,NET_BANKING,SUCCESS,445841.12,2026-12-13T16:57:29
ORDER_000000747_PAYMENT,ORDER_000000747,CREDIT_CARD,SUCCESS,112701.62,2026-04-04T11:56:51
ORDER_000000748_PAYMENT,ORDER_000000748,CREDIT_CARD,SUCCESS,127434.06,2026-10-25T08:43:36
ORDER_000000749_PAYMENT,ORDER_000000749,DEBIT_CARD,SUCCESS,540446.22,2026-01-31T09:32:30
ORDER_000000750_PAYMENT,ORDER_000000750,NET_BANKING,SUCCESS,445840.50,2026-10-31T01:14:29
ORDER_000000751_PAYMENT,ORDER_000000751,CREDIT_CARD,SUCCESS,509869.10,2026-03-23T01:41:23
ORDER_000000752_PAYMENT,ORDER_000000752,UPI,SUCCESS,240921.37,2026-01-15T14:09:28
ORDER_000000753_PAYMENT,ORDER_000000753,UPI,SUCCESS,564051.64,2026-02-07T19:28:31
ORDER_000000754_PAYMENT,ORDER_000000754,UPI,SUCCESS,210416.84,2026-02-06T15:02:23
ORDER_000000755_PAYMENT,ORDER_000000755,UPI,SUCCESS,129863.91,2026-09-04T21:02:16
ORDER_000000756_PAYMENT,ORDER_000000756,NET_BANKING,SUCCESS,377041.78,2026-07-15T10:47:16
ORDER_000000757_PAYMENT,ORDER_000000757,NET_BANKING,SUCCESS,451968.66,2026-10-18T21:27:45
ORDER_000000758_PAYMENT,ORDER_000000758,UPI,SUCCESS,238534.57,2026-05-11T17:12:15
ORDER_000000759_PAYMENT,ORDER_000000759,UPI,SUCCESS,439267.76,2026-10-01T19:39:26
ORDER_000000760_PAYMENT,ORDER_000000760,CREDIT_CARD,SUCCESS,86022.31,2026-03-15T22:56:20
ORDER_000000761_PAYMENT,ORDER_000000761,CREDIT_CARD,SUCCESS,181135.82,2026-10-11T10:41:41
ORDER_000000762_PAYMENT,ORDER_000000762,WALLET,FAILED,10898.52,2026-08-31T18:05:27
ORDER_000000763_PAYMENT,ORDER_000000763,DEBIT_CARD,SUCCESS,555379.35,2026-04-11T05:53:30
ORDER_000000764_PAYMENT,ORDER_000000764,UPI,SUCCESS,62565.02,2026-06-14T02:35:36
ORDER_000000765_PAYMENT,ORDER_000000765,UPI,SUCCESS,663994.18,2026-08-05T07:59:55
ORDER_000000766_PAYMENT,ORDER_000000766,DEBIT_CARD,SUCCESS,530983.44,2026-10-19T01:46:26
ORDER_000000767_PAYMENT,ORDER_000000767,UPI,SUCCESS,887205.50,2026-08-25T11:18:57
ORDER_000000768_PAYMENT,ORDER_000000768,NET_BANKING,SUCCESS,333833.74,2026-02-05T05:43:29
ORDER_000000769_PAYMENT,ORDER_000000769,WALLET,SUCCESS,229104.23,2026-02-12T12:21:29
ORDER_000000770_PAYMENT,ORDER_000000770,DEBIT_CARD,FAILED,500672.79,2026-02-24T16:40:25
ORDER_000000771_PAYMENT,ORDER_000000771,CREDIT_CARD,SUCCESS,29842.21,2026-11-25T01:48:17
ORDER_000000772_PAYMENT,ORDER_000000772,DEBIT_CARD,SUCCESS,543927.24,2026-06-28T18:48:49
ORDER_000000773_PAYMENT,ORDER_000000773,UPI,SUCCESS,80878.13,2026-05-05T00:46:09
ORDER_000000774_PAYMENT,ORDER_000000774,DEBIT_CARD,SUCCESS,761583.24,2026-03-10T00:50:46
ORDER_000000775_PAYMENT,ORDER_000000775,UPI,SUCCESS,412858.51,2026-06-24T14:47:14
ORDER_000000776_PAYMENT,ORDER_000000776,CREDIT_CARD,SUCCESS,383611.75,2026-12-26T23:21:40
ORDER_000000777_PAYMENT,ORDER_000000777,DEBIT_CARD,SUCCESS,431569.59,2026-10-09T00:01:03
ORDER_000000778_PAYMENT,ORDER_000000778,UPI,SUCCESS,104405.93,2026-05-15T00:01:55
ORDER_000000779_PAYMENT,ORDER_000000779,UPI,SUCCESS,214068.71,2026-10-05T08:49:25
ORDER_000000780_PAYMENT,ORDER_000000780,CREDIT_CARD,SUCCESS,743439.90,2026-06-25T00:45:40
ORDER_000000781_PAYMENT,ORDER_000000781,CREDIT_CARD,SUCCESS,114662.87,2026-09-21T10:37:49
ORDER_000000782_PAYMENT,ORDER_000000782,UPI,SUCCESS,297892.44,2026-04-26T07:41:37
ORDER_000000783_PAYMENT,ORDER_000000783,DEBIT_CARD,SUCCESS,100708.44,2026-02-23T17:01:28
ORDER_000000784_PAYMENT,ORDER_000000784,WALLET,SUCCESS,509671.58,2026-12-09T02:04:43
ORDER_000000785_PAYMENT,ORDER_000000785,UPI,SUCCESS,98350.20,2026-09-11T16:20:27
ORDER_000000786_PAYMENT,ORDER_000000786,UPI,SUCCESS,195670.01,2026-09-27T21:38:47
ORDER_000000787_PAYMENT,ORDER_000000787,CREDIT_CARD,SUCCESS,600099.91,2026-05-30T11:43:34
ORDER_000000788_PAYMENT,ORDER_000000788,UPI,SUCCESS,460902.05,2026-09-28T23:56:25
ORDER_000000789_PAYMENT,ORDER_000000789,UPI,FAILED,243979.16,2026-11-11T12:31:43
ORDER_000000790_PAYMENT,ORDER_000000790,DEBIT_CARD,SUCCESS,608382.80,2026-07-02T03:57:06
ORDER_000000791_PAYMENT,ORDER_000000791,UPI,SUCCESS,318534.30,2026-11-27T12:00:15
ORDER_000000792_PAYMENT,ORDER_000000792,UPI,SUCCESS,128597.40,2026-09-29T13:45:27
ORDER_000000793_PAYMENT,ORDER_000000793,UPI,SUCCESS,172149.50,2026-10-30T18:40:22
ORDER_000000794_PAYMENT,ORDER_000000794,UPI,SUCCESS,541697.76,2026-12-10T17:46:24
ORDER_000000795_PAYMENT,ORDER_000000795,CREDIT_CARD,SUCCESS,225973.42,2026-01-25T14:59:29
ORDER_000000796_PAYMENT,ORDER_000000796,CREDIT_CARD,SUCCESS,495238.46,2026-05-31T18:42:07
ORDER_000000797_PAYMENT,ORDER_000000797,NET_BANKING,SUCCESS,133025.28,2026-03-03T08:20:50
ORDER_000000798_PAYMENT,ORDER_000000798,NET_BANKING,SUCCESS,688397.52,2026-02-12T08:52:40
ORDER_000000799_PAYMENT,ORDER_000000799,DEBIT_CARD,SUCCESS,48202.41,2026-02-09T00:44:25
ORDER_000000800_PAYMENT,ORDER_000000800,UPI,SUCCESS,111607.04,2026-04-23T15:50:14
ORDER_000000801_PAYMENT,ORDER_000000801,DEBIT_CARD,SUCCESS,340704.68,2026-10-24T13:59:02
ORDER_000000802_PAYMENT,ORDER_000000802,CREDIT_CARD,SUCCESS,273742.76,2026-10-04T16:46:57
ORDER_000000803_PAYMENT,ORDER_000000803,UPI,SUCCESS,180568.39,2026-09-12T14:37:09
ORDER_000000804_PAYMENT,ORDER_000000804,DEBIT_CARD,SUCCESS,90690.92,2026-10-23T11:15:38
ORDER_000000805_PAYMENT,ORDER_000000805,UPI,SUCCESS,29356.21,2026-11-30T05:49:16
ORDER_000000806_PAYMENT,ORDER_000000806,UPI,SUCCESS,355677.57,2026-07-23T13:00:22
ORDER_000000807_PAYMENT,ORDER_000000807,CREDIT_CARD,SUCCESS,518042.04,2026-01-21T18:36:42
ORDER_000000808_PAYMENT,ORDER_000000808,DEBIT_CARD,SUCCESS,278349.00,2026-12-27T18:32:25
ORDER_000000809_PAYMENT,ORDER_000000809,CREDIT_CARD,SUCCESS,438097.41,2026-09-05T07:29:38
ORDER_000000810_PAYMENT,ORDER_000000810,DEBIT_CARD,SUCCESS,220112.37,2026-11-11T13:37:41
ORDER_000000811_PAYMENT,ORDER_000000811,DEBIT_CARD,SUCCESS,78377.11,2026-02-12T09:50:09
ORDER_000000812_PAYMENT,ORDER_000000812,UPI,SUCCESS,99892.10,2026-12-29T07:29:43
ORDER_000000813_PAYMENT,ORDER_000000813,DEBIT_CARD,SUCCESS,305687.81,2026-09-07T17:38:32
ORDER_000000814_PAYMENT,ORDER_000000814,DEBIT_CARD,SUCCESS,52414.82,2026-06-05T07:55:49
ORDER_000000815_PAYMENT,ORDER_000000815,UPI,SUCCESS,288785.40,2026-09-09T12:44:34
ORDER_000000816_PAYMENT,ORDER_000000816,UPI,SUCCESS,513516.08,2026-01-09T09:26:05
ORDER_000000817_PAYMENT,ORDER_000000817,CREDIT_CARD,SUCCESS,111104.51,2026-04-17T03:22:14
ORDER_000000818_PAYMENT,ORDER_000000818,UPI,SUCCESS,44110.25,2026-07-09T16:32:10
ORDER_000000819_PAYMENT,ORDER_000000819,UPI,SUCCESS,667004.73,2026-05-11T14:04:52
ORDER_000000820_PAYMENT,ORDER_000000820,DEBIT_CARD,SUCCESS,347253.90,2026-10-23T20:08:01
ORDER_000000821_PAYMENT,ORDER_000000821,WALLET,SUCCESS,179237.35,2026-10-07T01:47:19
ORDER_000000822_PAYMENT,ORDER_000000822,NET_BANKING,SUCCESS,620926.66,2026-01-13T18:47:59
ORDER_000000823_PAYMENT,ORDER_000000823,CREDIT_CARD,SUCCESS,121398.35,2026-11-08T14:02:11
ORDER_000000824_PAYMENT,ORDER_000000824,UPI,SUCCESS,343829.21,2026-01-12T06:53:07
ORDER_000000825_PAYMENT,ORDER_000000825,DEBIT_CARD,SUCCESS,148682.50,2026-07-14T16:32:47
ORDER_000000826_PAYMENT,ORDER_000000826,DEBIT_CARD,SUCCESS,243829.17,2026-03-15T07:05:37
ORDER_000000827_PAYMENT,ORDER_000000827,WALLET,SUCCESS,166274.55,2026-10-13T13:44:23
ORDER_000000828_PAYMENT,ORDER_000000828,DEBIT_CARD,SUCCESS,484671.67,2026-11-15T00:53:15
ORDER_000000829_PAYMENT,ORDER_000000829,UPI,SUCCESS,255580.44,2026-11-03T09:03:52
ORDER_000000830_PAYMENT,ORDER_000000830,DEBIT_CARD,SUCCESS,59778.98,2026-03-13T19:35:05
ORDER_000000831_PAYMENT,ORDER_000000831,UPI,SUCCESS,278881.34,2026-05-13T07:02:29
ORDER_000000832_PAYMENT,ORDER_000000832,WALLET,SUCCESS,333006.08,2026-12-17T20:14:08
ORDER_000000833_PAYMENT,ORDER_000000833,DEBIT_CARD,SUCCESS,83441.03,2026-02-18T12:51:49
ORDER_000000834_PAYMENT,ORDER_000000834,NET_BANKING,SUCCESS,316137.74,2026-10-10T01:49:13
ORDER_000000835_PAYMENT,ORDER_000000835,UPI,SUCCESS,101120.42,2026-08-01T06:07:15
ORDER_000000836_PAYMENT,ORDER_000000836,DEBIT_CARD,SUCCESS,334831.73,2026-04-12T00:38:17
ORDER_000000837_PAYMENT,ORDER_000000837,UPI,SUCCESS,134509.15,2026-12-10T20:44:01
ORDER_000000838_PAYMENT,ORDER_000000838,DEBIT_CARD,SUCCESS,208704.26,2026-04-13T11:47:08
ORDER_000000839_PAYMENT,ORDER_000000839,NET_BANKING,SUCCESS,340577.30,2026-08-18T12:40:09
ORDER_000000840_PAYMENT,ORDER_000000840,CREDIT_CARD,SUCCESS,339311.43,2026-10-11T07:11:04
ORDER_000000841_PAYMENT,ORDER_000000841,WALLET,SUCCESS,701781.34,2026-03-12T14:01:36
ORDER_000000842_PAYMENT,ORDER_000000842,CREDIT_CARD,SUCCESS,670867.70,2026-04-26T23:30:33
ORDER_000000843_PAYMENT,ORDER_000000843,WALLET,SUCCESS,259829.05,2026-04-17T16:37:34
ORDER_000000844_PAYMENT,ORDER_000000844,CREDIT_CARD,FAILED,245767.58,2026-05-17T04:34:02
ORDER_000000845_PAYMENT,ORDER_000000845,UPI,SUCCESS,210557.33,2026-01-05T15:44:21
ORDER_000000846_PAYMENT,ORDER_000000846,DEBIT_CARD,SUCCESS,129198.98,2026-03-01T16:26:38
ORDER_000000847_PAYMENT,ORDER_000000847,UPI,SUCCESS,350031.69,2026-08-30T16:37:24
ORDER_000000848_PAYMENT,ORDER_000000848,CREDIT_CARD,SUCCESS,707015.51,2026-09-26T03:55:11
ORDER_000000849_PAYMENT,ORDER_000000849,UPI,SUCCESS,223425.86,2026-10-04T21:59:25
ORDER_000000850_PAYMENT,ORDER_000000850,WALLET,SUCCESS,232708.53,2026-04-01T23:23:04
ORDER_000000851_PAYMENT,ORDER_000000851,UPI,SUCCESS,242803.74,2026-05-10T15:51:04
ORDER_000000852_PAYMENT,ORDER_000000852,WALLET,SUCCESS,272209.04,2026-05-19T17:04:26
ORDER_000000853_PAYMENT,ORDER_000000853,UPI,SUCCESS,233285.79,2026-11-23T23:27:51
ORDER_000000854_PAYMENT,ORDER_000000854,WALLET,SUCCESS,359329.45,2026-09-18T19:56:31
ORDER_000000855_PAYMENT,ORDER_000000855,DEBIT_CARD,SUCCESS,42054.66,2026-12-27T13:24:08
ORDER_000000856_PAYMENT,ORDER_000000856,UPI,SUCCESS,198358.26,2026-01-26T12:20:04
ORDER_000000857_PAYMENT,ORDER_000000857,WALLET,SUCCESS,266840.98,2026-10-07T00:58:46
ORDER_000000858_PAYMENT,ORDER_000000858,NET_BANKING,SUCCESS,252238.73,2026-09-05T05:08:13
ORDER_000000859_PAYMENT,ORDER_000000859,UPI,SUCCESS,115584.72,2026-11-14T17:16:17
ORDER_000000860_PAYMENT,ORDER_000000860,UPI,SUCCESS,672909.10,2026-11-09T14:42:12
ORDER_000000861_PAYMENT,ORDER_000000861,UPI,SUCCESS,388574.80,2026-06-26T16:54:19
ORDER_000000862_PAYMENT,ORDER_000000862,CREDIT_CARD,SUCCESS,394999.86,2026-08-28T17:02:30
ORDER_000000863_PAYMENT,ORDER_000000863,DEBIT_CARD,SUCCESS,397990.08,2026-11-09T02:09:30
ORDER_000000864_PAYMENT,ORDER_000000864,CREDIT_CARD,SUCCESS,126993.64,2026-10-23T19:01:10
ORDER_000000865_PAYMENT,ORDER_000000865,NET_BANKING,SUCCESS,239893.31,2026-08-09T01:08:09
ORDER_000000866_PAYMENT,ORDER_000000866,WALLET,SUCCESS,303228.00,2026-08-28T02:53:29
ORDER_000000867_PAYMENT,ORDER_000000867,CREDIT_CARD,SUCCESS,394970.20,2026-01-18T06:04:25
ORDER_000000868_PAYMENT,ORDER_000000868,UPI,SUCCESS,423485.48,2026-03-09T21:08:26
ORDER_000000869_PAYMENT,ORDER_000000869,DEBIT_CARD,SUCCESS,243578.55,2026-03-03T22:33:28
ORDER_000000870_PAYMENT,ORDER_000000870,WALLET,SUCCESS,142100.95,2026-05-08T02:47:01
ORDER_000000871_PAYMENT,ORDER_000000871,NET_BANKING,SUCCESS,252686.12,2026-02-10T06:08:45
ORDER_000000872_PAYMENT,ORDER_000000872,DEBIT_CARD,SUCCESS,401216.03,2026-09-24T02:27:07
ORDER_000000873_PAYMENT,ORDER_000000873,UPI,SUCCESS,258341.52,2026-02-21T12:04:23
ORDER_000000874_PAYMENT,ORDER_000000874,UPI,SUCCESS,115934.30,2026-01-04T22:13:21
ORDER_000000875_PAYMENT,ORDER_000000875,UPI,SUCCESS,378262.10,2026-09-25T15:11:43
ORDER_000000876_PAYMENT,ORDER_000000876,UPI,SUCCESS,220266.95,2026-10-08T04:34:06
ORDER_000000877_PAYMENT,ORDER_000000877,CREDIT_CARD,FAILED,303614.13,2026-02-27T04:06:39
ORDER_000000878_PAYMENT,ORDER_000000878,CREDIT_CARD,SUCCESS,352928.86,2026-10-28T18:03:09
ORDER_000000879_PAYMENT,ORDER_000000879,NET_BANKING,SUCCESS,218620.25,2026-05-28T18:21:21
ORDER_000000880_PAYMENT,ORDER_000000880,CREDIT_CARD,SUCCESS,502781.37,2026-10-22T11:05:34
ORDER_000000881_PAYMENT,ORDER_000000881,CREDIT_CARD,FAILED,86812.58,2026-05-13T01:04:24
ORDER_000000882_PAYMENT,ORDER_000000882,UPI,SUCCESS,195209.72,2026-12-09T13:06:43
ORDER_000000883_PAYMENT,ORDER_000000883,UPI,SUCCESS,272991.20,2026-08-26T06:28:02
ORDER_000000884_PAYMENT,ORDER_000000884,CREDIT_CARD,SUCCESS,370785.52,2026-06-22T12:54:35
ORDER_000000885_PAYMENT,ORDER_000000885,DEBIT_CARD,SUCCESS,328237.99,2026-08-15T02:56:23
ORDER_000000886_PAYMENT,ORDER_000000886,UPI,SUCCESS,276910.16,2026-11-08T15:23:39
ORDER_000000887_PAYMENT,ORDER_000000887,UPI,SUCCESS,252963.50,2026-10-29T18:48:16
ORDER_000000888_PAYMENT,ORDER_000000888,UPI,SUCCESS,162409.50,2026-08-25T03:42:42
ORDER_000000889_PAYMENT,ORDER_000000889,UPI,SUCCESS,211006.87,2026-06-03T06:27:34
ORDER_000000890_PAYMENT,ORDER_000000890,UPI,SUCCESS,130410.10,2026-11-03T05:29:36
ORDER_000000891_PAYMENT,ORDER_000000891,WALLET,SUCCESS,108505.10,2026-11-26T23:54:25
ORDER_000000892_PAYMENT,ORDER_000000892,WALLET,SUCCESS,346960.61,2026-05-03T05:37:09
ORDER_000000893_PAYMENT,ORDER_000000893,UPI,FAILED,214637.57,2026-02-12T07:40:15
ORDER_000000894_PAYMENT,ORDER_000000894,NET_BANKING,SUCCESS,416943.94,2026-05-23T05:14:05
ORDER_000000895_PAYMENT,ORDER_000000895,UPI,SUCCESS,371005.31,2026-04-03T20:33:38
ORDER_000000896_PAYMENT,ORDER_000000896,UPI,SUCCESS,187470.19,2026-01-22T23:30:19
ORDER_000000897_PAYMENT,ORDER_000000897,CREDIT_CARD,SUCCESS,321250.20,2026-01-28T05:28:54
ORDER_000000898_PAYMENT,ORDER_000000898,UPI,SUCCESS,263433.15,2026-02-01T14:23:46
ORDER_000000899_PAYMENT,ORDER_000000899,WALLET,SUCCESS,731858.30,2026-09-08T10:04:18
ORDER_000000900_PAYMENT,ORDER_000000900,WALLET,SUCCESS,503888.22,2026-01-08T17:28:41
ORDER_000000901_PAYMENT,ORDER_000000901,UPI,SUCCESS,64077.44,2026-06-19T18:28:33
ORDER_000000902_PAYMENT,ORDER_000000902,UPI,SUCCESS,110212.04,2026-12-10T12:32:03
ORDER_000000903_PAYMENT,ORDER_000000903,UPI,SUCCESS,127244.46,2026-03-16T09:36:09
ORDER_000000904_PAYMENT,ORDER_000000904,WALLET,SUCCESS,406761.48,2026-12-28T21:23:38
ORDER_000000905_PAYMENT,ORDER_000000905,DEBIT_CARD,SUCCESS,182649.59,2026-10-20T14:23:39
ORDER_000000906_PAYMENT,ORDER_000000906,CREDIT_CARD,SUCCESS,145205.13,2026-11-27T17:27:03
ORDER_000000907_PAYMENT,ORDER_000000907,UPI,SUCCESS,368368.88,2026-08-13T21:12:14
ORDER_000000908_PAYMENT,ORDER_000000908,UPI,SUCCESS,174426.92,2026-01-07T06:25:25
ORDER_000000909_PAYMENT,ORDER_000000909,DEBIT_CARD,SUCCESS,265149.95,2026-04-19T22:23:44
ORDER_000000910_PAYMENT,ORDER_000000910,UPI,SUCCESS,80941.65,2026-12-16T00:51:32
ORDER_000000911_PAYMENT,ORDER_000000911,WALLET,SUCCESS,643410.88,2026-07-05T18:12:12
ORDER_000000912_PAYMENT,ORDER_000000912,CREDIT_CARD,SUCCESS,310485.21,2026-04-12T10:58:56
ORDER_000000913_PAYMENT,ORDER_000000913,UPI,SUCCESS,148326.62,2026-12-21T20:11:15
ORDER_000000914_PAYMENT,ORDER_000000914,WALLET,SUCCESS,206235.52,2026-11-30T01:01:51
ORDER_000000915_PAYMENT,ORDER_000000915,UPI,SUCCESS,453663.74,2026-05-22T01:10:02
ORDER_000000916_PAYMENT,ORDER_000000916,UPI,SUCCESS,309477.53,2026-01-12T19:45:35
ORDER_000000917_PAYMENT,ORDER_000000917,CREDIT_CARD,FAILED,116428.28,2026-11-17T02:41:18
ORDER_000000918_PAYMENT,ORDER_000000918,CREDIT_CARD,FAILED,156254.66,2026-04-23T02:25:44
ORDER_000000919_PAYMENT,ORDER_000000919,UPI,SUCCESS,785317.95,2026-05-23T04:57:21
ORDER_000000920_PAYMENT,ORDER_000000920,UPI,SUCCESS,430741.73,2026-06-09T02:59:58
ORDER_000000921_PAYMENT,ORDER_000000921,DEBIT_CARD,SUCCESS,416536.18,2026-08-24T11:40:31
ORDER_000000922_PAYMENT,ORDER_000000922,CREDIT_CARD,SUCCESS,151789.14,2026-03-19T20:12:56
ORDER_000000923_PAYMENT,ORDER_000000923,WALLET,SUCCESS,248310.37,2026-08-01T21:16:54
ORDER_000000924_PAYMENT,ORDER_000000924,UPI,SUCCESS,182733.76,2026-05-13T11:24:41
ORDER_000000925_PAYMENT,ORDER_000000925,UPI,SUCCESS,339053.44,2026-12-25T02:24:46
ORDER_000000926_PAYMENT,ORDER_000000926,UPI,SUCCESS,127892.32,2026-02-05T16:03:09
ORDER_000000927_PAYMENT,ORDER_000000927,UPI,SUCCESS,539895.39,2026-07-14T13:36:28
ORDER_000000928_PAYMENT,ORDER_000000928,UPI,SUCCESS,735343.35,2026-02-01T08:51:09
ORDER_000000929_PAYMENT,ORDER_000000929,UPI,SUCCESS,295183.70,2026-08-09T15:30:16
ORDER_000000930_PAYMENT,ORDER_000000930,CREDIT_CARD,SUCCESS,318861.91,2026-03-13T14:46:10
ORDER_000000931_PAYMENT,ORDER_000000931,WALLET,SUCCESS,109725.52,2026-02-24T12:42:39
ORDER_000000932_PAYMENT,ORDER_000000932,DEBIT_CARD,SUCCESS,275390.47,2026-10-18T07:46:48
ORDER_000000933_PAYMENT,ORDER_000000933,UPI,SUCCESS,514465.48,2026-04-17T07:28:04
ORDER_000000934_PAYMENT,ORDER_000000934,UPI,SUCCESS,322516.53,2026-09-28T16:59:24
ORDER_000000935_PAYMENT,ORDER_000000935,UPI,SUCCESS,210638.49,2026-04-12T13:50:40
ORDER_000000936_PAYMENT,ORDER_000000936,WALLET,SUCCESS,258801.20,2026-04-13T04:52:49
ORDER_000000937_PAYMENT,ORDER_000000937,CREDIT_CARD,SUCCESS,508869.60,2026-02-01T23:27:21
ORDER_000000938_PAYMENT,ORDER_000000938,DEBIT_CARD,SUCCESS,306758.72,2026-02-23T15:39:55
ORDER_000000939_PAYMENT,ORDER_000000939,NET_BANKING,SUCCESS,312951.64,2026-09-27T22:57:49
ORDER_000000940_PAYMENT,ORDER_000000940,UPI,SUCCESS,259356.25,2026-03-21T19:28:58
ORDER_000000941_PAYMENT,ORDER_000000941,UPI,SUCCESS,95728.54,2026-12-27T11:19:55
ORDER_000000942_PAYMENT,ORDER_000000942,UPI,SUCCESS,210203.99,2026-11-18T05:18:06
ORDER_000000943_PAYMENT,ORDER_000000943,UPI,SUCCESS,360188.82,2026-07-05T00:30:54
ORDER_000000944_PAYMENT,ORDER_000000944,UPI,SUCCESS,102118.06,2026-10-05T13:18:31
ORDER_000000945_PAYMENT,ORDER_000000945,WALLET,SUCCESS,567405.92,2026-03-04T10:07:34
ORDER_000000946_PAYMENT,ORDER_000000946,UPI,SUCCESS,271958.84,2026-03-30T15:00:47
ORDER_000000947_PAYMENT,ORDER_000000947,NET_BANKING,SUCCESS,327868.49,2026-06-22T06:42:38
ORDER_000000948_PAYMENT,ORDER_000000948,UPI,SUCCESS,324179.28,2026-06-15T03:14:57
ORDER_000000949_PAYMENT,ORDER_000000949,UPI,SUCCESS,619682.64,2026-06-29T18:43:58
ORDER_000000950_PAYMENT,ORDER_000000950,UPI,SUCCESS,476770.00,2026-08-07T08:21:28
ORDER_000000951_PAYMENT,ORDER_000000951,WALLET,SUCCESS,185925.26,2026-01-27T12:52:27
ORDER_000000952_PAYMENT,ORDER_000000952,UPI,SUCCESS,360151.92,2026-12-03T11:22:04
ORDER_000000953_PAYMENT,ORDER_000000953,UPI,SUCCESS,601083.14,2026-01-30T01:48:25
ORDER_000000954_PAYMENT,ORDER_000000954,UPI,SUCCESS,454820.54,2026-01-19T03:07:35
ORDER_000000955_PAYMENT,ORDER_000000955,CREDIT_CARD,SUCCESS,180563.04,2026-10-23T14:36:27
ORDER_000000956_PAYMENT,ORDER_000000956,DEBIT_CARD,SUCCESS,407075.44,2026-02-02T16:09:35
ORDER_000000957_PAYMENT,ORDER_000000957,UPI,SUCCESS,673891.59,2026-07-30T06:39:06
ORDER_000000958_PAYMENT,ORDER_000000958,DEBIT_CARD,FAILED,309681.36,2026-07-09T21:31
ORDER_000000959_PAYMENT,ORDER_000000959,CREDIT_CARD,SUCCESS,407250.53,2026-08-27T12:27:04
ORDER_000000960_PAYMENT,ORDER_000000960,UPI,SUCCESS,259000.03,2026-10-15T13:33:12
ORDER_000000961_PAYMENT,ORDER_000000961,NET_BANKING,SUCCESS,241143.52,2026-12-29T08:41:12
ORDER_000000962_PAYMENT,ORDER_000000962,DEBIT_CARD,SUCCESS,161811.80,2026-09-27T20:21:42
ORDER_000000963_PAYMENT,ORDER_000000963,UPI,SUCCESS,356909.44,2026-06-01T21:23:16
ORDER_000000964_PAYMENT,ORDER_000000964,DEBIT_CARD,SUCCESS,150031.64,2026-11-14T14:17:51
ORDER_000000965_PAYMENT,ORDER_000000965,DEBIT_CARD,SUCCESS,618749.40,2026-12-11T19:39:15
ORDER_000000966_PAYMENT,ORDER_000000966,CREDIT_CARD,SUCCESS,425762.07,2026-12-27T11:39:28
ORDER_000000967_PAYMENT,ORDER_000000967,WALLET,SUCCESS,417357.18,2026-02-26T18:53:11
ORDER_000000968_PAYMENT,ORDER_000000968,DEBIT_CARD,SUCCESS,356655.94,2026-06-21T10:30:36
ORDER_000000969_PAYMENT,ORDER_000000969,UPI,SUCCESS,602496.37,2026-03-06T07:23:18
ORDER_000000970_PAYMENT,ORDER_000000970,DEBIT_CARD,SUCCESS,141396.28,2026-06-03T16:55:25
ORDER_000000971_PAYMENT,ORDER_000000971,UPI,SUCCESS,456650.54,2026-08-05T13:38:32
ORDER_000000972_PAYMENT,ORDER_000000972,UPI,SUCCESS,258548.21,2026-07-16T10:58:27
ORDER_000000973_PAYMENT,ORDER_000000973,DEBIT_CARD,SUCCESS,231832.41,2026-06-14T15:05:08
ORDER_000000974_PAYMENT,ORDER_000000974,UPI,SUCCESS,264246.66,2026-08-27T11:04:08
ORDER_000000975_PAYMENT,ORDER_000000975,UPI,SUCCESS,927981.75,2026-07-12T04:22:27
ORDER_000000976_PAYMENT,ORDER_000000976,CREDIT_CARD,SUCCESS,378317.20,2026-01-04T15:53:46
ORDER_000000977_PAYMENT,ORDER_000000977,UPI,SUCCESS,341898.28,2026-05-07T23:27:37
ORDER_000000978_PAYMENT,ORDER_000000978,DEBIT_CARD,SUCCESS,310500.75,2026-06-20T14:58:46
ORDER_000000979_PAYMENT,ORDER_000000979,UPI,SUCCESS,280261.20,2026-07-22T19:24:15
ORDER_000000980_PAYMENT,ORDER_000000980,WALLET,SUCCESS,139315.83,2026-12-13T06:18:57
ORDER_000000981_PAYMENT,ORDER_000000981,UPI,SUCCESS,117241.67,2026-03-31T10:01:21
ORDER_000000982_PAYMENT,ORDER_000000982,UPI,SUCCESS,648049.10,2026-09-20T23:24:19
ORDER_000000983_PAYMENT,ORDER_000000983,NET_BANKING,SUCCESS,273084.02,2026-04-22T07:46:57
ORDER_000000984_PAYMENT,ORDER_000000984,WALLET,SUCCESS,420123.85,2026-04-01T23:26:40
ORDER_000000985_PAYMENT,ORDER_000000985,UPI,SUCCESS,215838.41,2026-11-16T22:06:18
ORDER_000000986_PAYMENT,ORDER_000000986,WALLET,SUCCESS,164925.84,2026-09-23T09:49:23
ORDER_000000987_PAYMENT,ORDER_000000987,DEBIT_CARD,SUCCESS,157166.02,2026-03-21T19:18:33
ORDER_000000988_PAYMENT,ORDER_000000988,UPI,SUCCESS,479032.78,2026-08-11T11:03:44
ORDER_000000989_PAYMENT,ORDER_000000989,NET_BANKING,SUCCESS,161676.00,2026-02-26T10:19:04
ORDER_000000990_PAYMENT,ORDER_000000990,WALLET,SUCCESS,145818.10,2026-07-11T12:31:12
ORDER_000000991_PAYMENT,ORDER_000000991,UPI,SUCCESS,189891.84,2026-01-14T01:54:52
ORDER_000000992_PAYMENT,ORDER_000000992,CREDIT_CARD,SUCCESS,165196.28,2026-01-05T20:15:05
ORDER_000000993_PAYMENT,ORDER_000000993,WALLET,SUCCESS,395890.06,2026-05-07T10:26:37
ORDER_000000994_PAYMENT,ORDER_000000994,CREDIT_CARD,SUCCESS,129573.59,2026-11-29T07:38:05
ORDER_000000995_PAYMENT,ORDER_000000995,CREDIT_CARD,SUCCESS,341866.16,2026-06-17T18:16:37
ORDER_000000996_PAYMENT,ORDER_000000996,WALLET,SUCCESS,257337.45,2026-05-01T14:49:11
ORDER_000000997_PAYMENT,ORDER_000000997,UPI,SUCCESS,424142.91,2026-06-26T17:22:20
ORDER_000000998_PAYMENT,ORDER_000000998,UPI,SUCCESS,96248.88,2026-08-16T09:15:49
ORDER_000000999_PAYMENT,ORDER_000000999,CREDIT_CARD,SUCCESS,71231.39,2026-09-25T12:37:58
ORDER_000001000_PAYMENT,ORDER_000001000,UPI,SUCCESS,259189.99,2026-12-04T05:24:42
ORDER_000001001_PAYMENT,ORDER_000001001,NET_BANKING,SUCCESS,404996.77,2026-02-20T21:20:27
ORDER_000001002_PAYMENT,ORDER_000001002,CREDIT_CARD,SUCCESS,311235.67,2026-11-14T02:13:29
ORDER_000001003_PAYMENT,ORDER_000001003,UPI,SUCCESS,432518.05,2026-12-31T15:16:54
ORDER_000001004_PAYMENT,ORDER_000001004,UPI,SUCCESS,86952.41,2026-04-03T08:36:30
ORDER_000001005_PAYMENT,ORDER_000001005,UPI,SUCCESS,442790.58,2026-07-04T13:09:51
ORDER_000001006_PAYMENT,ORDER_000001006,UPI,SUCCESS,424674.75,2026-12-05T11:44:24
ORDER_000001007_PAYMENT,ORDER_000001007,CREDIT_CARD,SUCCESS,298796.70,2026-02-28T03:32:11
ORDER_000001008_PAYMENT,ORDER_000001008,CREDIT_CARD,SUCCESS,151767.42,2026-08-13T14:08:59
ORDER_000001009_PAYMENT,ORDER_000001009,CREDIT_CARD,SUCCESS,400762.75,2026-10-24T20:29:59
ORDER_000001010_PAYMENT,ORDER_000001010,UPI,SUCCESS,498185.75,2026-06-25T05:33:13
ORDER_000001011_PAYMENT,ORDER_000001011,WALLET,SUCCESS,234668.97,2026-05-05T18:51:29
ORDER_000001012_PAYMENT,ORDER_000001012,UPI,SUCCESS,389382.21,2026-07-13T19:12:59
ORDER_000001013_PAYMENT,ORDER_000001013,DEBIT_CARD,SUCCESS,623481.72,2026-12-05T04:00:17
ORDER_000001014_PAYMENT,ORDER_000001014,NET_BANKING,SUCCESS,503569.06,2026-07-31T12:50:21
ORDER_000001015_PAYMENT,ORDER_000001015,NET_BANKING,SUCCESS,246818.92,2026-11-08T18:43:06
ORDER_000001016_PAYMENT,ORDER_000001016,DEBIT_CARD,SUCCESS,284634.38,2026-09-01T16:11:41
ORDER_000001017_PAYMENT,ORDER_000001017,WALLET,SUCCESS,366233.41,2026-01-06T08:46:06
ORDER_000001018_PAYMENT,ORDER_000001018,WALLET,SUCCESS,358945.40,2026-11-19T11:00:09
ORDER_000001019_PAYMENT,ORDER_000001019,UPI,SUCCESS,333432.22,2026-10-17T08:10:13
ORDER_000001020_PAYMENT,ORDER_000001020,UPI,SUCCESS,188038.30,2026-05-09T12:15:30
ORDER_000001021_PAYMENT,ORDER_000001021,UPI,SUCCESS,164899.75,2026-11-03T23:13:38
ORDER_000001022_PAYMENT,ORDER_000001022,CREDIT_CARD,SUCCESS,476849.68,2026-11-01T09:58:45
ORDER_000001023_PAYMENT,ORDER_000001023,NET_BANKING,SUCCESS,407531.03,2026-08-07T02:02:34
ORDER_000001024_PAYMENT,ORDER_000001024,UPI,SUCCESS,213680.12,2026-06-08T02:40:15
ORDER_000001025_PAYMENT,ORDER_000001025,CREDIT_CARD,SUCCESS,485707.11,2026-08-24T07:19:35
ORDER_000001026_PAYMENT,ORDER_000001026,UPI,SUCCESS,156377.62,2026-04-23T16:50:31
ORDER_000001027_PAYMENT,ORDER_000001027,UPI,SUCCESS,287095.16,2026-07-28T00:05:24
ORDER_000001028_PAYMENT,ORDER_000001028,CREDIT_CARD,SUCCESS,365950.66,2026-05-23T11:55:28
ORDER_000001029_PAYMENT,ORDER_000001029,CREDIT_CARD,SUCCESS,259463.18,2026-01-24T07:16:09
ORDER_000001030_PAYMENT,ORDER_000001030,CREDIT_CARD,SUCCESS,145017.05,2026-01-19T23:49:45
ORDER_000001031_PAYMENT,ORDER_000001031,CREDIT_CARD,SUCCESS,321638.36,2026-05-07T09:26:57
ORDER_000001032_PAYMENT,ORDER_000001032,NET_BANKING,SUCCESS,268772.14,2026-12-05T14:44:33
ORDER_000001033_PAYMENT,ORDER_000001033,DEBIT_CARD,SUCCESS,355588.93,2026-04-30T16:30:47
ORDER_000001034_PAYMENT,ORDER_000001034,DEBIT_CARD,SUCCESS,176255.73,2026-08-25T06:06:19
ORDER_000001035_PAYMENT,ORDER_000001035,UPI,SUCCESS,486600.91,2026-07-03T09:58:10
ORDER_000001036_PAYMENT,ORDER_000001036,UPI,SUCCESS,123256.08,2026-03-25T06:16:10
ORDER_000001037_PAYMENT,ORDER_000001037,UPI,SUCCESS,306843.57,2026-04-14T01:12:18
ORDER_000001038_PAYMENT,ORDER_000001038,WALLET,SUCCESS,199807.88,2026-09-01T01:27:58
ORDER_000001039_PAYMENT,ORDER_000001039,DEBIT_CARD,SUCCESS,299718.69,2026-09-10T06:57:38
ORDER_000001040_PAYMENT,ORDER_000001040,NET_BANKING,SUCCESS,127958.86,2026-03-22T21:50:49
ORDER_000001041_PAYMENT,ORDER_000001041,CREDIT_CARD,FAILED,264407.50,2026-01-09T09:04:19
ORDER_000001042_PAYMENT,ORDER_000001042,UPI,SUCCESS,626029.14,2026-02-15T18:26:17
ORDER_000001043_PAYMENT,ORDER_000001043,UPI,SUCCESS,572623.14,2026-10-29T18:50:14
ORDER_000001044_PAYMENT,ORDER_000001044,NET_BANKING,SUCCESS,200423.70,2026-06-02T11:07:30
ORDER_000001045_PAYMENT,ORDER_000001045,DEBIT_CARD,SUCCESS,436906.51,2026-03-06T08:02:12
ORDER_000001046_PAYMENT,ORDER_000001046,CREDIT_CARD,SUCCESS,193835.81,2026-11-07T07:40:41
ORDER_000001047_PAYMENT,ORDER_000001047,CREDIT_CARD,SUCCESS,92236.40,2026-09-18T08:35:43
ORDER_000001048_PAYMENT,ORDER_000001048,NET_BANKING,SUCCESS,400878.24,2026-02-10T19:46:38
ORDER_000001049_PAYMENT,ORDER_000001049,UPI,SUCCESS,227807.52,2026-03-25T11:05:34
ORDER_000001050_PAYMENT,ORDER_000001050,DEBIT_CARD,SUCCESS,822191.01,2026-11-20T00:50:38
ORDER_000001051_PAYMENT,ORDER_000001051,NET_BANKING,SUCCESS,220925.67,2026-01-07T15:11:03
ORDER_000001052_PAYMENT,ORDER_000001052,UPI,SUCCESS,292637.26,2026-02-02T21:16:55
ORDER_000001053_PAYMENT,ORDER_000001053,UPI,SUCCESS,422040.61,2026-01-31T21:39:40
ORDER_000001054_PAYMENT,ORDER_000001054,UPI,SUCCESS,174733.69,2026-02-07T01:05:38
ORDER_000001055_PAYMENT,ORDER_000001055,CREDIT_CARD,SUCCESS,208017.07,2026-10-18T15:43:08
ORDER_000001056_PAYMENT,ORDER_000001056,UPI,SUCCESS,118749.91,2026-04-26T14:33:07
ORDER_000001057_PAYMENT,ORDER_000001057,WALLET,SUCCESS,132674.79,2026-08-29T11:22:33
ORDER_000001058_PAYMENT,ORDER_000001058,NET_BANKING,SUCCESS,141300.52,2026-05-07T06:55:07
ORDER_000001059_PAYMENT,ORDER_000001059,UPI,FAILED,156894.83,2026-08-17T15:06:41
ORDER_000001060_PAYMENT,ORDER_000001060,WALLET,SUCCESS,355629.14,2026-02-17T21:31:53
ORDER_000001061_PAYMENT,ORDER_000001061,UPI,SUCCESS,306434.46,2026-07-01T16:02:18
ORDER_000001062_PAYMENT,ORDER_000001062,DEBIT_CARD,SUCCESS,181746.31,2026-08-30T07:15:32
ORDER_000001063_PAYMENT,ORDER_000001063,UPI,SUCCESS,120148.43,2026-04-27T01:59:19
ORDER_000001064_PAYMENT,ORDER_000001064,NET_BANKING,SUCCESS,173608.88,2026-04-01T18:14:59
ORDER_000001065_PAYMENT,ORDER_000001065,UPI,SUCCESS,475719.56,2026-06-06T22:40:34
ORDER_000001066_PAYMENT,ORDER_000001066,UPI,SUCCESS,339846.08,2026-03-09T06:05:30
ORDER_000001067_PAYMENT,ORDER_000001067,WALLET,SUCCESS,168934.80,2026-03-10T19:32:50
ORDER_000001068_PAYMENT,ORDER_000001068,CREDIT_CARD,SUCCESS,568676.55,2026-12-04T02:09:15
ORDER_000001069_PAYMENT,ORDER_000001069,WALLET,SUCCESS,340812.60,2026-01-15T10:26:55
ORDER_000001070_PAYMENT,ORDER_000001070,UPI,SUCCESS,527949.07,2026-02-02T18:31:29
ORDER_000001071_PAYMENT,ORDER_000001071,UPI,SUCCESS,711221.21,2026-01-17T03:43:30
ORDER_000001072_PAYMENT,ORDER_000001072,WALLET,SUCCESS,122041.65,2026-12-29T22:26:34
ORDER_000001073_PAYMENT,ORDER_000001073,NET_BANKING,SUCCESS,635915.03,2026-12-27T20:17:14
ORDER_000001074_PAYMENT,ORDER_000001074,WALLET,SUCCESS,175447.65,2026-04-17T03:19:09
ORDER_000001075_PAYMENT,ORDER_000001075,DEBIT_CARD,SUCCESS,588412.93,2026-11-02T06:01:43
ORDER_000001076_PAYMENT,ORDER_000001076,UPI,SUCCESS,582844.46,2026-07-10T20:03:41
ORDER_000001077_PAYMENT,ORDER_000001077,CREDIT_CARD,FAILED,201077.29,2026-07-12T08:53:33
ORDER_000001078_PAYMENT,ORDER_000001078,UPI,SUCCESS,304716.16,2026-09-28T07:08:23
ORDER_000001079_PAYMENT,ORDER_000001079,UPI,SUCCESS,147933.14,2026-05-19T22:56:57
ORDER_000001080_PAYMENT,ORDER_000001080,UPI,SUCCESS,148609.03,2026-10-24T12:34:03
ORDER_000001081_PAYMENT,ORDER_000001081,WALLET,SUCCESS,586105.09,2026-01-22T13:27:43
ORDER_000001082_PAYMENT,ORDER_000001082,UPI,SUCCESS,127568.60,2026-03-28T12:41:10
ORDER_000001083_PAYMENT,ORDER_000001083,UPI,SUCCESS,448515.38,2026-12-20T18:28:29
ORDER_000001084_PAYMENT,ORDER_000001084,NET_BANKING,SUCCESS,181929.52,2026-06-02T07:29:07
ORDER_000001085_PAYMENT,ORDER_000001085,UPI,SUCCESS,84090.76,2026-03-28T19:52:49
ORDER_000001086_PAYMENT,ORDER_000001086,UPI,SUCCESS,348839.01,2026-07-24T19:36:49
ORDER_000001087_PAYMENT,ORDER_000001087,CREDIT_CARD,SUCCESS,465467.66,2026-10-09T12:14:31
ORDER_000001088_PAYMENT,ORDER_000001088,NET_BANKING,SUCCESS,329038.63,2026-01-05T01:19:58
ORDER_000001089_PAYMENT,ORDER_000001089,UPI,SUCCESS,388369.75,2026-03-29T02:29:51
ORDER_000001090_PAYMENT,ORDER_000001090,UPI,SUCCESS,340268.96,2026-08-17T19:22:14
ORDER_000001091_PAYMENT,ORDER_000001091,WALLET,SUCCESS,315165.13,2026-03-24T16:05:15
ORDER_000001092_PAYMENT,ORDER_000001092,CREDIT_CARD,SUCCESS,258280.65,2026-06-26T05:37:41
ORDER_000001093_PAYMENT,ORDER_000001093,DEBIT_CARD,SUCCESS,570774.41,2026-01-11T16:57:46
ORDER_000001094_PAYMENT,ORDER_000001094,UPI,SUCCESS,283992.93,2026-09-02T10:38:54
ORDER_000001095_PAYMENT,ORDER_000001095,UPI,SUCCESS,54476.02,2026-03-29T17:39:40
ORDER_000001096_PAYMENT,ORDER_000001096,DEBIT_CARD,SUCCESS,139901.08,2026-02-28T22:04:19
ORDER_000001097_PAYMENT,ORDER_000001097,UPI,SUCCESS,143630.01,2026-09-07T08:35:15
ORDER_000001098_PAYMENT,ORDER_000001098,UPI,SUCCESS,211586.81,2026-01-05T22:12:49
ORDER_000001099_PAYMENT,ORDER_000001099,CREDIT_CARD,SUCCESS,53564.70,2026-04-28T04:37:45
ORDER_000001100_PAYMENT,ORDER_000001100,UPI,SUCCESS,393990.63,2026-10-15T12:19:53
ORDER_000001101_PAYMENT,ORDER_000001101,UPI,SUCCESS,268854.46,2026-10-03T00:21:55
ORDER_000001102_PAYMENT,ORDER_000001102,UPI,SUCCESS,301201.68,2026-01-16T22:44:49
ORDER_000001103_PAYMENT,ORDER_000001103,UPI,SUCCESS,317145.32,2026-08-22T17:36:40
ORDER_000001104_PAYMENT,ORDER_000001104,CREDIT_CARD,SUCCESS,123095.77,2026-11-26T15:57:47
ORDER_000001105_PAYMENT,ORDER_000001105,UPI,SUCCESS,220735.48,2026-01-02T09:48:56
ORDER_000001106_PAYMENT,ORDER_000001106,UPI,SUCCESS,150799.69,2026-12-12T22:12:56
ORDER_000001107_PAYMENT,ORDER_000001107,CREDIT_CARD,SUCCESS,177460.82,2026-01-08T04:36:26
ORDER_000001108_PAYMENT,ORDER_000001108,CREDIT_CARD,SUCCESS,142151.80,2026-03-02T23:02:20
ORDER_000001109_PAYMENT,ORDER_000001109,UPI,SUCCESS,212757.98,2026-08-19T08:54:32
ORDER_000001110_PAYMENT,ORDER_000001110,UPI,SUCCESS,306633.22,2026-06-07T02:09:24
ORDER_000001111_PAYMENT,ORDER_000001111,CREDIT_CARD,SUCCESS,229214.60,2026-03-27T22:46:34
ORDER_000001112_PAYMENT,ORDER_000001112,CREDIT_CARD,SUCCESS,271871.75,2026-04-29T10:40:33
ORDER_000001113_PAYMENT,ORDER_000001113,UPI,SUCCESS,391572.63,2026-01-12T11:52:23
ORDER_000001114_PAYMENT,ORDER_000001114,UPI,SUCCESS,97310.65,2026-07-09T16:35:42
ORDER_000001115_PAYMENT,ORDER_000001115,DEBIT_CARD,SUCCESS,460301.86,2026-12-21T08:04:21
ORDER_000001116_PAYMENT,ORDER_000001116,WALLET,SUCCESS,96214.71,2026-08-02T17:01:12
ORDER_000001117_PAYMENT,ORDER_000001117,CREDIT_CARD,FAILED,173123.54,2026-06-30T00:23:22
ORDER_000001118_PAYMENT,ORDER_000001118,CREDIT_CARD,SUCCESS,251744.91,2026-04-24T03:07:15
ORDER_000001119_PAYMENT,ORDER_000001119,NET_BANKING,FAILED,870331.82,2026-04-07T09:54:22
ORDER_000001120_PAYMENT,ORDER_000001120,CREDIT_CARD,SUCCESS,247804.84,2026-04-30T06:03:57
ORDER_000001121_PAYMENT,ORDER_000001121,UPI,SUCCESS,108104.05,2026-06-17T20:11:58
ORDER_000001122_PAYMENT,ORDER_000001122,CREDIT_CARD,SUCCESS,295458.09,2026-12-29T02:36:01
ORDER_000001123_PAYMENT,ORDER_000001123,WALLET,SUCCESS,541770.96,2026-01-17T01:48:51
ORDER_000001124_PAYMENT,ORDER_000001124,CREDIT_CARD,SUCCESS,422093.38,2026-11-12T20:16:21
ORDER_000001125_PAYMENT,ORDER_000001125,NET_BANKING,SUCCESS,297489.36,2026-02-06T13:24:02
ORDER_000001126_PAYMENT,ORDER_000001126,DEBIT_CARD,SUCCESS,164496.40,2026-08-22T18:17:48
ORDER_000001127_PAYMENT,ORDER_000001127,CREDIT_CARD,SUCCESS,204312.46,2026-03-19T11:03:32
ORDER_000001128_PAYMENT,ORDER_000001128,UPI,SUCCESS,194417.75,2026-07-30T03:38:45
ORDER_000001129_PAYMENT,ORDER_000001129,WALLET,SUCCESS,482389.85,2026-05-04T15:51:46
ORDER_000001130_PAYMENT,ORDER_000001130,UPI,SUCCESS,319934.27,2026-09-28T17:53:02
ORDER_000001131_PAYMENT,ORDER_000001131,NET_BANKING,SUCCESS,326977.10,2026-05-05T05:15:43
ORDER_000001132_PAYMENT,ORDER_000001132,UPI,SUCCESS,158641.46,2026-06-20T07:01:47
ORDER_000001133_PAYMENT,ORDER_000001133,WALLET,SUCCESS,330170.44,2026-04-10T13:44:14
ORDER_000001134_PAYMENT,ORDER_000001134,DEBIT_CARD,SUCCESS,503676.22,2026-04-01T08:11:03
ORDER_000001135_PAYMENT,ORDER_000001135,CREDIT_CARD,SUCCESS,381083.94,2026-10-20T07:03:54
ORDER_000001136_PAYMENT,ORDER_000001136,UPI,SUCCESS,223917.22,2026-09-28T12:36:10
ORDER_000001137_PAYMENT,ORDER_000001137,UPI,SUCCESS,692968.87,2026-10-15T06:28:31
ORDER_000001138_PAYMENT,ORDER_000001138,CREDIT_CARD,SUCCESS,277118.78,2026-11-08T13:55:12
ORDER_000001139_PAYMENT,ORDER_000001139,UPI,SUCCESS,412776.22,2026-11-08T09:19:42
ORDER_000001140_PAYMENT,ORDER_000001140,UPI,SUCCESS,214621.04,2026-04-18T17:19:35
ORDER_000001141_PAYMENT,ORDER_000001141,WALLET,SUCCESS,486793.52,2026-05-19T21:12:30
ORDER_000001142_PAYMENT,ORDER_000001142,UPI,SUCCESS,167181.28,2026-02-01T01:07:22
ORDER_000001143_PAYMENT,ORDER_000001143,UPI,SUCCESS,258261.42,2026-10-29T10:24:39
ORDER_000001144_PAYMENT,ORDER_000001144,UPI,SUCCESS,196921.14,2026-03-02T22:14:25
ORDER_000001145_PAYMENT,ORDER_000001145,CREDIT_CARD,SUCCESS,184472.35,2026-08-18T05:48:49
ORDER_000001146_PAYMENT,ORDER_000001146,UPI,SUCCESS,498684.57,2026-09-19T23:45:42
ORDER_000001147_PAYMENT,ORDER_000001147,UPI,SUCCESS,368301.44,2026-04-27T03:46:12
ORDER_000001148_PAYMENT,ORDER_000001148,UPI,SUCCESS,500107.60,2026-08-02T18:49:58
ORDER_000001149_PAYMENT,ORDER_000001149,UPI,SUCCESS,146337.60,2026-06-29T03:02:26
ORDER_000001150_PAYMENT,ORDER_000001150,UPI,SUCCESS,111275.69,2026-08-17T04:50:54
ORDER_000001151_PAYMENT,ORDER_000001151,UPI,SUCCESS,344657.98,2026-02-19T23:28:08
ORDER_000001152_PAYMENT,ORDER_000001152,UPI,SUCCESS,132930.98,2026-09-15T05:07:13
ORDER_000001153_PAYMENT,ORDER_000001153,UPI,SUCCESS,295351.88,2026-04-18T01:12:06
ORDER_000001154_PAYMENT,ORDER_000001154,DEBIT_CARD,SUCCESS,198630.67,2026-07-05T11:41:25
ORDER_000001155_PAYMENT,ORDER_000001155,CREDIT_CARD,SUCCESS,40770.80,2026-04-27T18:19:09
ORDER_000001156_PAYMENT,ORDER_000001156,UPI,SUCCESS,115688.18,2026-01-11T00:15:02
ORDER_000001157_PAYMENT,ORDER_000001157,UPI,SUCCESS,118705.75,2026-12-10T07:56:31
ORDER_000001158_PAYMENT,ORDER_000001158,UPI,SUCCESS,459224.63,2026-02-01T22:47:05
ORDER_000001159_PAYMENT,ORDER_000001159,CREDIT_CARD,SUCCESS,471899.71,2026-01-08T05:14:54
ORDER_000001160_PAYMENT,ORDER_000001160,UPI,SUCCESS,246015.26,2026-11-02T02:25:34
ORDER_000001161_PAYMENT,ORDER_000001161,CREDIT_CARD,SUCCESS,231917.95,2026-09-04T16:35:20
ORDER_000001162_PAYMENT,ORDER_000001162,DEBIT_CARD,SUCCESS,209541.29,2026-09-17T15:26:32
ORDER_000001163_PAYMENT,ORDER_000001163,UPI,SUCCESS,352817.82,2026-04-29T04:17:30
ORDER_000001164_PAYMENT,ORDER_000001164,CREDIT_CARD,SUCCESS,249088.78,2026-05-23T16:24:04
ORDER_000001165_PAYMENT,ORDER_000001165,DEBIT_CARD,SUCCESS,338503.42,2026-07-11T18:05:13
ORDER_000001166_PAYMENT,ORDER_000001166,NET_BANKING,SUCCESS,329240.37,2026-10-05T00:17:25
ORDER_000001167_PAYMENT,ORDER_000001167,WALLET,SUCCESS,63694.85,2026-11-07T15:41:19
ORDER_000001168_PAYMENT,ORDER_000001168,UPI,SUCCESS,301048.31,2026-02-15T19:32:29
ORDER_000001169_PAYMENT,ORDER_000001169,NET_BANKING,SUCCESS,105867.75,2026-08-14T15:08:28
ORDER_000001170_PAYMENT,ORDER_000001170,DEBIT_CARD,SUCCESS,214656.01,2026-04-24T08:17:02
ORDER_000001171_PAYMENT,ORDER_000001171,UPI,SUCCESS,42793.06,2026-05-18T10:48:42
ORDER_000001172_PAYMENT,ORDER_000001172,CREDIT_CARD,SUCCESS,183658.23,2026-03-03T08:11:58
ORDER_000001173_PAYMENT,ORDER_000001173,UPI,SUCCESS,215539.32,2026-07-15T07:39:03
ORDER_000001174_PAYMENT,ORDER_000001174,UPI,SUCCESS,93139.71,2026-01-03T22:24:25
ORDER_000001175_PAYMENT,ORDER_000001175,CREDIT_CARD,SUCCESS,379114.77,2026-08-19T03:51:37
ORDER_000001176_PAYMENT,ORDER_000001176,UPI,SUCCESS,189357.63,2026-01-17T19:29:47
ORDER_000001177_PAYMENT,ORDER_000001177,WALLET,SUCCESS,342719.72,2026-08-06T09:12:33
ORDER_000001178_PAYMENT,ORDER_000001178,CREDIT_CARD,SUCCESS,184208.08,2026-03-31T19:12:59
ORDER_000001179_PAYMENT,ORDER_000001179,UPI,SUCCESS,281653.73,2026-06-02T19:07:46
ORDER_000001180_PAYMENT,ORDER_000001180,DEBIT_CARD,SUCCESS,152035.62,2026-05-26T02:29:16
ORDER_000001181_PAYMENT,ORDER_000001181,UPI,SUCCESS,609920.42,2026-04-24T02:42:07
ORDER_000001182_PAYMENT,ORDER_000001182,UPI,SUCCESS,721906.00,2026-05-11T23:19
ORDER_000001183_PAYMENT,ORDER_000001183,CREDIT_CARD,SUCCESS,231299.80,2026-11-28T11:15:32
ORDER_000001184_PAYMENT,ORDER_000001184,UPI,SUCCESS,290492.76,2026-02-08T01:45:26
ORDER_000001185_PAYMENT,ORDER_000001185,UPI,SUCCESS,134788.94,2026-07-03T12:55:18
ORDER_000001186_PAYMENT,ORDER_000001186,UPI,SUCCESS,47798.93,2026-06-06T14:27:11
ORDER_000001187_PAYMENT,ORDER_000001187,CREDIT_CARD,SUCCESS,50548.91,2026-01-04T03:04:15
ORDER_000001188_PAYMENT,ORDER_000001188,UPI,SUCCESS,470458.34,2026-11-26T07:43:22
ORDER_000001189_PAYMENT,ORDER_000001189,CREDIT_CARD,SUCCESS,587837.21,2026-02-09T16:07:51
ORDER_000001190_PAYMENT,ORDER_000001190,NET_BANKING,SUCCESS,226457.86,2026-10-12T01:28:12
ORDER_000001191_PAYMENT,ORDER_000001191,UPI,SUCCESS,666636.75,2026-01-28T07:11:55
ORDER_000001192_PAYMENT,ORDER_000001192,DEBIT_CARD,SUCCESS,412933.78,2026-11-26T09:11:42
ORDER_000001193_PAYMENT,ORDER_000001193,DEBIT_CARD,SUCCESS,657673.00,2026-05-04T18:33:50
ORDER_000001194_PAYMENT,ORDER_000001194,CREDIT_CARD,SUCCESS,310826.89,2026-08-19T02:06:27
ORDER_000001195_PAYMENT,ORDER_000001195,DEBIT_CARD,SUCCESS,353128.04,2026-07-01T03:33
ORDER_000001196_PAYMENT,ORDER_000001196,NET_BANKING,SUCCESS,391428.02,2026-04-28T19:29:21
ORDER_000001197_PAYMENT,ORDER_000001197,UPI,SUCCESS,477013.22,2026-07-07T17:31:14
ORDER_000001198_PAYMENT,ORDER_000001198,WALLET,SUCCESS,145665.96,2026-08-22T08:23:45
ORDER_000001199_PAYMENT,ORDER_000001199,DEBIT_CARD,SUCCESS,385554.56,2026-06-01T20:14:11
ORDER_000001200_PAYMENT,ORDER_000001200,WALLET,SUCCESS,190191.20,2026-08-16T04:04:29
ORDER_000001201_PAYMENT,ORDER_000001201,CREDIT_CARD,SUCCESS,188400.87,2026-02-09T12:52:16
ORDER_000001202_PAYMENT,ORDER_000001202,UPI,SUCCESS,119844.01,2026-06-23T00:33:57
ORDER_000001203_PAYMENT,ORDER_000001203,DEBIT_CARD,SUCCESS,128256.75,2026-09-11T17:28:43
ORDER_000001204_PAYMENT,ORDER_000001204,CREDIT_CARD,SUCCESS,172602.73,2026-12-08T06:43:18
ORDER_000001205_PAYMENT,ORDER_000001205,UPI,SUCCESS,613775.36,2026-07-13T07:25:30
ORDER_000001206_PAYMENT,ORDER_000001206,NET_BANKING,SUCCESS,270603.84,2026-08-06T11:31:30
ORDER_000001207_PAYMENT,ORDER_000001207,UPI,SUCCESS,270290.72,2026-02-19T13:56:28
ORDER_000001208_PAYMENT,ORDER_000001208,DEBIT_CARD,SUCCESS,218202.56,2026-09-07T17:31:08
ORDER_000001209_PAYMENT,ORDER_000001209,UPI,SUCCESS,726841.70,2026-11-02T02:46:49
ORDER_000001210_PAYMENT,ORDER_000001210,UPI,SUCCESS,306608.61,2026-04-29T03:29:43
ORDER_000001211_PAYMENT,ORDER_000001211,WALLET,SUCCESS,527079.77,2026-12-14T12:58:26
ORDER_000001212_PAYMENT,ORDER_000001212,DEBIT_CARD,SUCCESS,29533.15,2026-04-18T01:21:56
ORDER_000001213_PAYMENT,ORDER_000001213,NET_BANKING,SUCCESS,146045.61,2026-02-04T22:45:04
ORDER_000001214_PAYMENT,ORDER_000001214,NET_BANKING,SUCCESS,134844.70,2026-08-21T11:23:08
ORDER_000001215_PAYMENT,ORDER_000001215,DEBIT_CARD,SUCCESS,379337.30,2026-02-10T17:09:07
ORDER_000001216_PAYMENT,ORDER_000001216,WALLET,SUCCESS,589765.90,2026-02-15T01:15:52
ORDER_000001217_PAYMENT,ORDER_000001217,UPI,SUCCESS,69712.46,2026-07-28T07:49:51
ORDER_000001218_PAYMENT,ORDER_000001218,NET_BANKING,SUCCESS,258464.94,2026-02-13T08:13:27
ORDER_000001219_PAYMENT,ORDER_000001219,UPI,SUCCESS,226746.44,2026-03-19T14:57:08
ORDER_000001220_PAYMENT,ORDER_000001220,UPI,SUCCESS,142838.90,2026-05-21T17:42:39
ORDER_000001221_PAYMENT,ORDER_000001221,UPI,SUCCESS,593028.26,2026-05-25T06:08:50
ORDER_000001222_PAYMENT,ORDER_000001222,UPI,SUCCESS,234706.14,2026-08-03T06:16:06
ORDER_000001223_PAYMENT,ORDER_000001223,UPI,SUCCESS,125061.68,2026-05-16T08:45:22
ORDER_000001224_PAYMENT,ORDER_000001224,NET_BANKING,SUCCESS,257512.81,2026-09-26T05:45:14
ORDER_000001225_PAYMENT,ORDER_000001225,NET_BANKING,SUCCESS,187335.74,2026-03-25T01:58:32
ORDER_000001226_PAYMENT,ORDER_000001226,UPI,SUCCESS,168182.37,2026-08-28T11:19:05
ORDER_000001227_PAYMENT,ORDER_000001227,UPI,SUCCESS,254742.24,2026-02-05T13:48:42
ORDER_000001228_PAYMENT,ORDER_000001228,CREDIT_CARD,SUCCESS,546328.92,2026-09-29T13:31:44
ORDER_000001229_PAYMENT,ORDER_000001229,UPI,SUCCESS,64063.22,2026-06-01T00:41:40
ORDER_000001230_PAYMENT,ORDER_000001230,UPI,SUCCESS,127099.39,2026-06-12T05:19:19
ORDER_000001231_PAYMENT,ORDER_000001231,NET_BANKING,SUCCESS,258825.55,2026-03-25T22:58:04
ORDER_000001232_PAYMENT,ORDER_000001232,UPI,SUCCESS,302028.12,2026-03-08T15:21:14
ORDER_000001233_PAYMENT,ORDER_000001233,NET_BANKING,SUCCESS,432280.45,2026-07-28T15:37:48
ORDER_000001234_PAYMENT,ORDER_000001234,DEBIT_CARD,SUCCESS,93604.18,2026-04-03T09:50:10
ORDER_000001235_PAYMENT,ORDER_000001235,NET_BANKING,SUCCESS,508481.10,2026-04-29T15:01:23
ORDER_000001236_PAYMENT,ORDER_000001236,UPI,SUCCESS,39923.66,2026-06-29T14:54:26
ORDER_000001237_PAYMENT,ORDER_000001237,CREDIT_CARD,SUCCESS,198609.40,2026-11-03T09:54:15
ORDER_000001238_PAYMENT,ORDER_000001238,NET_BANKING,SUCCESS,416438.63,2026-03-25T01:28:32
ORDER_000001239_PAYMENT,ORDER_000001239,UPI,SUCCESS,302126.45,2026-01-27T02:41:21
ORDER_000001240_PAYMENT,ORDER_000001240,NET_BANKING,SUCCESS,142071.15,2026-08-10T02:31:53
ORDER_000001241_PAYMENT,ORDER_000001241,UPI,SUCCESS,195471.91,2026-01-13T20:02:57
ORDER_000001242_PAYMENT,ORDER_000001242,WALLET,SUCCESS,329242.05,2026-07-17T23:31:55
ORDER_000001243_PAYMENT,ORDER_000001243,UPI,SUCCESS,433793.40,2026-09-10T15:08:34
ORDER_000001244_PAYMENT,ORDER_000001244,DEBIT_CARD,SUCCESS,533990.74,2026-06-15T02:49:17
ORDER_000001245_PAYMENT,ORDER_000001245,WALLET,SUCCESS,472104.35,2026-10-16T06:10:01
ORDER_000001246_PAYMENT,ORDER_000001246,NET_BANKING,SUCCESS,298816.90,2026-04-02T01:29:03
ORDER_000001247_PAYMENT,ORDER_000001247,CREDIT_CARD,SUCCESS,257789.57,2026-08-23T04:18:43
ORDER_000001248_PAYMENT,ORDER_000001248,UPI,SUCCESS,598996.24,2026-06-11T03:42:29
ORDER_000001249_PAYMENT,ORDER_000001249,UPI,SUCCESS,159046.06,2026-01-17T17:11:30
ORDER_000001250_PAYMENT,ORDER_000001250,NET_BANKING,SUCCESS,133626.38,2026-09-19T19:45:21
ORDER_000001251_PAYMENT,ORDER_000001251,CREDIT_CARD,SUCCESS,178351.78,2026-02-28T19:44:28
ORDER_000001252_PAYMENT,ORDER_000001252,DEBIT_CARD,SUCCESS,318837.98,2026-06-18T06:14:57
ORDER_000001253_PAYMENT,ORDER_000001253,WALLET,SUCCESS,536373.77,2026-10-15T14:45:34
ORDER_000001254_PAYMENT,ORDER_000001254,CREDIT_CARD,SUCCESS,698168.95,2026-09-17T00:21:54
ORDER_000001255_PAYMENT,ORDER_000001255,NET_BANKING,SUCCESS,632771.71,2026-03-07T13:04:16
ORDER_000001256_PAYMENT,ORDER_000001256,UPI,SUCCESS,660130.63,2026-10-30T02:12:33
ORDER_000001257_PAYMENT,ORDER_000001257,UPI,SUCCESS,131199.09,2026-02-17T14:09:04
ORDER_000001258_PAYMENT,ORDER_000001258,NET_BANKING,SUCCESS,393779.28,2026-03-30T18:54:36
ORDER_000001259_PAYMENT,ORDER_000001259,UPI,SUCCESS,185098.00,2026-02-11T16:49:14
ORDER_000001260_PAYMENT,ORDER_000001260,NET_BANKING,SUCCESS,404329.90,2026-10-12T18:05:29
ORDER_000001261_PAYMENT,ORDER_000001261,CREDIT_CARD,FAILED,529020.60,2026-08-23T14:48:29
ORDER_000001262_PAYMENT,ORDER_000001262,CREDIT_CARD,SUCCESS,224117.67,2026-11-03T01:50:21
ORDER_000001263_PAYMENT,ORDER_000001263,CREDIT_CARD,SUCCESS,412345.56,2026-12-25T05:33:09
ORDER_000001264_PAYMENT,ORDER_000001264,NET_BANKING,SUCCESS,344447.01,2026-02-20T13:02:52
ORDER_000001265_PAYMENT,ORDER_000001265,NET_BANKING,SUCCESS,154661.54,2026-08-11T08:18:52
ORDER_000001266_PAYMENT,ORDER_000001266,NET_BANKING,SUCCESS,295819.00,2026-11-03T08:39:24
ORDER_000001267_PAYMENT,ORDER_000001267,NET_BANKING,SUCCESS,111457.18,2026-10-21T01:17:12
ORDER_000001268_PAYMENT,ORDER_000001268,CREDIT_CARD,SUCCESS,434212.94,2026-11-30T07:13:49
ORDER_000001269_PAYMENT,ORDER_000001269,UPI,SUCCESS,627820.05,2026-02-08T20:57:33
ORDER_000001270_PAYMENT,ORDER_000001270,UPI,SUCCESS,272308.18,2026-02-21T12:41:23
ORDER_000001271_PAYMENT,ORDER_000001271,UPI,SUCCESS,429816.21,2026-02-20T07:00:59
ORDER_000001272_PAYMENT,ORDER_000001272,UPI,SUCCESS,551914.75,2026-10-14T09:20:30
ORDER_000001273_PAYMENT,ORDER_000001273,UPI,SUCCESS,401627.40,2026-04-28T16:14:44
ORDER_000001274_PAYMENT,ORDER_000001274,DEBIT_CARD,SUCCESS,79368.02,2026-02-26T06:02:58
ORDER_000001275_PAYMENT,ORDER_000001275,DEBIT_CARD,FAILED,217413.96,2027-01-01T10:55:34
ORDER_000001276_PAYMENT,ORDER_000001276,UPI,SUCCESS,232096.94,2026-10-27T02:05:50
ORDER_000001277_PAYMENT,ORDER_000001277,NET_BANKING,SUCCESS,137530.49,2026-01-29T17:05:18
ORDER_000001278_PAYMENT,ORDER_000001278,DEBIT_CARD,SUCCESS,213903.20,2026-11-23T21:04:04
ORDER_000001279_PAYMENT,ORDER_000001279,CREDIT_CARD,SUCCESS,498778.98,2026-06-10T17:05:48
ORDER_000001280_PAYMENT,ORDER_000001280,DEBIT_CARD,SUCCESS,94386.20,2026-01-19T15:52:49
ORDER_000001281_PAYMENT,ORDER_000001281,UPI,SUCCESS,199560.62,2026-12-30T10:27:20
ORDER_000001282_PAYMENT,ORDER_000001282,UPI,SUCCESS,281040.32,2026-05-10T06:41:13
ORDER_000001283_PAYMENT,ORDER_000001283,CREDIT_CARD,SUCCESS,88741.01,2026-07-10T14:35:40
ORDER_000001284_PAYMENT,ORDER_000001284,CREDIT_CARD,SUCCESS,107213.94,2026-09-11T06:55:58
ORDER_000001285_PAYMENT,ORDER_000001285,CREDIT_CARD,SUCCESS,62679.78,2026-11-23T11:26:30
ORDER_000001286_PAYMENT,ORDER_000001286,UPI,SUCCESS,135862.52,2026-03-08T18:09:45
ORDER_000001287_PAYMENT,ORDER_000001287,UPI,SUCCESS,678305.53,2026-08-07T01:53:51
ORDER_000001288_PAYMENT,ORDER_000001288,CREDIT_CARD,SUCCESS,115537.77,2026-07-10T21:12:05
ORDER_000001289_PAYMENT,ORDER_000001289,DEBIT_CARD,SUCCESS,240605.51,2026-04-13T06:00:43
ORDER_000001290_PAYMENT,ORDER_000001290,CREDIT_CARD,SUCCESS,256984.52,2026-10-17T06:07:41
ORDER_000001291_PAYMENT,ORDER_000001291,WALLET,SUCCESS,123691.51,2026-06-11T07:20:30
ORDER_000001292_PAYMENT,ORDER_000001292,UPI,SUCCESS,434674.14,2026-01-31T02:11:18
ORDER_000001293_PAYMENT,ORDER_000001293,CREDIT_CARD,SUCCESS,177144.30,2026-09-18T06:01:14
ORDER_000001294_PAYMENT,ORDER_000001294,UPI,SUCCESS,134329.13,2026-06-24T20:41:15
ORDER_000001295_PAYMENT,ORDER_000001295,NET_BANKING,SUCCESS,234535.31,2026-07-13T15:37:27
ORDER_000001296_PAYMENT,ORDER_000001296,UPI,SUCCESS,360732.25,2026-08-17T16:06:38
ORDER_000001297_PAYMENT,ORDER_000001297,WALLET,SUCCESS,80262.23,2026-08-03T07:46:40
ORDER_000001298_PAYMENT,ORDER_000001298,NET_BANKING,SUCCESS,358711.52,2026-08-14T01:27:35
ORDER_000001299_PAYMENT,ORDER_000001299,UPI,SUCCESS,431016.19,2026-03-22T00:50:25
ORDER_000001300_PAYMENT,ORDER_000001300,WALLET,SUCCESS,488678.84,2026-05-17T15:57:17
ORDER_000001301_PAYMENT,ORDER_000001301,CREDIT_CARD,SUCCESS,229192.04,2026-10-06T06:48:50
ORDER_000001302_PAYMENT,ORDER_000001302,UPI,SUCCESS,182803.04,2026-10-19T06:49:50
ORDER_000001303_PAYMENT,ORDER_000001303,CREDIT_CARD,SUCCESS,174554.37,2026-04-01T19:50:30
ORDER_000001304_PAYMENT,ORDER_000001304,NET_BANKING,SUCCESS,181892.03,2026-09-23T16:55:58
ORDER_000001305_PAYMENT,ORDER_000001305,DEBIT_CARD,SUCCESS,502449.66,2026-06-18T16:58:16
ORDER_000001306_PAYMENT,ORDER_000001306,NET_BANKING,SUCCESS,562408.85,2026-06-18T03:53:29
ORDER_000001307_PAYMENT,ORDER_000001307,UPI,SUCCESS,90200.98,2026-07-22T02:36:43
ORDER_000001308_PAYMENT,ORDER_000001308,WALLET,SUCCESS,256361.39,2026-08-20T18:39:34
ORDER_000001309_PAYMENT,ORDER_000001309,DEBIT_CARD,SUCCESS,228463.35,2026-06-08T21:31:49
ORDER_000001310_PAYMENT,ORDER_000001310,NET_BANKING,SUCCESS,564073.30,2026-04-14T13:30:31
ORDER_000001311_PAYMENT,ORDER_000001311,NET_BANKING,SUCCESS,433694.53,2026-02-13T23:05:04
ORDER_000001312_PAYMENT,ORDER_000001312,UPI,SUCCESS,253446.69,2026-09-02T12:14:56
ORDER_000001313_PAYMENT,ORDER_000001313,CREDIT_CARD,SUCCESS,416365.80,2026-05-16T11:04:07
ORDER_000001314_PAYMENT,ORDER_000001314,WALLET,SUCCESS,537130.86,2026-05-07T12:20:14
ORDER_000001315_PAYMENT,ORDER_000001315,CREDIT_CARD,SUCCESS,178582.48,2026-12-11T17:16:58
ORDER_000001316_PAYMENT,ORDER_000001316,CREDIT_CARD,SUCCESS,238013.26,2026-10-31T04:06:36
ORDER_000001317_PAYMENT,ORDER_000001317,UPI,SUCCESS,296952.87,2026-01-12T05:46:03
ORDER_000001318_PAYMENT,ORDER_000001318,UPI,SUCCESS,123810.00,2026-03-04T12:40:28
ORDER_000001319_PAYMENT,ORDER_000001319,UPI,SUCCESS,277511.44,2026-07-05T23:57
ORDER_000001320_PAYMENT,ORDER_000001320,UPI,SUCCESS,111140.47,2026-11-06T23:43:54
ORDER_000001321_PAYMENT,ORDER_000001321,DEBIT_CARD,SUCCESS,171073.27,2026-01-26T15:47:12
ORDER_000001322_PAYMENT,ORDER_000001322,CREDIT_CARD,SUCCESS,382693.26,2026-09-21T06:55:33
ORDER_000001323_PAYMENT,ORDER_000001323,UPI,SUCCESS,243293.11,2026-12-24T14:01:35
ORDER_000001324_PAYMENT,ORDER_000001324,UPI,SUCCESS,586592.74,2026-11-09T03:08:45
ORDER_000001325_PAYMENT,ORDER_000001325,CREDIT_CARD,SUCCESS,136853.17,2026-07-18T03:25:29
ORDER_000001326_PAYMENT,ORDER_000001326,UPI,FAILED,649860.52,2026-04-06T19:00:32
ORDER_000001327_PAYMENT,ORDER_000001327,UPI,SUCCESS,253284.38,2026-03-29T06:06:51
ORDER_000001328_PAYMENT,ORDER_000001328,DEBIT_CARD,SUCCESS,377161.19,2026-01-27T18:35:41
ORDER_000001329_PAYMENT,ORDER_000001329,UPI,SUCCESS,405209.72,2026-08-05T00:43:51
ORDER_000001330_PAYMENT,ORDER_000001330,CREDIT_CARD,SUCCESS,114109.54,2026-01-17T15:12:18
ORDER_000001331_PAYMENT,ORDER_000001331,UPI,SUCCESS,523305.34,2026-04-25T06:58:14
ORDER_000001332_PAYMENT,ORDER_000001332,UPI,SUCCESS,495468.94,2026-09-04T18:49:21
ORDER_000001333_PAYMENT,ORDER_000001333,UPI,SUCCESS,262554.77,2026-06-14T05:36
ORDER_000001334_PAYMENT,ORDER_000001334,NET_BANKING,SUCCESS,778298.20,2026-09-23T15:48:10
ORDER_000001335_PAYMENT,ORDER_000001335,WALLET,SUCCESS,178893.79,2026-07-26T01:26:59
ORDER_000001336_PAYMENT,ORDER_000001336,NET_BANKING,SUCCESS,114368.62,2026-01-25T20:22:32
ORDER_000001337_PAYMENT,ORDER_000001337,UPI,SUCCESS,329090.15,2026-05-15T06:47:44
ORDER_000001338_PAYMENT,ORDER_000001338,CREDIT_CARD,SUCCESS,286025.85,2026-12-09T15:04:09
ORDER_000001339_PAYMENT,ORDER_000001339,UPI,SUCCESS,91650.38,2026-07-01T23:28:17
ORDER_000001340_PAYMENT,ORDER_000001340,UPI,SUCCESS,527929.95,2026-04-10T07:19:45
ORDER_000001341_PAYMENT,ORDER_000001341,DEBIT_CARD,SUCCESS,309819.52,2026-03-28T03:44:34
ORDER_000001342_PAYMENT,ORDER_000001342,UPI,SUCCESS,312306.92,2026-04-11T08:10:23
ORDER_000001343_PAYMENT,ORDER_000001343,UPI,FAILED,158102.48,2026-04-19T14:51:46
ORDER_000001344_PAYMENT,ORDER_000001344,WALLET,SUCCESS,340032.62,2026-02-17T14:24:40
ORDER_000001345_PAYMENT,ORDER_000001345,NET_BANKING,SUCCESS,78866.81,2026-04-05T17:32:29
ORDER_000001346_PAYMENT,ORDER_000001346,CREDIT_CARD,SUCCESS,87184.18,2026-03-20T14:12:04
ORDER_000001347_PAYMENT,ORDER_000001347,NET_BANKING,SUCCESS,233759.87,2026-07-06T22:11:18
ORDER_000001348_PAYMENT,ORDER_000001348,WALLET,SUCCESS,416401.28,2026-12-13T01:37:27
ORDER_000001349_PAYMENT,ORDER_000001349,DEBIT_CARD,SUCCESS,248701.29,2026-05-17T04:42:50
ORDER_000001350_PAYMENT,ORDER_000001350,NET_BANKING,SUCCESS,439943.16,2026-09-18T17:44:07
ORDER_000001351_PAYMENT,ORDER_000001351,DEBIT_CARD,SUCCESS,110889.80,2026-01-29T09:31:11
ORDER_000001352_PAYMENT,ORDER_000001352,WALLET,SUCCESS,461767.76,2026-12-01T22:11:25
ORDER_000001353_PAYMENT,ORDER_000001353,DEBIT_CARD,SUCCESS,100317.42,2026-03-21T13:49:45
ORDER_000001354_PAYMENT,ORDER_000001354,UPI,SUCCESS,666945.23,2026-09-20T09:07:27
ORDER_000001355_PAYMENT,ORDER_000001355,DEBIT_CARD,SUCCESS,300873.69,2026-01-03T20:07:18
ORDER_000001356_PAYMENT,ORDER_000001356,UPI,SUCCESS,486551.45,2026-12-29T01:21:52
ORDER_000001357_PAYMENT,ORDER_000001357,UPI,SUCCESS,635981.10,2026-03-13T13:17:59
ORDER_000001358_PAYMENT,ORDER_000001358,CREDIT_CARD,SUCCESS,51778.30,2026-10-16T16:27:29
ORDER_000001359_PAYMENT,ORDER_000001359,CREDIT_CARD,SUCCESS,295100.08,2026-06-26T13:13:22
ORDER_000001360_PAYMENT,ORDER_000001360,UPI,SUCCESS,207451.77,2026-09-11T00:33:26
ORDER_000001361_PAYMENT,ORDER_000001361,CREDIT_CARD,FAILED,348748.25,2026-07-31T08:11:31
ORDER_000001362_PAYMENT,ORDER_000001362,UPI,SUCCESS,74978.65,2026-11-23T10:32:58
ORDER_000001363_PAYMENT,ORDER_000001363,UPI,SUCCESS,30187.56,2026-03-10T19:38:13
ORDER_000001364_PAYMENT,ORDER_000001364,UPI,SUCCESS,218662.55,2026-05-10T22:37:48
ORDER_000001365_PAYMENT,ORDER_000001365,DEBIT_CARD,SUCCESS,466855.33,2026-12-01T01:53:38
ORDER_000001366_PAYMENT,ORDER_000001366,NET_BANKING,SUCCESS,66012.35,2026-08-24T19:07:29
ORDER_000001367_PAYMENT,ORDER_000001367,UPI,SUCCESS,145951.38,2026-09-09T16:14:40
ORDER_000001368_PAYMENT,ORDER_000001368,CREDIT_CARD,SUCCESS,348636.75,2026-12-23T01:13:32
ORDER_000001369_PAYMENT,ORDER_000001369,WALLET,FAILED,779431.95,2026-11-05T10:07:52
ORDER_000001370_PAYMENT,ORDER_000001370,CREDIT_CARD,SUCCESS,252969.28,2026-03-28T19:58:37
ORDER_000001371_PAYMENT,ORDER_000001371,CREDIT_CARD,SUCCESS,325227.16,2026-04-26T12:51:23
ORDER_000001372_PAYMENT,ORDER_000001372,UPI,SUCCESS,124544.44,2026-08-03T08:35:59
ORDER_000001373_PAYMENT,ORDER_000001373,NET_BANKING,SUCCESS,60907.70,2026-10-01T20:22:41
ORDER_000001374_PAYMENT,ORDER_000001374,CREDIT_CARD,SUCCESS,523623.85,2026-02-08T10:16:46
ORDER_000001375_PAYMENT,ORDER_000001375,UPI,SUCCESS,199327.54,2026-04-23T20:52:12
ORDER_000001376_PAYMENT,ORDER_000001376,UPI,SUCCESS,264001.81,2026-12-05T23:38:01
ORDER_000001377_PAYMENT,ORDER_000001377,DEBIT_CARD,SUCCESS,246000.22,2026-09-12T04:55:21
ORDER_000001378_PAYMENT,ORDER_000001378,UPI,SUCCESS,114247.00,2026-06-05T22:28:19
ORDER_000001379_PAYMENT,ORDER_000001379,UPI,SUCCESS,205749.93,2026-02-02T13:27:01
ORDER_000001380_PAYMENT,ORDER_000001380,WALLET,SUCCESS,113014.38,2026-03-29T10:53:08
ORDER_000001381_PAYMENT,ORDER_000001381,CREDIT_CARD,SUCCESS,89208.88,2026-12-29T00:24:45
ORDER_000001382_PAYMENT,ORDER_000001382,UPI,SUCCESS,155086.13,2026-08-29T09:31:19
ORDER_000001383_PAYMENT,ORDER_000001383,DEBIT_CARD,SUCCESS,336358.79,2026-09-28T08:29:34
ORDER_000001384_PAYMENT,ORDER_000001384,UPI,SUCCESS,145593.46,2026-02-13T20:46:55
ORDER_000001385_PAYMENT,ORDER_000001385,DEBIT_CARD,SUCCESS,314824.31,2026-06-08T14:12:47
ORDER_000001386_PAYMENT,ORDER_000001386,UPI,SUCCESS,653868.19,2026-04-13T00:04:28
ORDER_000001387_PAYMENT,ORDER_000001387,CREDIT_CARD,SUCCESS,248069.28,2026-10-06T09:15:56
ORDER_000001388_PAYMENT,ORDER_000001388,UPI,SUCCESS,340819.57,2026-02-01T06:22:40
ORDER_000001389_PAYMENT,ORDER_000001389,NET_BANKING,SUCCESS,68344.14,2026-09-07T18:16:38
ORDER_000001390_PAYMENT,ORDER_000001390,UPI,SUCCESS,442721.17,2026-01-24T12:51:28
ORDER_000001391_PAYMENT,ORDER_000001391,UPI,SUCCESS,446920.61,2026-07-07T05:43
ORDER_000001392_PAYMENT,ORDER_000001392,DEBIT_CARD,SUCCESS,293898.20,2026-12-28T02:06:45
ORDER_000001393_PAYMENT,ORDER_000001393,CREDIT_CARD,SUCCESS,24850.32,2026-03-01T19:56:53
ORDER_000001394_PAYMENT,ORDER_000001394,UPI,SUCCESS,137667.16,2026-05-06T07:24:40
ORDER_000001395_PAYMENT,ORDER_000001395,UPI,SUCCESS,322218.38,2026-08-28T02:11:38
ORDER_000001396_PAYMENT,ORDER_000001396,NET_BANKING,FAILED,463202.36,2026-06-12T19:19:49
ORDER_000001397_PAYMENT,ORDER_000001397,UPI,SUCCESS,308202.86,2026-08-26T03:20:56
ORDER_000001398_PAYMENT,ORDER_000001398,NET_BANKING,SUCCESS,392381.52,2026-03-14T19:32:35
ORDER_000001399_PAYMENT,ORDER_000001399,UPI,SUCCESS,213887.88,2026-02-01T01:57:20
ORDER_000001400_PAYMENT,ORDER_000001400,DEBIT_CARD,SUCCESS,425417.36,2026-12-31T21:42:58
ORDER_000001401_PAYMENT,ORDER_000001401,CREDIT_CARD,SUCCESS,614850.99,2026-04-28T18:24:53
ORDER_000001402_PAYMENT,ORDER_000001402,UPI,SUCCESS,77928.18,2026-05-16T08:19:16
ORDER_000001403_PAYMENT,ORDER_000001403,UPI,SUCCESS,58440.41,2026-04-25T10:35:37
ORDER_000001404_PAYMENT,ORDER_000001404,NET_BANKING,SUCCESS,309627.07,2026-02-15T21:14:53
ORDER_000001405_PAYMENT,ORDER_000001405,UPI,SUCCESS,195736.70,2026-05-30T17:16:25
ORDER_000001406_PAYMENT,ORDER_000001406,NET_BANKING,SUCCESS,306481.68,2026-02-15T07:47:12
ORDER_000001407_PAYMENT,ORDER_000001407,CREDIT_CARD,SUCCESS,108283.17,2026-12-07T20:02:19
ORDER_000001408_PAYMENT,ORDER_000001408,UPI,SUCCESS,195264.41,2026-10-07T04:01:53
ORDER_000001409_PAYMENT,ORDER_000001409,WALLET,SUCCESS,130357.56,2026-10-18T01:05:11
ORDER_000001410_PAYMENT,ORDER_000001410,UPI,SUCCESS,131082.33,2026-05-12T19:56
ORDER_000001411_PAYMENT,ORDER_000001411,CREDIT_CARD,SUCCESS,380249.14,2026-10-10T14:33:43
ORDER_000001412_PAYMENT,ORDER_000001412,DEBIT_CARD,SUCCESS,254416.98,2026-09-22T06:39:05
ORDER_000001413_PAYMENT,ORDER_000001413,DEBIT_CARD,SUCCESS,120137.59,2026-01-22T22:12:59
ORDER_000001414_PAYMENT,ORDER_000001414,CREDIT_CARD,SUCCESS,356760.70,2026-10-28T08:07:07
ORDER_000001415_PAYMENT,ORDER_000001415,UPI,SUCCESS,98896.79,2026-01-12T13:04:19
ORDER_000001416_PAYMENT,ORDER_000001416,UPI,SUCCESS,90537.71,2026-09-13T20:29:01
ORDER_000001417_PAYMENT,ORDER_000001417,UPI,SUCCESS,348456.30,2026-06-14T18:52:27
ORDER_000001418_PAYMENT,ORDER_000001418,UPI,SUCCESS,868129.30,2026-04-26T12:12:08
ORDER_000001419_PAYMENT,ORDER_000001419,UPI,SUCCESS,141687.57,2026-12-26T18:34:26
ORDER_000001420_PAYMENT,ORDER_000001420,UPI,SUCCESS,134482.86,2026-06-30T02:59:59
ORDER_000001421_PAYMENT,ORDER_000001421,UPI,SUCCESS,265455.36,2026-06-20T13:09:41
ORDER_000001422_PAYMENT,ORDER_000001422,DEBIT_CARD,SUCCESS,240305.60,2026-05-06T01:38:19
ORDER_000001423_PAYMENT,ORDER_000001423,UPI,SUCCESS,472826.61,2026-06-18T09:21:34
ORDER_000001424_PAYMENT,ORDER_000001424,WALLET,SUCCESS,244596.04,2026-08-28T11:15:52
ORDER_000001425_PAYMENT,ORDER_000001425,UPI,SUCCESS,247585.34,2026-04-07T00:27:01
ORDER_000001426_PAYMENT,ORDER_000001426,UPI,SUCCESS,180870.71,2026-06-10T10:03:18
ORDER_000001427_PAYMENT,ORDER_000001427,CREDIT_CARD,SUCCESS,105208.17,2026-08-18T15:22:04
ORDER_000001428_PAYMENT,ORDER_000001428,NET_BANKING,SUCCESS,179067.82,2026-06-20T08:44:23
ORDER_000001429_PAYMENT,ORDER_000001429,UPI,SUCCESS,40436.58,2026-04-03T17:18:05
ORDER_000001430_PAYMENT,ORDER_000001430,DEBIT_CARD,SUCCESS,129530.31,2026-10-09T03:09:23
ORDER_000001431_PAYMENT,ORDER_000001431,DEBIT_CARD,SUCCESS,105903.94,2026-07-10T14:52:14
ORDER_000001432_PAYMENT,ORDER_000001432,UPI,SUCCESS,166122.15,2026-04-12T11:23:52
ORDER_000001433_PAYMENT,ORDER_000001433,CREDIT_CARD,SUCCESS,280782.40,2026-09-05T03:46:07
ORDER_000001434_PAYMENT,ORDER_000001434,UPI,SUCCESS,118231.30,2026-07-15T19:46:59
ORDER_000001435_PAYMENT,ORDER_000001435,UPI,SUCCESS,400073.73,2026-06-26T00:05:08
ORDER_000001436_PAYMENT,ORDER_000001436,UPI,SUCCESS,116782.66,2026-09-14T23:17
ORDER_000001437_PAYMENT,ORDER_000001437,UPI,SUCCESS,120404.23,2026-04-12T01:33:35
ORDER_000001438_PAYMENT,ORDER_000001438,DEBIT_CARD,SUCCESS,414740.58,2026-05-19T06:00:09
ORDER_000001439_PAYMENT,ORDER_000001439,UPI,SUCCESS,318928.31,2026-11-28T00:03:40
ORDER_000001440_PAYMENT,ORDER_000001440,DEBIT_CARD,SUCCESS,76358.97,2026-12-13T15:14:29
ORDER_000001441_PAYMENT,ORDER_000001441,UPI,SUCCESS,218162.29,2026-03-14T16:20:27
ORDER_000001442_PAYMENT,ORDER_000001442,NET_BANKING,SUCCESS,230988.42,2026-11-30T10:57:37
ORDER_000001443_PAYMENT,ORDER_000001443,NET_BANKING,SUCCESS,147986.37,2026-08-31T12:51:01
ORDER_000001444_PAYMENT,ORDER_000001444,UPI,SUCCESS,254286.56,2026-02-10T16:04:14
ORDER_000001445_PAYMENT,ORDER_000001445,UPI,SUCCESS,265430.84,2026-08-21T10:52:27
ORDER_000001446_PAYMENT,ORDER_000001446,WALLET,SUCCESS,304856.58,2026-12-04T19:50:38
ORDER_000001447_PAYMENT,ORDER_000001447,WALLET,SUCCESS,444271.48,2026-12-13T09:54:15
ORDER_000001448_PAYMENT,ORDER_000001448,UPI,SUCCESS,189579.08,2026-07-20T08:20:36
ORDER_000001449_PAYMENT,ORDER_000001449,UPI,SUCCESS,296685.27,2026-02-01T18:13:54
ORDER_000001450_PAYMENT,ORDER_000001450,UPI,FAILED,140188.95,2026-09-04T13:27:46
ORDER_000001451_PAYMENT,ORDER_000001451,DEBIT_CARD,SUCCESS,341366.37,2026-05-09T09:53:46
ORDER_000001452_PAYMENT,ORDER_000001452,NET_BANKING,SUCCESS,383295.65,2026-04-24T21:50:52
ORDER_000001453_PAYMENT,ORDER_000001453,CREDIT_CARD,SUCCESS,484357.70,2026-07-23T03:53:21
ORDER_000001454_PAYMENT,ORDER_000001454,NET_BANKING,SUCCESS,603569.22,2026-12-23T06:25:01
ORDER_000001455_PAYMENT,ORDER_000001455,NET_BANKING,SUCCESS,99903.64,2026-07-23T08:17:15
ORDER_000001456_PAYMENT,ORDER_000001456,UPI,SUCCESS,252456.61,2026-01-06T06:11:37
ORDER_000001457_PAYMENT,ORDER_000001457,NET_BANKING,SUCCESS,560635.32,2026-08-01T23:58:51
ORDER_000001458_PAYMENT,ORDER_000001458,UPI,SUCCESS,301481.74,2026-07-07T11:27:02
ORDER_000001459_PAYMENT,ORDER_000001459,UPI,SUCCESS,655316.36,2026-02-02T21:23:45
ORDER_000001460_PAYMENT,ORDER_000001460,NET_BANKING,SUCCESS,369124.83,2026-10-28T19:08
ORDER_000001461_PAYMENT,ORDER_000001461,CREDIT_CARD,SUCCESS,347826.90,2026-04-08T06:07:58
ORDER_000001462_PAYMENT,ORDER_000001462,NET_BANKING,SUCCESS,171511.88,2026-09-28T22:20:49
ORDER_000001463_PAYMENT,ORDER_000001463,CREDIT_CARD,SUCCESS,357375.04,2026-12-17T08:26:17
ORDER_000001464_PAYMENT,ORDER_000001464,DEBIT_CARD,SUCCESS,148684.36,2026-05-02T23:45:18
ORDER_000001465_PAYMENT,ORDER_000001465,UPI,SUCCESS,212982.02,2026-01-27T09:55:55
ORDER_000001466_PAYMENT,ORDER_000001466,UPI,SUCCESS,432759.98,2026-01-14T17:41:49
ORDER_000001467_PAYMENT,ORDER_000001467,CREDIT_CARD,SUCCESS,387886.88,2026-01-28T22:12:46
ORDER_000001468_PAYMENT,ORDER_000001468,CREDIT_CARD,SUCCESS,150105.50,2026-05-07T08:10:04
ORDER_000001469_PAYMENT,ORDER_000001469,CREDIT_CARD,SUCCESS,361290.84,2026-03-20T03:01:14
ORDER_000001470_PAYMENT,ORDER_000001470,WALLET,SUCCESS,382479.79,2026-04-26T17:48:41
ORDER_000001471_PAYMENT,ORDER_000001471,UPI,SUCCESS,749647.47,2026-09-03T21:16:50
ORDER_000001472_PAYMENT,ORDER_000001472,CREDIT_CARD,SUCCESS,214104.71,2026-08-04T01:03:22
ORDER_000001473_PAYMENT,ORDER_000001473,UPI,SUCCESS,379438.86,2026-08-06T16:30:42
ORDER_000001474_PAYMENT,ORDER_000001474,NET_BANKING,SUCCESS,105034.05,2026-10-15T19:51:47
ORDER_000001475_PAYMENT,ORDER_000001475,NET_BANKING,SUCCESS,389479.23,2026-12-25T21:53:48
ORDER_000001476_PAYMENT,ORDER_000001476,WALLET,SUCCESS,252445.17,2026-04-29T08:16:37
ORDER_000001477_PAYMENT,ORDER_000001477,UPI,FAILED,151811.46,2026-03-01T21:02:18
ORDER_000001478_PAYMENT,ORDER_000001478,NET_BANKING,SUCCESS,224018.09,2026-01-17T07:16:42
ORDER_000001479_PAYMENT,ORDER_000001479,UPI,SUCCESS,453177.13,2026-05-03T00:38:41
ORDER_000001480_PAYMENT,ORDER_000001480,UPI,SUCCESS,510030.81,2026-10-16T19:32:40
ORDER_000001481_PAYMENT,ORDER_000001481,CREDIT_CARD,SUCCESS,36565.67,2026-07-28T03:58:43
ORDER_000001482_PAYMENT,ORDER_000001482,CREDIT_CARD,SUCCESS,385634.43,2026-09-19T17:29:08
ORDER_000001483_PAYMENT,ORDER_000001483,CREDIT_CARD,SUCCESS,247863.44,2026-05-22T01:15:27
ORDER_000001484_PAYMENT,ORDER_000001484,UPI,SUCCESS,274631.48,2026-08-30T06:51:16
ORDER_000001485_PAYMENT,ORDER_000001485,NET_BANKING,SUCCESS,165307.70,2026-04-23T05:07:02
ORDER_000001486_PAYMENT,ORDER_000001486,UPI,SUCCESS,443965.87,2026-11-30T07:09:32
ORDER_000001487_PAYMENT,ORDER_000001487,UPI,SUCCESS,275933.35,2026-03-05T14:22:49
ORDER_000001488_PAYMENT,ORDER_000001488,UPI,SUCCESS,252285.60,2026-07-04T02:14:17
ORDER_000001489_PAYMENT,ORDER_000001489,UPI,SUCCESS,700294.65,2026-10-09T02:38:21
ORDER_000001490_PAYMENT,ORDER_000001490,UPI,SUCCESS,231779.70,2026-11-25T01:56:50
ORDER_000001491_PAYMENT,ORDER_000001491,CREDIT_CARD,SUCCESS,145041.60,2026-07-26T03:43:29
ORDER_000001492_PAYMENT,ORDER_000001492,UPI,SUCCESS,350681.64,2026-09-25T11:24:15
ORDER_000001493_PAYMENT,ORDER_000001493,CREDIT_CARD,SUCCESS,805039.70,2026-06-03T13:16:28
ORDER_000001494_PAYMENT,ORDER_000001494,NET_BANKING,SUCCESS,161661.42,2026-07-12T18:19:03
ORDER_000001495_PAYMENT,ORDER_000001495,UPI,SUCCESS,138932.52,2026-08-13T00:56:58
ORDER_000001496_PAYMENT,ORDER_000001496,UPI,SUCCESS,169171.39,2026-11-25T19:14:17
ORDER_000001497_PAYMENT,ORDER_000001497,DEBIT_CARD,SUCCESS,456470.73,2026-04-28T15:43:55
ORDER_000001498_PAYMENT,ORDER_000001498,CREDIT_CARD,SUCCESS,386807.38,2026-02-02T05:35:11
ORDER_000001499_PAYMENT,ORDER_000001499,UPI,SUCCESS,662399.02,2026-06-18T00:13:14
ORDER_000001500_PAYMENT,ORDER_000001500,CREDIT_CARD,SUCCESS,599106.58,2026-03-26T12:16:19
ORDER_000001501_PAYMENT,ORDER_000001501,NET_BANKING,SUCCESS,193917.28,2026-10-15T02:33:25
ORDER_000001502_PAYMENT,ORDER_000001502,UPI,SUCCESS,377737.05,2026-10-05T03:12:24
ORDER_000001503_PAYMENT,ORDER_000001503,UPI,SUCCESS,210896.08,2026-06-11T15:08:53
ORDER_000001504_PAYMENT,ORDER_000001504,WALLET,SUCCESS,289845.49,2026-07-12T18:06:22
ORDER_000001505_PAYMENT,ORDER_000001505,CREDIT_CARD,SUCCESS,314415.75,2026-09-26T13:19:02
ORDER_000001506_PAYMENT,ORDER_000001506,DEBIT_CARD,SUCCESS,330632.85,2026-03-25T21:07:57
ORDER_000001507_PAYMENT,ORDER_000001507,DEBIT_CARD,SUCCESS,756461.36,2026-02-26T10:13:57
ORDER_000001508_PAYMENT,ORDER_000001508,DEBIT_CARD,SUCCESS,500946.47,2026-07-08T20:53:15
ORDER_000001509_PAYMENT,ORDER_000001509,UPI,SUCCESS,470439.44,2026-11-06T20:32:17
ORDER_000001510_PAYMENT,ORDER_000001510,CREDIT_CARD,SUCCESS,107756.07,2026-08-04T13:28:13
ORDER_000001511_PAYMENT,ORDER_000001511,CREDIT_CARD,SUCCESS,64596.70,2026-02-16T16:02:26
ORDER_000001512_PAYMENT,ORDER_000001512,UPI,SUCCESS,103122.33,2027-01-01T19:00:18
ORDER_000001513_PAYMENT,ORDER_000001513,CREDIT_CARD,SUCCESS,302217.41,2026-09-30T23:59:45
ORDER_000001514_PAYMENT,ORDER_000001514,UPI,SUCCESS,253474.97,2026-06-24T21:54:39
ORDER_000001515_PAYMENT,ORDER_000001515,NET_BANKING,SUCCESS,277305.77,2026-03-24T07:24:02
ORDER_000001516_PAYMENT,ORDER_000001516,CREDIT_CARD,FAILED,503741.84,2026-11-23T18:02:11
ORDER_000001517_PAYMENT,ORDER_000001517,UPI,SUCCESS,133394.78,2026-01-21T10:27:04
ORDER_000001518_PAYMENT,ORDER_000001518,CREDIT_CARD,SUCCESS,341748.55,2026-01-09T02:30:49
ORDER_000001519_PAYMENT,ORDER_000001519,UPI,SUCCESS,160342.48,2026-09-24T02:31:14
ORDER_000001520_PAYMENT,ORDER_000001520,UPI,SUCCESS,117479.12,2026-01-05T14:00:53
ORDER_000001521_PAYMENT,ORDER_000001521,CREDIT_CARD,SUCCESS,561868.73,2026-04-10T06:10:04
ORDER_000001522_PAYMENT,ORDER_000001522,NET_BANKING,SUCCESS,199607.98,2026-11-23T11:41:35
ORDER_000001523_PAYMENT,ORDER_000001523,UPI,SUCCESS,128024.20,2026-09-03T12:55:42
ORDER_000001524_PAYMENT,ORDER_000001524,UPI,SUCCESS,148923.82,2026-05-05T19:08:25
ORDER_000001525_PAYMENT,ORDER_000001525,WALLET,SUCCESS,181019.04,2026-08-27T04:36:11
ORDER_000001526_PAYMENT,ORDER_000001526,CREDIT_CARD,SUCCESS,47289.51,2026-12-06T07:07:50
ORDER_000001527_PAYMENT,ORDER_000001527,UPI,SUCCESS,68981.62,2026-01-14T02:07:14
ORDER_000001528_PAYMENT,ORDER_000001528,UPI,SUCCESS,273159.68,2026-04-04T23:25:35
ORDER_000001529_PAYMENT,ORDER_000001529,UPI,SUCCESS,112494.20,2026-05-16T22:36:23
ORDER_000001530_PAYMENT,ORDER_000001530,CREDIT_CARD,SUCCESS,219143.94,2026-02-11T21:35:26
ORDER_000001531_PAYMENT,ORDER_000001531,NET_BANKING,SUCCESS,391366.32,2026-11-02T02:12:54
ORDER_000001532_PAYMENT,ORDER_000001532,DEBIT_CARD,SUCCESS,519168.61,2026-01-02T03:38:04
ORDER_000001533_PAYMENT,ORDER_000001533,UPI,SUCCESS,487505.60,2026-07-10T02:43:31
ORDER_000001534_PAYMENT,ORDER_000001534,UPI,SUCCESS,139512.35,2026-03-04T16:14:32
ORDER_000001535_PAYMENT,ORDER_000001535,UPI,SUCCESS,152800.57,2026-07-08T21:27:29
ORDER_000001536_PAYMENT,ORDER_000001536,UPI,SUCCESS,91072.45,2026-08-08T06:35:15
ORDER_000001537_PAYMENT,ORDER_000001537,UPI,SUCCESS,343397.56,2026-08-27T10:37:44
ORDER_000001538_PAYMENT,ORDER_000001538,CREDIT_CARD,SUCCESS,177660.87,2026-08-14T03:19:10
ORDER_000001539_PAYMENT,ORDER_000001539,WALLET,SUCCESS,348376.28,2026-10-26T08:02:32
ORDER_000001540_PAYMENT,ORDER_000001540,UPI,SUCCESS,514761.35,2026-05-30T23:10:19
ORDER_000001541_PAYMENT,ORDER_000001541,DEBIT_CARD,SUCCESS,325692.89,2026-05-22T03:19:31
ORDER_000001542_PAYMENT,ORDER_000001542,UPI,SUCCESS,295174.33,2026-12-20T08:27:46
ORDER_000001543_PAYMENT,ORDER_000001543,NET_BANKING,SUCCESS,318962.39,2026-06-27T01:51:18
ORDER_000001544_PAYMENT,ORDER_000001544,UPI,SUCCESS,455356.62,2026-12-09T17:07:17
ORDER_000001545_PAYMENT,ORDER_000001545,CREDIT_CARD,SUCCESS,355131.03,2026-01-10T07:57:16
ORDER_000001546_PAYMENT,ORDER_000001546,DEBIT_CARD,SUCCESS,508473.15,2026-10-07T05:34:09
ORDER_000001547_PAYMENT,ORDER_000001547,UPI,SUCCESS,87307.66,2026-01-13T03:05:36
ORDER_000001548_PAYMENT,ORDER_000001548,CREDIT_CARD,SUCCESS,201692.96,2026-06-02T04:03:36
ORDER_000001549_PAYMENT,ORDER_000001549,UPI,SUCCESS,880319.45,2026-11-03T09:56:11
ORDER_000001550_PAYMENT,ORDER_000001550,WALLET,SUCCESS,325177.41,2026-10-18T07:00:19
ORDER_000001551_PAYMENT,ORDER_000001551,WALLET,SUCCESS,452464.95,2026-03-27T21:38:17
ORDER_000001552_PAYMENT,ORDER_000001552,UPI,SUCCESS,272463.80,2026-11-21T09:33:58
ORDER_000001553_PAYMENT,ORDER_000001553,UPI,SUCCESS,543686.81,2026-09-02T17:08:26
ORDER_000001554_PAYMENT,ORDER_000001554,UPI,SUCCESS,325690.12,2026-08-03T06:17:31
ORDER_000001555_PAYMENT,ORDER_000001555,CREDIT_CARD,SUCCESS,205778.24,2026-12-10T12:10:23
ORDER_000001556_PAYMENT,ORDER_000001556,CREDIT_CARD,SUCCESS,393028.30,2026-02-04T12:59:38
ORDER_000001557_PAYMENT,ORDER_000001557,CREDIT_CARD,SUCCESS,47319.38,2026-07-04T23:39:53
ORDER_000001558_PAYMENT,ORDER_000001558,DEBIT_CARD,SUCCESS,125632.43,2026-02-15T06:06:31
ORDER_000001559_PAYMENT,ORDER_000001559,UPI,SUCCESS,51042.43,2026-09-23T03:24:19
ORDER_000001560_PAYMENT,ORDER_000001560,UPI,SUCCESS,486081.88,2026-12-22T20:47:51
ORDER_000001561_PAYMENT,ORDER_000001561,DEBIT_CARD,SUCCESS,141143.86,2026-02-24T00:38:19
ORDER_000001562_PAYMENT,ORDER_000001562,NET_BANKING,SUCCESS,189216.13,2026-11-07T15:28:30
ORDER_000001563_PAYMENT,ORDER_000001563,CREDIT_CARD,SUCCESS,124845.02,2026-01-05T00:21:33
ORDER_000001564_PAYMENT,ORDER_000001564,UPI,SUCCESS,181989.00,2026-09-04T04:24:53
ORDER_000001565_PAYMENT,ORDER_000001565,NET_BANKING,SUCCESS,444912.13,2026-09-28T06:27:45
ORDER_000001566_PAYMENT,ORDER_000001566,WALLET,SUCCESS,410917.75,2026-08-03T15:30:22
ORDER_000001567_PAYMENT,ORDER_000001567,CREDIT_CARD,SUCCESS,153748.03,2026-12-11T23:04:25
ORDER_000001568_PAYMENT,ORDER_000001568,UPI,SUCCESS,242246.05,2026-02-02T11:15:11
ORDER_000001569_PAYMENT,ORDER_000001569,CREDIT_CARD,SUCCESS,261754.01,2026-06-02T12:29:23
ORDER_000001570_PAYMENT,ORDER_000001570,CREDIT_CARD,SUCCESS,487187.48,2026-12-20T05:26:49
ORDER_000001571_PAYMENT,ORDER_000001571,UPI,SUCCESS,15566.06,2026-02-28T10:53:27
ORDER_000001572_PAYMENT,ORDER_000001572,UPI,SUCCESS,235342.48,2026-03-06T10:28:06
ORDER_000001573_PAYMENT,ORDER_000001573,UPI,SUCCESS,287883.20,2026-02-14T04:37:53
ORDER_000001574_PAYMENT,ORDER_000001574,UPI,SUCCESS,297313.81,2026-01-18T01:15:08
ORDER_000001575_PAYMENT,ORDER_000001575,CREDIT_CARD,SUCCESS,164135.19,2026-01-05T05:28:02
ORDER_000001576_PAYMENT,ORDER_000001576,NET_BANKING,SUCCESS,284504.86,2026-06-04T04:48:23
ORDER_000001577_PAYMENT,ORDER_000001577,UPI,SUCCESS,183162.07,2026-09-30T10:39:17
ORDER_000001578_PAYMENT,ORDER_000001578,CREDIT_CARD,SUCCESS,170538.98,2026-06-21T13:12:07
ORDER_000001579_PAYMENT,ORDER_000001579,UPI,SUCCESS,205777.52,2026-07-26T13:28:06
ORDER_000001580_PAYMENT,ORDER_000001580,UPI,SUCCESS,543990.49,2026-08-12T15:12:32
ORDER_000001581_PAYMENT,ORDER_000001581,UPI,SUCCESS,167077.16,2026-08-04T02:06:54
ORDER_000001582_PAYMENT,ORDER_000001582,UPI,SUCCESS,225409.30,2026-02-13T22:04:44
ORDER_000001583_PAYMENT,ORDER_000001583,UPI,SUCCESS,82117.01,2026-05-01T07:23:15
ORDER_000001584_PAYMENT,ORDER_000001584,CREDIT_CARD,SUCCESS,131814.89,2026-09-05T09:15:47
ORDER_000001585_PAYMENT,ORDER_000001585,DEBIT_CARD,SUCCESS,34176.30,2026-02-13T16:15:47
ORDER_000001586_PAYMENT,ORDER_000001586,UPI,SUCCESS,143046.89,2026-08-31T06:34:10
ORDER_000001587_PAYMENT,ORDER_000001587,DEBIT_CARD,SUCCESS,207611.78,2026-04-25T18:53:45
ORDER_000001588_PAYMENT,ORDER_000001588,CREDIT_CARD,SUCCESS,415442.29,2026-12-04T19:56:58
ORDER_000001589_PAYMENT,ORDER_000001589,UPI,SUCCESS,384484.04,2026-01-03T15:35:50
ORDER_000001590_PAYMENT,ORDER_000001590,UPI,SUCCESS,325526.05,2026-09-08T07:36:45
ORDER_000001591_PAYMENT,ORDER_000001591,CREDIT_CARD,SUCCESS,276424.39,2026-04-29T00:59:02
ORDER_000001592_PAYMENT,ORDER_000001592,UPI,SUCCESS,386123.43,2026-11-14T13:03:59
ORDER_000001593_PAYMENT,ORDER_000001593,DEBIT_CARD,SUCCESS,383880.70,2026-06-08T07:20
ORDER_000001594_PAYMENT,ORDER_000001594,NET_BANKING,SUCCESS,312728.94,2026-09-25T14:18:38
ORDER_000001595_PAYMENT,ORDER_000001595,WALLET,SUCCESS,604266.32,2026-10-06T07:41:21
ORDER_000001596_PAYMENT,ORDER_000001596,WALLET,SUCCESS,624819.59,2026-03-06T02:38:58
ORDER_000001597_PAYMENT,ORDER_000001597,NET_BANKING,SUCCESS,831812.44,2026-12-18T20:33:49
ORDER_000001598_PAYMENT,ORDER_000001598,UPI,SUCCESS,227592.72,2026-02-04T16:16:45
ORDER_000001599_PAYMENT,ORDER_000001599,DEBIT_CARD,SUCCESS,140849.22,2026-11-24T18:28:44
ORDER_000001600_PAYMENT,ORDER_000001600,CREDIT_CARD,SUCCESS,176332.05,2026-04-28T23:43:30
ORDER_000001601_PAYMENT,ORDER_000001601,UPI,SUCCESS,289663.76,2026-05-11T18:17:21
ORDER_000001602_PAYMENT,ORDER_000001602,CREDIT_CARD,SUCCESS,62399.19,2026-12-22T13:48:20
ORDER_000001603_PAYMENT,ORDER_000001603,DEBIT_CARD,SUCCESS,295832.50,2026-10-22T00:47:14
ORDER_000001604_PAYMENT,ORDER_000001604,UPI,FAILED,351069.34,2026-03-23T05:38:14
ORDER_000001605_PAYMENT,ORDER_000001605,WALLET,SUCCESS,273690.74,2026-11-24T00:33:29
ORDER_000001606_PAYMENT,ORDER_000001606,UPI,SUCCESS,366117.45,2026-03-11T13:42:18
ORDER_000001607_PAYMENT,ORDER_000001607,UPI,FAILED,365199.74,2026-05-03T15:00:04
ORDER_000001608_PAYMENT,ORDER_000001608,UPI,SUCCESS,303439.09,2026-10-03T07:49:08
ORDER_000001609_PAYMENT,ORDER_000001609,CREDIT_CARD,SUCCESS,245631.75,2026-06-04T20:33:55
ORDER_000001610_PAYMENT,ORDER_000001610,UPI,SUCCESS,85343.56,2026-10-16T04:04:16
ORDER_000001611_PAYMENT,ORDER_000001611,NET_BANKING,SUCCESS,268167.38,2026-08-25T02:20:45
ORDER_000001612_PAYMENT,ORDER_000001612,DEBIT_CARD,SUCCESS,359138.46,2026-03-08T22:30:26
ORDER_000001613_PAYMENT,ORDER_000001613,UPI,SUCCESS,111494.49,2026-02-21T11:34:56
ORDER_000001614_PAYMENT,ORDER_000001614,UPI,SUCCESS,134745.37,2026-12-13T23:28:19
ORDER_000001615_PAYMENT,ORDER_000001615,NET_BANKING,SUCCESS,466289.25,2026-05-06T08:49:22
ORDER_000001616_PAYMENT,ORDER_000001616,DEBIT_CARD,SUCCESS,376991.84,2026-08-18T22:36:35
ORDER_000001617_PAYMENT,ORDER_000001617,WALLET,SUCCESS,283016.98,2026-11-03T05:11:21
ORDER_000001618_PAYMENT,ORDER_000001618,WALLET,SUCCESS,459943.49,2026-09-20T15:18:28
ORDER_000001619_PAYMENT,ORDER_000001619,CREDIT_CARD,SUCCESS,202226.30,2026-05-24T11:48:40
ORDER_000001620_PAYMENT,ORDER_000001620,NET_BANKING,SUCCESS,173605.63,2026-01-04T01:58:18
ORDER_000001621_PAYMENT,ORDER_000001621,UPI,SUCCESS,651024.00,2026-12-17T14:06:58
ORDER_000001622_PAYMENT,ORDER_000001622,DEBIT_CARD,SUCCESS,118867.51,2026-06-03T19:23:14
ORDER_000001623_PAYMENT,ORDER_000001623,WALLET,SUCCESS,814877.45,2026-05-15T14:01:46
ORDER_000001624_PAYMENT,ORDER_000001624,UPI,SUCCESS,454146.07,2026-02-03T22:19:34
ORDER_000001625_PAYMENT,ORDER_000001625,CREDIT_CARD,SUCCESS,172287.72,2026-01-12T13:12:25
ORDER_000001626_PAYMENT,ORDER_000001626,WALLET,SUCCESS,403747.27,2026-04-07T20:50:41
ORDER_000001627_PAYMENT,ORDER_000001627,UPI,SUCCESS,519243.90,2026-09-26T22:04:06
ORDER_000001628_PAYMENT,ORDER_000001628,UPI,SUCCESS,94019.02,2026-01-24T04:36:04
ORDER_000001629_PAYMENT,ORDER_000001629,UPI,SUCCESS,259440.14,2026-04-30T15:29:06
ORDER_000001630_PAYMENT,ORDER_000001630,NET_BANKING,SUCCESS,512733.17,2026-09-24T21:57:37
ORDER_000001631_PAYMENT,ORDER_000001631,DEBIT_CARD,SUCCESS,168051.57,2026-04-22T05:20:40
ORDER_000001632_PAYMENT,ORDER_000001632,DEBIT_CARD,SUCCESS,84599.69,2026-05-19T10:19:49
ORDER_000001633_PAYMENT,ORDER_000001633,CREDIT_CARD,SUCCESS,557877.70,2026-12-02T22:24:20
ORDER_000001634_PAYMENT,ORDER_000001634,UPI,SUCCESS,70011.82,2026-05-12T23:06:02
ORDER_000001635_PAYMENT,ORDER_000001635,CREDIT_CARD,SUCCESS,143357.07,2026-11-09T02:59:01
ORDER_000001636_PAYMENT,ORDER_000001636,WALLET,FAILED,166165.32,2026-06-25T15:28:05
ORDER_000001637_PAYMENT,ORDER_000001637,UPI,SUCCESS,435609.56,2026-04-27T08:10:27
ORDER_000001638_PAYMENT,ORDER_000001638,UPI,SUCCESS,445177.71,2026-04-29T22:38:22
ORDER_000001639_PAYMENT,ORDER_000001639,CREDIT_CARD,SUCCESS,499438.34,2026-01-25T08:01:06
ORDER_000001640_PAYMENT,ORDER_000001640,NET_BANKING,FAILED,212812.67,2026-12-02T00:39:35
ORDER_000001641_PAYMENT,ORDER_000001641,CREDIT_CARD,SUCCESS,481653.74,2026-09-09T08:40:11
ORDER_000001642_PAYMENT,ORDER_000001642,CREDIT_CARD,SUCCESS,292618.56,2026-01-07T17:01:18
ORDER_000001643_PAYMENT,ORDER_000001643,CREDIT_CARD,SUCCESS,518584.51,2026-08-24T09:50:07
ORDER_000001644_PAYMENT,ORDER_000001644,UPI,SUCCESS,368677.65,2026-05-26T02:41:21
ORDER_000001645_PAYMENT,ORDER_000001645,UPI,FAILED,219976.11,2026-02-06T18:41:11
ORDER_000001646_PAYMENT,ORDER_000001646,UPI,SUCCESS,546190.11,2026-08-06T15:34
ORDER_000001647_PAYMENT,ORDER_000001647,CREDIT_CARD,SUCCESS,340639.58,2026-04-19T14:01:22
ORDER_000001648_PAYMENT,ORDER_000001648,WALLET,SUCCESS,416787.99,2026-12-02T19:00:27
ORDER_000001649_PAYMENT,ORDER_000001649,UPI,SUCCESS,146427.59,2026-06-28T20:46:38
ORDER_000001650_PAYMENT,ORDER_000001650,UPI,SUCCESS,181304.54,2026-01-02T21:19:22
ORDER_000001651_PAYMENT,ORDER_000001651,CREDIT_CARD,SUCCESS,173277.80,2026-03-14T16:27:32
ORDER_000001652_PAYMENT,ORDER_000001652,WALLET,SUCCESS,106530.40,2026-04-05T12:01:43
ORDER_000001653_PAYMENT,ORDER_000001653,CREDIT_CARD,FAILED,571200.63,2026-10-25T06:39:41
ORDER_000001654_PAYMENT,ORDER_000001654,DEBIT_CARD,SUCCESS,359404.46,2026-05-26T03:59:50
ORDER_000001655_PAYMENT,ORDER_000001655,DEBIT_CARD,SUCCESS,77097.52,2026-04-27T14:03:01
ORDER_000001656_PAYMENT,ORDER_000001656,UPI,SUCCESS,454093.92,2026-10-06T06:33:28
ORDER_000001657_PAYMENT,ORDER_000001657,UPI,SUCCESS,429583.39,2026-10-24T23:05:23
ORDER_000001658_PAYMENT,ORDER_000001658,UPI,SUCCESS,68502.94,2026-05-03T04:42
ORDER_000001659_PAYMENT,ORDER_000001659,CREDIT_CARD,SUCCESS,179240.19,2026-12-22T17:51:04
ORDER_000001660_PAYMENT,ORDER_000001660,CREDIT_CARD,SUCCESS,300867.60,2026-09-21T17:19:51
ORDER_000001661_PAYMENT,ORDER_000001661,CREDIT_CARD,SUCCESS,539791.40,2026-05-10T05:24:27
ORDER_000001662_PAYMENT,ORDER_000001662,UPI,SUCCESS,650160.90,2026-07-28T09:42:10
ORDER_000001663_PAYMENT,ORDER_000001663,NET_BANKING,SUCCESS,289110.08,2026-05-04T08:49:26
ORDER_000001664_PAYMENT,ORDER_000001664,UPI,SUCCESS,346384.33,2026-05-22T16:09:01
ORDER_000001665_PAYMENT,ORDER_000001665,UPI,SUCCESS,340104.48,2026-09-01T17:20:04
ORDER_000001666_PAYMENT,ORDER_000001666,DEBIT_CARD,SUCCESS,580399.98,2026-03-05T08:51:32
ORDER_000001667_PAYMENT,ORDER_000001667,UPI,SUCCESS,221472.60,2026-04-08T03:19:03
ORDER_000001668_PAYMENT,ORDER_000001668,UPI,SUCCESS,510151.16,2026-10-25T21:44:23
ORDER_000001669_PAYMENT,ORDER_000001669,CREDIT_CARD,SUCCESS,312226.44,2026-09-14T17:43:34
ORDER_000001670_PAYMENT,ORDER_000001670,UPI,SUCCESS,148779.27,2026-10-26T05:00:54
ORDER_000001671_PAYMENT,ORDER_000001671,NET_BANKING,SUCCESS,462146.81,2026-12-07T15:59:38
ORDER_000001672_PAYMENT,ORDER_000001672,CREDIT_CARD,SUCCESS,121431.52,2026-02-26T04:17:35
ORDER_000001673_PAYMENT,ORDER_000001673,WALLET,SUCCESS,303345.92,2026-03-07T15:36:35
ORDER_000001674_PAYMENT,ORDER_000001674,WALLET,SUCCESS,342627.61,2026-08-18T18:22:04
ORDER_000001675_PAYMENT,ORDER_000001675,UPI,SUCCESS,15965.83,2026-03-11T07:41:57
ORDER_000001676_PAYMENT,ORDER_000001676,DEBIT_CARD,SUCCESS,544750.29,2026-05-03T10:29:58
ORDER_000001677_PAYMENT,ORDER_000001677,WALLET,SUCCESS,296163.67,2026-09-28T19:10:27
ORDER_000001678_PAYMENT,ORDER_000001678,CREDIT_CARD,SUCCESS,452285.32,2026-03-25T23:56:11
ORDER_000001679_PAYMENT,ORDER_000001679,DEBIT_CARD,SUCCESS,240549.77,2026-01-29T20:31:31
ORDER_000001680_PAYMENT,ORDER_000001680,CREDIT_CARD,SUCCESS,375058.45,2026-11-26T12:42:55
ORDER_000001681_PAYMENT,ORDER_000001681,UPI,FAILED,35546.07,2026-04-19T15:16:25
ORDER_000001682_PAYMENT,ORDER_000001682,CREDIT_CARD,SUCCESS,592086.56,2026-02-26T23:10:01
ORDER_000001683_PAYMENT,ORDER_000001683,UPI,SUCCESS,497480.59,2026-03-19T12:19:44
ORDER_000001684_PAYMENT,ORDER_000001684,UPI,SUCCESS,511995.16,2026-02-23T18:07:50
ORDER_000001685_PAYMENT,ORDER_000001685,UPI,SUCCESS,257078.83,2026-08-25T14:23:21
ORDER_000001686_PAYMENT,ORDER_000001686,DEBIT_CARD,SUCCESS,187383.15,2026-04-28T13:37:39
ORDER_000001687_PAYMENT,ORDER_000001687,CREDIT_CARD,SUCCESS,167438.50,2026-09-25T11:18:27
ORDER_000001688_PAYMENT,ORDER_000001688,UPI,SUCCESS,206135.85,2026-10-22T13:10:58
ORDER_000001689_PAYMENT,ORDER_000001689,CREDIT_CARD,SUCCESS,673205.69,2026-12-16T22:49:23
ORDER_000001690_PAYMENT,ORDER_000001690,UPI,SUCCESS,540499.66,2026-11-21T07:52:44
ORDER_000001691_PAYMENT,ORDER_000001691,UPI,SUCCESS,567164.85,2026-06-05T18:50:22
ORDER_000001692_PAYMENT,ORDER_000001692,UPI,SUCCESS,350233.22,2026-12-18T20:46:56
ORDER_000001693_PAYMENT,ORDER_000001693,CREDIT_CARD,SUCCESS,303667.62,2026-03-13T10:39:29
ORDER_000001694_PAYMENT,ORDER_000001694,DEBIT_CARD,SUCCESS,185589.48,2026-03-12T12:15:01
ORDER_000001695_PAYMENT,ORDER_000001695,UPI,SUCCESS,335673.54,2026-06-08T22:29:34
ORDER_000001696_PAYMENT,ORDER_000001696,UPI,FAILED,155679.70,2026-08-14T05:01:27
ORDER_000001697_PAYMENT,ORDER_000001697,UPI,SUCCESS,116865.43,2026-08-28T16:41:53
ORDER_000001698_PAYMENT,ORDER_000001698,CREDIT_CARD,FAILED,612956.00,2026-12-29T15:26:30
ORDER_000001699_PAYMENT,ORDER_000001699,UPI,SUCCESS,328511.80,2026-02-13T23:00:30
ORDER_000001700_PAYMENT,ORDER_000001700,NET_BANKING,SUCCESS,291646.81,2026-12-04T14:02:46
ORDER_000001701_PAYMENT,ORDER_000001701,DEBIT_CARD,SUCCESS,65025.53,2026-01-02T14:37:27
ORDER_000001702_PAYMENT,ORDER_000001702,CREDIT_CARD,SUCCESS,277833.80,2026-01-30T11:21
ORDER_000001703_PAYMENT,ORDER_000001703,UPI,SUCCESS,251807.71,2026-01-06T18:31:45
ORDER_000001704_PAYMENT,ORDER_000001704,UPI,SUCCESS,416951.07,2026-02-28T16:35:47
ORDER_000001705_PAYMENT,ORDER_000001705,UPI,SUCCESS,382320.74,2026-09-18T04:29:04
ORDER_000001706_PAYMENT,ORDER_000001706,DEBIT_CARD,SUCCESS,282426.56,2026-10-18T07:47:52
ORDER_000001707_PAYMENT,ORDER_000001707,CREDIT_CARD,SUCCESS,606418.65,2026-12-17T22:26:43
ORDER_000001708_PAYMENT,ORDER_000001708,DEBIT_CARD,SUCCESS,42624.66,2026-06-13T01:51:32
ORDER_000001709_PAYMENT,ORDER_000001709,UPI,SUCCESS,243302.40,2026-09-19T00:07:36
ORDER_000001710_PAYMENT,ORDER_000001710,UPI,SUCCESS,190124.92,2026-05-21T11:23:49
ORDER_000001711_PAYMENT,ORDER_000001711,UPI,SUCCESS,5407.14,2026-09-03T01:11:17
ORDER_000001712_PAYMENT,ORDER_000001712,CREDIT_CARD,SUCCESS,342126.24,2026-03-16T23:34:32
ORDER_000001713_PAYMENT,ORDER_000001713,DEBIT_CARD,SUCCESS,353475.51,2026-12-24T18:43:42
ORDER_000001714_PAYMENT,ORDER_000001714,UPI,SUCCESS,375953.10,2026-06-25T02:08:10
ORDER_000001715_PAYMENT,ORDER_000001715,CREDIT_CARD,SUCCESS,224430.66,2026-08-11T06:54:17
ORDER_000001716_PAYMENT,ORDER_000001716,UPI,SUCCESS,72949.67,2026-04-21T17:17:40
ORDER_000001717_PAYMENT,ORDER_000001717,DEBIT_CARD,SUCCESS,241163.85,2026-07-04T14:24:06
ORDER_000001718_PAYMENT,ORDER_000001718,UPI,SUCCESS,464356.59,2026-03-05T02:14:07
ORDER_000001719_PAYMENT,ORDER_000001719,UPI,SUCCESS,147277.05,2026-09-03T12:21
ORDER_000001720_PAYMENT,ORDER_000001720,UPI,SUCCESS,356167.02,2026-08-14T21:51:33
ORDER_000001721_PAYMENT,ORDER_000001721,WALLET,SUCCESS,276261.33,2026-08-23T05:23:57
ORDER_000001722_PAYMENT,ORDER_000001722,UPI,SUCCESS,326668.78,2026-07-11T22:53:30
ORDER_000001723_PAYMENT,ORDER_000001723,UPI,SUCCESS,518824.08,2026-06-29T04:02:35
ORDER_000001724_PAYMENT,ORDER_000001724,WALLET,SUCCESS,235846.32,2026-12-13T07:16:50
ORDER_000001725_PAYMENT,ORDER_000001725,WALLET,SUCCESS,418190.10,2026-11-27T04:55:35
ORDER_000001726_PAYMENT,ORDER_000001726,UPI,SUCCESS,110138.41,2026-10-16T18:45:21
ORDER_000001727_PAYMENT,ORDER_000001727,UPI,SUCCESS,480239.25,2026-03-10T23:21:25
ORDER_000001728_PAYMENT,ORDER_000001728,UPI,SUCCESS,342345.12,2026-05-28T20:30:19
ORDER_000001729_PAYMENT,ORDER_000001729,WALLET,SUCCESS,226812.92,2026-10-31T00:12
ORDER_000001730_PAYMENT,ORDER_000001730,DEBIT_CARD,SUCCESS,202470.34,2026-09-20T02:54:34
ORDER_000001731_PAYMENT,ORDER_000001731,DEBIT_CARD,SUCCESS,124710.85,2026-10-24T09:34:29
ORDER_000001732_PAYMENT,ORDER_000001732,UPI,SUCCESS,164557.97,2026-05-29T11:29:11
ORDER_000001733_PAYMENT,ORDER_000001733,UPI,SUCCESS,81005.58,2026-12-09T06:39:27
ORDER_000001734_PAYMENT,ORDER_000001734,UPI,SUCCESS,352919.55,2026-10-31T23:02:44
ORDER_000001735_PAYMENT,ORDER_000001735,UPI,SUCCESS,221706.36,2026-07-15T18:52:12
ORDER_000001736_PAYMENT,ORDER_000001736,WALLET,SUCCESS,299533.39,2026-07-20T17:04:59
ORDER_000001737_PAYMENT,ORDER_000001737,UPI,SUCCESS,204710.86,2026-01-05T18:00:11
ORDER_000001738_PAYMENT,ORDER_000001738,WALLET,SUCCESS,387340.35,2026-01-26T14:45:38
ORDER_000001739_PAYMENT,ORDER_000001739,UPI,SUCCESS,334183.10,2026-08-15T03:48:18
ORDER_000001740_PAYMENT,ORDER_000001740,UPI,SUCCESS,343419.71,2026-03-02T10:18:39
ORDER_000001741_PAYMENT,ORDER_000001741,UPI,SUCCESS,178370.70,2026-01-26T05:28:42
ORDER_000001742_PAYMENT,ORDER_000001742,NET_BANKING,SUCCESS,62795.20,2026-05-04T05:29:34
ORDER_000001743_PAYMENT,ORDER_000001743,UPI,SUCCESS,306285.68,2026-08-23T05:07:29
ORDER_000001744_PAYMENT,ORDER_000001744,UPI,SUCCESS,45481.32,2026-08-02T06:49:32
ORDER_000001745_PAYMENT,ORDER_000001745,DEBIT_CARD,SUCCESS,215805.43,2026-11-14T23:08:10
ORDER_000001746_PAYMENT,ORDER_000001746,NET_BANKING,SUCCESS,525635.26,2026-02-22T17:58:39
ORDER_000001747_PAYMENT,ORDER_000001747,UPI,SUCCESS,250465.06,2026-12-04T19:58:52
ORDER_000001748_PAYMENT,ORDER_000001748,UPI,SUCCESS,431645.12,2026-09-01T20:13:52
ORDER_000001749_PAYMENT,ORDER_000001749,NET_BANKING,SUCCESS,293322.63,2026-11-13T21:42:26
ORDER_000001750_PAYMENT,ORDER_000001750,UPI,SUCCESS,412847.77,2026-09-15T10:21:27
ORDER_000001751_PAYMENT,ORDER_000001751,DEBIT_CARD,SUCCESS,297519.28,2026-04-12T02:14:48
ORDER_000001752_PAYMENT,ORDER_000001752,NET_BANKING,SUCCESS,145832.51,2026-08-15T10:58:59
ORDER_000001753_PAYMENT,ORDER_000001753,NET_BANKING,SUCCESS,114654.89,2026-06-29T17:26:53
ORDER_000001754_PAYMENT,ORDER_000001754,WALLET,SUCCESS,301822.66,2026-02-12T18:26:08
ORDER_000001755_PAYMENT,ORDER_000001755,UPI,SUCCESS,211008.74,2026-10-05T22:02:28
ORDER_000001756_PAYMENT,ORDER_000001756,UPI,SUCCESS,287112.70,2026-06-27T20:12:25
ORDER_000001757_PAYMENT,ORDER_000001757,UPI,SUCCESS,164818.54,2026-12-31T05:00:20
ORDER_000001758_PAYMENT,ORDER_000001758,UPI,SUCCESS,24886.31,2026-04-05T00:13:33
ORDER_000001759_PAYMENT,ORDER_000001759,CREDIT_CARD,SUCCESS,315026.22,2026-08-03T22:00:54
ORDER_000001760_PAYMENT,ORDER_000001760,UPI,SUCCESS,251611.08,2026-04-19T00:19:47
ORDER_000001761_PAYMENT,ORDER_000001761,NET_BANKING,SUCCESS,170066.34,2026-06-01T12:40:48
ORDER_000001762_PAYMENT,ORDER_000001762,UPI,SUCCESS,661812.52,2026-09-25T05:41:50
ORDER_000001763_PAYMENT,ORDER_000001763,UPI,SUCCESS,428363.32,2026-08-08T12:45:02
ORDER_000001764_PAYMENT,ORDER_000001764,CREDIT_CARD,SUCCESS,308366.58,2026-12-11T23:57:22
ORDER_000001765_PAYMENT,ORDER_000001765,DEBIT_CARD,SUCCESS,478062.74,2026-03-08T22:24:38
ORDER_000001766_PAYMENT,ORDER_000001766,NET_BANKING,SUCCESS,243996.23,2026-09-10T07:39:26
ORDER_000001767_PAYMENT,ORDER_000001767,NET_BANKING,SUCCESS,281729.26,2026-07-20T02:49:56
ORDER_000001768_PAYMENT,ORDER_000001768,CREDIT_CARD,SUCCESS,210954.66,2026-01-28T18:42:15
ORDER_000001769_PAYMENT,ORDER_000001769,DEBIT_CARD,SUCCESS,497179.97,2026-02-13T14:44:49
ORDER_000001770_PAYMENT,ORDER_000001770,DEBIT_CARD,SUCCESS,359470.25,2026-12-12T00:20:46
ORDER_000001771_PAYMENT,ORDER_000001771,UPI,SUCCESS,141078.22,2026-04-04T11:24:31
ORDER_000001772_PAYMENT,ORDER_000001772,NET_BANKING,SUCCESS,113942.92,2026-10-12T15:40:23
ORDER_000001773_PAYMENT,ORDER_000001773,NET_BANKING,SUCCESS,320683.99,2026-12-09T07:03:24
ORDER_000001774_PAYMENT,ORDER_000001774,NET_BANKING,SUCCESS,559994.05,2026-03-24T15:42:21
ORDER_000001775_PAYMENT,ORDER_000001775,DEBIT_CARD,SUCCESS,152267.35,2026-09-18T19:52:27
ORDER_000001776_PAYMENT,ORDER_000001776,CREDIT_CARD,SUCCESS,174650.89,2026-08-08T19:04:13
ORDER_000001777_PAYMENT,ORDER_000001777,CREDIT_CARD,SUCCESS,97955.05,2026-05-21T14:04:17
ORDER_000001778_PAYMENT,ORDER_000001778,DEBIT_CARD,SUCCESS,165194.08,2026-09-26T01:54:51
ORDER_000001779_PAYMENT,ORDER_000001779,WALLET,SUCCESS,199203.72,2026-08-28T20:49:37
ORDER_000001780_PAYMENT,ORDER_000001780,UPI,SUCCESS,459583.99,2026-01-06T05:54:46
ORDER_000001781_PAYMENT,ORDER_000001781,WALLET,SUCCESS,175833.51,2026-09-25T17:56:31
ORDER_000001782_PAYMENT,ORDER_000001782,UPI,SUCCESS,564477.52,2026-07-22T18:39:30
ORDER_000001783_PAYMENT,ORDER_000001783,UPI,SUCCESS,582035.80,2026-12-01T05:38:18
ORDER_000001784_PAYMENT,ORDER_000001784,UPI,SUCCESS,424520.53,2026-06-08T08:54:44
ORDER_000001785_PAYMENT,ORDER_000001785,UPI,SUCCESS,153528.00,2026-05-19T15:03:47
ORDER_000001786_PAYMENT,ORDER_000001786,WALLET,FAILED,202432.62,2026-04-19T16:07:58
ORDER_000001787_PAYMENT,ORDER_000001787,WALLET,SUCCESS,115008.54,2026-06-07T09:47:30
ORDER_000001788_PAYMENT,ORDER_000001788,UPI,SUCCESS,379720.81,2026-03-19T20:36:33
ORDER_000001789_PAYMENT,ORDER_000001789,UPI,SUCCESS,369183.39,2026-10-28T01:33:39
ORDER_000001790_PAYMENT,ORDER_000001790,NET_BANKING,SUCCESS,76065.70,2026-02-18T21:14:53
ORDER_000001791_PAYMENT,ORDER_000001791,UPI,SUCCESS,213069.01,2026-02-28T06:28:09
ORDER_000001792_PAYMENT,ORDER_000001792,UPI,SUCCESS,583482.70,2026-06-13T02:25:52
ORDER_000001793_PAYMENT,ORDER_000001793,UPI,SUCCESS,141414.94,2026-09-21T07:22:04
ORDER_000001794_PAYMENT,ORDER_000001794,CREDIT_CARD,SUCCESS,668240.79,2026-06-06T16:02:17
ORDER_000001795_PAYMENT,ORDER_000001795,UPI,SUCCESS,293394.02,2026-11-17T18:42:27
ORDER_000001796_PAYMENT,ORDER_000001796,UPI,SUCCESS,78192.70,2026-06-14T20:05:40
ORDER_000001797_PAYMENT,ORDER_000001797,UPI,SUCCESS,750921.21,2026-06-15T12:12:17
ORDER_000001798_PAYMENT,ORDER_000001798,WALLET,SUCCESS,58571.40,2026-11-24T15:28:13
ORDER_000001799_PAYMENT,ORDER_000001799,UPI,SUCCESS,245289.07,2026-03-09T22:45:17
ORDER_000001800_PAYMENT,ORDER_000001800,UPI,FAILED,337767.17,2026-07-16T11:26:28
ORDER_000001801_PAYMENT,ORDER_000001801,UPI,SUCCESS,451170.22,2026-12-07T03:44:18
ORDER_000001802_PAYMENT,ORDER_000001802,WALLET,SUCCESS,248313.36,2026-05-29T23:44:03
ORDER_000001803_PAYMENT,ORDER_000001803,UPI,SUCCESS,281613.28,2026-08-02T08:54:20
ORDER_000001804_PAYMENT,ORDER_000001804,UPI,SUCCESS,209644.15,2026-09-19T09:03:37
ORDER_000001805_PAYMENT,ORDER_000001805,DEBIT_CARD,SUCCESS,111939.75,2026-10-31T13:16:15
ORDER_000001806_PAYMENT,ORDER_000001806,UPI,FAILED,271495.80,2026-09-25T13:05:35
ORDER_000001807_PAYMENT,ORDER_000001807,WALLET,SUCCESS,408168.00,2026-11-29T01:04:35
ORDER_000001808_PAYMENT,ORDER_000001808,CREDIT_CARD,SUCCESS,780132.60,2026-02-26T10:58:44
ORDER_000001809_PAYMENT,ORDER_000001809,CREDIT_CARD,SUCCESS,213726.53,2027-01-01T19:03:42
ORDER_000001810_PAYMENT,ORDER_000001810,WALLET,SUCCESS,333903.47,2026-07-31T14:43:08
ORDER_000001811_PAYMENT,ORDER_000001811,CREDIT_CARD,SUCCESS,97262.86,2026-07-20T22:39:19
ORDER_000001812_PAYMENT,ORDER_000001812,CREDIT_CARD,SUCCESS,264048.46,2026-11-13T23:09:09
ORDER_000001813_PAYMENT,ORDER_000001813,UPI,SUCCESS,166754.15,2026-11-09T19:44:21
ORDER_000001814_PAYMENT,ORDER_000001814,NET_BANKING,SUCCESS,257321.58,2026-12-26T12:36:41
ORDER_000001815_PAYMENT,ORDER_000001815,UPI,SUCCESS,419099.32,2026-07-07T13:18:58
ORDER_000001816_PAYMENT,ORDER_000001816,CREDIT_CARD,SUCCESS,315846.90,2026-12-08T01:28:50
ORDER_000001817_PAYMENT,ORDER_000001817,DEBIT_CARD,SUCCESS,176070.29,2026-10-28T16:13:52
ORDER_000001818_PAYMENT,ORDER_000001818,UPI,FAILED,99325.01,2026-09-08T23:15:09
ORDER_000001819_PAYMENT,ORDER_000001819,UPI,SUCCESS,226680.68,2026-06-15T11:27:33
ORDER_000001820_PAYMENT,ORDER_000001820,UPI,SUCCESS,251045.93,2026-12-02T10:04:20
ORDER_000001821_PAYMENT,ORDER_000001821,UPI,SUCCESS,510727.26,2026-09-30T05:06:12
ORDER_000001822_PAYMENT,ORDER_000001822,NET_BANKING,SUCCESS,86317.87,2026-12-09T12:02:53
ORDER_000001823_PAYMENT,ORDER_000001823,UPI,SUCCESS,409772.87,2026-02-23T03:58:26
ORDER_000001824_PAYMENT,ORDER_000001824,CREDIT_CARD,SUCCESS,232247.68,2026-04-21T14:22:32
ORDER_000001825_PAYMENT,ORDER_000001825,NET_BANKING,SUCCESS,479498.89,2026-11-18T09:59:41
ORDER_000001826_PAYMENT,ORDER_000001826,UPI,SUCCESS,326027.25,2026-02-02T18:27:02
ORDER_000001827_PAYMENT,ORDER_000001827,UPI,SUCCESS,148021.57,2026-06-25T06:58:01
ORDER_000001828_PAYMENT,ORDER_000001828,WALLET,SUCCESS,411273.76,2026-09-04T10:47:57
ORDER_000001829_PAYMENT,ORDER_000001829,UPI,SUCCESS,211792.06,2026-07-21T17:05:16
ORDER_000001830_PAYMENT,ORDER_000001830,NET_BANKING,SUCCESS,360050.16,2026-12-08T19:05:57
ORDER_000001831_PAYMENT,ORDER_000001831,UPI,FAILED,208646.51,2026-08-23T00:30:03
ORDER_000001832_PAYMENT,ORDER_000001832,NET_BANKING,SUCCESS,197960.86,2026-11-14T02:57:31
ORDER_000001833_PAYMENT,ORDER_000001833,UPI,SUCCESS,432845.11,2026-05-14T00:08:01
ORDER_000001834_PAYMENT,ORDER_000001834,UPI,SUCCESS,455816.30,2026-06-15T14:58:44
ORDER_000001835_PAYMENT,ORDER_000001835,UPI,SUCCESS,265866.52,2026-05-10T03:07:50
ORDER_000001836_PAYMENT,ORDER_000001836,NET_BANKING,SUCCESS,239511.18,2026-12-02T23:07:31
ORDER_000001837_PAYMENT,ORDER_000001837,UPI,SUCCESS,432493.92,2026-01-17T19:23:57
ORDER_000001838_PAYMENT,ORDER_000001838,CREDIT_CARD,SUCCESS,396775.32,2026-05-16T16:03:12
ORDER_000001839_PAYMENT,ORDER_000001839,UPI,SUCCESS,475289.68,2026-10-10T04:52:18
ORDER_000001840_PAYMENT,ORDER_000001840,UPI,SUCCESS,440350.53,2026-04-04T08:07:14
ORDER_000001841_PAYMENT,ORDER_000001841,UPI,SUCCESS,286503.11,2027-01-01T22:48:24
ORDER_000001842_PAYMENT,ORDER_000001842,UPI,SUCCESS,359004.40,2026-05-04T16:15:08
ORDER_000001843_PAYMENT,ORDER_000001843,UPI,SUCCESS,248686.76,2026-10-31T09:51:24
ORDER_000001844_PAYMENT,ORDER_000001844,UPI,SUCCESS,393431.05,2026-01-03T01:20:28
ORDER_000001845_PAYMENT,ORDER_000001845,UPI,SUCCESS,323343.51,2026-12-09T18:30:09
ORDER_000001846_PAYMENT,ORDER_000001846,NET_BANKING,SUCCESS,325864.90,2026-12-27T12:23:53
ORDER_000001847_PAYMENT,ORDER_000001847,UPI,SUCCESS,327052.12,2026-03-19T17:39:53
ORDER_000001848_PAYMENT,ORDER_000001848,DEBIT_CARD,SUCCESS,374394.47,2026-02-14T03:51:57
ORDER_000001849_PAYMENT,ORDER_000001849,CREDIT_CARD,SUCCESS,186920.38,2026-07-25T10:26:38
ORDER_000001850_PAYMENT,ORDER_000001850,CREDIT_CARD,SUCCESS,321713.85,2026-01-17T15:36:09
ORDER_000001851_PAYMENT,ORDER_000001851,UPI,SUCCESS,436745.92,2026-11-26T05:37:53
ORDER_000001852_PAYMENT,ORDER_000001852,CREDIT_CARD,SUCCESS,223706.45,2026-04-16T13:50:13
ORDER_000001853_PAYMENT,ORDER_000001853,UPI,SUCCESS,293823.22,2026-12-31T18:54:29
ORDER_000001854_PAYMENT,ORDER_000001854,CREDIT_CARD,SUCCESS,145960.49,2026-09-26T20:00:59
ORDER_000001855_PAYMENT,ORDER_000001855,CREDIT_CARD,SUCCESS,119192.43,2026-03-13T23:57:49
ORDER_000001856_PAYMENT,ORDER_000001856,UPI,SUCCESS,83545.08,2026-09-25T02:02:46
ORDER_000001857_PAYMENT,ORDER_000001857,UPI,FAILED,110022.24,2026-11-18T15:46:18
ORDER_000001858_PAYMENT,ORDER_000001858,UPI,SUCCESS,384328.93,2026-06-02T12:51:44
ORDER_000001859_PAYMENT,ORDER_000001859,CREDIT_CARD,SUCCESS,117705.66,2026-12-10T17:49:45
ORDER_000001860_PAYMENT,ORDER_000001860,UPI,SUCCESS,179412.70,2026-12-19T10:48:30
ORDER_000001861_PAYMENT,ORDER_000001861,CREDIT_CARD,FAILED,102389.14,2026-12-04T02:26:20
ORDER_000001862_PAYMENT,ORDER_000001862,CREDIT_CARD,SUCCESS,355338.61,2026-07-17T23:38:47
ORDER_000001863_PAYMENT,ORDER_000001863,UPI,FAILED,110431.13,2026-08-24T15:08:53
ORDER_000001864_PAYMENT,ORDER_000001864,DEBIT_CARD,SUCCESS,271138.28,2026-02-02T07:06:21
ORDER_000001865_PAYMENT,ORDER_000001865,CREDIT_CARD,SUCCESS,405529.98,2026-02-24T18:01:08
ORDER_000001866_PAYMENT,ORDER_000001866,CREDIT_CARD,SUCCESS,676298.39,2026-02-03T12:52:04
ORDER_000001867_PAYMENT,ORDER_000001867,WALLET,SUCCESS,587549.34,2026-09-29T17:40:57
ORDER_000001868_PAYMENT,ORDER_000001868,DEBIT_CARD,SUCCESS,336574.78,2026-12-02T03:41:07
ORDER_000001869_PAYMENT,ORDER_000001869,WALLET,SUCCESS,295002.03,2026-02-24T09:18:07
ORDER_000001870_PAYMENT,ORDER_000001870,UPI,SUCCESS,226779.73,2026-04-16T13:20:46
ORDER_000001871_PAYMENT,ORDER_000001871,UPI,SUCCESS,229145.91,2026-04-24T20:17:12
ORDER_000001872_PAYMENT,ORDER_000001872,UPI,SUCCESS,463415.40,2026-07-29T13:38:54
ORDER_000001873_PAYMENT,ORDER_000001873,UPI,SUCCESS,404327.72,2026-07-28T00:05:47
ORDER_000001874_PAYMENT,ORDER_000001874,WALLET,SUCCESS,345134.98,2026-11-30T22:44:13
ORDER_000001875_PAYMENT,ORDER_000001875,WALLET,SUCCESS,233598.43,2026-02-06T09:29:43
ORDER_000001876_PAYMENT,ORDER_000001876,UPI,SUCCESS,93463.84,2026-07-17T19:52:23
ORDER_000001877_PAYMENT,ORDER_000001877,UPI,SUCCESS,570861.35,2026-12-26T13:55:44
ORDER_000001878_PAYMENT,ORDER_000001878,NET_BANKING,SUCCESS,471034.06,2026-02-08T12:25:33
ORDER_000001879_PAYMENT,ORDER_000001879,UPI,SUCCESS,40730.49,2026-12-04T00:26:17
ORDER_000001880_PAYMENT,ORDER_000001880,DEBIT_CARD,SUCCESS,374776.58,2026-05-05T20:06:20
ORDER_000001881_PAYMENT,ORDER_000001881,UPI,SUCCESS,681280.76,2026-07-06T13:07:50
ORDER_000001882_PAYMENT,ORDER_000001882,UPI,SUCCESS,80354.04,2026-12-27T08:49:45
ORDER_000001883_PAYMENT,ORDER_000001883,DEBIT_CARD,FAILED,212586.91,2026-05-14T20:33:44
ORDER_000001884_PAYMENT,ORDER_000001884,WALLET,SUCCESS,471802.54,2026-03-15T07:10
ORDER_000001885_PAYMENT,ORDER_000001885,WALLET,SUCCESS,212810.96,2026-04-11T11:57:48
ORDER_000001886_PAYMENT,ORDER_000001886,UPI,SUCCESS,155508.41,2026-02-09T07:01:15
ORDER_000001887_PAYMENT,ORDER_000001887,UPI,SUCCESS,207815.75,2026-09-04T03:48:42
ORDER_000001888_PAYMENT,ORDER_000001888,UPI,SUCCESS,199719.44,2026-12-27T02:52:35
ORDER_000001889_PAYMENT,ORDER_000001889,CREDIT_CARD,SUCCESS,422931.17,2026-11-28T13:34:27
ORDER_000001890_PAYMENT,ORDER_000001890,CREDIT_CARD,SUCCESS,72425.61,2026-06-24T02:14:01
ORDER_000001891_PAYMENT,ORDER_000001891,DEBIT_CARD,SUCCESS,698506.95,2026-01-02T11:34:53
ORDER_000001892_PAYMENT,ORDER_000001892,DEBIT_CARD,SUCCESS,518987.71,2026-09-12T04:30:30
ORDER_000001893_PAYMENT,ORDER_000001893,DEBIT_CARD,SUCCESS,68918.77,2026-09-11T01:38:21
ORDER_000001894_PAYMENT,ORDER_000001894,WALLET,SUCCESS,364783.55,2026-07-19T02:53:10
ORDER_000001895_PAYMENT,ORDER_000001895,CREDIT_CARD,SUCCESS,98573.58,2026-08-29T16:15:08
ORDER_000001896_PAYMENT,ORDER_000001896,UPI,SUCCESS,54488.48,2026-10-15T06:15:33
ORDER_000001897_PAYMENT,ORDER_000001897,DEBIT_CARD,SUCCESS,450460.05,2026-08-26T02:02:44
ORDER_000001898_PAYMENT,ORDER_000001898,UPI,SUCCESS,117382.02,2026-08-11T09:42:08
ORDER_000001899_PAYMENT,ORDER_000001899,UPI,SUCCESS,178180.75,2026-04-02T09:40:58
ORDER_000001900_PAYMENT,ORDER_000001900,NET_BANKING,SUCCESS,120749.24,2026-04-27T03:25:43
ORDER_000001901_PAYMENT,ORDER_000001901,UPI,SUCCESS,564063.51,2026-07-24T14:13:13
ORDER_000001902_PAYMENT,ORDER_000001902,DEBIT_CARD,FAILED,201289.56,2026-12-19T20:16:40
ORDER_000001903_PAYMENT,ORDER_000001903,UPI,SUCCESS,448959.62,2026-07-17T20:18:17
ORDER_000001904_PAYMENT,ORDER_000001904,UPI,SUCCESS,428882.00,2026-05-06T10:11:37
ORDER_000001905_PAYMENT,ORDER_000001905,NET_BANKING,SUCCESS,549236.82,2026-06-20T11:41:14
ORDER_000001906_PAYMENT,ORDER_000001906,DEBIT_CARD,SUCCESS,224389.24,2026-11-29T06:23:25
ORDER_000001907_PAYMENT,ORDER_000001907,UPI,SUCCESS,561502.55,2026-10-12T14:05:49
ORDER_000001908_PAYMENT,ORDER_000001908,UPI,SUCCESS,810291.00,2026-11-04T06:06:40
ORDER_000001909_PAYMENT,ORDER_000001909,DEBIT_CARD,SUCCESS,273393.31,2026-11-15T09:36:54
ORDER_000001910_PAYMENT,ORDER_000001910,DEBIT_CARD,SUCCESS,90561.04,2026-01-22T01:29:55
ORDER_000001911_PAYMENT,ORDER_000001911,UPI,SUCCESS,237742.60,2026-07-24T12:26:04
ORDER_000001912_PAYMENT,ORDER_000001912,DEBIT_CARD,SUCCESS,211556.14,2026-10-02T22:44:58
ORDER_000001913_PAYMENT,ORDER_000001913,CREDIT_CARD,SUCCESS,283842.40,2026-12-03T10:24:47
ORDER_000001914_PAYMENT,ORDER_000001914,UPI,SUCCESS,126145.79,2026-10-19T00:54:59
ORDER_000001915_PAYMENT,ORDER_000001915,UPI,SUCCESS,416862.69,2026-01-25T04:52:06
ORDER_000001916_PAYMENT,ORDER_000001916,NET_BANKING,SUCCESS,531779.65,2026-11-29T05:33:32
ORDER_000001917_PAYMENT,ORDER_000001917,UPI,SUCCESS,193441.33,2026-11-28T18:26:21
ORDER_000001918_PAYMENT,ORDER_000001918,CREDIT_CARD,SUCCESS,502576.18,2026-07-22T10:37:02
ORDER_000001919_PAYMENT,ORDER_000001919,DEBIT_CARD,SUCCESS,523526.28,2026-03-25T22:37:09
ORDER_000001920_PAYMENT,ORDER_000001920,WALLET,FAILED,154258.68,2026-02-19T07:06:45
ORDER_000001921_PAYMENT,ORDER_000001921,UPI,SUCCESS,393446.00,2026-02-27T01:38:12
ORDER_000001922_PAYMENT,ORDER_000001922,DEBIT_CARD,SUCCESS,163259.97,2027-01-01T02:22:52
ORDER_000001923_PAYMENT,ORDER_000001923,UPI,SUCCESS,94931.73,2026-02-16T05:20:59
ORDER_000001924_PAYMENT,ORDER_000001924,UPI,SUCCESS,421501.51,2026-11-01T19:20:19
ORDER_000001925_PAYMENT,ORDER_000001925,DEBIT_CARD,SUCCESS,357050.49,2026-10-14T19:50:26
ORDER_000001926_PAYMENT,ORDER_000001926,CREDIT_CARD,SUCCESS,495236.17,2026-03-11T18:18:11
ORDER_000001927_PAYMENT,ORDER_000001927,UPI,FAILED,625932.85,2026-08-27T08:04:31
ORDER_000001928_PAYMENT,ORDER_000001928,UPI,SUCCESS,236855.59,2026-05-29T23:47:01
ORDER_000001929_PAYMENT,ORDER_000001929,UPI,SUCCESS,97848.52,2026-10-17T18:39:08
ORDER_000001930_PAYMENT,ORDER_000001930,UPI,SUCCESS,217655.10,2026-11-06T12:38:45
ORDER_000001931_PAYMENT,ORDER_000001931,CREDIT_CARD,SUCCESS,141911.05,2026-11-09T13:05:24
ORDER_000001932_PAYMENT,ORDER_000001932,DEBIT_CARD,SUCCESS,211954.74,2026-03-25T04:02:29
ORDER_000001933_PAYMENT,ORDER_000001933,UPI,SUCCESS,183482.94,2027-01-01T03:52:57
ORDER_000001934_PAYMENT,ORDER_000001934,UPI,SUCCESS,286658.44,2026-09-11T15:10:28
ORDER_000001935_PAYMENT,ORDER_000001935,UPI,SUCCESS,313141.71,2026-07-17T20:50:46
ORDER_000001936_PAYMENT,ORDER_000001936,UPI,SUCCESS,333724.99,2026-03-21T11:02:32
ORDER_000001937_PAYMENT,ORDER_000001937,DEBIT_CARD,SUCCESS,193412.28,2026-08-28T13:51:03
ORDER_000001938_PAYMENT,ORDER_000001938,UPI,SUCCESS,200327.84,2026-11-03T13:39:22
ORDER_000001939_PAYMENT,ORDER_000001939,DEBIT_CARD,FAILED,248472.44,2026-10-04T20:35
ORDER_000001940_PAYMENT,ORDER_000001940,CREDIT_CARD,SUCCESS,353716.01,2026-11-06T02:31:12
ORDER_000001941_PAYMENT,ORDER_000001941,UPI,SUCCESS,378509.10,2026-01-28T01:01:13
ORDER_000001942_PAYMENT,ORDER_000001942,DEBIT_CARD,SUCCESS,82840.25,2026-09-15T14:39:28
ORDER_000001943_PAYMENT,ORDER_000001943,UPI,SUCCESS,221090.42,2026-04-29T09:51:20
ORDER_000001944_PAYMENT,ORDER_000001944,UPI,SUCCESS,148375.42,2026-09-25T15:51:23
ORDER_000001945_PAYMENT,ORDER_000001945,UPI,SUCCESS,151556.32,2026-11-06T12:49:24
ORDER_000001946_PAYMENT,ORDER_000001946,NET_BANKING,SUCCESS,453917.15,2026-07-09T21:11:03
ORDER_000001947_PAYMENT,ORDER_000001947,UPI,SUCCESS,199751.67,2026-10-16T08:47:03
ORDER_000001948_PAYMENT,ORDER_000001948,WALLET,SUCCESS,205086.48,2026-10-15T12:00:17
ORDER_000001949_PAYMENT,ORDER_000001949,DEBIT_CARD,SUCCESS,462590.19,2026-07-14T10:53:38
ORDER_000001950_PAYMENT,ORDER_000001950,NET_BANKING,SUCCESS,207033.04,2026-07-01T15:32:36
ORDER_000001951_PAYMENT,ORDER_000001951,CREDIT_CARD,SUCCESS,515935.84,2026-01-14T12:50:22
ORDER_000001952_PAYMENT,ORDER_000001952,WALLET,SUCCESS,326968.29,2026-02-28T19:20:22
ORDER_000001953_PAYMENT,ORDER_000001953,UPI,SUCCESS,537499.65,2026-09-30T07:48:56
ORDER_000001954_PAYMENT,ORDER_000001954,CREDIT_CARD,SUCCESS,346349.73,2026-05-07T08:50:42
ORDER_000001955_PAYMENT,ORDER_000001955,WALLET,SUCCESS,351908.49,2026-12-31T05:21:30
ORDER_000001956_PAYMENT,ORDER_000001956,DEBIT_CARD,SUCCESS,303555.48,2026-07-18T16:04:19
ORDER_000001957_PAYMENT,ORDER_000001957,UPI,SUCCESS,24820.37,2026-02-18T22:21:18
ORDER_000001958_PAYMENT,ORDER_000001958,NET_BANKING,SUCCESS,489608.74,2026-05-25T04:01:38
ORDER_000001959_PAYMENT,ORDER_000001959,DEBIT_CARD,SUCCESS,399033.16,2026-11-18T17:21:49
ORDER_000001960_PAYMENT,ORDER_000001960,NET_BANKING,SUCCESS,112637.38,2026-06-22T04:36:22
ORDER_000001961_PAYMENT,ORDER_000001961,DEBIT_CARD,SUCCESS,125381.20,2026-10-23T03:01:38
ORDER_000001962_PAYMENT,ORDER_000001962,WALLET,SUCCESS,90104.76,2026-02-18T16:39:44
ORDER_000001963_PAYMENT,ORDER_000001963,CREDIT_CARD,SUCCESS,136648.86,2026-12-06T20:19:50
ORDER_000001964_PAYMENT,ORDER_000001964,UPI,SUCCESS,233158.92,2026-08-05T08:31:01
ORDER_000001965_PAYMENT,ORDER_000001965,UPI,SUCCESS,276405.90,2026-06-27T15:37:26
ORDER_000001966_PAYMENT,ORDER_000001966,UPI,SUCCESS,434992.41,2026-03-14T02:51:11
ORDER_000001967_PAYMENT,ORDER_000001967,CREDIT_CARD,SUCCESS,239439.55,2026-04-24T15:24:48
ORDER_000001968_PAYMENT,ORDER_000001968,UPI,SUCCESS,550245.17,2026-04-26T07:48:05
ORDER_000001969_PAYMENT,ORDER_000001969,NET_BANKING,SUCCESS,124847.24,2026-02-03T17:32:15
ORDER_000001970_PAYMENT,ORDER_000001970,UPI,SUCCESS,273761.96,2026-05-26T05:11:25
ORDER_000001971_PAYMENT,ORDER_000001971,DEBIT_CARD,FAILED,549203.04,2026-11-20T07:18:59
ORDER_000001972_PAYMENT,ORDER_000001972,DEBIT_CARD,SUCCESS,443011.30,2026-11-09T12:40:45
ORDER_000001973_PAYMENT,ORDER_000001973,UPI,SUCCESS,295138.37,2026-03-08T01:00:38
ORDER_000001974_PAYMENT,ORDER_000001974,UPI,SUCCESS,389446.54,2026-12-15T18:41:09
ORDER_000001975_PAYMENT,ORDER_000001975,UPI,FAILED,112393.04,2026-09-01T12:55:50
ORDER_000001976_PAYMENT,ORDER_000001976,UPI,SUCCESS,360818.65,2026-05-23T20:54:20
ORDER_000001977_PAYMENT,ORDER_000001977,UPI,SUCCESS,241772.76,2026-12-02T13:31:01
ORDER_000001978_PAYMENT,ORDER_000001978,CREDIT_CARD,FAILED,352648.69,2026-06-24T06:35:06
ORDER_000001979_PAYMENT,ORDER_000001979,UPI,SUCCESS,481294.19,2026-11-12T14:46:16
ORDER_000001980_PAYMENT,ORDER_000001980,CREDIT_CARD,SUCCESS,197969.89,2026-12-19T19:44:08
ORDER_000001981_PAYMENT,ORDER_000001981,UPI,SUCCESS,473973.99,2026-01-13T20:39:08
ORDER_000001982_PAYMENT,ORDER_000001982,NET_BANKING,SUCCESS,234243.13,2026-01-16T01:54:11
ORDER_000001983_PAYMENT,ORDER_000001983,NET_BANKING,SUCCESS,409927.32,2026-02-22T09:15:38
ORDER_000001984_PAYMENT,ORDER_000001984,WALLET,SUCCESS,510517.18,2026-09-23T07:56:48
ORDER_000001985_PAYMENT,ORDER_000001985,NET_BANKING,SUCCESS,526558.31,2026-05-29T12:22:02
ORDER_000001986_PAYMENT,ORDER_000001986,UPI,SUCCESS,354024.09,2026-02-06T09:03:33
ORDER_000001987_PAYMENT,ORDER_000001987,NET_BANKING,SUCCESS,247581.24,2026-10-10T21:00:56
ORDER_000001988_PAYMENT,ORDER_000001988,WALLET,SUCCESS,274815.05,2026-07-08T14:52:08
ORDER_000001989_PAYMENT,ORDER_000001989,WALLET,SUCCESS,220576.60,2026-05-03T22:37:58
ORDER_000001990_PAYMENT,ORDER_000001990,CREDIT_CARD,SUCCESS,453435.72,2026-06-12T19:33:06
ORDER_000001991_PAYMENT,ORDER_000001991,UPI,SUCCESS,259527.14,2026-07-20T19:39:35
ORDER_000001992_PAYMENT,ORDER_000001992,UPI,SUCCESS,391941.97,2026-06-16T15:55:27
ORDER_000001993_PAYMENT,ORDER_000001993,WALLET,SUCCESS,232444.21,2026-03-08T14:49:08
ORDER_000001994_PAYMENT,ORDER_000001994,DEBIT_CARD,SUCCESS,195380.88,2026-10-02T01:01:26
ORDER_000001995_PAYMENT,ORDER_000001995,UPI,SUCCESS,543182.12,2026-01-14T18:47:18
ORDER_000001996_PAYMENT,ORDER_000001996,DEBIT_CARD,SUCCESS,23775.81,2026-08-21T10:23:50
ORDER_000001997_PAYMENT,ORDER_000001997,WALLET,SUCCESS,264774.48,2026-12-12T06:53:34
ORDER_000001998_PAYMENT,ORDER_000001998,NET_BANKING,SUCCESS,217587.58,2026-12-24T18:52:26
ORDER_000001999_PAYMENT,ORDER_000001999,UPI,SUCCESS,300747.56,2026-10-10T19:14:17
ORDER_000002000_PAYMENT,ORDER_000002000,DEBIT_CARD,SUCCESS,277714.61,2026-07-30T17:28:08
ORDER_000002001_PAYMENT,ORDER_000002001,UPI,SUCCESS,208792.04,2026-04-09T07:04:15
ORDER_000002002_PAYMENT,ORDER_000002002,NET_BANKING,SUCCESS,393173.64,2026-06-16T05:03:21
ORDER_000002003_PAYMENT,ORDER_000002003,UPI,SUCCESS,179640.88,2026-03-31T01:50:39
ORDER_000002004_PAYMENT,ORDER_000002004,UPI,SUCCESS,353063.28,2026-05-14T17:19:03
ORDER_000002005_PAYMENT,ORDER_000002005,NET_BANKING,SUCCESS,215895.80,2026-02-28T06:21:02
ORDER_000002006_PAYMENT,ORDER_000002006,UPI,SUCCESS,374050.54,2026-09-26T22:07:11
ORDER_000002007_PAYMENT,ORDER_000002007,WALLET,SUCCESS,232702.63,2026-05-16T17:29:45
ORDER_000002008_PAYMENT,ORDER_000002008,CREDIT_CARD,SUCCESS,659270.96,2026-12-17T13:24:25
ORDER_000002009_PAYMENT,ORDER_000002009,CREDIT_CARD,SUCCESS,163298.35,2026-09-03T19:50:36
ORDER_000002010_PAYMENT,ORDER_000002010,UPI,SUCCESS,313840.82,2026-05-04T12:19:26
ORDER_000002011_PAYMENT,ORDER_000002011,CREDIT_CARD,SUCCESS,519468.06,2026-05-19T03:53:36
ORDER_000002012_PAYMENT,ORDER_000002012,UPI,SUCCESS,136376.28,2026-09-14T05:53:44
ORDER_000002013_PAYMENT,ORDER_000002013,UPI,SUCCESS,218507.91,2026-11-07T13:14:42
ORDER_000002014_PAYMENT,ORDER_000002014,NET_BANKING,SUCCESS,115157.79,2026-02-01T19:47:33
ORDER_000002015_PAYMENT,ORDER_000002015,NET_BANKING,FAILED,120199.36,2026-04-26T06:21:08
ORDER_000002016_PAYMENT,ORDER_000002016,UPI,SUCCESS,132811.94,2026-07-23T07:19:15
ORDER_000002017_PAYMENT,ORDER_000002017,CREDIT_CARD,SUCCESS,387516.01,2026-10-03T16:39:12
ORDER_000002018_PAYMENT,ORDER_000002018,DEBIT_CARD,SUCCESS,92522.91,2026-10-04T04:27:15
ORDER_000002019_PAYMENT,ORDER_000002019,UPI,SUCCESS,231298.58,2026-11-26T13:31:26
ORDER_000002020_PAYMENT,ORDER_000002020,WALLET,SUCCESS,86885.40,2026-04-04T08:53:27
ORDER_000002021_PAYMENT,ORDER_000002021,WALLET,SUCCESS,456266.45,2026-07-02T10:37:58
ORDER_000002022_PAYMENT,ORDER_000002022,NET_BANKING,SUCCESS,70470.98,2026-10-20T00:14:22
ORDER_000002023_PAYMENT,ORDER_000002023,UPI,SUCCESS,24592.07,2026-09-13T09:58:52
ORDER_000002024_PAYMENT,ORDER_000002024,CREDIT_CARD,FAILED,201106.75,2026-06-04T07:06:53
ORDER_000002025_PAYMENT,ORDER_000002025,UPI,SUCCESS,576758.22,2026-06-24T17:22:17
ORDER_000002026_PAYMENT,ORDER_000002026,DEBIT_CARD,SUCCESS,315158.65,2026-10-04T18:58:45
ORDER_000002027_PAYMENT,ORDER_000002027,DEBIT_CARD,SUCCESS,702235.01,2026-07-31T04:05:44
ORDER_000002028_PAYMENT,ORDER_000002028,UPI,SUCCESS,820298.80,2026-07-14T09:54:06
ORDER_000002029_PAYMENT,ORDER_000002029,DEBIT_CARD,FAILED,233362.34,2026-12-08T20:21:52
ORDER_000002030_PAYMENT,ORDER_000002030,UPI,SUCCESS,162050.77,2026-02-04T05:03:05
ORDER_000002031_PAYMENT,ORDER_000002031,UPI,SUCCESS,116393.72,2026-03-07T19:23:34
ORDER_000002032_PAYMENT,ORDER_000002032,CREDIT_CARD,SUCCESS,264737.11,2026-04-06T06:56:02
ORDER_000002033_PAYMENT,ORDER_000002033,UPI,SUCCESS,263299.30,2026-05-08T07:08:45
ORDER_000002034_PAYMENT,ORDER_000002034,UPI,SUCCESS,449607.94,2026-11-01T11:04:46
ORDER_000002035_PAYMENT,ORDER_000002035,CREDIT_CARD,SUCCESS,542311.01,2026-03-04T21:57:32
ORDER_000002036_PAYMENT,ORDER_000002036,UPI,SUCCESS,74425.83,2026-07-12T14:06:07
ORDER_000002037_PAYMENT,ORDER_000002037,CREDIT_CARD,SUCCESS,529175.09,2026-04-08T20:19:45
ORDER_000002038_PAYMENT,ORDER_000002038,DEBIT_CARD,SUCCESS,163061.62,2026-10-20T17:00:41
ORDER_000002039_PAYMENT,ORDER_000002039,UPI,SUCCESS,196851.62,2026-12-26T08:39:46
ORDER_000002040_PAYMENT,ORDER_000002040,DEBIT_CARD,SUCCESS,330686.62,2026-03-19T09:51:55
ORDER_000002041_PAYMENT,ORDER_000002041,CREDIT_CARD,SUCCESS,139127.95,2026-03-07T05:55:23
ORDER_000002042_PAYMENT,ORDER_000002042,UPI,SUCCESS,274228.84,2026-08-24T08:59:05
ORDER_000002043_PAYMENT,ORDER_000002043,UPI,SUCCESS,205077.46,2026-01-06T03:14:17
ORDER_000002044_PAYMENT,ORDER_000002044,UPI,SUCCESS,208737.38,2026-12-05T13:06:13
ORDER_000002045_PAYMENT,ORDER_000002045,UPI,SUCCESS,64357.08,2026-11-24T17:10:57
ORDER_000002046_PAYMENT,ORDER_000002046,WALLET,SUCCESS,153375.92,2026-08-30T01:14:55
ORDER_000002047_PAYMENT,ORDER_000002047,UPI,SUCCESS,43925.43,2026-01-27T15:42:36
ORDER_000002048_PAYMENT,ORDER_000002048,UPI,SUCCESS,98129.05,2026-07-03T03:59:26
ORDER_000002049_PAYMENT,ORDER_000002049,UPI,SUCCESS,685021.65,2026-04-25T23:53:41
ORDER_000002050_PAYMENT,ORDER_000002050,DEBIT_CARD,SUCCESS,380102.46,2026-07-12T21:22:26
ORDER_000002051_PAYMENT,ORDER_000002051,UPI,SUCCESS,444364.70,2026-01-04T11:35
ORDER_000002052_PAYMENT,ORDER_000002052,CREDIT_CARD,SUCCESS,184478.44,2026-09-22T01:59:18
ORDER_000002053_PAYMENT,ORDER_000002053,UPI,SUCCESS,274870.11,2026-11-16T13:18:50
ORDER_000002054_PAYMENT,ORDER_000002054,UPI,SUCCESS,420565.05,2026-06-11T20:26:06
ORDER_000002055_PAYMENT,ORDER_000002055,UPI,SUCCESS,356725.13,2026-10-17T17:08:33
ORDER_000002056_PAYMENT,ORDER_000002056,DEBIT_CARD,SUCCESS,205962.88,2026-10-12T21:11:24
ORDER_000002057_PAYMENT,ORDER_000002057,DEBIT_CARD,SUCCESS,571703.88,2026-08-30T04:57:45
ORDER_000002058_PAYMENT,ORDER_000002058,UPI,SUCCESS,757048.72,2026-02-14T05:32:33
ORDER_000002059_PAYMENT,ORDER_000002059,WALLET,SUCCESS,171693.82,2026-07-19T12:05:32
ORDER_000002060_PAYMENT,ORDER_000002060,UPI,SUCCESS,294253.88,2026-07-06T18:27:22
ORDER_000002061_PAYMENT,ORDER_000002061,UPI,SUCCESS,298527.42,2026-11-26T12:49:04
ORDER_000002062_PAYMENT,ORDER_000002062,UPI,FAILED,147102.69,2026-03-06T07:48:46
ORDER_000002063_PAYMENT,ORDER_000002063,UPI,SUCCESS,541229.44,2026-05-10T21:19:34
ORDER_000002064_PAYMENT,ORDER_000002064,CREDIT_CARD,SUCCESS,404120.58,2026-06-26T06:12:16
ORDER_000002065_PAYMENT,ORDER_000002065,WALLET,SUCCESS,233367.38,2026-10-09T06:49:10
ORDER_000002066_PAYMENT,ORDER_000002066,UPI,SUCCESS,472478.98,2026-08-29T04:44:07
ORDER_000002067_PAYMENT,ORDER_000002067,NET_BANKING,SUCCESS,467664.28,2026-11-19T08:23:48
ORDER_000002068_PAYMENT,ORDER_000002068,WALLET,SUCCESS,309580.38,2026-02-26T20:20:42
ORDER_000002069_PAYMENT,ORDER_000002069,WALLET,SUCCESS,464919.52,2026-09-29T20:33:37
ORDER_000002070_PAYMENT,ORDER_000002070,NET_BANKING,SUCCESS,125491.38,2026-04-16T20:57:26
ORDER_000002071_PAYMENT,ORDER_000002071,DEBIT_CARD,SUCCESS,381931.89,2026-09-10T07:03:31
ORDER_000002072_PAYMENT,ORDER_000002072,DEBIT_CARD,SUCCESS,249303.40,2026-09-23T14:38:34
ORDER_000002073_PAYMENT,ORDER_000002073,UPI,SUCCESS,391063.78,2026-12-29T08:14:15
ORDER_000002074_PAYMENT,ORDER_000002074,UPI,SUCCESS,304052.20,2026-11-09T06:26:21
ORDER_000002075_PAYMENT,ORDER_000002075,UPI,SUCCESS,303087.64,2026-06-19T10:16:35
ORDER_000002076_PAYMENT,ORDER_000002076,CREDIT_CARD,SUCCESS,184370.18,2026-11-22T17:45:34
ORDER_000002077_PAYMENT,ORDER_000002077,UPI,SUCCESS,333862.61,2026-06-21T06:35:52
ORDER_000002078_PAYMENT,ORDER_000002078,CREDIT_CARD,SUCCESS,104992.24,2026-10-27T05:25:38
ORDER_000002079_PAYMENT,ORDER_000002079,UPI,SUCCESS,621557.50,2026-01-29T05:18:18
ORDER_000002080_PAYMENT,ORDER_000002080,NET_BANKING,SUCCESS,343338.86,2026-06-16T11:16:07
ORDER_000002081_PAYMENT,ORDER_000002081,UPI,SUCCESS,669686.16,2026-04-25T20:40:57
ORDER_000002082_PAYMENT,ORDER_000002082,UPI,SUCCESS,226493.60,2026-02-05T17:19:11
ORDER_000002083_PAYMENT,ORDER_000002083,CREDIT_CARD,SUCCESS,203404.82,2026-11-30T16:02:21
ORDER_000002084_PAYMENT,ORDER_000002084,UPI,SUCCESS,191925.74,2026-06-13T19:13:22
ORDER_000002085_PAYMENT,ORDER_000002085,NET_BANKING,SUCCESS,115297.23,2026-04-14T09:29:58
ORDER_000002086_PAYMENT,ORDER_000002086,WALLET,SUCCESS,260203.00,2026-06-14T23:15:22
ORDER_000002087_PAYMENT,ORDER_000002087,CREDIT_CARD,SUCCESS,384117.92,2026-12-18T09:59:08
ORDER_000002088_PAYMENT,ORDER_000002088,WALLET,SUCCESS,412381.40,2026-11-30T07:43:19
ORDER_000002089_PAYMENT,ORDER_000002089,CREDIT_CARD,SUCCESS,244351.52,2026-02-15T09:02:19
ORDER_000002090_PAYMENT,ORDER_000002090,NET_BANKING,SUCCESS,167254.77,2026-03-20T16:05:31
ORDER_000002091_PAYMENT,ORDER_000002091,WALLET,SUCCESS,349709.65,2026-03-16T01:13:18
ORDER_000002092_PAYMENT,ORDER_000002092,NET_BANKING,SUCCESS,470845.14,2026-06-26T07:13:29
ORDER_000002093_PAYMENT,ORDER_000002093,DEBIT_CARD,FAILED,210496.18,2026-09-30T22:44:18
ORDER_000002094_PAYMENT,ORDER_000002094,UPI,SUCCESS,429812.98,2026-06-10T05:53:39
ORDER_000002095_PAYMENT,ORDER_000002095,NET_BANKING,SUCCESS,77477.23,2026-01-04T21:31:35
ORDER_000002096_PAYMENT,ORDER_000002096,UPI,SUCCESS,288316.95,2026-12-07T04:15:36
ORDER_000002097_PAYMENT,ORDER_000002097,UPI,SUCCESS,420742.74,2026-02-25T18:26:40
ORDER_000002098_PAYMENT,ORDER_000002098,CREDIT_CARD,SUCCESS,64015.86,2026-08-02T08:55:23
ORDER_000002099_PAYMENT,ORDER_000002099,UPI,SUCCESS,249851.77,2026-05-08T07:33:27
ORDER_000002100_PAYMENT,ORDER_000002100,UPI,SUCCESS,342394.79,2026-06-30T08:24:56
ORDER_000002101_PAYMENT,ORDER_000002101,WALLET,FAILED,117417.55,2026-07-12T00:49:35
ORDER_000002102_PAYMENT,ORDER_000002102,CREDIT_CARD,SUCCESS,119065.14,2026-08-13T21:44:34
ORDER_000002103_PAYMENT,ORDER_000002103,CREDIT_CARD,SUCCESS,240560.90,2026-09-02T07:11:56
ORDER_000002104_PAYMENT,ORDER_000002104,CREDIT_CARD,SUCCESS,259001.82,2026-08-15T12:48:35
ORDER_000002105_PAYMENT,ORDER_000002105,DEBIT_CARD,SUCCESS,196395.56,2026-04-28T08:27:26
ORDER_000002106_PAYMENT,ORDER_000002106,UPI,SUCCESS,350496.29,2026-03-18T06:17:20
ORDER_000002107_PAYMENT,ORDER_000002107,UPI,SUCCESS,389670.69,2026-12-31T04:00:31
ORDER_000002108_PAYMENT,ORDER_000002108,UPI,SUCCESS,71819.63,2026-03-02T19:58:11
ORDER_000002109_PAYMENT,ORDER_000002109,UPI,SUCCESS,139345.29,2026-02-25T18:58:27
ORDER_000002110_PAYMENT,ORDER_000002110,UPI,SUCCESS,613829.26,2026-10-09T22:01:18
ORDER_000002111_PAYMENT,ORDER_000002111,WALLET,SUCCESS,263813.71,2026-09-21T20:52:54
ORDER_000002112_PAYMENT,ORDER_000002112,UPI,SUCCESS,380755.84,2026-04-22T21:22:09
ORDER_000002113_PAYMENT,ORDER_000002113,DEBIT_CARD,SUCCESS,253647.46,2026-10-20T17:44:14
ORDER_000002114_PAYMENT,ORDER_000002114,UPI,SUCCESS,378261.66,2026-04-25T18:32:16
ORDER_000002115_PAYMENT,ORDER_000002115,NET_BANKING,SUCCESS,621768.93,2026-05-30T09:56:02
ORDER_000002116_PAYMENT,ORDER_000002116,NET_BANKING,SUCCESS,109307.19,2026-06-25T04:27:28
ORDER_000002117_PAYMENT,ORDER_000002117,UPI,SUCCESS,192708.37,2026-03-31T11:16:33
ORDER_000002118_PAYMENT,ORDER_000002118,UPI,SUCCESS,451450.36,2026-08-10T22:03:06
ORDER_000002119_PAYMENT,ORDER_000002119,UPI,SUCCESS,395655.26,2026-03-29T02:11:39
ORDER_000002120_PAYMENT,ORDER_000002120,CREDIT_CARD,SUCCESS,110826.26,2026-03-26T14:55:21
ORDER_000002121_PAYMENT,ORDER_000002121,NET_BANKING,SUCCESS,23043.04,2026-08-13T21:50:22
ORDER_000002122_PAYMENT,ORDER_000002122,WALLET,SUCCESS,533109.41,2026-04-07T08:08:12
ORDER_000002123_PAYMENT,ORDER_000002123,UPI,SUCCESS,265203.56,2026-11-28T17:05:03
ORDER_000002124_PAYMENT,ORDER_000002124,CREDIT_CARD,SUCCESS,148371.02,2027-01-01T06:37:13
ORDER_000002125_PAYMENT,ORDER_000002125,UPI,SUCCESS,110502.55,2026-10-24T12:54:32
ORDER_000002126_PAYMENT,ORDER_000002126,NET_BANKING,SUCCESS,179406.32,2026-10-30T04:56:55
ORDER_000002127_PAYMENT,ORDER_000002127,UPI,SUCCESS,221916.25,2026-07-07T18:28:43
ORDER_000002128_PAYMENT,ORDER_000002128,UPI,SUCCESS,394340.18,2026-11-09T11:16:43
ORDER_000002129_PAYMENT,ORDER_000002129,WALLET,SUCCESS,161811.54,2026-10-10T15:04:30
ORDER_000002130_PAYMENT,ORDER_000002130,CREDIT_CARD,SUCCESS,302551.94,2026-04-25T04:23
ORDER_000002131_PAYMENT,ORDER_000002131,UPI,SUCCESS,529527.46,2026-06-17T03:57:46
ORDER_000002132_PAYMENT,ORDER_000002132,CREDIT_CARD,SUCCESS,412941.70,2026-09-28T04:30:06
ORDER_000002133_PAYMENT,ORDER_000002133,UPI,SUCCESS,596349.11,2026-09-11T02:19:41
ORDER_000002134_PAYMENT,ORDER_000002134,DEBIT_CARD,SUCCESS,434319.85,2026-07-12T06:39:36
ORDER_000002135_PAYMENT,ORDER_000002135,UPI,SUCCESS,217825.48,2026-11-19T02:47:36
ORDER_000002136_PAYMENT,ORDER_000002136,NET_BANKING,FAILED,121716.62,2026-10-28T14:17:30
ORDER_000002137_PAYMENT,ORDER_000002137,WALLET,SUCCESS,140922.10,2026-06-04T04:38:34
ORDER_000002138_PAYMENT,ORDER_000002138,CREDIT_CARD,SUCCESS,166121.68,2026-01-14T12:16:23
ORDER_000002139_PAYMENT,ORDER_000002139,CREDIT_CARD,SUCCESS,62658.56,2026-03-09T16:18:28
ORDER_000002140_PAYMENT,ORDER_000002140,UPI,SUCCESS,715637.75,2026-04-09T19:05:32
ORDER_000002141_PAYMENT,ORDER_000002141,UPI,SUCCESS,428585.49,2026-12-21T05:29:21
ORDER_000002142_PAYMENT,ORDER_000002142,NET_BANKING,SUCCESS,146573.40,2026-10-15T10:22:49
ORDER_000002143_PAYMENT,ORDER_000002143,UPI,SUCCESS,181736.37,2026-08-02T16:14:18
ORDER_000002144_PAYMENT,ORDER_000002144,CREDIT_CARD,SUCCESS,173902.17,2026-02-18T13:37:11
ORDER_000002145_PAYMENT,ORDER_000002145,UPI,SUCCESS,323797.41,2026-07-16T02:17:35
ORDER_000002146_PAYMENT,ORDER_000002146,UPI,SUCCESS,754349.02,2026-08-20T18:53:41
ORDER_000002147_PAYMENT,ORDER_000002147,UPI,SUCCESS,526949.03,2026-11-04T15:44:32
ORDER_000002148_PAYMENT,ORDER_000002148,UPI,SUCCESS,116497.79,2026-12-09T03:54:20
ORDER_000002149_PAYMENT,ORDER_000002149,CREDIT_CARD,SUCCESS,394129.34,2026-04-24T02:18:04
ORDER_000002150_PAYMENT,ORDER_000002150,DEBIT_CARD,SUCCESS,252075.69,2026-12-02T01:48:39
ORDER_000002151_PAYMENT,ORDER_000002151,NET_BANKING,SUCCESS,516132.07,2026-04-23T23:32:51
ORDER_000002152_PAYMENT,ORDER_000002152,CREDIT_CARD,SUCCESS,392567.31,2026-12-29T02:07:51
ORDER_000002153_PAYMENT,ORDER_000002153,UPI,SUCCESS,363114.90,2026-12-20T12:24:36
ORDER_000002154_PAYMENT,ORDER_000002154,WALLET,SUCCESS,56677.01,2026-08-17T19:27:33
ORDER_000002155_PAYMENT,ORDER_000002155,NET_BANKING,SUCCESS,206133.02,2026-08-24T14:59:45
ORDER_000002156_PAYMENT,ORDER_000002156,DEBIT_CARD,SUCCESS,260048.94,2026-08-22T11:58:56
ORDER_000002157_PAYMENT,ORDER_000002157,UPI,SUCCESS,119226.51,2026-12-22T15:11:04
ORDER_000002158_PAYMENT,ORDER_000002158,DEBIT_CARD,SUCCESS,521095.07,2026-08-16T03:06:13
ORDER_000002159_PAYMENT,ORDER_000002159,CREDIT_CARD,SUCCESS,172007.92,2026-02-17T11:54:31
ORDER_000002160_PAYMENT,ORDER_000002160,CREDIT_CARD,SUCCESS,101859.03,2026-06-25T23:15:40
ORDER_000002161_PAYMENT,ORDER_000002161,UPI,SUCCESS,300748.25,2026-07-05T18:11:08
ORDER_000002162_PAYMENT,ORDER_000002162,UPI,SUCCESS,72464.48,2026-05-12T17:43:13
ORDER_000002163_PAYMENT,ORDER_000002163,CREDIT_CARD,SUCCESS,270630.20,2026-12-19T13:55:38
ORDER_000002164_PAYMENT,ORDER_000002164,UPI,SUCCESS,294710.92,2026-10-09T08:55:23
ORDER_000002165_PAYMENT,ORDER_000002165,NET_BANKING,SUCCESS,341189.30,2026-12-16T20:43:24
ORDER_000002166_PAYMENT,ORDER_000002166,DEBIT_CARD,SUCCESS,280697.84,2026-12-17T07:29:30
ORDER_000002167_PAYMENT,ORDER_000002167,DEBIT_CARD,SUCCESS,441724.56,2026-05-31T20:33:47
ORDER_000002168_PAYMENT,ORDER_000002168,CREDIT_CARD,SUCCESS,174263.46,2026-09-21T17:35:12
ORDER_000002169_PAYMENT,ORDER_000002169,UPI,FAILED,245977.25,2026-02-02T05:58:14
ORDER_000002170_PAYMENT,ORDER_000002170,DEBIT_CARD,SUCCESS,100797.70,2026-07-12T18:47:12
ORDER_000002171_PAYMENT,ORDER_000002171,UPI,SUCCESS,443350.42,2026-05-16T18:11:39
ORDER_000002172_PAYMENT,ORDER_000002172,CREDIT_CARD,FAILED,206616.84,2026-07-09T12:59:57
ORDER_000002173_PAYMENT,ORDER_000002173,UPI,SUCCESS,479852.41,2026-02-06T00:28:24
ORDER_000002174_PAYMENT,ORDER_000002174,UPI,SUCCESS,198467.42,2026-10-22T02:42:28
ORDER_000002175_PAYMENT,ORDER_000002175,UPI,SUCCESS,486955.56,2026-07-09T01:13:38
ORDER_000002176_PAYMENT,ORDER_000002176,UPI,SUCCESS,82387.16,2026-08-24T10:56:43
ORDER_000002177_PAYMENT,ORDER_000002177,UPI,SUCCESS,191300.10,2026-01-20T23:58:14
ORDER_000002178_PAYMENT,ORDER_000002178,CREDIT_CARD,FAILED,519411.84,2026-06-06T21:02:49
ORDER_000002179_PAYMENT,ORDER_000002179,UPI,SUCCESS,91415.88,2026-11-20T06:49:32
ORDER_000002180_PAYMENT,ORDER_000002180,CREDIT_CARD,SUCCESS,64952.99,2026-10-12T00:03:42
ORDER_000002181_PAYMENT,ORDER_000002181,UPI,SUCCESS,57037.13,2026-11-08T16:26:46
ORDER_000002182_PAYMENT,ORDER_000002182,CREDIT_CARD,SUCCESS,415501.23,2026-03-17T05:00:20
ORDER_000002183_PAYMENT,ORDER_000002183,WALLET,SUCCESS,308759.01,2026-02-23T12:26:49
ORDER_000002184_PAYMENT,ORDER_000002184,DEBIT_CARD,SUCCESS,84487.87,2026-04-08T20:32:20
ORDER_000002185_PAYMENT,ORDER_000002185,NET_BANKING,SUCCESS,241363.13,2026-07-29T22:41:39
ORDER_000002186_PAYMENT,ORDER_000002186,UPI,SUCCESS,462091.40,2026-09-08T22:56:58
ORDER_000002187_PAYMENT,ORDER_000002187,WALLET,SUCCESS,251588.25,2026-09-04T10:25:47
ORDER_000002188_PAYMENT,ORDER_000002188,WALLET,SUCCESS,153540.96,2026-08-29T14:42:35
ORDER_000002189_PAYMENT,ORDER_000002189,NET_BANKING,SUCCESS,423541.45,2026-06-09T01:51:39
ORDER_000002190_PAYMENT,ORDER_000002190,CREDIT_CARD,SUCCESS,237137.17,2026-06-06T05:59:42
ORDER_000002191_PAYMENT,ORDER_000002191,UPI,FAILED,411572.42,2026-04-11T04:57:10
ORDER_000002192_PAYMENT,ORDER_000002192,CREDIT_CARD,SUCCESS,149490.63,2026-07-02T23:03:52
ORDER_000002193_PAYMENT,ORDER_000002193,UPI,SUCCESS,487990.14,2026-12-11T12:43:16
ORDER_000002194_PAYMENT,ORDER_000002194,WALLET,SUCCESS,373665.90,2026-11-01T13:08:32
ORDER_000002195_PAYMENT,ORDER_000002195,WALLET,SUCCESS,9225.52,2026-03-04T15:01:28
ORDER_000002196_PAYMENT,ORDER_000002196,WALLET,SUCCESS,111678.25,2026-10-14T13:05:37
ORDER_000002197_PAYMENT,ORDER_000002197,DEBIT_CARD,SUCCESS,158999.72,2026-04-16T10:58:27
ORDER_000002198_PAYMENT,ORDER_000002198,CREDIT_CARD,SUCCESS,411744.60,2026-04-11T23:16:21
ORDER_000002199_PAYMENT,ORDER_000002199,DEBIT_CARD,SUCCESS,191811.06,2026-09-19T21:09:36
ORDER_000002200_PAYMENT,ORDER_000002200,UPI,SUCCESS,485407.26,2026-11-23T16:52:05
ORDER_000002201_PAYMENT,ORDER_000002201,UPI,SUCCESS,798085.73,2026-11-01T20:04:03
ORDER_000002202_PAYMENT,ORDER_000002202,CREDIT_CARD,SUCCESS,566966.33,2026-06-09T06:23:08
ORDER_000002203_PAYMENT,ORDER_000002203,UPI,SUCCESS,292313.40,2026-11-06T17:33:17
ORDER_000002204_PAYMENT,ORDER_000002204,CREDIT_CARD,SUCCESS,435461.76,2026-07-18T20:03:38
ORDER_000002205_PAYMENT,ORDER_000002205,CREDIT_CARD,SUCCESS,518909.56,2026-04-17T00:42:27
ORDER_000002206_PAYMENT,ORDER_000002206,NET_BANKING,SUCCESS,387294.18,2026-06-27T20:43:41
ORDER_000002207_PAYMENT,ORDER_000002207,UPI,SUCCESS,265250.89,2026-04-29T12:49:32
ORDER_000002208_PAYMENT,ORDER_000002208,CREDIT_CARD,SUCCESS,134095.08,2026-05-12T05:50:41
ORDER_000002209_PAYMENT,ORDER_000002209,NET_BANKING,SUCCESS,221096.04,2026-09-09T10:41:21
ORDER_000002210_PAYMENT,ORDER_000002210,DEBIT_CARD,SUCCESS,89716.21,2026-05-14T12:54:12
ORDER_000002211_PAYMENT,ORDER_000002211,DEBIT_CARD,SUCCESS,369249.32,2026-03-27T00:10:45
ORDER_000002212_PAYMENT,ORDER_000002212,CREDIT_CARD,SUCCESS,252319.55,2026-09-16T18:32:14
ORDER_000002213_PAYMENT,ORDER_000002213,DEBIT_CARD,SUCCESS,441982.82,2026-03-31T18:02:15
ORDER_000002214_PAYMENT,ORDER_000002214,UPI,SUCCESS,232157.25,2026-05-26T01:16:24
ORDER_000002215_PAYMENT,ORDER_000002215,UPI,SUCCESS,165245.13,2026-06-11T09:36:03
ORDER_000002216_PAYMENT,ORDER_000002216,CREDIT_CARD,SUCCESS,368557.00,2026-02-02T07:59:15
ORDER_000002217_PAYMENT,ORDER_000002217,UPI,SUCCESS,136931.35,2026-03-08T14:46:32
ORDER_000002218_PAYMENT,ORDER_000002218,CREDIT_CARD,SUCCESS,265165.38,2026-04-04T06:46:59
ORDER_000002219_PAYMENT,ORDER_000002219,DEBIT_CARD,SUCCESS,55784.31,2026-01-20T08:48:48
ORDER_000002220_PAYMENT,ORDER_000002220,CREDIT_CARD,SUCCESS,464704.60,2026-05-22T08:59:04
ORDER_000002221_PAYMENT,ORDER_000002221,UPI,SUCCESS,275184.24,2026-11-20T13:56:28
ORDER_000002222_PAYMENT,ORDER_000002222,WALLET,SUCCESS,455444.53,2026-01-30T21:35:22
ORDER_000002223_PAYMENT,ORDER_000002223,UPI,SUCCESS,356583.40,2026-03-13T09:23:22
ORDER_000002224_PAYMENT,ORDER_000002224,WALLET,SUCCESS,361431.53,2026-06-11T09:32:45
ORDER_000002225_PAYMENT,ORDER_000002225,UPI,SUCCESS,115068.87,2026-01-31T15:05:42
ORDER_000002226_PAYMENT,ORDER_000002226,UPI,SUCCESS,232240.83,2026-01-18T03:51:48
ORDER_000002227_PAYMENT,ORDER_000002227,DEBIT_CARD,SUCCESS,452326.23,2026-11-06T02:09:24
ORDER_000002228_PAYMENT,ORDER_000002228,DEBIT_CARD,FAILED,507346.70,2026-08-19T02:03:31
ORDER_000002229_PAYMENT,ORDER_000002229,DEBIT_CARD,SUCCESS,292369.62,2026-07-23T22:09:10
ORDER_000002230_PAYMENT,ORDER_000002230,UPI,SUCCESS,245770.81,2026-03-11T02:53:37
ORDER_000002231_PAYMENT,ORDER_000002231,UPI,FAILED,452458.80,2026-07-26T23:28:46
ORDER_000002232_PAYMENT,ORDER_000002232,CREDIT_CARD,SUCCESS,111223.34,2026-05-31T16:07:33
ORDER_000002233_PAYMENT,ORDER_000002233,UPI,SUCCESS,278093.92,2026-04-27T10:42:37
ORDER_000002234_PAYMENT,ORDER_000002234,UPI,SUCCESS,163498.83,2026-07-24T13:45:58
ORDER_000002235_PAYMENT,ORDER_000002235,UPI,SUCCESS,168680.48,2026-12-10T07:53:16
ORDER_000002236_PAYMENT,ORDER_000002236,UPI,SUCCESS,202295.85,2026-05-12T13:11:28
ORDER_000002237_PAYMENT,ORDER_000002237,UPI,SUCCESS,451607.07,2026-10-09T10:03:58
ORDER_000002238_PAYMENT,ORDER_000002238,UPI,SUCCESS,325980.10,2026-08-07T23:04:37
ORDER_000002239_PAYMENT,ORDER_000002239,UPI,SUCCESS,317102.15,2026-06-13T13:04:40
ORDER_000002240_PAYMENT,ORDER_000002240,DEBIT_CARD,SUCCESS,231457.40,2026-09-16T18:45:33
ORDER_000002241_PAYMENT,ORDER_000002241,UPI,SUCCESS,243536.08,2026-02-23T11:21:35
ORDER_000002242_PAYMENT,ORDER_000002242,CREDIT_CARD,FAILED,260264.15,2026-10-11T10:46:09
ORDER_000002243_PAYMENT,ORDER_000002243,DEBIT_CARD,SUCCESS,193898.36,2026-03-13T05:05:17
ORDER_000002244_PAYMENT,ORDER_000002244,DEBIT_CARD,SUCCESS,327568.10,2026-01-03T21:15:13
ORDER_000002245_PAYMENT,ORDER_000002245,UPI,SUCCESS,94558.36,2026-09-24T23:03
ORDER_000002246_PAYMENT,ORDER_000002246,UPI,SUCCESS,293805.10,2026-07-05T12:14:22
ORDER_000002247_PAYMENT,ORDER_000002247,UPI,SUCCESS,158053.09,2026-11-18T18:16:53
ORDER_000002248_PAYMENT,ORDER_000002248,UPI,SUCCESS,150723.61,2026-02-21T12:32:23
ORDER_000002249_PAYMENT,ORDER_000002249,WALLET,SUCCESS,64177.05,2026-02-08T02:46:50
ORDER_000002250_PAYMENT,ORDER_000002250,WALLET,SUCCESS,89524.10,2026-02-24T09:32:27
ORDER_000002251_PAYMENT,ORDER_000002251,CREDIT_CARD,SUCCESS,408147.10,2026-09-19T01:22:37
ORDER_000002252_PAYMENT,ORDER_000002252,UPI,SUCCESS,430585.78,2026-06-16T17:43:02
ORDER_000002253_PAYMENT,ORDER_000002253,DEBIT_CARD,FAILED,213846.52,2026-12-04T08:43:08
ORDER_000002254_PAYMENT,ORDER_000002254,UPI,SUCCESS,185914.80,2026-06-13T18:27:44
ORDER_000002255_PAYMENT,ORDER_000002255,DEBIT_CARD,SUCCESS,318785.40,2026-07-05T10:07:46
ORDER_000002256_PAYMENT,ORDER_000002256,DEBIT_CARD,FAILED,29830.25,2026-11-22T04:09:25
ORDER_000002257_PAYMENT,ORDER_000002257,UPI,SUCCESS,290507.76,2026-06-29T18:13:48
ORDER_000002258_PAYMENT,ORDER_000002258,WALLET,SUCCESS,192690.21,2026-08-10T00:26:48
ORDER_000002259_PAYMENT,ORDER_000002259,UPI,SUCCESS,691301.60,2026-05-15T10:12:36
ORDER_000002260_PAYMENT,ORDER_000002260,UPI,SUCCESS,175791.02,2026-09-02T04:29:29
ORDER_000002261_PAYMENT,ORDER_000002261,CREDIT_CARD,SUCCESS,443197.92,2026-06-27T12:54:14
ORDER_000002262_PAYMENT,ORDER_000002262,CREDIT_CARD,SUCCESS,158949.86,2026-05-29T17:08:39
ORDER_000002263_PAYMENT,ORDER_000002263,NET_BANKING,SUCCESS,82438.78,2026-03-29T20:56:46
ORDER_000002264_PAYMENT,ORDER_000002264,UPI,SUCCESS,334428.80,2026-10-09T13:42:41
ORDER_000002265_PAYMENT,ORDER_000002265,DEBIT_CARD,SUCCESS,358658.19,2026-10-03T05:47:50
ORDER_000002266_PAYMENT,ORDER_000002266,WALLET,SUCCESS,447703.76,2026-08-06T00:55:59
ORDER_000002267_PAYMENT,ORDER_000002267,UPI,SUCCESS,391427.38,2026-01-30T19:51:15
ORDER_000002268_PAYMENT,ORDER_000002268,CREDIT_CARD,SUCCESS,527982.61,2026-11-19T11:44:02
ORDER_000002269_PAYMENT,ORDER_000002269,UPI,SUCCESS,71969.63,2026-06-27T02:54:16
ORDER_000002270_PAYMENT,ORDER_000002270,DEBIT_CARD,SUCCESS,328539.26,2026-04-06T14:21:29
ORDER_000002271_PAYMENT,ORDER_000002271,NET_BANKING,SUCCESS,213550.18,2026-05-28T23:04:01
ORDER_000002272_PAYMENT,ORDER_000002272,DEBIT_CARD,SUCCESS,667208.48,2026-02-05T09:41:52
ORDER_000002273_PAYMENT,ORDER_000002273,UPI,SUCCESS,177850.46,2026-04-18T04:39:15
ORDER_000002274_PAYMENT,ORDER_000002274,DEBIT_CARD,SUCCESS,265239.25,2026-04-09T11:35:12
ORDER_000002275_PAYMENT,ORDER_000002275,UPI,SUCCESS,382740.82,2026-09-16T07:39:59
ORDER_000002276_PAYMENT,ORDER_000002276,UPI,SUCCESS,44060.29,2026-03-30T00:46:11
ORDER_000002277_PAYMENT,ORDER_000002277,UPI,SUCCESS,285830.50,2026-11-14T13:37:21
ORDER_000002278_PAYMENT,ORDER_000002278,UPI,SUCCESS,371943.90,2026-04-16T03:34:44
ORDER_000002279_PAYMENT,ORDER_000002279,UPI,SUCCESS,88245.42,2026-09-08T10:52:37
ORDER_000002280_PAYMENT,ORDER_000002280,WALLET,SUCCESS,364948.08,2026-06-18T00:08:15
ORDER_000002281_PAYMENT,ORDER_000002281,UPI,SUCCESS,250724.35,2026-07-30T08:53:29
ORDER_000002282_PAYMENT,ORDER_000002282,CREDIT_CARD,SUCCESS,418016.58,2026-02-13T08:42:25
ORDER_000002283_PAYMENT,ORDER_000002283,UPI,SUCCESS,449201.99,2026-02-25T09:51:07
ORDER_000002284_PAYMENT,ORDER_000002284,DEBIT_CARD,SUCCESS,431423.34,2026-10-31T09:55:57
ORDER_000002285_PAYMENT,ORDER_000002285,UPI,SUCCESS,130032.96,2026-06-05T11:50:06
ORDER_000002286_PAYMENT,ORDER_000002286,CREDIT_CARD,SUCCESS,286918.31,2026-07-17T17:12:32
ORDER_000002287_PAYMENT,ORDER_000002287,WALLET,SUCCESS,349955.96,2026-09-25T12:37:08
ORDER_000002288_PAYMENT,ORDER_000002288,UPI,SUCCESS,136443.67,2026-04-16T14:33:28
ORDER_000002289_PAYMENT,ORDER_000002289,NET_BANKING,SUCCESS,80304.81,2026-06-29T16:13:50
ORDER_000002290_PAYMENT,ORDER_000002290,CREDIT_CARD,SUCCESS,65559.63,2026-06-24T08:59:16
ORDER_000002291_PAYMENT,ORDER_000002291,UPI,SUCCESS,616337.16,2026-07-03T03:49:14
ORDER_000002292_PAYMENT,ORDER_000002292,CREDIT_CARD,SUCCESS,212779.40,2026-09-14T09:22:07
ORDER_000002293_PAYMENT,ORDER_000002293,DEBIT_CARD,SUCCESS,265711.88,2026-05-12T07:16:32
ORDER_000002294_PAYMENT,ORDER_000002294,NET_BANKING,SUCCESS,314112.93,2026-11-26T17:24:31
ORDER_000002295_PAYMENT,ORDER_000002295,CREDIT_CARD,SUCCESS,180008.24,2026-12-08T06:48:41
ORDER_000002296_PAYMENT,ORDER_000002296,DEBIT_CARD,SUCCESS,289319.11,2026-12-10T16:31:13
ORDER_000002297_PAYMENT,ORDER_000002297,DEBIT_CARD,SUCCESS,106094.74,2026-11-05T17:30:49
ORDER_000002298_PAYMENT,ORDER_000002298,DEBIT_CARD,SUCCESS,177330.57,2026-07-28T09:49:30
ORDER_000002299_PAYMENT,ORDER_000002299,UPI,SUCCESS,142734.26,2026-10-13T18:07:39
ORDER_000002300_PAYMENT,ORDER_000002300,UPI,SUCCESS,103389.15,2026-05-21T20:17:24
ORDER_000002301_PAYMENT,ORDER_000002301,UPI,SUCCESS,93677.16,2026-09-04T18:24:52
ORDER_000002302_PAYMENT,ORDER_000002302,UPI,SUCCESS,726397.29,2026-06-12T17:14:54
ORDER_000002303_PAYMENT,ORDER_000002303,UPI,SUCCESS,168836.86,2026-07-25T23:06:30
ORDER_000002304_PAYMENT,ORDER_000002304,UPI,SUCCESS,420477.84,2026-10-06T00:09:51
ORDER_000002305_PAYMENT,ORDER_000002305,UPI,SUCCESS,550887.10,2026-07-26T19:23:32
ORDER_000002306_PAYMENT,ORDER_000002306,UPI,SUCCESS,521027.38,2026-12-06T09:08:42
ORDER_000002307_PAYMENT,ORDER_000002307,WALLET,SUCCESS,480383.97,2026-10-16T08:16:18
ORDER_000002308_PAYMENT,ORDER_000002308,DEBIT_CARD,SUCCESS,205997.75,2026-01-03T23:37:39
ORDER_000002309_PAYMENT,ORDER_000002309,WALLET,SUCCESS,323691.10,2026-04-22T22:19:40
ORDER_000002310_PAYMENT,ORDER_000002310,UPI,SUCCESS,92057.85,2026-09-03T15:25:41
ORDER_000002311_PAYMENT,ORDER_000002311,CREDIT_CARD,SUCCESS,757626.95,2026-04-23T08:43:49
ORDER_000002312_PAYMENT,ORDER_000002312,DEBIT_CARD,SUCCESS,343436.10,2026-09-19T13:18:30
ORDER_000002313_PAYMENT,ORDER_000002313,UPI,SUCCESS,70120.74,2026-03-24T00:27:51
ORDER_000002314_PAYMENT,ORDER_000002314,UPI,SUCCESS,336156.41,2026-01-25T02:26:33
ORDER_000002315_PAYMENT,ORDER_000002315,UPI,SUCCESS,118229.56,2026-05-01T04:37:36
ORDER_000002316_PAYMENT,ORDER_000002316,NET_BANKING,SUCCESS,477360.03,2026-05-12T11:57:37
ORDER_000002317_PAYMENT,ORDER_000002317,UPI,SUCCESS,161535.57,2026-08-31T16:13:30
ORDER_000002318_PAYMENT,ORDER_000002318,WALLET,FAILED,121777.51,2026-04-13T09:44:15
ORDER_000002319_PAYMENT,ORDER_000002319,CREDIT_CARD,SUCCESS,320254.93,2026-10-19T11:52:28
ORDER_000002320_PAYMENT,ORDER_000002320,DEBIT_CARD,SUCCESS,182055.56,2026-05-10T15:35:52
ORDER_000002321_PAYMENT,ORDER_000002321,UPI,SUCCESS,163576.40,2026-08-25T14:59:43
ORDER_000002322_PAYMENT,ORDER_000002322,DEBIT_CARD,SUCCESS,644440.34,2026-03-20T18:03:29
ORDER_000002323_PAYMENT,ORDER_000002323,UPI,SUCCESS,177083.03,2026-01-28T22:44:46
ORDER_000002324_PAYMENT,ORDER_000002324,CREDIT_CARD,SUCCESS,214000.11,2026-11-01T21:38:47
ORDER_000002325_PAYMENT,ORDER_000002325,NET_BANKING,FAILED,242651.06,2026-03-07T05:36:19
ORDER_000002326_PAYMENT,ORDER_000002326,CREDIT_CARD,SUCCESS,679737.19,2026-11-14T19:31:49
ORDER_000002327_PAYMENT,ORDER_000002327,UPI,SUCCESS,308422.41,2026-02-16T03:41:52
ORDER_000002328_PAYMENT,ORDER_000002328,DEBIT_CARD,SUCCESS,700602.92,2026-06-03T13:40:38
ORDER_000002329_PAYMENT,ORDER_000002329,WALLET,SUCCESS,167330.68,2026-03-19T08:52:27
ORDER_000002330_PAYMENT,ORDER_000002330,CREDIT_CARD,SUCCESS,289059.75,2026-08-02T01:21:17
ORDER_000002331_PAYMENT,ORDER_000002331,UPI,SUCCESS,220516.77,2026-10-22T04:08:30
ORDER_000002332_PAYMENT,ORDER_000002332,WALLET,SUCCESS,160221.72,2026-02-16T00:51:43
ORDER_000002333_PAYMENT,ORDER_000002333,UPI,FAILED,100471.94,2026-02-25T01:23:12
ORDER_000002334_PAYMENT,ORDER_000002334,NET_BANKING,SUCCESS,273847.34,2026-09-10T15:29:36
ORDER_000002335_PAYMENT,ORDER_000002335,UPI,SUCCESS,558458.16,2026-11-15T18:43:14
ORDER_000002336_PAYMENT,ORDER_000002336,CREDIT_CARD,SUCCESS,281340.51,2026-08-22T23:47:34
ORDER_000002337_PAYMENT,ORDER_000002337,DEBIT_CARD,SUCCESS,71181.02,2026-11-01T17:31:51
ORDER_000002338_PAYMENT,ORDER_000002338,UPI,FAILED,239770.50,2026-06-25T22:05:54
ORDER_000002339_PAYMENT,ORDER_000002339,UPI,SUCCESS,249005.08,2026-01-20T09:58:47
ORDER_000002340_PAYMENT,ORDER_000002340,UPI,SUCCESS,390944.12,2026-08-15T17:09:53
ORDER_000002341_PAYMENT,ORDER_000002341,UPI,SUCCESS,113869.59,2026-12-30T02:34:16
ORDER_000002342_PAYMENT,ORDER_000002342,WALLET,SUCCESS,355932.80,2026-12-12T03:25:38
ORDER_000002343_PAYMENT,ORDER_000002343,UPI,SUCCESS,363707.98,2026-06-28T08:54:59
ORDER_000002344_PAYMENT,ORDER_000002344,UPI,SUCCESS,263426.01,2026-12-13T01:43:20
ORDER_000002345_PAYMENT,ORDER_000002345,DEBIT_CARD,SUCCESS,231387.93,2026-02-16T00:57:36
ORDER_000002346_PAYMENT,ORDER_000002346,WALLET,SUCCESS,384367.61,2026-08-07T12:39:14
ORDER_000002347_PAYMENT,ORDER_000002347,UPI,SUCCESS,325462.24,2026-10-21T03:50:35
ORDER_000002348_PAYMENT,ORDER_000002348,UPI,SUCCESS,732136.64,2026-12-11T17:39:19
ORDER_000002349_PAYMENT,ORDER_000002349,DEBIT_CARD,SUCCESS,368445.00,2026-03-17T05:00:05
ORDER_000002350_PAYMENT,ORDER_000002350,DEBIT_CARD,SUCCESS,274922.54,2026-09-01T10:46:09
ORDER_000002351_PAYMENT,ORDER_000002351,CREDIT_CARD,SUCCESS,531549.07,2026-01-22T09:24:40
ORDER_000002352_PAYMENT,ORDER_000002352,UPI,SUCCESS,686508.47,2026-01-27T22:31:51
ORDER_000002353_PAYMENT,ORDER_000002353,DEBIT_CARD,SUCCESS,563895.80,2026-07-15T23:29
ORDER_000002354_PAYMENT,ORDER_000002354,CREDIT_CARD,SUCCESS,140970.99,2026-11-11T03:33:29
ORDER_000002355_PAYMENT,ORDER_000002355,UPI,SUCCESS,144694.69,2026-09-10T12:16:15
ORDER_000002356_PAYMENT,ORDER_000002356,CREDIT_CARD,SUCCESS,359213.28,2026-06-22T04:58:04
ORDER_000002357_PAYMENT,ORDER_000002357,CREDIT_CARD,SUCCESS,422165.09,2026-04-03T06:23:18
ORDER_000002358_PAYMENT,ORDER_000002358,DEBIT_CARD,SUCCESS,183908.23,2026-10-15T07:07:03
ORDER_000002359_PAYMENT,ORDER_000002359,UPI,SUCCESS,260566.72,2026-01-28T02:08:17
ORDER_000002360_PAYMENT,ORDER_000002360,NET_BANKING,SUCCESS,299322.99,2026-08-10T18:17:15
ORDER_000002361_PAYMENT,ORDER_000002361,CREDIT_CARD,SUCCESS,499465.61,2026-07-07T05:17:36
ORDER_000002362_PAYMENT,ORDER_000002362,UPI,SUCCESS,423237.58,2026-09-27T16:25:50
ORDER_000002363_PAYMENT,ORDER_000002363,NET_BANKING,SUCCESS,226940.21,2026-08-01T22:16:57
ORDER_000002364_PAYMENT,ORDER_000002364,NET_BANKING,SUCCESS,55689.12,2026-08-03T20:56:32
ORDER_000002365_PAYMENT,ORDER_000002365,UPI,SUCCESS,513828.33,2026-06-09T20:24:13
ORDER_000002366_PAYMENT,ORDER_000002366,CREDIT_CARD,SUCCESS,226134.02,2026-06-20T16:25:29
ORDER_000002367_PAYMENT,ORDER_000002367,UPI,SUCCESS,132047.34,2026-05-22T12:43:11
ORDER_000002368_PAYMENT,ORDER_000002368,UPI,SUCCESS,340857.81,2026-03-22T07:08:54
ORDER_000002369_PAYMENT,ORDER_000002369,UPI,SUCCESS,532547.29,2026-11-21T10:18:15
ORDER_000002370_PAYMENT,ORDER_000002370,CREDIT_CARD,SUCCESS,362549.19,2026-03-30T03:38:23
ORDER_000002371_PAYMENT,ORDER_000002371,UPI,SUCCESS,437812.34,2026-09-23T01:03:24
ORDER_000002372_PAYMENT,ORDER_000002372,DEBIT_CARD,SUCCESS,401943.02,2026-11-29T21:13:35
ORDER_000002373_PAYMENT,ORDER_000002373,UPI,FAILED,249560.87,2026-06-07T22:04:36
ORDER_000002374_PAYMENT,ORDER_000002374,UPI,SUCCESS,405769.63,2026-11-13T23:07:28
ORDER_000002375_PAYMENT,ORDER_000002375,UPI,SUCCESS,409935.86,2026-09-22T08:12:33
ORDER_000002376_PAYMENT,ORDER_000002376,UPI,SUCCESS,305578.15,2026-08-18T17:49:05
ORDER_000002377_PAYMENT,ORDER_000002377,UPI,SUCCESS,498181.65,2026-10-01T02:19:19
ORDER_000002378_PAYMENT,ORDER_000002378,CREDIT_CARD,SUCCESS,602265.71,2026-04-06T21:40
ORDER_000002379_PAYMENT,ORDER_000002379,NET_BANKING,SUCCESS,224968.09,2026-05-11T06:07:47
ORDER_000002380_PAYMENT,ORDER_000002380,DEBIT_CARD,SUCCESS,351282.11,2026-10-15T09:09:53
ORDER_000002381_PAYMENT,ORDER_000002381,NET_BANKING,SUCCESS,411014.39,2026-01-06T04:30:47
ORDER_000002382_PAYMENT,ORDER_000002382,CREDIT_CARD,SUCCESS,117814.53,2026-06-15T00:20:36
ORDER_000002383_PAYMENT,ORDER_000002383,WALLET,SUCCESS,481435.15,2026-10-03T07:37:15
ORDER_000002384_PAYMENT,ORDER_000002384,NET_BANKING,SUCCESS,212956.72,2026-08-25T15:51:45
ORDER_000002385_PAYMENT,ORDER_000002385,WALLET,SUCCESS,290814.14,2026-06-16T19:59:42
ORDER_000002386_PAYMENT,ORDER_000002386,UPI,SUCCESS,737732.02,2026-08-15T05:54:49
ORDER_000002387_PAYMENT,ORDER_000002387,UPI,SUCCESS,369333.56,2026-03-29T00:29:37
ORDER_000002388_PAYMENT,ORDER_000002388,NET_BANKING,SUCCESS,90161.03,2026-06-24T04:14:57
ORDER_000002389_PAYMENT,ORDER_000002389,UPI,SUCCESS,488955.66,2026-09-01T01:47:22
ORDER_000002390_PAYMENT,ORDER_000002390,UPI,SUCCESS,116255.23,2026-07-27T01:48:45
ORDER_000002391_PAYMENT,ORDER_000002391,NET_BANKING,SUCCESS,71531.85,2026-01-04T08:56:10
ORDER_000002392_PAYMENT,ORDER_000002392,UPI,SUCCESS,174883.07,2026-10-17T20:44:09
ORDER_000002393_PAYMENT,ORDER_000002393,WALLET,SUCCESS,228712.18,2026-02-07T14:38:41
ORDER_000002394_PAYMENT,ORDER_000002394,DEBIT_CARD,SUCCESS,121291.50,2027-01-01T00:59:35
ORDER_000002395_PAYMENT,ORDER_000002395,DEBIT_CARD,SUCCESS,182140.53,2026-01-28T21:08:31
ORDER_000002396_PAYMENT,ORDER_000002396,CREDIT_CARD,FAILED,287411.92,2026-01-25T20:54:03
ORDER_000002397_PAYMENT,ORDER_000002397,UPI,FAILED,398080.15,2026-05-18T17:22:10
ORDER_000002398_PAYMENT,ORDER_000002398,DEBIT_CARD,SUCCESS,213443.80,2026-07-28T17:01:01
ORDER_000002399_PAYMENT,ORDER_000002399,CREDIT_CARD,SUCCESS,499680.40,2026-03-01T14:25:28
ORDER_000002400_PAYMENT,ORDER_000002400,UPI,SUCCESS,131051.10,2026-09-27T12:26:52
ORDER_000002401_PAYMENT,ORDER_000002401,DEBIT_CARD,SUCCESS,95829.94,2026-05-02T14:13:04
ORDER_000002402_PAYMENT,ORDER_000002402,UPI,SUCCESS,307141.92,2026-11-13T14:39:47
ORDER_000002403_PAYMENT,ORDER_000002403,DEBIT_CARD,SUCCESS,61817.44,2026-06-03T16:56:46
ORDER_000002404_PAYMENT,ORDER_000002404,WALLET,SUCCESS,191608.37,2026-02-28T02:42:22
ORDER_000002405_PAYMENT,ORDER_000002405,UPI,SUCCESS,330332.55,2026-04-10T02:17:43
ORDER_000002406_PAYMENT,ORDER_000002406,UPI,SUCCESS,112502.92,2026-09-14T12:29:29
ORDER_000002407_PAYMENT,ORDER_000002407,UPI,SUCCESS,687274.29,2026-08-05T23:42:59
ORDER_000002408_PAYMENT,ORDER_000002408,DEBIT_CARD,SUCCESS,537920.77,2026-07-08T11:03:32
ORDER_000002409_PAYMENT,ORDER_000002409,UPI,SUCCESS,714872.00,2026-01-16T20:53:23
ORDER_000002410_PAYMENT,ORDER_000002410,UPI,SUCCESS,112497.00,2026-01-26T04:25:08
ORDER_000002411_PAYMENT,ORDER_000002411,UPI,SUCCESS,563464.90,2026-03-31T16:02:29
ORDER_000002412_PAYMENT,ORDER_000002412,UPI,SUCCESS,233346.96,2026-11-09T17:27
ORDER_000002413_PAYMENT,ORDER_000002413,NET_BANKING,SUCCESS,168968.34,2026-07-21T04:23:42
ORDER_000002414_PAYMENT,ORDER_000002414,UPI,SUCCESS,102475.74,2026-04-30T01:48:13
ORDER_000002415_PAYMENT,ORDER_000002415,WALLET,SUCCESS,377498.99,2026-08-01T15:30
ORDER_000002416_PAYMENT,ORDER_000002416,DEBIT_CARD,SUCCESS,208293.71,2026-06-28T17:22:26
ORDER_000002417_PAYMENT,ORDER_000002417,DEBIT_CARD,SUCCESS,533289.35,2026-11-29T07:35
ORDER_000002418_PAYMENT,ORDER_000002418,WALLET,SUCCESS,270874.20,2026-05-16T07:30:29
ORDER_000002419_PAYMENT,ORDER_000002419,UPI,SUCCESS,75732.22,2026-02-18T18:22:29
ORDER_000002420_PAYMENT,ORDER_000002420,UPI,SUCCESS,597327.76,2026-02-10T12:59:46
ORDER_000002421_PAYMENT,ORDER_000002421,CREDIT_CARD,SUCCESS,388015.86,2026-02-16T01:31:04
ORDER_000002422_PAYMENT,ORDER_000002422,UPI,SUCCESS,468199.29,2026-07-08T03:24:34
ORDER_000002423_PAYMENT,ORDER_000002423,DEBIT_CARD,SUCCESS,60794.33,2026-05-21T14:36:32
ORDER_000002424_PAYMENT,ORDER_000002424,CREDIT_CARD,SUCCESS,555776.71,2026-04-27T20:21:56
ORDER_000002425_PAYMENT,ORDER_000002425,UPI,SUCCESS,303828.62,2026-10-20T02:43:49
ORDER_000002426_PAYMENT,ORDER_000002426,CREDIT_CARD,SUCCESS,102597.05,2026-06-08T05:14:15
ORDER_000002427_PAYMENT,ORDER_000002427,CREDIT_CARD,FAILED,669128.00,2026-03-10T10:08:07
ORDER_000002428_PAYMENT,ORDER_000002428,WALLET,SUCCESS,501897.68,2026-09-21T11:06:41
ORDER_000002429_PAYMENT,ORDER_000002429,DEBIT_CARD,SUCCESS,335436.28,2026-10-13T05:12:14
ORDER_000002430_PAYMENT,ORDER_000002430,DEBIT_CARD,SUCCESS,487509.84,2026-06-12T12:54:44
ORDER_000002431_PAYMENT,ORDER_000002431,CREDIT_CARD,SUCCESS,97718.26,2026-07-04T13:08:40
ORDER_000002432_PAYMENT,ORDER_000002432,UPI,SUCCESS,396008.46,2026-10-01T01:49:54
ORDER_000002433_PAYMENT,ORDER_000002433,UPI,SUCCESS,310491.28,2026-01-09T03:17:02
ORDER_000002434_PAYMENT,ORDER_000002434,UPI,SUCCESS,377869.49,2026-07-02T04:28:13
ORDER_000002435_PAYMENT,ORDER_000002435,WALLET,SUCCESS,166225.50,2026-01-31T15:46:19
ORDER_000002436_PAYMENT,ORDER_000002436,DEBIT_CARD,SUCCESS,667158.36,2026-08-20T05:29:43
ORDER_000002437_PAYMENT,ORDER_000002437,UPI,SUCCESS,192348.27,2026-07-15T00:27:49
ORDER_000002438_PAYMENT,ORDER_000002438,UPI,FAILED,149061.38,2026-09-17T06:31:39
ORDER_000002439_PAYMENT,ORDER_000002439,UPI,SUCCESS,772189.10,2026-10-10T18:58:39
ORDER_000002440_PAYMENT,ORDER_000002440,UPI,SUCCESS,721653.75,2026-02-13T04:05:49
ORDER_000002441_PAYMENT,ORDER_000002441,UPI,SUCCESS,164763.79,2026-11-16T08:16:35
ORDER_000002442_PAYMENT,ORDER_000002442,UPI,FAILED,303331.27,2026-10-25T20:14:16
ORDER_000002443_PAYMENT,ORDER_000002443,WALLET,SUCCESS,514014.58,2026-07-22T07:30:53
ORDER_000002444_PAYMENT,ORDER_000002444,CREDIT_CARD,SUCCESS,295434.55,2026-01-09T23:46:18
ORDER_000002445_PAYMENT,ORDER_000002445,UPI,SUCCESS,263043.11,2026-11-20T17:38:03
ORDER_000002446_PAYMENT,ORDER_000002446,WALLET,SUCCESS,224619.91,2026-04-01T19:16:56
ORDER_000002447_PAYMENT,ORDER_000002447,CREDIT_CARD,SUCCESS,130154.96,2026-02-03T07:41:45
ORDER_000002448_PAYMENT,ORDER_000002448,CREDIT_CARD,SUCCESS,339222.60,2026-06-24T02:28:41
ORDER_000002449_PAYMENT,ORDER_000002449,CREDIT_CARD,SUCCESS,297865.83,2026-09-23T22:23:57
ORDER_000002450_PAYMENT,ORDER_000002450,WALLET,SUCCESS,146832.52,2026-11-03T10:18:36
ORDER_000002451_PAYMENT,ORDER_000002451,UPI,SUCCESS,196047.15,2026-10-01T14:06:25
ORDER_000002452_PAYMENT,ORDER_000002452,UPI,SUCCESS,132080.86,2026-06-07T09:49:07
ORDER_000002453_PAYMENT,ORDER_000002453,WALLET,SUCCESS,340927.54,2026-11-28T12:56:32
ORDER_000002454_PAYMENT,ORDER_000002454,UPI,SUCCESS,310781.82,2026-09-19T07:53:04
ORDER_000002455_PAYMENT,ORDER_000002455,DEBIT_CARD,SUCCESS,360397.46,2026-12-29T05:10:30
ORDER_000002456_PAYMENT,ORDER_000002456,UPI,SUCCESS,583260.43,2026-08-21T01:57:02
ORDER_000002457_PAYMENT,ORDER_000002457,WALLET,SUCCESS,399104.81,2026-07-09T03:17:52
ORDER_000002458_PAYMENT,ORDER_000002458,UPI,SUCCESS,86111.69,2026-05-03T18:55:27
ORDER_000002459_PAYMENT,ORDER_000002459,WALLET,SUCCESS,28695.68,2026-10-29T05:20:52
ORDER_000002460_PAYMENT,ORDER_000002460,UPI,SUCCESS,180670.88,2026-04-04T05:42:54
ORDER_000002461_PAYMENT,ORDER_000002461,UPI,SUCCESS,348092.91,2026-03-21T18:05:53
ORDER_000002462_PAYMENT,ORDER_000002462,NET_BANKING,FAILED,441832.17,2026-09-12T15:42:03
ORDER_000002463_PAYMENT,ORDER_000002463,NET_BANKING,SUCCESS,55920.17,2026-09-06T09:40:12
ORDER_000002464_PAYMENT,ORDER_000002464,UPI,SUCCESS,268782.74,2026-08-31T19:39:55
ORDER_000002465_PAYMENT,ORDER_000002465,UPI,SUCCESS,220695.62,2026-03-30T15:04:10
ORDER_000002466_PAYMENT,ORDER_000002466,DEBIT_CARD,SUCCESS,350862.84,2026-02-27T01:35:33
ORDER_000002467_PAYMENT,ORDER_000002467,CREDIT_CARD,SUCCESS,424772.54,2026-02-27T21:22:19
ORDER_000002468_PAYMENT,ORDER_000002468,UPI,SUCCESS,164784.00,2026-03-23T11:01:14
ORDER_000002469_PAYMENT,ORDER_000002469,WALLET,SUCCESS,128197.82,2026-09-04T02:42:50
ORDER_000002470_PAYMENT,ORDER_000002470,UPI,SUCCESS,614494.00,2026-04-04T10:56:13
ORDER_000002471_PAYMENT,ORDER_000002471,UPI,SUCCESS,438734.79,2026-03-23T23:56:17
ORDER_000002472_PAYMENT,ORDER_000002472,UPI,SUCCESS,422384.34,2026-02-07T10:05:24
ORDER_000002473_PAYMENT,ORDER_000002473,UPI,SUCCESS,686711.63,2026-02-08T00:38:35
ORDER_000002474_PAYMENT,ORDER_000002474,NET_BANKING,SUCCESS,150325.03,2026-11-16T04:26:19
ORDER_000002475_PAYMENT,ORDER_000002475,NET_BANKING,SUCCESS,99582.79,2026-09-16T02:24:17
ORDER_000002476_PAYMENT,ORDER_000002476,UPI,SUCCESS,468144.19,2026-04-27T11:33:08
ORDER_000002477_PAYMENT,ORDER_000002477,NET_BANKING,SUCCESS,405085.08,2026-03-18T14:23:15
ORDER_000002478_PAYMENT,ORDER_000002478,UPI,SUCCESS,17616.98,2026-02-19T02:43:28
ORDER_000002479_PAYMENT,ORDER_000002479,UPI,SUCCESS,355063.29,2026-12-22T18:02:49
ORDER_000002480_PAYMENT,ORDER_000002480,DEBIT_CARD,SUCCESS,154448.48,2026-03-04T06:25
ORDER_000002481_PAYMENT,ORDER_000002481,UPI,SUCCESS,195714.28,2026-11-14T18:43:46
ORDER_000002482_PAYMENT,ORDER_000002482,CREDIT_CARD,SUCCESS,242348.43,2026-06-28T13:49:02
ORDER_000002483_PAYMENT,ORDER_000002483,UPI,SUCCESS,145608.74,2026-10-28T06:16:24
ORDER_000002484_PAYMENT,ORDER_000002484,UPI,SUCCESS,346165.35,2026-12-07T02:45:48
ORDER_000002485_PAYMENT,ORDER_000002485,CREDIT_CARD,SUCCESS,386643.36,2026-07-09T14:07
ORDER_000002486_PAYMENT,ORDER_000002486,UPI,SUCCESS,177192.81,2026-05-21T18:31:38
ORDER_000002487_PAYMENT,ORDER_000002487,UPI,SUCCESS,218152.97,2026-12-22T03:36:32
ORDER_000002488_PAYMENT,ORDER_000002488,DEBIT_CARD,SUCCESS,313436.58,2026-09-01T13:28:56
ORDER_000002489_PAYMENT,ORDER_000002489,CREDIT_CARD,SUCCESS,224094.28,2026-03-10T22:07:35
ORDER_000002490_PAYMENT,ORDER_000002490,CREDIT_CARD,FAILED,423944.46,2026-07-12T11:52:20
ORDER_000002491_PAYMENT,ORDER_000002491,CREDIT_CARD,SUCCESS,497104.84,2026-05-20T19:12:31
ORDER_000002492_PAYMENT,ORDER_000002492,UPI,SUCCESS,527631.61,2026-07-31T16:12:08
ORDER_000002493_PAYMENT,ORDER_000002493,UPI,SUCCESS,64271.83,2026-01-08T00:08:40
ORDER_000002494_PAYMENT,ORDER_000002494,WALLET,SUCCESS,497907.50,2026-04-15T07:06:46
ORDER_000002495_PAYMENT,ORDER_000002495,UPI,SUCCESS,172494.20,2026-10-04T12:58:41
ORDER_000002496_PAYMENT,ORDER_000002496,UPI,SUCCESS,91551.01,2026-08-20T22:02:48
ORDER_000002497_PAYMENT,ORDER_000002497,CREDIT_CARD,SUCCESS,219046.86,2026-10-03T11:33:35
ORDER_000002498_PAYMENT,ORDER_000002498,NET_BANKING,SUCCESS,394077.59,2026-09-02T20:33:22
ORDER_000002499_PAYMENT,ORDER_000002499,UPI,FAILED,326511.18,2026-10-04T06:35:05
ORDER_000002500_PAYMENT,ORDER_000002500,UPI,SUCCESS,270115.93,2026-08-14T03:07:54
ORDER_000002501_PAYMENT,ORDER_000002501,UPI,SUCCESS,746971.70,2026-12-21T11:51:25
ORDER_000002502_PAYMENT,ORDER_000002502,CREDIT_CARD,SUCCESS,307645.38,2026-06-02T08:04:13
ORDER_000002503_PAYMENT,ORDER_000002503,CREDIT_CARD,SUCCESS,215355.02,2026-07-02T01:58:23
ORDER_000002504_PAYMENT,ORDER_000002504,CREDIT_CARD,SUCCESS,598217.33,2026-03-08T19:34:27
ORDER_000002505_PAYMENT,ORDER_000002505,UPI,SUCCESS,204704.60,2026-11-29T11:56:02
ORDER_000002506_PAYMENT,ORDER_000002506,CREDIT_CARD,SUCCESS,87938.89,2026-07-16T20:35:03
ORDER_000002507_PAYMENT,ORDER_000002507,UPI,SUCCESS,218714.54,2026-07-10T03:38:56
ORDER_000002508_PAYMENT,ORDER_000002508,UPI,SUCCESS,409559.96,2026-04-25T02:16:37
ORDER_000002509_PAYMENT,ORDER_000002509,UPI,SUCCESS,434678.93,2026-05-21T12:47:13
ORDER_000002510_PAYMENT,ORDER_000002510,UPI,SUCCESS,140622.24,2026-01-25T15:40:32
ORDER_000002511_PAYMENT,ORDER_000002511,UPI,SUCCESS,163776.26,2026-09-25T00:22:15
ORDER_000002512_PAYMENT,ORDER_000002512,UPI,SUCCESS,406876.53,2026-07-16T05:42:31
ORDER_000002513_PAYMENT,ORDER_000002513,UPI,SUCCESS,150434.48,2026-10-29T10:12:49
ORDER_000002514_PAYMENT,ORDER_000002514,CREDIT_CARD,SUCCESS,41796.78,2026-08-18T05:15:52
ORDER_000002515_PAYMENT,ORDER_000002515,DEBIT_CARD,SUCCESS,178058.67,2026-03-04T11:30:17
ORDER_000002516_PAYMENT,ORDER_000002516,WALLET,SUCCESS,122789.76,2026-12-09T00:27:47
ORDER_000002517_PAYMENT,ORDER_000002517,UPI,SUCCESS,268883.00,2026-12-12T21:02:07
ORDER_000002518_PAYMENT,ORDER_000002518,CREDIT_CARD,SUCCESS,252634.52,2026-09-28T19:35:33
ORDER_000002519_PAYMENT,ORDER_000002519,CREDIT_CARD,SUCCESS,348906.44,2026-10-16T01:36:48
ORDER_000002520_PAYMENT,ORDER_000002520,WALLET,SUCCESS,459316.84,2026-02-02T15:33
ORDER_000002521_PAYMENT,ORDER_000002521,CREDIT_CARD,SUCCESS,369508.12,2026-02-11T10:52:05
ORDER_000002522_PAYMENT,ORDER_000002522,UPI,SUCCESS,224467.61,2026-10-13T08:57:58
ORDER_000002523_PAYMENT,ORDER_000002523,WALLET,FAILED,559557.23,2026-06-22T22:26:12
ORDER_000002524_PAYMENT,ORDER_000002524,DEBIT_CARD,SUCCESS,254195.77,2026-05-19T03:14:01
ORDER_000002525_PAYMENT,ORDER_000002525,UPI,SUCCESS,460969.68,2026-10-12T20:53:15
ORDER_000002526_PAYMENT,ORDER_000002526,UPI,SUCCESS,195044.85,2026-05-24T05:34:32
ORDER_000002527_PAYMENT,ORDER_000002527,UPI,SUCCESS,125412.28,2026-08-12T05:27:30
ORDER_000002528_PAYMENT,ORDER_000002528,CREDIT_CARD,SUCCESS,318425.00,2026-11-23T15:51:41
ORDER_000002529_PAYMENT,ORDER_000002529,UPI,SUCCESS,135002.69,2026-01-12T07:09:03
ORDER_000002530_PAYMENT,ORDER_000002530,NET_BANKING,SUCCESS,303437.55,2026-03-14T01:31:54
ORDER_000002531_PAYMENT,ORDER_000002531,CREDIT_CARD,SUCCESS,496469.40,2026-11-28T17:28:08
ORDER_000002532_PAYMENT,ORDER_000002532,UPI,SUCCESS,152719.52,2026-03-23T00:38:02
ORDER_000002533_PAYMENT,ORDER_000002533,UPI,SUCCESS,423401.33,2026-02-17T08:13:28
ORDER_000002534_PAYMENT,ORDER_000002534,CREDIT_CARD,SUCCESS,262090.18,2026-09-29T11:49:10
ORDER_000002535_PAYMENT,ORDER_000002535,NET_BANKING,SUCCESS,251808.20,2026-10-16T10:42:28
ORDER_000002536_PAYMENT,ORDER_000002536,NET_BANKING,FAILED,200627.01,2026-08-01T18:35:34
ORDER_000002537_PAYMENT,ORDER_000002537,NET_BANKING,SUCCESS,178758.36,2026-10-12T08:32:02
ORDER_000002538_PAYMENT,ORDER_000002538,CREDIT_CARD,SUCCESS,144511.47,2026-01-26T22:24:17
ORDER_000002539_PAYMENT,ORDER_000002539,UPI,SUCCESS,399415.75,2026-04-22T00:36:47
ORDER_000002540_PAYMENT,ORDER_000002540,UPI,SUCCESS,133420.56,2026-06-22T14:30:38
ORDER_000002541_PAYMENT,ORDER_000002541,WALLET,SUCCESS,511438.07,2026-06-30T09:42:06
ORDER_000002542_PAYMENT,ORDER_000002542,DEBIT_CARD,SUCCESS,146780.70,2026-05-13T21:08:17
ORDER_000002543_PAYMENT,ORDER_000002543,UPI,FAILED,274606.84,2026-10-05T05:37:38
ORDER_000002544_PAYMENT,ORDER_000002544,DEBIT_CARD,SUCCESS,217619.27,2026-10-04T17:06:27
ORDER_000002545_PAYMENT,ORDER_000002545,DEBIT_CARD,SUCCESS,535771.05,2026-02-12T18:46:57
ORDER_000002546_PAYMENT,ORDER_000002546,NET_BANKING,SUCCESS,64932.64,2026-02-26T18:09:42
ORDER_000002547_PAYMENT,ORDER_000002547,CREDIT_CARD,SUCCESS,161512.92,2026-01-08T20:38:33
ORDER_000002548_PAYMENT,ORDER_000002548,WALLET,SUCCESS,90619.61,2026-08-29T17:10:14
ORDER_000002549_PAYMENT,ORDER_000002549,UPI,SUCCESS,153485.92,2026-03-15T02:11:17
ORDER_000002550_PAYMENT,ORDER_000002550,UPI,SUCCESS,110997.50,2026-09-02T16:26:28
ORDER_000002551_PAYMENT,ORDER_000002551,NET_BANKING,FAILED,361154.87,2026-02-28T11:04:48
ORDER_000002552_PAYMENT,ORDER_000002552,UPI,FAILED,524320.85,2026-02-21T19:32:44
ORDER_000002553_PAYMENT,ORDER_000002553,WALLET,SUCCESS,511072.32,2026-02-18T18:26:01
ORDER_000002554_PAYMENT,ORDER_000002554,UPI,SUCCESS,220070.18,2026-01-27T00:26:49
ORDER_000002555_PAYMENT,ORDER_000002555,CREDIT_CARD,SUCCESS,207438.92,2026-10-11T14:26:33
ORDER_000002556_PAYMENT,ORDER_000002556,UPI,SUCCESS,196256.70,2026-10-29T04:10:01
ORDER_000002557_PAYMENT,ORDER_000002557,CREDIT_CARD,SUCCESS,256633.90,2026-04-08T05:29:38
ORDER_000002558_PAYMENT,ORDER_000002558,DEBIT_CARD,FAILED,208367.90,2026-12-16T21:46:33
ORDER_000002559_PAYMENT,ORDER_000002559,UPI,FAILED,109451.34,2026-09-29T18:17:12
ORDER_000002560_PAYMENT,ORDER_000002560,CREDIT_CARD,SUCCESS,54198.26,2026-07-24T07:22:45
ORDER_000002561_PAYMENT,ORDER_000002561,UPI,SUCCESS,337137.27,2026-02-23T12:37:03
ORDER_000002562_PAYMENT,ORDER_000002562,UPI,SUCCESS,219720.28,2026-04-14T17:22:48
ORDER_000002563_PAYMENT,ORDER_000002563,UPI,SUCCESS,125722.70,2026-10-22T15:52:43
ORDER_000002564_PAYMENT,ORDER_000002564,UPI,SUCCESS,94386.20,2026-05-05T18:31:28
ORDER_000002565_PAYMENT,ORDER_000002565,WALLET,SUCCESS,201783.86,2026-09-09T14:50:12
ORDER_000002566_PAYMENT,ORDER_000002566,WALLET,SUCCESS,219922.98,2026-02-05T22:27:34
ORDER_000002567_PAYMENT,ORDER_000002567,UPI,SUCCESS,303288.54,2026-10-26T23:28:57
ORDER_000002568_PAYMENT,ORDER_000002568,UPI,SUCCESS,104656.51,2026-04-15T11:46:02
ORDER_000002569_PAYMENT,ORDER_000002569,UPI,SUCCESS,225701.82,2026-01-30T09:50:14
ORDER_000002570_PAYMENT,ORDER_000002570,CREDIT_CARD,SUCCESS,105308.17,2026-08-23T21:56:56
ORDER_000002571_PAYMENT,ORDER_000002571,UPI,SUCCESS,497115.82,2026-10-20T01:51:46
ORDER_000002572_PAYMENT,ORDER_000002572,UPI,FAILED,146611.71,2026-12-01T03:29:34
ORDER_000002573_PAYMENT,ORDER_000002573,CREDIT_CARD,SUCCESS,422335.34,2026-01-17T00:00:19
ORDER_000002574_PAYMENT,ORDER_000002574,CREDIT_CARD,SUCCESS,385990.49,2026-08-25T11:28:19
ORDER_000002575_PAYMENT,ORDER_000002575,CREDIT_CARD,SUCCESS,57880.13,2026-11-22T08:48:37
ORDER_000002576_PAYMENT,ORDER_000002576,UPI,SUCCESS,406758.92,2026-05-28T00:55:58
ORDER_000002577_PAYMENT,ORDER_000002577,UPI,SUCCESS,90730.61,2026-12-16T00:53:20
ORDER_000002578_PAYMENT,ORDER_000002578,CREDIT_CARD,SUCCESS,182454.81,2026-01-29T12:41:12
ORDER_000002579_PAYMENT,ORDER_000002579,UPI,SUCCESS,324116.82,2026-02-02T11:35:43
ORDER_000002580_PAYMENT,ORDER_000002580,NET_BANKING,SUCCESS,183081.10,2026-05-15T22:11:28
ORDER_000002581_PAYMENT,ORDER_000002581,WALLET,SUCCESS,418130.70,2026-02-26T12:12:05
ORDER_000002582_PAYMENT,ORDER_000002582,CREDIT_CARD,SUCCESS,110259.65,2026-04-29T06:55:34
ORDER_000002583_PAYMENT,ORDER_000002583,CREDIT_CARD,SUCCESS,93523.25,2026-09-14T21:19:47
ORDER_000002584_PAYMENT,ORDER_000002584,DEBIT_CARD,SUCCESS,371497.96,2026-10-07T08:38:37
ORDER_000002585_PAYMENT,ORDER_000002585,UPI,SUCCESS,549781.20,2026-09-09T15:14:10
ORDER_000002586_PAYMENT,ORDER_000002586,UPI,SUCCESS,184200.64,2026-12-14T09:22:38
ORDER_000002587_PAYMENT,ORDER_000002587,DEBIT_CARD,SUCCESS,233641.04,2026-05-14T18:53:27
ORDER_000002588_PAYMENT,ORDER_000002588,UPI,SUCCESS,78215.76,2027-01-02T12:50:19
ORDER_000002589_PAYMENT,ORDER_000002589,WALLET,SUCCESS,278217.46,2026-05-20T08:18
ORDER_000002590_PAYMENT,ORDER_000002590,UPI,SUCCESS,43062.45,2026-05-19T11:10:40
ORDER_000002591_PAYMENT,ORDER_000002591,CREDIT_CARD,SUCCESS,396496.98,2026-02-05T04:26:54
ORDER_000002592_PAYMENT,ORDER_000002592,WALLET,SUCCESS,130602.09,2026-04-01T13:24:37
ORDER_000002593_PAYMENT,ORDER_000002593,CREDIT_CARD,SUCCESS,624869.19,2026-07-24T20:15:11
ORDER_000002594_PAYMENT,ORDER_000002594,UPI,SUCCESS,361906.48,2026-11-12T07:24:29
ORDER_000002595_PAYMENT,ORDER_000002595,WALLET,SUCCESS,103885.81,2026-03-04T18:57:02
ORDER_000002596_PAYMENT,ORDER_000002596,NET_BANKING,SUCCESS,205318.52,2026-01-29T16:11:17
ORDER_000002597_PAYMENT,ORDER_000002597,UPI,SUCCESS,503829.29,2026-10-21T02:24:52
ORDER_000002598_PAYMENT,ORDER_000002598,NET_BANKING,FAILED,128574.63,2026-11-20T21:33:58
ORDER_000002599_PAYMENT,ORDER_000002599,DEBIT_CARD,SUCCESS,170788.76,2026-04-17T08:15:13
ORDER_000002600_PAYMENT,ORDER_000002600,UPI,SUCCESS,284511.68,2026-01-11T20:54:43
ORDER_000002601_PAYMENT,ORDER_000002601,CREDIT_CARD,FAILED,139841.40,2026-11-01T16:54:25
ORDER_000002602_PAYMENT,ORDER_000002602,UPI,SUCCESS,56436.61,2026-12-24T19:21:08
ORDER_000002603_PAYMENT,ORDER_000002603,DEBIT_CARD,SUCCESS,83598.34,2026-04-05T07:40:46
ORDER_000002604_PAYMENT,ORDER_000002604,UPI,SUCCESS,388582.40,2026-10-27T05:55:43
ORDER_000002605_PAYMENT,ORDER_000002605,UPI,SUCCESS,186381.55,2026-11-20T02:52:44
ORDER_000002606_PAYMENT,ORDER_000002606,UPI,SUCCESS,516168.28,2026-02-20T08:11:38
ORDER_000002607_PAYMENT,ORDER_000002607,UPI,SUCCESS,273698.83,2026-11-04T05:17:24
ORDER_000002608_PAYMENT,ORDER_000002608,WALLET,SUCCESS,410630.50,2026-11-10T12:03:37
ORDER_000002609_PAYMENT,ORDER_000002609,NET_BANKING,FAILED,70472.74,2026-10-18T04:21:52
ORDER_000002610_PAYMENT,ORDER_000002610,NET_BANKING,SUCCESS,307437.26,2026-11-05T20:01:13
ORDER_000002611_PAYMENT,ORDER_000002611,UPI,SUCCESS,69871.87,2026-02-16T13:13:24
ORDER_000002612_PAYMENT,ORDER_000002612,CREDIT_CARD,SUCCESS,462732.75,2026-03-11T00:53:19
ORDER_000002613_PAYMENT,ORDER_000002613,WALLET,SUCCESS,171295.22,2026-08-01T04:35:50
ORDER_000002614_PAYMENT,ORDER_000002614,CREDIT_CARD,SUCCESS,442369.86,2026-11-01T15:28:27
ORDER_000002615_PAYMENT,ORDER_000002615,CREDIT_CARD,SUCCESS,238154.01,2026-02-21T06:52:57
ORDER_000002616_PAYMENT,ORDER_000002616,UPI,SUCCESS,457684.80,2026-11-09T21:09:41
ORDER_000002617_PAYMENT,ORDER_000002617,CREDIT_CARD,SUCCESS,228690.42,2026-07-07T14:46:22
ORDER_000002618_PAYMENT,ORDER_000002618,DEBIT_CARD,SUCCESS,228093.26,2026-12-05T07:13:26
ORDER_000002619_PAYMENT,ORDER_000002619,CREDIT_CARD,SUCCESS,96768.17,2026-11-02T17:49:05
ORDER_000002620_PAYMENT,ORDER_000002620,UPI,SUCCESS,124601.97,2026-03-27T03:45:28
ORDER_000002621_PAYMENT,ORDER_000002621,NET_BANKING,SUCCESS,303775.42,2026-01-14T01:55:09
ORDER_000002622_PAYMENT,ORDER_000002622,UPI,SUCCESS,38610.23,2026-07-03T09:09:01
ORDER_000002623_PAYMENT,ORDER_000002623,WALLET,SUCCESS,448447.47,2026-01-23T11:52:11
ORDER_000002624_PAYMENT,ORDER_000002624,UPI,SUCCESS,227442.44,2026-04-13T13:33:21
ORDER_000002625_PAYMENT,ORDER_000002625,WALLET,SUCCESS,148703.82,2026-08-07T14:33:51
ORDER_000002626_PAYMENT,ORDER_000002626,UPI,SUCCESS,485190.45,2026-12-18T03:38:32
ORDER_000002627_PAYMENT,ORDER_000002627,DEBIT_CARD,SUCCESS,77747.96,2026-10-07T17:52:11
ORDER_000002628_PAYMENT,ORDER_000002628,UPI,SUCCESS,117965.84,2026-05-01T03:51:45
ORDER_000002629_PAYMENT,ORDER_000002629,NET_BANKING,SUCCESS,121845.97,2026-06-15T17:32:18
ORDER_000002630_PAYMENT,ORDER_000002630,UPI,SUCCESS,197179.29,2026-10-13T11:32:34
ORDER_000002631_PAYMENT,ORDER_000002631,UPI,SUCCESS,429854.14,2026-11-24T13:31:42
ORDER_000002632_PAYMENT,ORDER_000002632,UPI,SUCCESS,29064.70,2026-06-23T20:38:32
ORDER_000002633_PAYMENT,ORDER_000002633,NET_BANKING,SUCCESS,188938.26,2026-03-17T01:28:09
ORDER_000002634_PAYMENT,ORDER_000002634,NET_BANKING,SUCCESS,223718.14,2026-10-22T04:21:45
ORDER_000002635_PAYMENT,ORDER_000002635,CREDIT_CARD,SUCCESS,109430.40,2026-03-14T13:37:01
ORDER_000002636_PAYMENT,ORDER_000002636,NET_BANKING,SUCCESS,103104.20,2026-09-01T21:09:18
ORDER_000002637_PAYMENT,ORDER_000002637,WALLET,SUCCESS,163033.15,2026-05-03T00:16:31
ORDER_000002638_PAYMENT,ORDER_000002638,CREDIT_CARD,SUCCESS,57593.95,2026-06-16T08:12:30
ORDER_000002639_PAYMENT,ORDER_000002639,UPI,SUCCESS,112305.84,2026-11-03T05:53:07
ORDER_000002640_PAYMENT,ORDER_000002640,DEBIT_CARD,SUCCESS,244027.57,2026-04-08T07:10:13
ORDER_000002641_PAYMENT,ORDER_000002641,UPI,SUCCESS,102821.57,2026-03-30T22:59:34
ORDER_000002642_PAYMENT,ORDER_000002642,UPI,SUCCESS,115025.65,2026-08-18T12:08:15
ORDER_000002643_PAYMENT,ORDER_000002643,WALLET,SUCCESS,106338.94,2026-01-23T01:32:20
ORDER_000002644_PAYMENT,ORDER_000002644,UPI,SUCCESS,283213.87,2026-02-10T20:02:07
ORDER_000002645_PAYMENT,ORDER_000002645,CREDIT_CARD,SUCCESS,285707.50,2026-03-29T12:07:10
ORDER_000002646_PAYMENT,ORDER_000002646,UPI,SUCCESS,221801.00,2026-04-26T14:24:27
ORDER_000002647_PAYMENT,ORDER_000002647,UPI,SUCCESS,472664.22,2026-02-07T23:38:26
ORDER_000002648_PAYMENT,ORDER_000002648,UPI,SUCCESS,528207.41,2026-09-12T15:54:57
ORDER_000002649_PAYMENT,ORDER_000002649,UPI,SUCCESS,278186.24,2026-03-12T22:29:28
ORDER_000002650_PAYMENT,ORDER_000002650,CREDIT_CARD,SUCCESS,470765.34,2026-11-07T19:01:10
ORDER_000002651_PAYMENT,ORDER_000002651,UPI,SUCCESS,359573.98,2026-09-06T23:44:58
ORDER_000002652_PAYMENT,ORDER_000002652,NET_BANKING,SUCCESS,34177.88,2026-05-21T21:45:42
ORDER_000002653_PAYMENT,ORDER_000002653,DEBIT_CARD,SUCCESS,109803.89,2026-11-30T18:44:31
ORDER_000002654_PAYMENT,ORDER_000002654,NET_BANKING,FAILED,159919.18,2026-08-06T03:38:30
ORDER_000002655_PAYMENT,ORDER_000002655,CREDIT_CARD,SUCCESS,357592.78,2026-12-07T14:49:23
ORDER_000002656_PAYMENT,ORDER_000002656,DEBIT_CARD,SUCCESS,232157.84,2026-08-15T14:02:09
ORDER_000002657_PAYMENT,ORDER_000002657,NET_BANKING,FAILED,320807.92,2026-02-20T19:55:56
ORDER_000002658_PAYMENT,ORDER_000002658,UPI,SUCCESS,131662.46,2026-07-08T05:37:47
ORDER_000002659_PAYMENT,ORDER_000002659,UPI,SUCCESS,380636.59,2026-12-05T06:56:27
ORDER_000002660_PAYMENT,ORDER_000002660,UPI,SUCCESS,89199.16,2026-05-12T16:43:37
ORDER_000002661_PAYMENT,ORDER_000002661,DEBIT_CARD,SUCCESS,356942.24,2026-07-18T08:10:58
ORDER_000002662_PAYMENT,ORDER_000002662,UPI,SUCCESS,237943.99,2026-07-07T23:20:02
ORDER_000002663_PAYMENT,ORDER_000002663,UPI,SUCCESS,419431.60,2026-08-09T22:16:44
ORDER_000002664_PAYMENT,ORDER_000002664,UPI,SUCCESS,523343.06,2026-12-02T09:51:49
ORDER_000002665_PAYMENT,ORDER_000002665,UPI,SUCCESS,293456.81,2026-10-30T17:28
ORDER_000002666_PAYMENT,ORDER_000002666,CREDIT_CARD,SUCCESS,474094.74,2026-01-07T20:59:07
ORDER_000002667_PAYMENT,ORDER_000002667,UPI,SUCCESS,262936.35,2026-05-04T19:52:25
ORDER_000002668_PAYMENT,ORDER_000002668,CREDIT_CARD,SUCCESS,461315.33,2026-07-03T11:36:34
ORDER_000002669_PAYMENT,ORDER_000002669,DEBIT_CARD,SUCCESS,189206.77,2026-08-13T08:49:24
ORDER_000002670_PAYMENT,ORDER_000002670,DEBIT_CARD,SUCCESS,240293.64,2026-07-14T07:05:04
ORDER_000002671_PAYMENT,ORDER_000002671,NET_BANKING,SUCCESS,320290.87,2026-08-18T15:34:58
ORDER_000002672_PAYMENT,ORDER_000002672,DEBIT_CARD,SUCCESS,203844.55,2026-01-20T16:37:12
ORDER_000002673_PAYMENT,ORDER_000002673,UPI,SUCCESS,255842.54,2026-06-04T05:22:18
ORDER_000002674_PAYMENT,ORDER_000002674,UPI,SUCCESS,368545.37,2026-04-16T03:52:30
ORDER_000002675_PAYMENT,ORDER_000002675,CREDIT_CARD,SUCCESS,557781.18,2026-10-22T12:03:17
ORDER_000002676_PAYMENT,ORDER_000002676,UPI,SUCCESS,509904.71,2026-04-12T03:22:27
ORDER_000002677_PAYMENT,ORDER_000002677,UPI,SUCCESS,123692.55,2026-11-10T13:56:54
ORDER_000002678_PAYMENT,ORDER_000002678,CREDIT_CARD,SUCCESS,436785.20,2026-08-02T18:24:55
ORDER_000002679_PAYMENT,ORDER_000002679,UPI,SUCCESS,224363.60,2026-08-22T14:07:16
ORDER_000002680_PAYMENT,ORDER_000002680,UPI,SUCCESS,295280.41,2026-02-17T12:44:38
ORDER_000002681_PAYMENT,ORDER_000002681,DEBIT_CARD,SUCCESS,356841.66,2026-03-29T22:27:41
ORDER_000002682_PAYMENT,ORDER_000002682,CREDIT_CARD,FAILED,386098.00,2026-02-04T11:13:36
ORDER_000002683_PAYMENT,ORDER_000002683,UPI,SUCCESS,617014.90,2026-06-03T15:36:43
ORDER_000002684_PAYMENT,ORDER_000002684,UPI,SUCCESS,363241.40,2026-10-29T11:58:25
ORDER_000002685_PAYMENT,ORDER_000002685,DEBIT_CARD,FAILED,329045.84,2026-06-18T14:42:16
ORDER_000002686_PAYMENT,ORDER_000002686,UPI,SUCCESS,350602.39,2026-11-04T13:06:26
ORDER_000002687_PAYMENT,ORDER_000002687,DEBIT_CARD,SUCCESS,90642.86,2026-09-17T00:33:25
ORDER_000002688_PAYMENT,ORDER_000002688,UPI,SUCCESS,822052.30,2026-01-21T09:15:29
ORDER_000002689_PAYMENT,ORDER_000002689,WALLET,SUCCESS,296491.84,2026-09-11T16:55:50
ORDER_000002690_PAYMENT,ORDER_000002690,NET_BANKING,SUCCESS,284876.93,2026-07-01T20:27:32
ORDER_000002691_PAYMENT,ORDER_000002691,WALLET,SUCCESS,354364.17,2026-11-20T20:58:34
ORDER_000002692_PAYMENT,ORDER_000002692,DEBIT_CARD,SUCCESS,544809.90,2026-08-07T02:38:02
ORDER_000002693_PAYMENT,ORDER_000002693,CREDIT_CARD,SUCCESS,420164.70,2026-02-08T17:01:09
ORDER_000002694_PAYMENT,ORDER_000002694,CREDIT_CARD,SUCCESS,308350.25,2026-11-27T14:03:45
ORDER_000002695_PAYMENT,ORDER_000002695,NET_BANKING,SUCCESS,228467.14,2026-12-23T17:03:38
ORDER_000002696_PAYMENT,ORDER_000002696,DEBIT_CARD,SUCCESS,365575.53,2026-09-21T15:15
ORDER_000002697_PAYMENT,ORDER_000002697,NET_BANKING,SUCCESS,165460.33,2026-06-10T08:49:59
ORDER_000002698_PAYMENT,ORDER_000002698,UPI,SUCCESS,153305.75,2026-06-16T23:09:03
ORDER_000002699_PAYMENT,ORDER_000002699,NET_BANKING,SUCCESS,455003.50,2026-02-14T23:25
ORDER_000002700_PAYMENT,ORDER_000002700,CREDIT_CARD,SUCCESS,271941.38,2026-03-05T01:43:57
ORDER_000002701_PAYMENT,ORDER_000002701,CREDIT_CARD,SUCCESS,640414.11,2026-03-17T19:36:48
ORDER_000002702_PAYMENT,ORDER_000002702,WALLET,SUCCESS,264528.53,2026-12-03T20:55:04
ORDER_000002703_PAYMENT,ORDER_000002703,UPI,SUCCESS,153848.64,2026-08-16T14:47:09
ORDER_000002704_PAYMENT,ORDER_000002704,UPI,SUCCESS,235682.27,2026-10-02T05:02:03
ORDER_000002705_PAYMENT,ORDER_000002705,DEBIT_CARD,SUCCESS,74929.31,2026-10-17T02:39:56
ORDER_000002706_PAYMENT,ORDER_000002706,UPI,SUCCESS,675761.47,2026-07-20T13:30:04
ORDER_000002707_PAYMENT,ORDER_000002707,NET_BANKING,SUCCESS,269686.58,2026-06-27T00:53:10
ORDER_000002708_PAYMENT,ORDER_000002708,UPI,SUCCESS,587934.12,2026-11-24T03:55:57
ORDER_000002709_PAYMENT,ORDER_000002709,UPI,SUCCESS,124152.81,2026-07-26T13:05:08
ORDER_000002710_PAYMENT,ORDER_000002710,UPI,SUCCESS,545101.22,2026-01-07T19:54:31
ORDER_000002711_PAYMENT,ORDER_000002711,DEBIT_CARD,FAILED,463343.49,2026-02-27T15:55:24
ORDER_000002712_PAYMENT,ORDER_000002712,WALLET,SUCCESS,161511.83,2026-03-06T16:02:18
ORDER_000002713_PAYMENT,ORDER_000002713,DEBIT_CARD,SUCCESS,196896.79,2026-02-18T02:41:45
ORDER_000002714_PAYMENT,ORDER_000002714,UPI,SUCCESS,138728.17,2026-09-03T11:34:10
ORDER_000002715_PAYMENT,ORDER_000002715,CREDIT_CARD,SUCCESS,123727.58,2026-04-21T01:29:12
ORDER_000002716_PAYMENT,ORDER_000002716,WALLET,SUCCESS,204143.37,2026-05-30T12:59:21
ORDER_000002717_PAYMENT,ORDER_000002717,DEBIT_CARD,SUCCESS,315013.01,2026-12-22T13:21:32
ORDER_000002718_PAYMENT,ORDER_000002718,UPI,SUCCESS,59093.58,2026-08-22T19:41:16
ORDER_000002719_PAYMENT,ORDER_000002719,CREDIT_CARD,SUCCESS,208176.73,2026-07-01T18:08:27
ORDER_000002720_PAYMENT,ORDER_000002720,DEBIT_CARD,SUCCESS,247840.56,2026-12-05T12:32:27
ORDER_000002721_PAYMENT,ORDER_000002721,DEBIT_CARD,SUCCESS,491384.60,2026-07-11T05:03:44
ORDER_000002722_PAYMENT,ORDER_000002722,UPI,SUCCESS,491264.49,2026-01-09T18:39:58
ORDER_000002723_PAYMENT,ORDER_000002723,UPI,SUCCESS,120550.73,2026-08-06T23:00:06
ORDER_000002724_PAYMENT,ORDER_000002724,UPI,SUCCESS,394045.44,2026-12-23T21:25:35
ORDER_000002725_PAYMENT,ORDER_000002725,CREDIT_CARD,SUCCESS,478010.40,2026-09-06T12:48:18
ORDER_000002726_PAYMENT,ORDER_000002726,UPI,SUCCESS,691149.65,2026-03-19T18:02:29
ORDER_000002727_PAYMENT,ORDER_000002727,DEBIT_CARD,SUCCESS,312501.33,2026-07-27T03:15:31
ORDER_000002728_PAYMENT,ORDER_000002728,WALLET,SUCCESS,109472.81,2026-12-27T08:28:29
ORDER_000002729_PAYMENT,ORDER_000002729,UPI,SUCCESS,157611.54,2026-03-18T11:30:50
ORDER_000002730_PAYMENT,ORDER_000002730,CREDIT_CARD,SUCCESS,237708.64,2026-07-01T11:39:51
ORDER_000002731_PAYMENT,ORDER_000002731,CREDIT_CARD,SUCCESS,427310.26,2026-09-03T00:30:11
ORDER_000002732_PAYMENT,ORDER_000002732,NET_BANKING,SUCCESS,262502.07,2026-01-14T10:16:46
ORDER_000002733_PAYMENT,ORDER_000002733,WALLET,SUCCESS,451380.65,2026-02-17T17:22:52
ORDER_000002734_PAYMENT,ORDER_000002734,CREDIT_CARD,SUCCESS,514430.34,2026-03-02T12:33:12
ORDER_000002735_PAYMENT,ORDER_000002735,NET_BANKING,SUCCESS,461575.84,2026-06-20T12:39:40
ORDER_000002736_PAYMENT,ORDER_000002736,UPI,SUCCESS,243265.34,2026-11-07T13:37:29
ORDER_000002737_PAYMENT,ORDER_000002737,CREDIT_CARD,SUCCESS,259689.54,2026-07-05T07:42:49
ORDER_000002738_PAYMENT,ORDER_000002738,UPI,SUCCESS,114745.75,2026-11-28T09:06:50
ORDER_000002739_PAYMENT,ORDER_000002739,UPI,SUCCESS,166131.56,2026-10-20T14:55:57
ORDER_000002740_PAYMENT,ORDER_000002740,UPI,SUCCESS,451022.01,2026-04-07T05:48:38
ORDER_000002741_PAYMENT,ORDER_000002741,NET_BANKING,SUCCESS,400183.88,2026-07-06T07:54:50
ORDER_000002742_PAYMENT,ORDER_000002742,CREDIT_CARD,SUCCESS,337848.89,2026-04-08T02:34:51
ORDER_000002743_PAYMENT,ORDER_000002743,UPI,SUCCESS,383871.30,2026-01-02T22:26:35
ORDER_000002744_PAYMENT,ORDER_000002744,UPI,SUCCESS,405415.75,2026-03-15T20:34:53
ORDER_000002745_PAYMENT,ORDER_000002745,NET_BANKING,FAILED,108363.48,2026-11-27T00:41:46
ORDER_000002746_PAYMENT,ORDER_000002746,NET_BANKING,SUCCESS,150392.79,2026-08-26T21:18:52
ORDER_000002747_PAYMENT,ORDER_000002747,UPI,SUCCESS,85501.21,2026-10-02T18:25:12
ORDER_000002748_PAYMENT,ORDER_000002748,UPI,SUCCESS,356375.16,2026-06-24T05:38:28
ORDER_000002749_PAYMENT,ORDER_000002749,UPI,SUCCESS,115980.92,2026-11-08T19:46:32
ORDER_000002750_PAYMENT,ORDER_000002750,WALLET,SUCCESS,346508.53,2026-02-18T01:34:02
ORDER_000002751_PAYMENT,ORDER_000002751,WALLET,SUCCESS,174089.24,2026-06-01T07:42:46
ORDER_000002752_PAYMENT,ORDER_000002752,WALLET,SUCCESS,128578.72,2026-02-23T16:56:46
ORDER_000002753_PAYMENT,ORDER_000002753,UPI,SUCCESS,443446.08,2026-03-15T00:13:51
ORDER_000002754_PAYMENT,ORDER_000002754,UPI,SUCCESS,191282.71,2026-07-29T17:24:23
ORDER_000002755_PAYMENT,ORDER_000002755,UPI,SUCCESS,172441.18,2026-03-20T10:33:13
ORDER_000002756_PAYMENT,ORDER_000002756,UPI,SUCCESS,303909.94,2026-01-21T12:26:17
ORDER_000002757_PAYMENT,ORDER_000002757,NET_BANKING,SUCCESS,219787.20,2026-02-24T02:23:57
ORDER_000002758_PAYMENT,ORDER_000002758,UPI,SUCCESS,173722.72,2026-11-30T07:10:23
ORDER_000002759_PAYMENT,ORDER_000002759,UPI,SUCCESS,97781.79,2026-10-18T01:28:12
ORDER_000002760_PAYMENT,ORDER_000002760,DEBIT_CARD,SUCCESS,213097.16,2026-12-15T15:18:03
ORDER_000002761_PAYMENT,ORDER_000002761,UPI,SUCCESS,476166.56,2026-10-18T13:34:20
ORDER_000002762_PAYMENT,ORDER_000002762,CREDIT_CARD,FAILED,122925.03,2026-12-20T23:29:25
ORDER_000002763_PAYMENT,ORDER_000002763,WALLET,SUCCESS,54738.85,2026-10-14T07:52:29
ORDER_000002764_PAYMENT,ORDER_000002764,WALLET,SUCCESS,388756.86,2027-01-01T06:08:20
ORDER_000002765_PAYMENT,ORDER_000002765,UPI,SUCCESS,224252.64,2026-11-05T05:10:32
ORDER_000002766_PAYMENT,ORDER_000002766,DEBIT_CARD,SUCCESS,658318.49,2026-09-25T19:32:17
ORDER_000002767_PAYMENT,ORDER_000002767,CREDIT_CARD,SUCCESS,429741.88,2026-01-27T19:03:30
ORDER_000002768_PAYMENT,ORDER_000002768,UPI,SUCCESS,191372.23,2026-04-26T22:21:38
ORDER_000002769_PAYMENT,ORDER_000002769,UPI,FAILED,375347.22,2026-08-02T17:34:20
ORDER_000002770_PAYMENT,ORDER_000002770,DEBIT_CARD,SUCCESS,282936.45,2026-05-05T17:24:41
ORDER_000002771_PAYMENT,ORDER_000002771,UPI,SUCCESS,470109.33,2026-11-04T20:30:13
ORDER_000002772_PAYMENT,ORDER_000002772,CREDIT_CARD,SUCCESS,247505.34,2026-09-09T16:59:22
ORDER_000002773_PAYMENT,ORDER_000002773,WALLET,SUCCESS,376918.20,2026-09-08T23:13:56
ORDER_000002774_PAYMENT,ORDER_000002774,UPI,SUCCESS,343417.26,2026-03-14T06:45:17
ORDER_000002775_PAYMENT,ORDER_000002775,UPI,SUCCESS,465262.65,2026-04-18T19:12:41
ORDER_000002776_PAYMENT,ORDER_000002776,DEBIT_CARD,FAILED,594350.64,2026-04-28T22:35:06
ORDER_000002777_PAYMENT,ORDER_000002777,CREDIT_CARD,SUCCESS,75806.26,2027-01-02T00:28:18
ORDER_000002778_PAYMENT,ORDER_000002778,NET_BANKING,SUCCESS,86102.51,2026-01-28T10:07:28
ORDER_000002779_PAYMENT,ORDER_000002779,UPI,SUCCESS,118784.79,2026-03-11T14:59:47
ORDER_000002780_PAYMENT,ORDER_000002780,NET_BANKING,SUCCESS,114098.75,2026-03-12T03:40:52
ORDER_000002781_PAYMENT,ORDER_000002781,DEBIT_CARD,SUCCESS,356500.97,2026-06-25T23:19:12
ORDER_000002782_PAYMENT,ORDER_000002782,CREDIT_CARD,SUCCESS,350170.58,2026-09-09T07:55:17
ORDER_000002783_PAYMENT,ORDER_000002783,DEBIT_CARD,SUCCESS,333904.91,2026-07-18T09:02:49
ORDER_000002784_PAYMENT,ORDER_000002784,CREDIT_CARD,SUCCESS,160136.12,2026-10-15T10:21:23
ORDER_000002785_PAYMENT,ORDER_000002785,CREDIT_CARD,SUCCESS,445328.50,2026-10-29T04:08:11
ORDER_000002786_PAYMENT,ORDER_000002786,DEBIT_CARD,SUCCESS,693185.04,2026-12-26T16:34:43
ORDER_000002787_PAYMENT,ORDER_000002787,UPI,SUCCESS,247976.60,2026-03-21T06:05:40
ORDER_000002788_PAYMENT,ORDER_000002788,UPI,SUCCESS,165265.13,2026-01-27T09:55:42
ORDER_000002789_PAYMENT,ORDER_000002789,UPI,SUCCESS,194847.85,2026-05-22T08:11:14
ORDER_000002790_PAYMENT,ORDER_000002790,DEBIT_CARD,SUCCESS,141837.90,2026-09-02T06:36:47
ORDER_000002791_PAYMENT,ORDER_000002791,WALLET,SUCCESS,670106.19,2026-07-20T16:23:45
ORDER_000002792_PAYMENT,ORDER_000002792,UPI,SUCCESS,360408.35,2026-09-07T22:17:29
ORDER_000002793_PAYMENT,ORDER_000002793,NET_BANKING,SUCCESS,243536.04,2026-07-19T02:14:44
ORDER_000002794_PAYMENT,ORDER_000002794,UPI,SUCCESS,236543.36,2026-06-09T00:52:48
ORDER_000002795_PAYMENT,ORDER_000002795,UPI,SUCCESS,344738.49,2026-07-16T12:29:28
ORDER_000002796_PAYMENT,ORDER_000002796,NET_BANKING,SUCCESS,124921.08,2026-09-01T22:34:53
ORDER_000002797_PAYMENT,ORDER_000002797,DEBIT_CARD,SUCCESS,468515.34,2026-06-20T19:16:58
ORDER_000002798_PAYMENT,ORDER_000002798,WALLET,SUCCESS,570025.29,2026-04-19T15:48:14
ORDER_000002799_PAYMENT,ORDER_000002799,DEBIT_CARD,SUCCESS,349739.30,2026-04-24T04:00:22
ORDER_000002800_PAYMENT,ORDER_000002800,CREDIT_CARD,SUCCESS,418877.93,2026-03-25T21:56:43
ORDER_000002801_PAYMENT,ORDER_000002801,DEBIT_CARD,SUCCESS,223041.34,2026-03-02T23:23:10
ORDER_000002802_PAYMENT,ORDER_000002802,CREDIT_CARD,SUCCESS,462770.05,2026-06-20T03:02:35
ORDER_000002803_PAYMENT,ORDER_000002803,UPI,SUCCESS,219810.68,2026-02-01T10:18:36
ORDER_000002804_PAYMENT,ORDER_000002804,CREDIT_CARD,SUCCESS,330708.33,2026-12-21T22:30:33
ORDER_000002805_PAYMENT,ORDER_000002805,DEBIT_CARD,SUCCESS,189919.22,2026-10-14T12:04:06
ORDER_000002806_PAYMENT,ORDER_000002806,UPI,SUCCESS,325123.77,2026-04-15T18:08:44
ORDER_000002807_PAYMENT,ORDER_000002807,NET_BANKING,SUCCESS,558146.12,2026-03-18T23:28:05
ORDER_000002808_PAYMENT,ORDER_000002808,CREDIT_CARD,SUCCESS,214949.46,2026-08-20T03:37:31
ORDER_000002809_PAYMENT,ORDER_000002809,NET_BANKING,SUCCESS,437300.28,2026-07-03T16:13:56
ORDER_000002810_PAYMENT,ORDER_000002810,CREDIT_CARD,SUCCESS,85593.52,2026-10-14T21:29:06
ORDER_000002811_PAYMENT,ORDER_000002811,UPI,SUCCESS,145228.23,2026-09-14T12:23:10
ORDER_000002812_PAYMENT,ORDER_000002812,UPI,SUCCESS,176760.39,2026-03-21T06:23:19
ORDER_000002813_PAYMENT,ORDER_000002813,DEBIT_CARD,SUCCESS,674421.67,2026-01-16T00:05:30
ORDER_000002814_PAYMENT,ORDER_000002814,UPI,SUCCESS,212700.03,2026-10-05T19:14:24
ORDER_000002815_PAYMENT,ORDER_000002815,UPI,SUCCESS,169521.12,2026-02-13T06:34:53
ORDER_000002816_PAYMENT,ORDER_000002816,UPI,SUCCESS,280770.00,2026-10-19T06:20:56
ORDER_000002817_PAYMENT,ORDER_000002817,DEBIT_CARD,SUCCESS,332854.51,2026-12-04T19:31:04
ORDER_000002818_PAYMENT,ORDER_000002818,UPI,SUCCESS,628410.05,2026-04-11T12:25:39
ORDER_000002819_PAYMENT,ORDER_000002819,WALLET,SUCCESS,616714.91,2026-08-17T10:20:54
ORDER_000002820_PAYMENT,ORDER_000002820,NET_BANKING,SUCCESS,321803.14,2026-03-20T18:29:07
ORDER_000002821_PAYMENT,ORDER_000002821,NET_BANKING,SUCCESS,199947.49,2026-03-21T21:54:51
ORDER_000002822_PAYMENT,ORDER_000002822,CREDIT_CARD,SUCCESS,166520.70,2026-05-14T12:25:48
ORDER_000002823_PAYMENT,ORDER_000002823,CREDIT_CARD,SUCCESS,80425.68,2026-05-07T05:36:44
ORDER_000002824_PAYMENT,ORDER_000002824,CREDIT_CARD,SUCCESS,272471.23,2026-04-04T23:22:21
ORDER_000002825_PAYMENT,ORDER_000002825,CREDIT_CARD,SUCCESS,331223.80,2026-06-01T13:58:09
ORDER_000002826_PAYMENT,ORDER_000002826,UPI,SUCCESS,467761.17,2026-06-10T20:17:24
ORDER_000002827_PAYMENT,ORDER_000002827,UPI,SUCCESS,732101.13,2026-04-10T17:38:09
ORDER_000002828_PAYMENT,ORDER_000002828,DEBIT_CARD,SUCCESS,545522.70,2026-09-16T01:57:27
ORDER_000002829_PAYMENT,ORDER_000002829,NET_BANKING,SUCCESS,417464.15,2026-11-04T04:01:56
ORDER_000002830_PAYMENT,ORDER_000002830,UPI,SUCCESS,315737.85,2026-04-10T21:22:30
ORDER_000002831_PAYMENT,ORDER_000002831,CREDIT_CARD,SUCCESS,473583.74,2026-07-23T17:26:54
ORDER_000002832_PAYMENT,ORDER_000002832,UPI,SUCCESS,65574.36,2026-07-31T08:11:01
ORDER_000002833_PAYMENT,ORDER_000002833,CREDIT_CARD,SUCCESS,96943.96,2026-12-05T04:22:03
ORDER_000002834_PAYMENT,ORDER_000002834,UPI,SUCCESS,352206.12,2026-11-09T04:04:03
ORDER_000002835_PAYMENT,ORDER_000002835,CREDIT_CARD,SUCCESS,450556.58,2026-01-11T03:28:29
ORDER_000002836_PAYMENT,ORDER_000002836,NET_BANKING,SUCCESS,94958.45,2026-05-27T07:35:16
ORDER_000002837_PAYMENT,ORDER_000002837,CREDIT_CARD,SUCCESS,397660.71,2026-03-21T01:41:19
ORDER_000002838_PAYMENT,ORDER_000002838,CREDIT_CARD,SUCCESS,514773.03,2026-10-25T15:48:49
ORDER_000002839_PAYMENT,ORDER_000002839,UPI,SUCCESS,476857.74,2026-03-28T15:19:24
ORDER_000002840_PAYMENT,ORDER_000002840,UPI,SUCCESS,301734.75,2026-01-25T14:45:04
ORDER_000002841_PAYMENT,ORDER_000002841,WALLET,SUCCESS,85514.81,2026-05-13T18:48:21
ORDER_000002842_PAYMENT,ORDER_000002842,UPI,SUCCESS,140999.18,2026-03-09T06:20:46
ORDER_000002843_PAYMENT,ORDER_000002843,UPI,SUCCESS,415263.06,2026-11-21T06:58:35
ORDER_000002844_PAYMENT,ORDER_000002844,DEBIT_CARD,SUCCESS,412878.91,2026-05-02T07:33:23
ORDER_000002845_PAYMENT,ORDER_000002845,CREDIT_CARD,SUCCESS,406965.15,2026-09-29T12:06:38
ORDER_000002846_PAYMENT,ORDER_000002846,DEBIT_CARD,SUCCESS,279055.74,2026-02-05T16:45:18
ORDER_000002847_PAYMENT,ORDER_000002847,UPI,SUCCESS,591004.48,2026-12-29T07:26:31
ORDER_000002848_PAYMENT,ORDER_000002848,UPI,SUCCESS,185110.28,2026-08-12T01:30:25
ORDER_000002849_PAYMENT,ORDER_000002849,CREDIT_CARD,SUCCESS,125902.81,2026-10-23T12:27:08
ORDER_000002850_PAYMENT,ORDER_000002850,CREDIT_CARD,SUCCESS,453816.00,2026-06-22T16:51:56
ORDER_000002851_PAYMENT,ORDER_000002851,CREDIT_CARD,SUCCESS,334976.46,2026-10-21T16:10:42
ORDER_000002852_PAYMENT,ORDER_000002852,UPI,SUCCESS,358398.50,2026-04-12T20:47:54
ORDER_000002853_PAYMENT,ORDER_000002853,UPI,SUCCESS,153893.68,2026-01-17T17:59:46
ORDER_000002854_PAYMENT,ORDER_000002854,CREDIT_CARD,SUCCESS,179347.77,2026-09-14T20:29:29
ORDER_000002855_PAYMENT,ORDER_000002855,CREDIT_CARD,SUCCESS,382909.64,2026-11-28T13:00:56
ORDER_000002856_PAYMENT,ORDER_000002856,UPI,SUCCESS,181594.64,2026-01-13T08:11:11
ORDER_000002857_PAYMENT,ORDER_000002857,CREDIT_CARD,SUCCESS,60253.06,2026-06-19T03:11:54
ORDER_000002858_PAYMENT,ORDER_000002858,CREDIT_CARD,SUCCESS,280955.50,2026-10-05T03:59:20
ORDER_000002859_PAYMENT,ORDER_000002859,NET_BANKING,SUCCESS,528879.53,2026-12-05T13:39:07
ORDER_000002860_PAYMENT,ORDER_000002860,CREDIT_CARD,SUCCESS,386902.78,2026-10-19T19:48:14
ORDER_000002861_PAYMENT,ORDER_000002861,NET_BANKING,SUCCESS,368262.84,2026-02-01T13:07:12
ORDER_000002862_PAYMENT,ORDER_000002862,UPI,SUCCESS,556331.32,2026-02-18T15:01:59
ORDER_000002863_PAYMENT,ORDER_000002863,NET_BANKING,SUCCESS,184864.63,2026-08-18T15:46:13
ORDER_000002864_PAYMENT,ORDER_000002864,CREDIT_CARD,FAILED,303555.95,2026-12-23T23:23:51
ORDER_000002865_PAYMENT,ORDER_000002865,UPI,SUCCESS,60448.08,2026-12-09T03:15:02
ORDER_000002866_PAYMENT,ORDER_000002866,DEBIT_CARD,SUCCESS,447741.56,2026-07-21T00:22:36
ORDER_000002867_PAYMENT,ORDER_000002867,DEBIT_CARD,FAILED,124812.55,2026-07-08T21:26:31
ORDER_000002868_PAYMENT,ORDER_000002868,CREDIT_CARD,SUCCESS,224958.29,2026-11-04T00:39:19
ORDER_000002869_PAYMENT,ORDER_000002869,NET_BANKING,SUCCESS,44153.35,2026-09-22T01:56:45
ORDER_000002870_PAYMENT,ORDER_000002870,UPI,SUCCESS,433214.24,2026-08-17T14:05:55
ORDER_000002871_PAYMENT,ORDER_000002871,DEBIT_CARD,SUCCESS,271316.96,2026-05-01T19:05:52
ORDER_000002872_PAYMENT,ORDER_000002872,UPI,SUCCESS,144551.14,2026-01-19T03:52:11
ORDER_000002873_PAYMENT,ORDER_000002873,CREDIT_CARD,SUCCESS,294000.69,2026-02-05T06:48:53
ORDER_000002874_PAYMENT,ORDER_000002874,WALLET,SUCCESS,416546.14,2026-02-11T11:33:27
ORDER_000002875_PAYMENT,ORDER_000002875,NET_BANKING,SUCCESS,221315.06,2026-01-10T01:22:59
ORDER_000002876_PAYMENT,ORDER_000002876,CREDIT_CARD,SUCCESS,311648.52,2026-02-22T17:16:51
ORDER_000002877_PAYMENT,ORDER_000002877,CREDIT_CARD,SUCCESS,384693.66,2026-05-13T03:48:53
ORDER_000002878_PAYMENT,ORDER_000002878,DEBIT_CARD,SUCCESS,298972.68,2026-04-30T21:58:21
ORDER_000002879_PAYMENT,ORDER_000002879,UPI,SUCCESS,501191.49,2026-08-23T04:58:36
ORDER_000002880_PAYMENT,ORDER_000002880,UPI,SUCCESS,168810.46,2026-09-09T08:42:04
ORDER_000002881_PAYMENT,ORDER_000002881,DEBIT_CARD,SUCCESS,313631.08,2026-05-18T20:23:40
ORDER_000002882_PAYMENT,ORDER_000002882,UPI,SUCCESS,570613.60,2026-03-07T08:46:19
ORDER_000002883_PAYMENT,ORDER_000002883,WALLET,SUCCESS,135298.57,2026-12-27T08:25:52
ORDER_000002884_PAYMENT,ORDER_000002884,WALLET,SUCCESS,526135.92,2026-04-17T18:08:36
ORDER_000002885_PAYMENT,ORDER_000002885,CREDIT_CARD,SUCCESS,238109.18,2026-04-05T05:56:55
ORDER_000002886_PAYMENT,ORDER_000002886,UPI,SUCCESS,188722.70,2026-06-16T16:56:39
ORDER_000002887_PAYMENT,ORDER_000002887,UPI,SUCCESS,511989.60,2026-08-02T13:37:40
ORDER_000002888_PAYMENT,ORDER_000002888,WALLET,SUCCESS,213177.33,2026-06-11T10:29:31
ORDER_000002889_PAYMENT,ORDER_000002889,CREDIT_CARD,SUCCESS,335603.44,2026-04-02T00:12:20
ORDER_000002890_PAYMENT,ORDER_000002890,DEBIT_CARD,SUCCESS,203291.84,2026-01-25T09:29:03
ORDER_000002891_PAYMENT,ORDER_000002891,NET_BANKING,SUCCESS,429010.64,2026-02-18T03:51:43
ORDER_000002892_PAYMENT,ORDER_000002892,CREDIT_CARD,SUCCESS,103570.68,2026-08-01T06:28:03
ORDER_000002893_PAYMENT,ORDER_000002893,DEBIT_CARD,SUCCESS,634850.90,2026-03-01T02:22:54
ORDER_000002894_PAYMENT,ORDER_000002894,UPI,SUCCESS,230419.12,2026-04-03T00:29:02
ORDER_000002895_PAYMENT,ORDER_000002895,DEBIT_CARD,SUCCESS,46029.95,2026-04-10T20:08:51
ORDER_000002896_PAYMENT,ORDER_000002896,CREDIT_CARD,SUCCESS,299325.24,2026-02-02T05:01:25
ORDER_000002897_PAYMENT,ORDER_000002897,UPI,SUCCESS,522720.44,2026-11-13T03:09:25
ORDER_000002898_PAYMENT,ORDER_000002898,CREDIT_CARD,SUCCESS,439394.72,2026-10-02T10:05:30
ORDER_000002899_PAYMENT,ORDER_000002899,CREDIT_CARD,SUCCESS,360403.11,2026-01-25T17:03:24
ORDER_000002900_PAYMENT,ORDER_000002900,CREDIT_CARD,SUCCESS,531881.31,2026-07-27T06:07:02
ORDER_000002901_PAYMENT,ORDER_000002901,NET_BANKING,SUCCESS,146496.80,2026-03-12T08:00:40
ORDER_000002902_PAYMENT,ORDER_000002902,UPI,SUCCESS,76180.72,2026-11-06T05:15:55
ORDER_000002903_PAYMENT,ORDER_000002903,UPI,SUCCESS,386562.19,2026-12-21T14:54:33
ORDER_000002904_PAYMENT,ORDER_000002904,CREDIT_CARD,SUCCESS,202245.38,2026-03-31T22:00:56
ORDER_000002905_PAYMENT,ORDER_000002905,UPI,SUCCESS,479374.10,2026-01-15T10:35:35
ORDER_000002906_PAYMENT,ORDER_000002906,NET_BANKING,SUCCESS,142903.59,2026-08-03T11:49:55
ORDER_000002907_PAYMENT,ORDER_000002907,UPI,SUCCESS,254537.28,2026-07-19T16:10:15
ORDER_000002908_PAYMENT,ORDER_000002908,UPI,SUCCESS,396236.13,2026-03-03T01:50:14
ORDER_000002909_PAYMENT,ORDER_000002909,UPI,SUCCESS,202821.83,2026-06-01T11:20:32
ORDER_000002910_PAYMENT,ORDER_000002910,DEBIT_CARD,SUCCESS,147822.76,2026-10-01T07:48:54
ORDER_000002911_PAYMENT,ORDER_000002911,DEBIT_CARD,SUCCESS,195643.20,2026-10-11T17:11:19
ORDER_000002912_PAYMENT,ORDER_000002912,UPI,SUCCESS,144421.96,2026-01-19T21:51:40
ORDER_000002913_PAYMENT,ORDER_000002913,UPI,SUCCESS,206910.88,2026-01-25T11:53:35
ORDER_000002914_PAYMENT,ORDER_000002914,UPI,SUCCESS,267875.55,2026-09-17T11:38:16
ORDER_000002915_PAYMENT,ORDER_000002915,UPI,FAILED,436203.65,2026-07-30T07:44:29
ORDER_000002916_PAYMENT,ORDER_000002916,UPI,SUCCESS,103577.69,2026-03-05T21:59:38
ORDER_000002917_PAYMENT,ORDER_000002917,CREDIT_CARD,SUCCESS,321263.48,2026-05-09T07:53:22
ORDER_000002918_PAYMENT,ORDER_000002918,UPI,SUCCESS,94560.58,2026-05-09T22:28:11
ORDER_000002919_PAYMENT,ORDER_000002919,CREDIT_CARD,SUCCESS,164890.89,2026-11-26T12:18:28
ORDER_000002920_PAYMENT,ORDER_000002920,WALLET,SUCCESS,313099.02,2026-07-23T03:01:47
ORDER_000002921_PAYMENT,ORDER_000002921,UPI,SUCCESS,339334.62,2026-06-21T08:47:08
ORDER_000002922_PAYMENT,ORDER_000002922,UPI,SUCCESS,547174.52,2026-11-02T13:12:42
ORDER_000002923_PAYMENT,ORDER_000002923,NET_BANKING,SUCCESS,262920.43,2026-06-22T13:49:54
ORDER_000002924_PAYMENT,ORDER_000002924,DEBIT_CARD,SUCCESS,516961.62,2026-08-02T06:00:08
ORDER_000002925_PAYMENT,ORDER_000002925,CREDIT_CARD,FAILED,171942.36,2026-03-16T11:47:15
ORDER_000002926_PAYMENT,ORDER_000002926,UPI,SUCCESS,220907.05,2026-12-20T12:09:58
ORDER_000002927_PAYMENT,ORDER_000002927,UPI,SUCCESS,36285.25,2026-12-28T17:36:19
ORDER_000002928_PAYMENT,ORDER_000002928,UPI,SUCCESS,277673.76,2026-02-05T15:49:45
ORDER_000002929_PAYMENT,ORDER_000002929,UPI,SUCCESS,466602.95,2026-05-18T17:58:50
ORDER_000002930_PAYMENT,ORDER_000002930,DEBIT_CARD,SUCCESS,348924.81,2026-02-19T13:02:20
ORDER_000002931_PAYMENT,ORDER_000002931,CREDIT_CARD,SUCCESS,61993.79,2026-06-12T00:23:30
ORDER_000002932_PAYMENT,ORDER_000002932,NET_BANKING,SUCCESS,407796.34,2026-08-27T07:18:33
ORDER_000002933_PAYMENT,ORDER_000002933,DEBIT_CARD,FAILED,113902.25,2026-02-02T18:10:32
ORDER_000002934_PAYMENT,ORDER_000002934,UPI,SUCCESS,225246.95,2026-08-31T02:59:51
ORDER_000002935_PAYMENT,ORDER_000002935,WALLET,SUCCESS,483245.06,2026-10-10T08:16:05
ORDER_000002936_PAYMENT,ORDER_000002936,UPI,SUCCESS,321087.00,2026-09-25T21:52:10
ORDER_000002937_PAYMENT,ORDER_000002937,DEBIT_CARD,SUCCESS,120605.76,2026-05-10T05:53:19
ORDER_000002938_PAYMENT,ORDER_000002938,UPI,SUCCESS,532105.08,2026-09-13T05:27:59
ORDER_000002939_PAYMENT,ORDER_000002939,UPI,SUCCESS,481883.32,2026-12-24T03:22:41
ORDER_000002940_PAYMENT,ORDER_000002940,NET_BANKING,SUCCESS,641734.16,2026-02-10T11:09:25
ORDER_000002941_PAYMENT,ORDER_000002941,UPI,SUCCESS,208655.15,2026-07-06T11:47:42
ORDER_000002942_PAYMENT,ORDER_000002942,UPI,SUCCESS,719536.55,2026-10-14T04:23:40
ORDER_000002943_PAYMENT,ORDER_000002943,UPI,SUCCESS,40663.26,2026-08-31T12:11:48
ORDER_000002944_PAYMENT,ORDER_000002944,DEBIT_CARD,SUCCESS,402066.27,2026-08-02T06:18:34
ORDER_000002945_PAYMENT,ORDER_000002945,UPI,SUCCESS,593437.72,2026-02-22T05:42:58
ORDER_000002946_PAYMENT,ORDER_000002946,UPI,SUCCESS,410415.79,2026-08-05T11:35:43
ORDER_000002947_PAYMENT,ORDER_000002947,UPI,SUCCESS,267461.56,2026-01-20T08:33:28
ORDER_000002948_PAYMENT,ORDER_000002948,WALLET,SUCCESS,240831.73,2026-07-06T07:43:42
ORDER_000002949_PAYMENT,ORDER_000002949,UPI,FAILED,306091.07,2026-04-06T12:29:20
ORDER_000002950_PAYMENT,ORDER_000002950,WALLET,SUCCESS,269074.47,2026-08-15T14:11:41
ORDER_000002951_PAYMENT,ORDER_000002951,CREDIT_CARD,SUCCESS,151963.04,2026-05-06T04:37:57
ORDER_000002952_PAYMENT,ORDER_000002952,WALLET,SUCCESS,321043.56,2026-07-03T15:28:11
ORDER_000002953_PAYMENT,ORDER_000002953,UPI,FAILED,304148.35,2026-10-25T22:56:21
ORDER_000002954_PAYMENT,ORDER_000002954,WALLET,SUCCESS,223166.86,2026-03-04T20:59:39
ORDER_000002955_PAYMENT,ORDER_000002955,CREDIT_CARD,SUCCESS,294467.77,2026-05-19T03:39:25
ORDER_000002956_PAYMENT,ORDER_000002956,NET_BANKING,SUCCESS,331879.65,2026-08-17T10:13:43
ORDER_000002957_PAYMENT,ORDER_000002957,UPI,SUCCESS,196303.91,2026-02-17T15:50:34
ORDER_000002958_PAYMENT,ORDER_000002958,WALLET,SUCCESS,98691.33,2026-01-22T08:59:22
ORDER_000002959_PAYMENT,ORDER_000002959,UPI,SUCCESS,268974.79,2026-12-23T12:25:34
ORDER_000002960_PAYMENT,ORDER_000002960,DEBIT_CARD,SUCCESS,144146.51,2026-04-17T12:57:38
ORDER_000002961_PAYMENT,ORDER_000002961,NET_BANKING,SUCCESS,419057.17,2026-12-27T09:15:06
ORDER_000002962_PAYMENT,ORDER_000002962,UPI,SUCCESS,443935.91,2026-01-15T04:32:20
ORDER_000002963_PAYMENT,ORDER_000002963,DEBIT_CARD,SUCCESS,364465.24,2026-09-18T15:19:33
ORDER_000002964_PAYMENT,ORDER_000002964,UPI,SUCCESS,156399.92,2026-07-11T20:18:23
ORDER_000002965_PAYMENT,ORDER_000002965,UPI,SUCCESS,392089.87,2026-02-12T03:06:18
ORDER_000002966_PAYMENT,ORDER_000002966,DEBIT_CARD,SUCCESS,166293.56,2026-04-08T09:04:58
ORDER_000002967_PAYMENT,ORDER_000002967,CREDIT_CARD,SUCCESS,482780.75,2026-02-24T08:21:03
ORDER_000002968_PAYMENT,ORDER_000002968,DEBIT_CARD,SUCCESS,189955.05,2026-01-05T15:08:06
ORDER_000002969_PAYMENT,ORDER_000002969,UPI,SUCCESS,92963.02,2026-11-15T04:18:31
ORDER_000002970_PAYMENT,ORDER_000002970,WALLET,SUCCESS,306596.01,2026-05-08T15:33:09
ORDER_000002971_PAYMENT,ORDER_000002971,DEBIT_CARD,SUCCESS,135246.52,2026-04-13T08:03:41
ORDER_000002972_PAYMENT,ORDER_000002972,CREDIT_CARD,SUCCESS,228372.72,2026-12-24T07:54:32
ORDER_000002973_PAYMENT,ORDER_000002973,UPI,SUCCESS,185593.41,2026-11-24T20:23:15
ORDER_000002974_PAYMENT,ORDER_000002974,WALLET,SUCCESS,374990.12,2026-05-20T08:17:42
ORDER_000002975_PAYMENT,ORDER_000002975,UPI,SUCCESS,163993.70,2026-07-25T11:23:47
ORDER_000002976_PAYMENT,ORDER_000002976,UPI,SUCCESS,204873.25,2026-11-24T10:46:15
ORDER_000002977_PAYMENT,ORDER_000002977,DEBIT_CARD,SUCCESS,483066.38,2026-06-06T14:38:13
ORDER_000002978_PAYMENT,ORDER_000002978,UPI,SUCCESS,188448.16,2026-11-10T21:45:22
ORDER_000002979_PAYMENT,ORDER_000002979,DEBIT_CARD,SUCCESS,345919.93,2026-05-15T08:48:15
ORDER_000002980_PAYMENT,ORDER_000002980,UPI,SUCCESS,618330.03,2026-05-21T03:46:07
ORDER_000002981_PAYMENT,ORDER_000002981,CREDIT_CARD,SUCCESS,167952.48,2026-02-15T12:20
ORDER_000002982_PAYMENT,ORDER_000002982,CREDIT_CARD,SUCCESS,40480.42,2026-02-19T13:43:06
ORDER_000002983_PAYMENT,ORDER_000002983,DEBIT_CARD,SUCCESS,418103.90,2026-08-24T09:24:35
ORDER_000002984_PAYMENT,ORDER_000002984,UPI,SUCCESS,257331.60,2026-11-12T20:31:14
ORDER_000002985_PAYMENT,ORDER_000002985,UPI,SUCCESS,344453.01,2026-08-08T19:11:12
ORDER_000002986_PAYMENT,ORDER_000002986,UPI,SUCCESS,275817.04,2026-07-19T23:33:20
ORDER_000002987_PAYMENT,ORDER_000002987,CREDIT_CARD,SUCCESS,151384.40,2026-01-12T14:45:37
ORDER_000002988_PAYMENT,ORDER_000002988,UPI,FAILED,518541.92,2026-05-27T14:28:34
ORDER_000002989_PAYMENT,ORDER_000002989,CREDIT_CARD,SUCCESS,300007.90,2026-10-17T01:50:42
ORDER_000002990_PAYMENT,ORDER_000002990,CREDIT_CARD,SUCCESS,522408.05,2026-12-08T10:44:56
ORDER_000002991_PAYMENT,ORDER_000002991,CREDIT_CARD,SUCCESS,381105.77,2026-08-03T11:58:08
ORDER_000002992_PAYMENT,ORDER_000002992,NET_BANKING,SUCCESS,447177.29,2026-08-08T18:09:12
ORDER_000002993_PAYMENT,ORDER_000002993,UPI,SUCCESS,597265.92,2026-03-22T21:42:49
ORDER_000002994_PAYMENT,ORDER_000002994,UPI,FAILED,349501.40,2026-05-25T23:01:46
ORDER_000002995_PAYMENT,ORDER_000002995,UPI,FAILED,173833.43,2026-04-18T09:13:22
ORDER_000002996_PAYMENT,ORDER_000002996,UPI,SUCCESS,272785.77,2026-07-25T15:22:35
ORDER_000002997_PAYMENT,ORDER_000002997,UPI,SUCCESS,114639.68,2026-07-08T05:12:39
ORDER_000002998_PAYMENT,ORDER_000002998,UPI,SUCCESS,296589.60,2026-06-20T13:17:34
ORDER_000002999_PAYMENT,ORDER_000002999,CREDIT_CARD,SUCCESS,268424.62,2026-01-18T16:03:35
ORDER_000003000_PAYMENT,ORDER_000003000,UPI,SUCCESS,129554.88,2026-08-22T05:09:47
ORDER_000003001_PAYMENT,ORDER_000003001,UPI,SUCCESS,373781.44,2026-01-22T04:03:35
ORDER_000003002_PAYMENT,ORDER_000003002,UPI,SUCCESS,478373.20,2026-04-30T00:36:32
ORDER_000003003_PAYMENT,ORDER_000003003,UPI,SUCCESS,696586.81,2026-03-07T15:17:45
ORDER_000003004_PAYMENT,ORDER_000003004,UPI,SUCCESS,530722.02,2026-06-04T17:51:08
ORDER_000003005_PAYMENT,ORDER_000003005,UPI,SUCCESS,195610.26,2026-03-28T03:06:22
ORDER_000003006_PAYMENT,ORDER_000003006,UPI,SUCCESS,382255.65,2026-09-28T12:45:42
ORDER_000003007_PAYMENT,ORDER_000003007,CREDIT_CARD,SUCCESS,328441.19,2026-04-24T06:05:04
ORDER_000003008_PAYMENT,ORDER_000003008,NET_BANKING,SUCCESS,267839.84,2026-02-24T08:31:05
ORDER_000003009_PAYMENT,ORDER_000003009,UPI,SUCCESS,544111.86,2026-02-16T11:07:20
ORDER_000003010_PAYMENT,ORDER_000003010,DEBIT_CARD,SUCCESS,772251.74,2026-04-10T13:12:54
ORDER_000003011_PAYMENT,ORDER_000003011,UPI,SUCCESS,337476.87,2026-01-24T01:17:02
ORDER_000003012_PAYMENT,ORDER_000003012,UPI,SUCCESS,283007.98,2026-11-11T14:47:35
ORDER_000003013_PAYMENT,ORDER_000003013,DEBIT_CARD,SUCCESS,301197.46,2026-07-28T16:40:25
ORDER_000003014_PAYMENT,ORDER_000003014,UPI,SUCCESS,618182.96,2026-01-13T15:37:49
ORDER_000003015_PAYMENT,ORDER_000003015,UPI,SUCCESS,823335.56,2026-08-11T14:32:08
ORDER_000003016_PAYMENT,ORDER_000003016,UPI,SUCCESS,182378.90,2026-06-13T16:02:09
ORDER_000003017_PAYMENT,ORDER_000003017,UPI,SUCCESS,496195.48,2026-03-09T12:39:59
ORDER_000003018_PAYMENT,ORDER_000003018,WALLET,SUCCESS,716350.99,2026-02-26T10:05:55
ORDER_000003019_PAYMENT,ORDER_000003019,UPI,SUCCESS,587454.97,2026-02-24T12:54
ORDER_000003020_PAYMENT,ORDER_000003020,UPI,SUCCESS,254832.41,2026-04-12T08:19:31
ORDER_000003021_PAYMENT,ORDER_000003021,UPI,SUCCESS,1024878.27,2026-04-16T19:31:39
ORDER_000003022_PAYMENT,ORDER_000003022,CREDIT_CARD,SUCCESS,506327.74,2026-07-10T08:36:53
ORDER_000003023_PAYMENT,ORDER_000003023,UPI,FAILED,162708.06,2026-07-08T15:29:58
ORDER_000003024_PAYMENT,ORDER_000003024,WALLET,SUCCESS,326647.60,2026-06-17T14:23:19
ORDER_000003025_PAYMENT,ORDER_000003025,NET_BANKING,SUCCESS,252265.98,2026-08-31T01:10:33
ORDER_000003026_PAYMENT,ORDER_000003026,CREDIT_CARD,SUCCESS,407052.34,2026-07-07T00:25:14
ORDER_000003027_PAYMENT,ORDER_000003027,UPI,SUCCESS,306391.16,2026-09-27T06:28:37
ORDER_000003028_PAYMENT,ORDER_000003028,WALLET,SUCCESS,155484.44,2026-10-05T21:06:32
ORDER_000003029_PAYMENT,ORDER_000003029,CREDIT_CARD,SUCCESS,751865.45,2026-02-26T19:27:16
ORDER_000003030_PAYMENT,ORDER_000003030,UPI,SUCCESS,532528.62,2026-10-06T02:44:12
ORDER_000003031_PAYMENT,ORDER_000003031,WALLET,SUCCESS,254402.14,2026-08-13T08:14:34
ORDER_000003032_PAYMENT,ORDER_000003032,UPI,SUCCESS,329980.91,2026-03-02T05:52:17
ORDER_000003033_PAYMENT,ORDER_000003033,UPI,SUCCESS,530373.95,2026-12-20T02:30:03
ORDER_000003034_PAYMENT,ORDER_000003034,UPI,SUCCESS,345999.00,2026-03-07T08:35:10
ORDER_000003035_PAYMENT,ORDER_000003035,DEBIT_CARD,FAILED,385601.54,2026-06-13T05:12:41
ORDER_000003036_PAYMENT,ORDER_000003036,UPI,SUCCESS,161821.26,2026-06-30T05:05:23
ORDER_000003037_PAYMENT,ORDER_000003037,UPI,SUCCESS,681071.26,2026-12-07T07:36:40
ORDER_000003038_PAYMENT,ORDER_000003038,CREDIT_CARD,SUCCESS,266852.51,2026-06-21T17:34:27
ORDER_000003039_PAYMENT,ORDER_000003039,WALLET,SUCCESS,354400.51,2026-08-19T10:21:29
ORDER_000003040_PAYMENT,ORDER_000003040,DEBIT_CARD,SUCCESS,292328.99,2026-11-23T22:34:16
ORDER_000003041_PAYMENT,ORDER_000003041,UPI,SUCCESS,1021032.26,2026-01-04T08:15:34
ORDER_000003042_PAYMENT,ORDER_000003042,DEBIT_CARD,SUCCESS,188893.88,2026-04-04T22:03:01
ORDER_000003043_PAYMENT,ORDER_000003043,WALLET,SUCCESS,646817.31,2026-10-21T10:54:12
ORDER_000003044_PAYMENT,ORDER_000003044,UPI,SUCCESS,827025.51,2026-04-29T05:07:42
ORDER_000003045_PAYMENT,ORDER_000003045,CREDIT_CARD,SUCCESS,352629.31,2026-03-10T12:20:59
ORDER_000003046_PAYMENT,ORDER_000003046,CREDIT_CARD,SUCCESS,558909.56,2026-08-19T09:06:05
ORDER_000003047_PAYMENT,ORDER_000003047,CREDIT_CARD,SUCCESS,347457.69,2026-03-18T04:23:54
ORDER_000003048_PAYMENT,ORDER_000003048,UPI,SUCCESS,388248.73,2026-04-08T13:13:47
ORDER_000003049_PAYMENT,ORDER_000003049,UPI,SUCCESS,293060.33,2026-06-24T01:04:07
ORDER_000003050_PAYMENT,ORDER_000003050,DEBIT_CARD,SUCCESS,152439.51,2026-05-04T19:26:42
ORDER_000003051_PAYMENT,ORDER_000003051,UPI,SUCCESS,325703.40,2026-07-20T16:40:15
ORDER_000003052_PAYMENT,ORDER_000003052,UPI,FAILED,901727.20,2026-07-10T23:04:23
ORDER_000003053_PAYMENT,ORDER_000003053,WALLET,SUCCESS,509719.75,2026-05-02T19:30:23
ORDER_000003054_PAYMENT,ORDER_000003054,DEBIT_CARD,SUCCESS,815252.65,2026-09-13T02:44:50
ORDER_000003055_PAYMENT,ORDER_000003055,CREDIT_CARD,SUCCESS,502743.61,2026-02-12T12:01:45
ORDER_000003056_PAYMENT,ORDER_000003056,DEBIT_CARD,SUCCESS,457292.11,2026-12-11T23:23:30
ORDER_000003057_PAYMENT,ORDER_000003057,UPI,SUCCESS,349878.40,2026-06-19T18:00:47
ORDER_000003058_PAYMENT,ORDER_000003058,UPI,SUCCESS,299735.25,2026-03-22T18:36:02
ORDER_000003059_PAYMENT,ORDER_000003059,DEBIT_CARD,SUCCESS,898276.22,2026-05-03T07:44:13
ORDER_000003060_PAYMENT,ORDER_000003060,UPI,SUCCESS,337650.94,2026-07-10T05:12:18
ORDER_000003061_PAYMENT,ORDER_000003061,DEBIT_CARD,SUCCESS,588775.58,2026-02-25T11:28:14
ORDER_000003062_PAYMENT,ORDER_000003062,DEBIT_CARD,SUCCESS,470955.94,2026-09-01T18:28:52
ORDER_000003063_PAYMENT,ORDER_000003063,WALLET,SUCCESS,437748.04,2026-09-14T01:07:25
ORDER_000003064_PAYMENT,ORDER_000003064,UPI,SUCCESS,586315.50,2026-09-21T19:10:22
ORDER_000003065_PAYMENT,ORDER_000003065,WALLET,SUCCESS,257890.96,2026-05-08T06:29:37
ORDER_000003066_PAYMENT,ORDER_000003066,WALLET,SUCCESS,710042.09,2026-05-09T13:57:26
ORDER_000003067_PAYMENT,ORDER_000003067,CREDIT_CARD,SUCCESS,243062.23,2026-02-14T16:39:44
ORDER_000003068_PAYMENT,ORDER_000003068,UPI,SUCCESS,313736.96,2026-07-09T04:59:13
ORDER_000003069_PAYMENT,ORDER_000003069,WALLET,SUCCESS,518202.60,2026-11-18T14:55:05
ORDER_000003070_PAYMENT,ORDER_000003070,UPI,SUCCESS,534899.40,2026-03-28T22:53:45
ORDER_000003071_PAYMENT,ORDER_000003071,UPI,SUCCESS,485637.45,2026-04-19T16:07:12
ORDER_000003072_PAYMENT,ORDER_000003072,UPI,SUCCESS,541435.47,2026-02-26T21:59:07
ORDER_000003073_PAYMENT,ORDER_000003073,UPI,SUCCESS,528691.05,2026-07-28T03:21:57
ORDER_000003074_PAYMENT,ORDER_000003074,DEBIT_CARD,SUCCESS,522312.95,2026-08-13T19:35:50
ORDER_000003075_PAYMENT,ORDER_000003075,UPI,SUCCESS,616897.42,2026-07-28T09:35:07
ORDER_000003076_PAYMENT,ORDER_000003076,NET_BANKING,SUCCESS,282365.59,2026-06-01T03:56:17
ORDER_000003077_PAYMENT,ORDER_000003077,CREDIT_CARD,SUCCESS,528948.49,2026-10-29T09:44:18
ORDER_000003078_PAYMENT,ORDER_000003078,UPI,SUCCESS,577278.04,2026-08-30T19:09:39
ORDER_000003079_PAYMENT,ORDER_000003079,DEBIT_CARD,SUCCESS,272768.73,2026-10-21T05:13:29
ORDER_000003080_PAYMENT,ORDER_000003080,UPI,SUCCESS,162885.60,2026-06-18T00:36:59
ORDER_000003081_PAYMENT,ORDER_000003081,UPI,SUCCESS,551513.88,2026-07-24T23:05:05
ORDER_000003082_PAYMENT,ORDER_000003082,UPI,SUCCESS,749372.70,2026-11-26T06:25:24
ORDER_000003083_PAYMENT,ORDER_000003083,DEBIT_CARD,SUCCESS,741652.66,2026-06-25T17:05:22
ORDER_000003084_PAYMENT,ORDER_000003084,UPI,SUCCESS,449419.13,2026-11-11T00:21:30
ORDER_000003085_PAYMENT,ORDER_000003085,CREDIT_CARD,SUCCESS,558488.52,2026-10-14T01:08:31
ORDER_000003086_PAYMENT,ORDER_000003086,CREDIT_CARD,SUCCESS,724229.99,2026-02-10T15:09:37
ORDER_000003087_PAYMENT,ORDER_000003087,UPI,SUCCESS,487291.52,2026-09-24T18:41:07
ORDER_000003088_PAYMENT,ORDER_000003088,WALLET,SUCCESS,293956.59,2026-05-17T11:40:29
ORDER_000003089_PAYMENT,ORDER_000003089,UPI,SUCCESS,624422.09,2026-04-24T03:06:01
ORDER_000003090_PAYMENT,ORDER_000003090,UPI,SUCCESS,399916.12,2026-09-23T11:24:48
ORDER_000003091_PAYMENT,ORDER_000003091,CREDIT_CARD,SUCCESS,278189.99,2026-05-05T19:51:44
ORDER_000003092_PAYMENT,ORDER_000003092,UPI,SUCCESS,248406.16,2026-03-14T10:36:20
ORDER_000003093_PAYMENT,ORDER_000003093,NET_BANKING,SUCCESS,378302.57,2026-02-23T05:00:15
ORDER_000003094_PAYMENT,ORDER_000003094,DEBIT_CARD,SUCCESS,425360.35,2026-06-08T01:30:01
ORDER_000003095_PAYMENT,ORDER_000003095,CREDIT_CARD,SUCCESS,249144.30,2026-01-30T16:52:45
ORDER_000003096_PAYMENT,ORDER_000003096,UPI,SUCCESS,839097.30,2026-11-19T08:07:11
ORDER_000003097_PAYMENT,ORDER_000003097,CREDIT_CARD,SUCCESS,719611.13,2026-02-22T12:45:24
ORDER_000003098_PAYMENT,ORDER_000003098,WALLET,SUCCESS,355823.82,2026-09-18T06:19:48
ORDER_000003099_PAYMENT,ORDER_000003099,UPI,SUCCESS,431123.74,2026-03-21T21:41:24
ORDER_000003100_PAYMENT,ORDER_000003100,UPI,SUCCESS,603443.45,2027-01-01T10:44:55
ORDER_000003101_PAYMENT,ORDER_000003101,UPI,SUCCESS,225923.76,2026-06-07T16:10:56
ORDER_000003102_PAYMENT,ORDER_000003102,UPI,SUCCESS,367963.98,2026-06-14T23:26:53
ORDER_000003103_PAYMENT,ORDER_000003103,WALLET,SUCCESS,349641.64,2026-04-16T15:12:16
ORDER_000003104_PAYMENT,ORDER_000003104,UPI,SUCCESS,310575.39,2026-09-04T20:01:11
ORDER_000003105_PAYMENT,ORDER_000003105,DEBIT_CARD,SUCCESS,636105.50,2026-04-04T04:06:57
ORDER_000003106_PAYMENT,ORDER_000003106,UPI,SUCCESS,334884.02,2026-11-14T17:38:24
ORDER_000003107_PAYMENT,ORDER_000003107,DEBIT_CARD,SUCCESS,470460.43,2026-03-24T22:14:39
ORDER_000003108_PAYMENT,ORDER_000003108,DEBIT_CARD,SUCCESS,391653.02,2026-07-27T12:25:05
ORDER_000003109_PAYMENT,ORDER_000003109,CREDIT_CARD,SUCCESS,722868.32,2026-02-14T13:52:41
ORDER_000003110_PAYMENT,ORDER_000003110,CREDIT_CARD,SUCCESS,422720.41,2026-05-25T05:10:49
ORDER_000003111_PAYMENT,ORDER_000003111,DEBIT_CARD,SUCCESS,241855.89,2026-03-22T22:07:42
ORDER_000003112_PAYMENT,ORDER_000003112,UPI,SUCCESS,389320.02,2026-03-22T04:23:57
ORDER_000003113_PAYMENT,ORDER_000003113,UPI,SUCCESS,536485.78,2026-07-23T22:12:42
ORDER_000003114_PAYMENT,ORDER_000003114,WALLET,SUCCESS,294082.91,2026-01-12T07:13:17
ORDER_000003115_PAYMENT,ORDER_000003115,WALLET,SUCCESS,500634.81,2026-06-03T02:06:55
ORDER_000003116_PAYMENT,ORDER_000003116,UPI,SUCCESS,444640.60,2026-08-01T21:22:25
ORDER_000003117_PAYMENT,ORDER_000003117,UPI,SUCCESS,437913.68,2026-10-25T14:30:57
ORDER_000003118_PAYMENT,ORDER_000003118,NET_BANKING,SUCCESS,381640.40,2026-02-17T20:20:33
ORDER_000003119_PAYMENT,ORDER_000003119,UPI,SUCCESS,353340.97,2026-12-05T11:31:20
ORDER_000003120_PAYMENT,ORDER_000003120,WALLET,SUCCESS,83368.88,2026-07-30T19:12:42
ORDER_000003121_PAYMENT,ORDER_000003121,UPI,SUCCESS,379606.67,2026-09-01T01:31:29
ORDER_000003122_PAYMENT,ORDER_000003122,UPI,SUCCESS,889245.98,2026-05-30T13:14:21
ORDER_000003123_PAYMENT,ORDER_000003123,DEBIT_CARD,SUCCESS,779191.28,2026-01-30T07:23
ORDER_000003124_PAYMENT,ORDER_000003124,CREDIT_CARD,SUCCESS,300105.08,2026-07-11T21:13:18
ORDER_000003125_PAYMENT,ORDER_000003125,WALLET,SUCCESS,635287.82,2026-03-28T18:38:29
ORDER_000003126_PAYMENT,ORDER_000003126,UPI,SUCCESS,292394.99,2026-08-13T16:44:55
ORDER_000003127_PAYMENT,ORDER_000003127,NET_BANKING,SUCCESS,399940.34,2026-05-21T11:42:46
ORDER_000003128_PAYMENT,ORDER_000003128,CREDIT_CARD,FAILED,206523.96,2026-01-23T21:09:34
ORDER_000003129_PAYMENT,ORDER_000003129,UPI,SUCCESS,381431.14,2026-02-10T02:02:37
ORDER_000003130_PAYMENT,ORDER_000003130,CREDIT_CARD,SUCCESS,340963.19,2026-04-12T12:54:16
ORDER_000003131_PAYMENT,ORDER_000003131,UPI,SUCCESS,81210.51,2026-11-16T01:58:20
ORDER_000003132_PAYMENT,ORDER_000003132,WALLET,SUCCESS,674513.65,2026-07-18T18:34:25
ORDER_000003133_PAYMENT,ORDER_000003133,DEBIT_CARD,SUCCESS,257644.54,2026-11-03T17:24:23
ORDER_000003134_PAYMENT,ORDER_000003134,UPI,SUCCESS,819434.23,2026-08-17T16:16:37
ORDER_000003135_PAYMENT,ORDER_000003135,WALLET,SUCCESS,440183.76,2026-02-13T21:11:39
ORDER_000003136_PAYMENT,ORDER_000003136,WALLET,SUCCESS,522258.80,2026-01-03T13:01:01
ORDER_000003137_PAYMENT,ORDER_000003137,NET_BANKING,SUCCESS,755985.13,2026-12-06T00:21:18
ORDER_000003138_PAYMENT,ORDER_000003138,UPI,SUCCESS,424632.43,2026-09-24T02:24:28
ORDER_000003139_PAYMENT,ORDER_000003139,CREDIT_CARD,SUCCESS,317563.18,2026-08-07T14:10:18
ORDER_000003140_PAYMENT,ORDER_000003140,DEBIT_CARD,SUCCESS,638591.24,2026-05-04T23:58:49
ORDER_000003141_PAYMENT,ORDER_000003141,UPI,SUCCESS,424531.96,2026-07-05T21:17:16
ORDER_000003142_PAYMENT,ORDER_000003142,WALLET,SUCCESS,857597.99,2026-09-23T03:20:49
ORDER_000003143_PAYMENT,ORDER_000003143,DEBIT_CARD,SUCCESS,243232.14,2026-11-13T17:44:02
ORDER_000003144_PAYMENT,ORDER_000003144,UPI,SUCCESS,394426.98,2026-12-10T19:45:55
ORDER_000003145_PAYMENT,ORDER_000003145,UPI,SUCCESS,724908.04,2026-05-21T05:04:35
ORDER_000003146_PAYMENT,ORDER_000003146,UPI,SUCCESS,571137.12,2026-03-09T15:07:58
ORDER_000003147_PAYMENT,ORDER_000003147,UPI,SUCCESS,623648.28,2026-05-15T05:11:10
ORDER_000003148_PAYMENT,ORDER_000003148,CREDIT_CARD,SUCCESS,391097.06,2026-07-04T15:32:23
ORDER_000003149_PAYMENT,ORDER_000003149,UPI,SUCCESS,806201.99,2026-04-13T00:44:05
ORDER_000003150_PAYMENT,ORDER_000003150,UPI,SUCCESS,295835.36,2026-10-18T04:45:25
ORDER_000003151_PAYMENT,ORDER_000003151,DEBIT_CARD,SUCCESS,375166.44,2026-01-24T02:51:34
ORDER_000003152_PAYMENT,ORDER_000003152,UPI,SUCCESS,345420.44,2026-10-27T08:22:57
ORDER_000003153_PAYMENT,ORDER_000003153,UPI,SUCCESS,386106.25,2026-05-17T20:38:59
ORDER_000003154_PAYMENT,ORDER_000003154,UPI,SUCCESS,542490.05,2026-10-14T18:28:23
ORDER_000003155_PAYMENT,ORDER_000003155,UPI,SUCCESS,357790.90,2026-03-28T13:12:32
ORDER_000003156_PAYMENT,ORDER_000003156,CREDIT_CARD,SUCCESS,520114.04,2026-10-02T11:53:22
ORDER_000003157_PAYMENT,ORDER_000003157,NET_BANKING,SUCCESS,128899.14,2026-06-30T03:20:22
ORDER_000003158_PAYMENT,ORDER_000003158,UPI,SUCCESS,298605.67,2026-04-24T21:08:13
ORDER_000003159_PAYMENT,ORDER_000003159,WALLET,SUCCESS,537699.20,2026-07-17T16:04:54
ORDER_000003160_PAYMENT,ORDER_000003160,UPI,SUCCESS,284016.39,2026-08-03T14:01:21
ORDER_000003161_PAYMENT,ORDER_000003161,DEBIT_CARD,FAILED,735194.95,2026-11-23T17:03:14
ORDER_000003162_PAYMENT,ORDER_000003162,UPI,SUCCESS,301431.34,2026-07-14T23:07:11
ORDER_000003163_PAYMENT,ORDER_000003163,UPI,SUCCESS,809674.20,2026-05-25T20:10:28
ORDER_000003164_PAYMENT,ORDER_000003164,CREDIT_CARD,SUCCESS,150885.68,2026-03-09T14:00:11
ORDER_000003165_PAYMENT,ORDER_000003165,UPI,SUCCESS,817186.83,2026-12-18T11:15:34
ORDER_000003166_PAYMENT,ORDER_000003166,CREDIT_CARD,SUCCESS,670048.11,2026-01-11T04:47:19
ORDER_000003167_PAYMENT,ORDER_000003167,WALLET,SUCCESS,763854.92,2026-10-01T01:45:52
ORDER_000003168_PAYMENT,ORDER_000003168,CREDIT_CARD,SUCCESS,307168.20,2026-09-17T03:28:25
ORDER_000003169_PAYMENT,ORDER_000003169,UPI,SUCCESS,383035.77,2026-07-04T01:30:55
ORDER_000003170_PAYMENT,ORDER_000003170,NET_BANKING,SUCCESS,507424.87,2026-01-18T08:29:15
ORDER_000003171_PAYMENT,ORDER_000003171,UPI,SUCCESS,207752.03,2026-02-04T18:22:57
ORDER_000003172_PAYMENT,ORDER_000003172,UPI,SUCCESS,330635.21,2026-03-23T05:32:39
ORDER_000003173_PAYMENT,ORDER_000003173,DEBIT_CARD,SUCCESS,575648.53,2026-06-05T17:38:46
ORDER_000003174_PAYMENT,ORDER_000003174,CREDIT_CARD,SUCCESS,560146.41,2026-11-09T21:30:49
ORDER_000003175_PAYMENT,ORDER_000003175,UPI,SUCCESS,441745.03,2026-05-08T01:14:56
ORDER_000003176_PAYMENT,ORDER_000003176,UPI,SUCCESS,133522.82,2026-01-08T06:50:19
ORDER_000003177_PAYMENT,ORDER_000003177,DEBIT_CARD,SUCCESS,255437.17,2026-10-28T19:51:56
ORDER_000003178_PAYMENT,ORDER_000003178,NET_BANKING,SUCCESS,247856.21,2026-06-27T18:36:07
ORDER_000003179_PAYMENT,ORDER_000003179,UPI,SUCCESS,190529.83,2026-12-07T12:35:38
ORDER_000003180_PAYMENT,ORDER_000003180,UPI,SUCCESS,481159.94,2026-08-21T13:46:01
ORDER_000003181_PAYMENT,ORDER_000003181,UPI,SUCCESS,336460.83,2026-07-17T06:17:57
ORDER_000003182_PAYMENT,ORDER_000003182,CREDIT_CARD,SUCCESS,449358.90,2026-11-04T06:01:34
ORDER_000003183_PAYMENT,ORDER_000003183,WALLET,SUCCESS,945228.30,2026-12-16T18:52:36
ORDER_000003184_PAYMENT,ORDER_000003184,DEBIT_CARD,SUCCESS,110999.52,2026-05-23T19:57:21
ORDER_000003185_PAYMENT,ORDER_000003185,UPI,SUCCESS,252538.59,2026-04-11T05:56:51
ORDER_000003186_PAYMENT,ORDER_000003186,UPI,SUCCESS,571135.07,2026-11-13T00:23:46
ORDER_000003187_PAYMENT,ORDER_000003187,DEBIT_CARD,SUCCESS,475049.18,2026-02-04T11:48:53
ORDER_000003188_PAYMENT,ORDER_000003188,CREDIT_CARD,SUCCESS,48307.70,2026-07-21T03:45:06
ORDER_000003189_PAYMENT,ORDER_000003189,UPI,SUCCESS,765350.05,2026-04-03T13:10:21
ORDER_000003190_PAYMENT,ORDER_000003190,WALLET,SUCCESS,402156.64,2026-07-27T00:22:40
ORDER_000003191_PAYMENT,ORDER_000003191,CREDIT_CARD,SUCCESS,530656.47,2026-01-02T21:24:41
ORDER_000003192_PAYMENT,ORDER_000003192,CREDIT_CARD,SUCCESS,370395.76,2026-10-03T21:43:30
ORDER_000003193_PAYMENT,ORDER_000003193,CREDIT_CARD,SUCCESS,567789.22,2026-04-24T12:50:35
ORDER_000003194_PAYMENT,ORDER_000003194,WALLET,SUCCESS,552684.43,2026-12-26T05:15:43
ORDER_000003195_PAYMENT,ORDER_000003195,UPI,SUCCESS,687755.52,2026-11-01T19:21:54
ORDER_000003196_PAYMENT,ORDER_000003196,UPI,SUCCESS,203592.58,2026-06-08T23:13:26
ORDER_000003197_PAYMENT,ORDER_000003197,UPI,SUCCESS,208176.86,2026-01-14T21:29
ORDER_000003198_PAYMENT,ORDER_000003198,DEBIT_CARD,SUCCESS,652487.08,2026-03-05T18:50:06
ORDER_000003199_PAYMENT,ORDER_000003199,UPI,SUCCESS,647646.49,2026-03-07T19:50:27
ORDER_000003200_PAYMENT,ORDER_000003200,UPI,SUCCESS,351263.42,2026-01-06T08:02:05
ORDER_000003201_PAYMENT,ORDER_000003201,UPI,SUCCESS,529519.85,2026-05-23T21:38:41
ORDER_000003202_PAYMENT,ORDER_000003202,CREDIT_CARD,SUCCESS,436222.76,2026-02-06T05:00:46
ORDER_000003203_PAYMENT,ORDER_000003203,UPI,SUCCESS,290823.35,2026-11-09T11:22:59
ORDER_000003204_PAYMENT,ORDER_000003204,DEBIT_CARD,SUCCESS,479806.43,2026-04-12T04:16:41
ORDER_000003205_PAYMENT,ORDER_000003205,CREDIT_CARD,SUCCESS,125047.86,2026-07-21T09:55:18
ORDER_000003206_PAYMENT,ORDER_000003206,UPI,SUCCESS,442465.23,2026-11-13T12:59:55
ORDER_000003207_PAYMENT,ORDER_000003207,UPI,SUCCESS,688028.80,2026-10-26T01:14:35
ORDER_000003208_PAYMENT,ORDER_000003208,UPI,SUCCESS,330767.51,2026-09-13T02:54:27
ORDER_000003209_PAYMENT,ORDER_000003209,DEBIT_CARD,FAILED,76554.91,2026-12-09T13:53:14
ORDER_000003210_PAYMENT,ORDER_000003210,UPI,SUCCESS,152734.04,2026-08-09T17:15
ORDER_000003211_PAYMENT,ORDER_000003211,UPI,SUCCESS,498769.92,2026-06-05T01:12:39
ORDER_000003212_PAYMENT,ORDER_000003212,UPI,SUCCESS,268012.52,2026-01-17T15:22:05
ORDER_000003213_PAYMENT,ORDER_000003213,CREDIT_CARD,SUCCESS,594005.11,2026-04-21T12:34:15
ORDER_000003214_PAYMENT,ORDER_000003214,UPI,FAILED,558075.32,2026-08-23T15:06:47
ORDER_000003215_PAYMENT,ORDER_000003215,UPI,SUCCESS,191194.13,2026-04-03T21:17:33
ORDER_000003216_PAYMENT,ORDER_000003216,WALLET,SUCCESS,691813.43,2026-12-12T10:09:36
ORDER_000003217_PAYMENT,ORDER_000003217,UPI,SUCCESS,223565.71,2026-01-26T17:09:01
ORDER_000003218_PAYMENT,ORDER_000003218,UPI,SUCCESS,538207.11,2026-02-25T19:16:34
ORDER_000003219_PAYMENT,ORDER_000003219,UPI,SUCCESS,781437.95,2026-11-09T15:28:03
ORDER_000003220_PAYMENT,ORDER_000003220,NET_BANKING,SUCCESS,553561.66,2026-09-30T00:19:09
ORDER_000003221_PAYMENT,ORDER_000003221,UPI,SUCCESS,334306.78,2026-02-03T19:41:58
ORDER_000003222_PAYMENT,ORDER_000003222,CREDIT_CARD,SUCCESS,463504.93,2026-12-03T19:32:25
ORDER_000003223_PAYMENT,ORDER_000003223,UPI,SUCCESS,72030.18,2026-04-17T15:51:30
ORDER_000003224_PAYMENT,ORDER_000003224,UPI,SUCCESS,213222.28,2026-10-20T15:21:36
ORDER_000003225_PAYMENT,ORDER_000003225,UPI,SUCCESS,258348.51,2026-07-01T13:09:19
ORDER_000003226_PAYMENT,ORDER_000003226,CREDIT_CARD,SUCCESS,415257.97,2026-07-01T05:01:36
ORDER_000003227_PAYMENT,ORDER_000003227,DEBIT_CARD,SUCCESS,464124.38,2026-12-15T21:21:26
ORDER_000003228_PAYMENT,ORDER_000003228,UPI,SUCCESS,383206.98,2026-02-24T06:14:42
ORDER_000003229_PAYMENT,ORDER_000003229,NET_BANKING,SUCCESS,639086.09,2026-08-10T06:25:42
ORDER_000003230_PAYMENT,ORDER_000003230,UPI,SUCCESS,744052.66,2026-02-12T18:53:19
ORDER_000003231_PAYMENT,ORDER_000003231,UPI,SUCCESS,274322.59,2026-01-09T15:50:47
ORDER_000003232_PAYMENT,ORDER_000003232,WALLET,SUCCESS,415840.73,2026-08-13T00:10:14
ORDER_000003233_PAYMENT,ORDER_000003233,UPI,FAILED,626517.85,2026-02-13T13:46
ORDER_000003234_PAYMENT,ORDER_000003234,UPI,SUCCESS,472200.08,2026-06-23T07:11:31
ORDER_000003235_PAYMENT,ORDER_000003235,WALLET,SUCCESS,182188.61,2026-04-13T01:47:35
ORDER_000003236_PAYMENT,ORDER_000003236,UPI,SUCCESS,253388.47,2026-03-19T23:29:22
ORDER_000003237_PAYMENT,ORDER_000003237,DEBIT_CARD,SUCCESS,805094.71,2026-07-05T16:46:34
ORDER_000003238_PAYMENT,ORDER_000003238,CREDIT_CARD,SUCCESS,724489.55,2026-11-02T18:37:27
ORDER_000003239_PAYMENT,ORDER_000003239,UPI,SUCCESS,179105.62,2026-03-13T09:41
ORDER_000003240_PAYMENT,ORDER_000003240,UPI,SUCCESS,365327.35,2026-11-06T19:32:56
ORDER_000003241_PAYMENT,ORDER_000003241,UPI,FAILED,310361.35,2027-01-01T02:59:25
ORDER_000003242_PAYMENT,ORDER_000003242,DEBIT_CARD,SUCCESS,302190.32,2026-07-21T11:53:38
ORDER_000003243_PAYMENT,ORDER_000003243,UPI,SUCCESS,869621.26,2026-01-09T14:49:11
ORDER_000003244_PAYMENT,ORDER_000003244,UPI,SUCCESS,523858.12,2026-10-19T09:33:27
ORDER_000003245_PAYMENT,ORDER_000003245,UPI,SUCCESS,702376.90,2026-07-26T06:14:53
ORDER_000003246_PAYMENT,ORDER_000003246,UPI,SUCCESS,597271.42,2026-10-22T12:46:51
ORDER_000003247_PAYMENT,ORDER_000003247,UPI,SUCCESS,703075.33,2026-03-06T13:31:09
ORDER_000003248_PAYMENT,ORDER_000003248,CREDIT_CARD,SUCCESS,614868.24,2026-02-20T17:32:48
ORDER_000003249_PAYMENT,ORDER_000003249,UPI,SUCCESS,338006.16,2026-07-28T14:25:33
ORDER_000003250_PAYMENT,ORDER_000003250,UPI,SUCCESS,680281.35,2026-07-19T17:29:52
ORDER_000003251_PAYMENT,ORDER_000003251,UPI,SUCCESS,485743.93,2027-01-01T14:19
ORDER_000003252_PAYMENT,ORDER_000003252,DEBIT_CARD,SUCCESS,155694.12,2026-04-12T05:02:31
ORDER_000003253_PAYMENT,ORDER_000003253,UPI,SUCCESS,400074.92,2026-04-12T03:19:19
ORDER_000003254_PAYMENT,ORDER_000003254,WALLET,SUCCESS,698198.20,2026-10-01T10:42:34
ORDER_000003255_PAYMENT,ORDER_000003255,UPI,SUCCESS,550076.49,2026-02-11T14:58:06
ORDER_000003256_PAYMENT,ORDER_000003256,WALLET,SUCCESS,154644.35,2026-08-23T23:59:36
ORDER_000003257_PAYMENT,ORDER_000003257,CREDIT_CARD,SUCCESS,829888.63,2026-06-05T21:12:46
ORDER_000003258_PAYMENT,ORDER_000003258,UPI,SUCCESS,185323.94,2026-05-23T02:27:49
ORDER_000003259_PAYMENT,ORDER_000003259,CREDIT_CARD,SUCCESS,508563.98,2026-02-13T16:59:39
ORDER_000003260_PAYMENT,ORDER_000003260,UPI,SUCCESS,721362.45,2026-06-10T07:21:03
ORDER_000003261_PAYMENT,ORDER_000003261,UPI,SUCCESS,832179.89,2026-02-04T15:41:42
ORDER_000003262_PAYMENT,ORDER_000003262,UPI,SUCCESS,383689.00,2026-12-13T17:11:45
ORDER_000003263_PAYMENT,ORDER_000003263,UPI,SUCCESS,332941.05,2026-04-21T05:35:41
ORDER_000003264_PAYMENT,ORDER_000003264,UPI,SUCCESS,403285.66,2026-04-22T12:02:26
ORDER_000003265_PAYMENT,ORDER_000003265,CREDIT_CARD,SUCCESS,409120.63,2026-10-01T09:38:53
ORDER_000003266_PAYMENT,ORDER_000003266,UPI,SUCCESS,623406.09,2026-03-07T06:57:54
ORDER_000003267_PAYMENT,ORDER_000003267,CREDIT_CARD,FAILED,277638.13,2026-02-06T21:57:04
ORDER_000003268_PAYMENT,ORDER_000003268,NET_BANKING,SUCCESS,294160.11,2026-10-25T19:11:57
ORDER_000003269_PAYMENT,ORDER_000003269,DEBIT_CARD,SUCCESS,545437.13,2026-02-21T07:09:25
ORDER_000003270_PAYMENT,ORDER_000003270,DEBIT_CARD,SUCCESS,457373.83,2026-08-29T03:06:31
ORDER_000003271_PAYMENT,ORDER_000003271,UPI,SUCCESS,511462.07,2026-11-25T07:04:43
ORDER_000003272_PAYMENT,ORDER_000003272,UPI,SUCCESS,93295.55,2026-12-25T23:31:41
ORDER_000003273_PAYMENT,ORDER_000003273,NET_BANKING,SUCCESS,275599.85,2026-02-02T20:03:05
ORDER_000003274_PAYMENT,ORDER_000003274,UPI,SUCCESS,582808.48,2026-11-24T06:36:36
ORDER_000003275_PAYMENT,ORDER_000003275,WALLET,SUCCESS,780738.14,2026-04-28T13:10:57
ORDER_000003276_PAYMENT,ORDER_000003276,DEBIT_CARD,SUCCESS,256109.60,2026-06-16T05:17:14
ORDER_000003277_PAYMENT,ORDER_000003277,DEBIT_CARD,FAILED,626186.36,2026-07-21T08:32:47
ORDER_000003278_PAYMENT,ORDER_000003278,UPI,SUCCESS,106196.68,2026-10-24T16:04:38
ORDER_000003279_PAYMENT,ORDER_000003279,UPI,SUCCESS,472934.04,2026-06-20T15:40:38
ORDER_000003280_PAYMENT,ORDER_000003280,DEBIT_CARD,SUCCESS,364168.05,2026-07-22T23:58:59
ORDER_000003281_PAYMENT,ORDER_000003281,CREDIT_CARD,SUCCESS,617248.34,2026-12-30T23:29:33
ORDER_000003282_PAYMENT,ORDER_000003282,UPI,SUCCESS,222888.83,2026-08-05T09:20:24
ORDER_000003283_PAYMENT,ORDER_000003283,UPI,SUCCESS,237215.16,2026-09-29T15:58:04
ORDER_000003284_PAYMENT,ORDER_000003284,UPI,SUCCESS,218834.15,2026-06-16T10:24:23
ORDER_000003285_PAYMENT,ORDER_000003285,UPI,SUCCESS,239984.77,2026-02-28T23:41:08
ORDER_000003286_PAYMENT,ORDER_000003286,UPI,SUCCESS,955131.63,2026-08-05T14:36:45
ORDER_000003287_PAYMENT,ORDER_000003287,UPI,SUCCESS,308001.24,2026-07-21T07:23:46
ORDER_000003288_PAYMENT,ORDER_000003288,UPI,SUCCESS,214354.86,2026-10-07T16:32:44
ORDER_000003289_PAYMENT,ORDER_000003289,WALLET,SUCCESS,380462.51,2026-08-28T23:42:59
ORDER_000003290_PAYMENT,ORDER_000003290,DEBIT_CARD,SUCCESS,510050.32,2026-08-21T11:54:16
ORDER_000003291_PAYMENT,ORDER_000003291,UPI,SUCCESS,331973.03,2026-01-18T08:54:02
ORDER_000003292_PAYMENT,ORDER_000003292,UPI,SUCCESS,114347.42,2026-09-20T15:19:02
ORDER_000003293_PAYMENT,ORDER_000003293,UPI,SUCCESS,562652.77,2026-10-28T03:02:10
ORDER_000003294_PAYMENT,ORDER_000003294,UPI,SUCCESS,386553.13,2026-11-14T23:02:21
ORDER_000003295_PAYMENT,ORDER_000003295,WALLET,SUCCESS,661381.74,2026-11-13T11:22:16
ORDER_000003296_PAYMENT,ORDER_000003296,DEBIT_CARD,SUCCESS,165939.33,2026-05-11T03:46:27
ORDER_000003297_PAYMENT,ORDER_000003297,DEBIT_CARD,SUCCESS,189195.49,2026-02-09T23:22:09
ORDER_000003298_PAYMENT,ORDER_000003298,WALLET,SUCCESS,264597.04,2026-05-21T15:33:57
ORDER_000003299_PAYMENT,ORDER_000003299,UPI,SUCCESS,296820.08,2026-05-20T15:10:23
ORDER_000003300_PAYMENT,ORDER_000003300,UPI,SUCCESS,614321.01,2026-10-09T15:32:15
ORDER_000003301_PAYMENT,ORDER_000003301,UPI,SUCCESS,299308.48,2026-06-30T22:29:57
ORDER_000003302_PAYMENT,ORDER_000003302,DEBIT_CARD,SUCCESS,359802.54,2026-10-29T18:38:26
ORDER_000003303_PAYMENT,ORDER_000003303,UPI,SUCCESS,703790.84,2026-07-03T10:47:52
ORDER_000003304_PAYMENT,ORDER_000003304,WALLET,SUCCESS,769517.06,2026-10-20T08:36:27
ORDER_000003305_PAYMENT,ORDER_000003305,UPI,SUCCESS,513388.60,2026-06-02T05:48
ORDER_000003306_PAYMENT,ORDER_000003306,UPI,SUCCESS,452442.34,2026-07-16T05:00:45
ORDER_000003307_PAYMENT,ORDER_000003307,CREDIT_CARD,SUCCESS,403774.90,2026-03-06T13:04:07
ORDER_000003308_PAYMENT,ORDER_000003308,UPI,SUCCESS,483986.98,2026-10-26T00:06:20
ORDER_000003309_PAYMENT,ORDER_000003309,UPI,SUCCESS,221561.25,2026-10-18T01:27:12
ORDER_000003310_PAYMENT,ORDER_000003310,UPI,SUCCESS,229747.53,2026-12-23T15:25:30
ORDER_000003311_PAYMENT,ORDER_000003311,CREDIT_CARD,SUCCESS,1040912.10,2026-07-11T07:09:09
ORDER_000003312_PAYMENT,ORDER_000003312,UPI,SUCCESS,591092.58,2026-05-13T20:18:22
ORDER_000003313_PAYMENT,ORDER_000003313,UPI,SUCCESS,877196.62,2026-11-09T03:02:26
ORDER_000003314_PAYMENT,ORDER_000003314,WALLET,SUCCESS,461380.06,2026-03-17T11:52:22
ORDER_000003315_PAYMENT,ORDER_000003315,DEBIT_CARD,SUCCESS,585818.54,2026-05-22T12:24:49
ORDER_000003316_PAYMENT,ORDER_000003316,UPI,SUCCESS,114977.95,2026-11-30T10:15:39
ORDER_000003317_PAYMENT,ORDER_000003317,NET_BANKING,SUCCESS,548892.49,2026-11-26T03:31:14
ORDER_000003318_PAYMENT,ORDER_000003318,CREDIT_CARD,FAILED,434220.07,2026-11-18T21:57:12
ORDER_000003319_PAYMENT,ORDER_000003319,NET_BANKING,SUCCESS,570246.52,2026-08-30T01:46:28
ORDER_000003320_PAYMENT,ORDER_000003320,WALLET,SUCCESS,181545.07,2026-10-16T11:47:11
ORDER_000003321_PAYMENT,ORDER_000003321,CREDIT_CARD,SUCCESS,287812.58,2026-07-30T23:34:36
ORDER_000003322_PAYMENT,ORDER_000003322,UPI,SUCCESS,632095.75,2026-04-03T08:53:42
ORDER_000003323_PAYMENT,ORDER_000003323,DEBIT_CARD,SUCCESS,350558.33,2026-02-25T16:30:30
ORDER_000003324_PAYMENT,ORDER_000003324,UPI,SUCCESS,279526.01,2026-06-01T08:51:12
ORDER_000003325_PAYMENT,ORDER_000003325,UPI,SUCCESS,556029.52,2026-08-03T03:59:11
ORDER_000003326_PAYMENT,ORDER_000003326,UPI,SUCCESS,180658.32,2026-01-03T09:52:03
ORDER_000003327_PAYMENT,ORDER_000003327,UPI,SUCCESS,787766.37,2026-10-31T19:28:31
ORDER_000003328_PAYMENT,ORDER_000003328,NET_BANKING,SUCCESS,576743.04,2026-10-28T02:15:15
ORDER_000003329_PAYMENT,ORDER_000003329,DEBIT_CARD,SUCCESS,549329.35,2026-08-07T17:11:05
ORDER_000003330_PAYMENT,ORDER_000003330,UPI,SUCCESS,181572.73,2026-05-12T12:38:24
ORDER_000003331_PAYMENT,ORDER_000003331,DEBIT_CARD,SUCCESS,282550.16,2026-12-06T05:08:54
ORDER_000003332_PAYMENT,ORDER_000003332,DEBIT_CARD,SUCCESS,701334.73,2026-02-26T13:11:20
ORDER_000003333_PAYMENT,ORDER_000003333,UPI,SUCCESS,658659.26,2026-01-13T00:49:01
ORDER_000003334_PAYMENT,ORDER_000003334,WALLET,FAILED,797893.44,2026-10-29T09:13:52
ORDER_000003335_PAYMENT,ORDER_000003335,CREDIT_CARD,SUCCESS,380067.30,2026-08-10T17:15:08
ORDER_000003336_PAYMENT,ORDER_000003336,UPI,SUCCESS,847532.61,2026-04-22T05:52:01
ORDER_000003337_PAYMENT,ORDER_000003337,UPI,SUCCESS,178507.73,2026-08-10T02:59:19
ORDER_000003338_PAYMENT,ORDER_000003338,UPI,SUCCESS,432449.58,2026-07-06T13:39:34
ORDER_000003339_PAYMENT,ORDER_000003339,UPI,SUCCESS,740025.35,2026-02-04T02:00:57
ORDER_000003340_PAYMENT,ORDER_000003340,CREDIT_CARD,SUCCESS,332155.73,2026-04-12T06:15:55
ORDER_000003341_PAYMENT,ORDER_000003341,CREDIT_CARD,SUCCESS,567308.68,2026-01-05T02:56:12
ORDER_000003342_PAYMENT,ORDER_000003342,CREDIT_CARD,SUCCESS,568042.52,2026-09-20T17:11:27
ORDER_000003343_PAYMENT,ORDER_000003343,NET_BANKING,SUCCESS,602061.83,2026-12-29T05:55:46
ORDER_000003344_PAYMENT,ORDER_000003344,UPI,SUCCESS,569003.70,2026-05-16T21:16:51
ORDER_000003345_PAYMENT,ORDER_000003345,UPI,SUCCESS,566092.60,2026-09-13T07:02:29
ORDER_000003346_PAYMENT,ORDER_000003346,NET_BANKING,SUCCESS,274605.31,2026-02-11T18:03:02
ORDER_000003347_PAYMENT,ORDER_000003347,UPI,SUCCESS,784068.24,2026-12-29T13:55:43
ORDER_000003348_PAYMENT,ORDER_000003348,CREDIT_CARD,SUCCESS,424904.70,2026-05-21T07:04
ORDER_000003349_PAYMENT,ORDER_000003349,NET_BANKING,SUCCESS,690910.34,2026-11-15T09:36:49
ORDER_000003350_PAYMENT,ORDER_000003350,UPI,SUCCESS,607239.33,2026-07-28T18:03:52
ORDER_000003351_PAYMENT,ORDER_000003351,DEBIT_CARD,SUCCESS,224965.69,2026-07-21T10:22:52
ORDER_000003352_PAYMENT,ORDER_000003352,UPI,SUCCESS,560472.78,2026-03-09T11:40:08
ORDER_000003353_PAYMENT,ORDER_000003353,DEBIT_CARD,SUCCESS,346084.93,2026-03-18T07:34:01
ORDER_000003354_PAYMENT,ORDER_000003354,CREDIT_CARD,SUCCESS,425338.33,2026-09-12T09:21:18
ORDER_000003355_PAYMENT,ORDER_000003355,CREDIT_CARD,SUCCESS,388759.70,2026-04-02T02:58:15
ORDER_000003356_PAYMENT,ORDER_000003356,UPI,SUCCESS,226090.80,2026-06-15T17:12:10
ORDER_000003357_PAYMENT,ORDER_000003357,CREDIT_CARD,SUCCESS,524299.61,2026-04-16T16:47:13
ORDER_000003358_PAYMENT,ORDER_000003358,UPI,SUCCESS,487297.22,2026-03-15T08:05:36
ORDER_000003359_PAYMENT,ORDER_000003359,UPI,SUCCESS,491027.32,2026-01-10T00:25:57
ORDER_000003360_PAYMENT,ORDER_000003360,UPI,SUCCESS,608484.46,2026-07-09T19:34:04
ORDER_000003361_PAYMENT,ORDER_000003361,WALLET,SUCCESS,142458.87,2026-10-26T08:07:19
ORDER_000003362_PAYMENT,ORDER_000003362,UPI,SUCCESS,417337.53,2026-07-11T12:25:47
ORDER_000003363_PAYMENT,ORDER_000003363,DEBIT_CARD,SUCCESS,255329.12,2026-08-09T20:53:23
ORDER_000003364_PAYMENT,ORDER_000003364,CREDIT_CARD,SUCCESS,301629.27,2026-07-02T03:58:24
ORDER_000003365_PAYMENT,ORDER_000003365,WALLET,SUCCESS,945414.90,2026-10-30T20:54:31
ORDER_000003366_PAYMENT,ORDER_000003366,DEBIT_CARD,SUCCESS,209779.23,2026-11-08T16:02:56
ORDER_000003367_PAYMENT,ORDER_000003367,WALLET,SUCCESS,421333.63,2026-11-04T15:20:10
ORDER_000003368_PAYMENT,ORDER_000003368,WALLET,SUCCESS,426448.62,2026-11-26T02:27:02
ORDER_000003369_PAYMENT,ORDER_000003369,WALLET,SUCCESS,233295.28,2026-10-16T18:59:55
ORDER_000003370_PAYMENT,ORDER_000003370,UPI,SUCCESS,635508.64,2026-01-27T02:56:22
ORDER_000003371_PAYMENT,ORDER_000003371,UPI,SUCCESS,715866.84,2026-06-04T18:59:48
ORDER_000003372_PAYMENT,ORDER_000003372,UPI,SUCCESS,443079.80,2026-08-18T10:31:29
ORDER_000003373_PAYMENT,ORDER_000003373,DEBIT_CARD,SUCCESS,363723.57,2026-02-05T02:10:12
ORDER_000003374_PAYMENT,ORDER_000003374,UPI,SUCCESS,426735.00,2026-03-11T16:50:30
ORDER_000003375_PAYMENT,ORDER_000003375,DEBIT_CARD,SUCCESS,661069.18,2026-03-28T10:57:07
ORDER_000003376_PAYMENT,ORDER_000003376,UPI,SUCCESS,329865.86,2026-07-26T10:40:32
ORDER_000003377_PAYMENT,ORDER_000003377,UPI,SUCCESS,197980.63,2026-04-04T23:36:40
ORDER_000003378_PAYMENT,ORDER_000003378,UPI,SUCCESS,224470.44,2026-07-25T00:58:35
ORDER_000003379_PAYMENT,ORDER_000003379,WALLET,SUCCESS,276622.44,2026-08-03T10:29:05
ORDER_000003380_PAYMENT,ORDER_000003380,CREDIT_CARD,SUCCESS,800981.83,2026-05-15T00:28:47
ORDER_000003381_PAYMENT,ORDER_000003381,UPI,SUCCESS,491733.17,2026-07-09T01:25:07
ORDER_000003382_PAYMENT,ORDER_000003382,CREDIT_CARD,SUCCESS,809508.12,2026-09-25T00:21:38
ORDER_000003383_PAYMENT,ORDER_000003383,UPI,SUCCESS,321298.52,2026-11-05T11:22:34
ORDER_000003384_PAYMENT,ORDER_000003384,UPI,SUCCESS,521331.33,2026-05-31T17:48:05
ORDER_000003385_PAYMENT,ORDER_000003385,DEBIT_CARD,SUCCESS,215796.78,2026-09-27T10:21:50
ORDER_000003386_PAYMENT,ORDER_000003386,WALLET,SUCCESS,457113.37,2026-11-28T11:44:30
ORDER_000003387_PAYMENT,ORDER_000003387,UPI,SUCCESS,308890.96,2026-05-09T10:54:02
ORDER_000003388_PAYMENT,ORDER_000003388,UPI,SUCCESS,575604.59,2026-12-03T04:03:31
ORDER_000003389_PAYMENT,ORDER_000003389,UPI,SUCCESS,446216.06,2026-07-13T05:43:42
ORDER_000003390_PAYMENT,ORDER_000003390,NET_BANKING,SUCCESS,608162.43,2026-09-14T05:39:05
ORDER_000003391_PAYMENT,ORDER_000003391,CREDIT_CARD,SUCCESS,541940.82,2026-12-23T00:07:16
ORDER_000003392_PAYMENT,ORDER_000003392,WALLET,SUCCESS,443940.64,2026-07-05T15:01:04
ORDER_000003393_PAYMENT,ORDER_000003393,DEBIT_CARD,SUCCESS,201193.49,2026-03-01T13:36:20
ORDER_000003394_PAYMENT,ORDER_000003394,UPI,SUCCESS,269476.63,2026-06-30T14:17:25
ORDER_000003395_PAYMENT,ORDER_000003395,DEBIT_CARD,SUCCESS,228604.18,2026-08-15T13:00:22
ORDER_000003396_PAYMENT,ORDER_000003396,UPI,FAILED,407468.21,2026-09-01T23:16:55
ORDER_000003397_PAYMENT,ORDER_000003397,CREDIT_CARD,SUCCESS,412136.25,2026-08-18T03:49:52
ORDER_000003398_PAYMENT,ORDER_000003398,DEBIT_CARD,SUCCESS,422625.36,2026-04-08T05:49:20
ORDER_000003399_PAYMENT,ORDER_000003399,CREDIT_CARD,SUCCESS,443501.99,2026-06-20T06:08:21
ORDER_000003400_PAYMENT,ORDER_000003400,UPI,SUCCESS,640868.47,2026-04-17T19:22:02
ORDER_000003401_PAYMENT,ORDER_000003401,UPI,SUCCESS,363481.42,2026-03-27T11:28:56
ORDER_000003402_PAYMENT,ORDER_000003402,CREDIT_CARD,SUCCESS,661728.60,2026-04-03T15:15:29
ORDER_000003403_PAYMENT,ORDER_000003403,UPI,SUCCESS,155074.75,2026-04-24T13:21:36
ORDER_000003404_PAYMENT,ORDER_000003404,WALLET,SUCCESS,566342.90,2026-04-06T09:56:10
ORDER_000003405_PAYMENT,ORDER_000003405,UPI,SUCCESS,485663.50,2026-09-26T11:34:04
ORDER_000003406_PAYMENT,ORDER_000003406,UPI,SUCCESS,441529.69,2026-05-20T11:22
ORDER_000003407_PAYMENT,ORDER_000003407,NET_BANKING,SUCCESS,415430.38,2026-04-18T03:50:34
ORDER_000003408_PAYMENT,ORDER_000003408,CREDIT_CARD,SUCCESS,250910.78,2026-08-03T17:03:15
ORDER_000003409_PAYMENT,ORDER_000003409,CREDIT_CARD,SUCCESS,833096.10,2026-11-17T01:27:24
ORDER_000003410_PAYMENT,ORDER_000003410,CREDIT_CARD,SUCCESS,191510.06,2026-11-16T03:46:05
ORDER_000003411_PAYMENT,ORDER_000003411,UPI,SUCCESS,395446.92,2026-11-15T05:17:10
ORDER_000003412_PAYMENT,ORDER_000003412,CREDIT_CARD,SUCCESS,1106116.35,2026-03-30T16:47:55
ORDER_000003413_PAYMENT,ORDER_000003413,CREDIT_CARD,SUCCESS,305677.66,2026-04-08T20:27:26
ORDER_000003414_PAYMENT,ORDER_000003414,CREDIT_CARD,SUCCESS,164593.63,2026-05-23T06:58:38
ORDER_000003415_PAYMENT,ORDER_000003415,UPI,SUCCESS,289042.74,2026-08-09T18:11:54
ORDER_000003416_PAYMENT,ORDER_000003416,UPI,SUCCESS,554077.15,2026-12-07T19:20:23
ORDER_000003417_PAYMENT,ORDER_000003417,WALLET,SUCCESS,448172.37,2026-06-19T08:03:19
ORDER_000003418_PAYMENT,ORDER_000003418,WALLET,SUCCESS,419811.26,2026-12-03T18:02:19
ORDER_000003419_PAYMENT,ORDER_000003419,UPI,SUCCESS,498538.25,2026-10-12T23:54:30
ORDER_000003420_PAYMENT,ORDER_000003420,UPI,SUCCESS,217744.01,2026-12-18T11:56:27
ORDER_000003421_PAYMENT,ORDER_000003421,CREDIT_CARD,SUCCESS,439880.84,2026-09-15T18:18:43
ORDER_000003422_PAYMENT,ORDER_000003422,WALLET,SUCCESS,355571.17,2026-05-08T11:30:09
ORDER_000003423_PAYMENT,ORDER_000003423,UPI,SUCCESS,314033.51,2026-01-18T11:11:27
ORDER_000003424_PAYMENT,ORDER_000003424,CREDIT_CARD,SUCCESS,850993.61,2026-10-21T09:02:47
ORDER_000003425_PAYMENT,ORDER_000003425,UPI,SUCCESS,254462.38,2026-07-19T21:50:19
ORDER_000003426_PAYMENT,ORDER_000003426,UPI,SUCCESS,347388.99,2026-06-16T14:52:23
ORDER_000003427_PAYMENT,ORDER_000003427,UPI,SUCCESS,422397.53,2026-05-03T12:06:23
ORDER_000003428_PAYMENT,ORDER_000003428,DEBIT_CARD,SUCCESS,275655.22,2026-04-14T06:59:57
ORDER_000003429_PAYMENT,ORDER_000003429,WALLET,SUCCESS,692454.00,2026-01-16T22:40:33
ORDER_000003430_PAYMENT,ORDER_000003430,UPI,SUCCESS,307385.55,2026-03-19T23:52:36
ORDER_000003431_PAYMENT,ORDER_000003431,WALLET,SUCCESS,384245.84,2026-01-06T03:00:15
ORDER_000003432_PAYMENT,ORDER_000003432,WALLET,SUCCESS,305591.41,2026-09-24T11:23:58
ORDER_000003433_PAYMENT,ORDER_000003433,DEBIT_CARD,SUCCESS,369210.56,2026-06-26T06:20:25
ORDER_000003434_PAYMENT,ORDER_000003434,DEBIT_CARD,SUCCESS,781277.46,2026-05-19T02:20:38
ORDER_000003435_PAYMENT,ORDER_000003435,UPI,SUCCESS,429499.93,2026-03-27T16:49:42
ORDER_000003436_PAYMENT,ORDER_000003436,UPI,SUCCESS,494488.55,2026-04-01T22:27:35
ORDER_000003437_PAYMENT,ORDER_000003437,CREDIT_CARD,SUCCESS,141603.89,2026-04-10T03:46:41
ORDER_000003438_PAYMENT,ORDER_000003438,UPI,SUCCESS,505375.83,2026-02-07T21:21:33
ORDER_000003439_PAYMENT,ORDER_000003439,NET_BANKING,SUCCESS,353890.43,2026-07-19T14:06:31
ORDER_000003440_PAYMENT,ORDER_000003440,WALLET,FAILED,514710.19,2026-10-29T23:09:03
ORDER_000003441_PAYMENT,ORDER_000003441,WALLET,SUCCESS,672748.11,2026-07-08T03:09:12
ORDER_000003442_PAYMENT,ORDER_000003442,DEBIT_CARD,SUCCESS,135186.56,2026-06-22T12:35:19
ORDER_000003443_PAYMENT,ORDER_000003443,CREDIT_CARD,SUCCESS,374993.58,2026-06-16T23:22
ORDER_000003444_PAYMENT,ORDER_000003444,UPI,SUCCESS,354886.10,2026-08-25T07:21:57
ORDER_000003445_PAYMENT,ORDER_000003445,DEBIT_CARD,SUCCESS,1196861.15,2026-01-21T06:17:51
ORDER_000003446_PAYMENT,ORDER_000003446,DEBIT_CARD,SUCCESS,80530.06,2026-09-12T13:44:22
ORDER_000003447_PAYMENT,ORDER_000003447,DEBIT_CARD,SUCCESS,216567.81,2026-11-04T18:45:06
ORDER_000003448_PAYMENT,ORDER_000003448,UPI,SUCCESS,250938.11,2026-08-19T02:31:28
ORDER_000003449_PAYMENT,ORDER_000003449,UPI,SUCCESS,182848.82,2026-04-02T18:02:54
ORDER_000003450_PAYMENT,ORDER_000003450,NET_BANKING,SUCCESS,474291.65,2026-10-29T10:56:28
ORDER_000003451_PAYMENT,ORDER_000003451,UPI,SUCCESS,153951.45,2026-09-20T13:55:48
ORDER_000003452_PAYMENT,ORDER_000003452,UPI,SUCCESS,570207.47,2026-08-05T10:23:13
ORDER_000003453_PAYMENT,ORDER_000003453,DEBIT_CARD,SUCCESS,506240.43,2026-02-27T07:58:12
ORDER_000003454_PAYMENT,ORDER_000003454,NET_BANKING,SUCCESS,454535.67,2026-01-23T15:11:24
ORDER_000003455_PAYMENT,ORDER_000003455,NET_BANKING,SUCCESS,430991.82,2026-05-24T16:13:32
ORDER_000003456_PAYMENT,ORDER_000003456,DEBIT_CARD,SUCCESS,432883.25,2026-09-11T11:37:21
ORDER_000003457_PAYMENT,ORDER_000003457,UPI,SUCCESS,219721.29,2026-04-22T14:24:33
ORDER_000003458_PAYMENT,ORDER_000003458,UPI,SUCCESS,542181.40,2026-11-19T10:11:28
ORDER_000003459_PAYMENT,ORDER_000003459,UPI,SUCCESS,217251.92,2026-06-28T16:19:07
ORDER_000003460_PAYMENT,ORDER_000003460,CREDIT_CARD,SUCCESS,203366.70,2026-03-10T01:08:38
ORDER_000003461_PAYMENT,ORDER_000003461,DEBIT_CARD,SUCCESS,365292.98,2026-06-14T19:00:29
ORDER_000003462_PAYMENT,ORDER_000003462,NET_BANKING,SUCCESS,332534.96,2026-10-30T00:43:10
ORDER_000003463_PAYMENT,ORDER_000003463,NET_BANKING,SUCCESS,392514.03,2026-06-11T13:48:56
ORDER_000003464_PAYMENT,ORDER_000003464,DEBIT_CARD,SUCCESS,527771.47,2026-06-08T02:07:48
ORDER_000003465_PAYMENT,ORDER_000003465,UPI,SUCCESS,383703.47,2026-12-17T15:13:05
ORDER_000003466_PAYMENT,ORDER_000003466,DEBIT_CARD,SUCCESS,231477.95,2026-12-02T18:08:52
ORDER_000003467_PAYMENT,ORDER_000003467,DEBIT_CARD,SUCCESS,464209.96,2026-05-02T13:40:51
ORDER_000003468_PAYMENT,ORDER_000003468,WALLET,SUCCESS,296345.67,2026-06-02T16:41:03
ORDER_000003469_PAYMENT,ORDER_000003469,WALLET,SUCCESS,495763.19,2026-10-01T06:49:09
ORDER_000003470_PAYMENT,ORDER_000003470,UPI,SUCCESS,312352.13,2026-01-20T10:13:37
ORDER_000003471_PAYMENT,ORDER_000003471,NET_BANKING,SUCCESS,409823.83,2026-02-12T05:59:07
ORDER_000003472_PAYMENT,ORDER_000003472,WALLET,SUCCESS,179445.55,2026-12-08T12:37:32
ORDER_000003473_PAYMENT,ORDER_000003473,NET_BANKING,SUCCESS,494325.36,2026-02-24T18:01:03
ORDER_000003474_PAYMENT,ORDER_000003474,NET_BANKING,SUCCESS,495075.49,2026-04-13T20:17:04
ORDER_000003475_PAYMENT,ORDER_000003475,WALLET,SUCCESS,433349.66,2026-02-20T03:32:19
ORDER_000003476_PAYMENT,ORDER_000003476,DEBIT_CARD,SUCCESS,144550.33,2026-01-21T08:20:22
ORDER_000003477_PAYMENT,ORDER_000003477,UPI,SUCCESS,251672.36,2026-02-23T01:10:32
ORDER_000003478_PAYMENT,ORDER_000003478,UPI,SUCCESS,828284.56,2026-07-07T13:21:21
ORDER_000003479_PAYMENT,ORDER_000003479,CREDIT_CARD,SUCCESS,342043.01,2026-09-25T18:52:41
ORDER_000003480_PAYMENT,ORDER_000003480,UPI,SUCCESS,509240.49,2026-07-05T22:28
ORDER_000003481_PAYMENT,ORDER_000003481,NET_BANKING,SUCCESS,607024.82,2026-01-04T18:39:01
ORDER_000003482_PAYMENT,ORDER_000003482,UPI,SUCCESS,600285.61,2026-10-06T07:12:18
ORDER_000003483_PAYMENT,ORDER_000003483,DEBIT_CARD,SUCCESS,418368.83,2026-10-04T20:32:21
ORDER_000003484_PAYMENT,ORDER_000003484,UPI,SUCCESS,390019.05,2026-03-04T02:42:16
ORDER_000003485_PAYMENT,ORDER_000003485,UPI,SUCCESS,453247.98,2026-07-21T16:44:46
ORDER_000003486_PAYMENT,ORDER_000003486,NET_BANKING,SUCCESS,522937.21,2026-07-21T22:24:05
ORDER_000003487_PAYMENT,ORDER_000003487,DEBIT_CARD,FAILED,636390.80,2026-01-10T05:45:38
ORDER_000003488_PAYMENT,ORDER_000003488,NET_BANKING,FAILED,596978.43,2026-11-19T20:35:20
ORDER_000003489_PAYMENT,ORDER_000003489,NET_BANKING,SUCCESS,229517.83,2026-08-18T23:57:40
ORDER_000003490_PAYMENT,ORDER_000003490,UPI,SUCCESS,415481.65,2026-11-30T09:30:05
ORDER_000003491_PAYMENT,ORDER_000003491,UPI,SUCCESS,793627.41,2026-12-04T15:25:17
ORDER_000003492_PAYMENT,ORDER_000003492,CREDIT_CARD,SUCCESS,553092.37,2026-06-12T08:33:53
ORDER_000003493_PAYMENT,ORDER_000003493,UPI,SUCCESS,538462.79,2026-02-25T16:29:33
ORDER_000003494_PAYMENT,ORDER_000003494,CREDIT_CARD,SUCCESS,522978.46,2026-02-19T06:46:07
ORDER_000003495_PAYMENT,ORDER_000003495,WALLET,SUCCESS,152395.14,2026-05-24T03:44:56
ORDER_000003496_PAYMENT,ORDER_000003496,UPI,SUCCESS,448827.82,2026-07-17T16:13:32
ORDER_000003497_PAYMENT,ORDER_000003497,DEBIT_CARD,SUCCESS,451726.03,2026-06-07T08:12:32
ORDER_000003498_PAYMENT,ORDER_000003498,CREDIT_CARD,FAILED,230344.62,2026-09-25T20:22:05
ORDER_000003499_PAYMENT,ORDER_000003499,UPI,SUCCESS,513605.85,2026-02-08T12:35:33
ORDER_000003500_PAYMENT,ORDER_000003500,CREDIT_CARD,SUCCESS,583210.66,2026-01-25T12:09:17
ORDER_000003501_PAYMENT,ORDER_000003501,CREDIT_CARD,SUCCESS,595410.67,2026-11-08T12:29:51
ORDER_000003502_PAYMENT,ORDER_000003502,WALLET,SUCCESS,446958.77,2026-08-11T13:12:18
ORDER_000003503_PAYMENT,ORDER_000003503,CREDIT_CARD,SUCCESS,658529.95,2026-10-24T01:57:07
ORDER_000003504_PAYMENT,ORDER_000003504,UPI,SUCCESS,240682.96,2026-09-05T16:13:50
ORDER_000003505_PAYMENT,ORDER_000003505,CREDIT_CARD,SUCCESS,891167.96,2026-03-28T17:42:40
ORDER_000003506_PAYMENT,ORDER_000003506,UPI,SUCCESS,299728.83,2026-02-24T19:08:40
ORDER_000003507_PAYMENT,ORDER_000003507,NET_BANKING,SUCCESS,493033.02,2026-04-20T02:10:31
ORDER_000003508_PAYMENT,ORDER_000003508,UPI,SUCCESS,382676.17,2026-12-14T04:17:27
ORDER_000003509_PAYMENT,ORDER_000003509,UPI,SUCCESS,371367.58,2026-02-06T03:58:49
ORDER_000003510_PAYMENT,ORDER_000003510,CREDIT_CARD,SUCCESS,388707.30,2026-12-07T19:26:53
ORDER_000003511_PAYMENT,ORDER_000003511,CREDIT_CARD,SUCCESS,513893.26,2026-12-20T13:36:06
ORDER_000003512_PAYMENT,ORDER_000003512,CREDIT_CARD,SUCCESS,576239.05,2026-02-19T16:03:04
ORDER_000003513_PAYMENT,ORDER_000003513,UPI,SUCCESS,644361.29,2026-11-27T12:17:37
ORDER_000003514_PAYMENT,ORDER_000003514,UPI,SUCCESS,489838.62,2026-02-21T00:11:08
ORDER_000003515_PAYMENT,ORDER_000003515,UPI,SUCCESS,400632.91,2026-02-09T18:25:19
ORDER_000003516_PAYMENT,ORDER_000003516,UPI,SUCCESS,260951.96,2026-11-28T11:16:14
ORDER_000003517_PAYMENT,ORDER_000003517,DEBIT_CARD,SUCCESS,409681.16,2026-04-23T11:28:41
ORDER_000003518_PAYMENT,ORDER_000003518,CREDIT_CARD,SUCCESS,311550.35,2026-02-15T22:37:07
ORDER_000003519_PAYMENT,ORDER_000003519,UPI,SUCCESS,158226.90,2026-11-29T14:57:01
ORDER_000003520_PAYMENT,ORDER_000003520,NET_BANKING,SUCCESS,175904.98,2026-01-31T06:05:05
ORDER_000003521_PAYMENT,ORDER_000003521,DEBIT_CARD,SUCCESS,396285.09,2026-05-20T07:15:43
ORDER_000003522_PAYMENT,ORDER_000003522,DEBIT_CARD,SUCCESS,508183.23,2026-06-06T20:30:40
ORDER_000003523_PAYMENT,ORDER_000003523,UPI,SUCCESS,319786.62,2026-09-14T11:45:06
ORDER_000003524_PAYMENT,ORDER_000003524,UPI,SUCCESS,304525.04,2026-01-05T12:47:14
ORDER_000003525_PAYMENT,ORDER_000003525,UPI,SUCCESS,156407.57,2026-07-09T04:54:44
ORDER_000003526_PAYMENT,ORDER_000003526,UPI,FAILED,295239.18,2026-06-09T10:51:58
ORDER_000003527_PAYMENT,ORDER_000003527,DEBIT_CARD,SUCCESS,244120.54,2026-01-05T14:29:26
ORDER_000003528_PAYMENT,ORDER_000003528,WALLET,SUCCESS,547415.15,2026-04-28T02:06:37
ORDER_000003529_PAYMENT,ORDER_000003529,CREDIT_CARD,SUCCESS,648337.68,2026-06-09T13:25:43
ORDER_000003530_PAYMENT,ORDER_000003530,DEBIT_CARD,SUCCESS,358164.57,2026-09-10T00:34:01
ORDER_000003531_PAYMENT,ORDER_000003531,NET_BANKING,SUCCESS,488487.56,2026-03-28T22:31:13
ORDER_000003532_PAYMENT,ORDER_000003532,UPI,SUCCESS,429356.47,2026-09-03T13:24:21
ORDER_000003533_PAYMENT,ORDER_000003533,UPI,SUCCESS,401751.32,2026-09-18T16:44:22
ORDER_000003534_PAYMENT,ORDER_000003534,UPI,SUCCESS,735546.73,2026-11-15T22:24:42
ORDER_000003535_PAYMENT,ORDER_000003535,DEBIT_CARD,SUCCESS,631704.12,2026-02-25T09:03:26
ORDER_000003536_PAYMENT,ORDER_000003536,CREDIT_CARD,SUCCESS,696840.00,2026-11-24T12:18:54
ORDER_000003537_PAYMENT,ORDER_000003537,WALLET,SUCCESS,240685.74,2026-09-27T14:54:40
ORDER_000003538_PAYMENT,ORDER_000003538,NET_BANKING,SUCCESS,266934.10,2026-03-04T23:46:28
ORDER_000003539_PAYMENT,ORDER_000003539,CREDIT_CARD,SUCCESS,310509.70,2026-10-19T04:19:41
ORDER_000003540_PAYMENT,ORDER_000003540,WALLET,SUCCESS,321970.36,2026-08-12T14:36:32
ORDER_000003541_PAYMENT,ORDER_000003541,NET_BANKING,SUCCESS,473414.04,2026-09-27T10:39:17
ORDER_000003542_PAYMENT,ORDER_000003542,UPI,SUCCESS,133399.60,2026-10-15T20:24:11
ORDER_000003543_PAYMENT,ORDER_000003543,UPI,SUCCESS,689550.89,2026-05-02T05:28:12
ORDER_000003544_PAYMENT,ORDER_000003544,UPI,SUCCESS,250655.74,2026-02-03T23:20:47
ORDER_000003545_PAYMENT,ORDER_000003545,CREDIT_CARD,SUCCESS,369244.96,2026-06-26T02:22:50
ORDER_000003546_PAYMENT,ORDER_000003546,WALLET,SUCCESS,208133.55,2026-04-17T19:43:43
ORDER_000003547_PAYMENT,ORDER_000003547,UPI,SUCCESS,657824.60,2026-07-15T23:10:23
ORDER_000003548_PAYMENT,ORDER_000003548,DEBIT_CARD,SUCCESS,428263.85,2026-04-29T20:53:38
ORDER_000003549_PAYMENT,ORDER_000003549,UPI,SUCCESS,473963.32,2026-04-29T02:54:32
ORDER_000003550_PAYMENT,ORDER_000003550,UPI,FAILED,674241.68,2026-09-08T16:45:34
ORDER_000003551_PAYMENT,ORDER_000003551,UPI,SUCCESS,297455.39,2026-08-19T03:00:55
ORDER_000003552_PAYMENT,ORDER_000003552,WALLET,SUCCESS,294489.75,2026-01-27T10:55:06
ORDER_000003553_PAYMENT,ORDER_000003553,UPI,SUCCESS,369973.41,2026-09-16T14:21:18
ORDER_000003554_PAYMENT,ORDER_000003554,UPI,SUCCESS,501621.86,2026-06-13T21:49:02
ORDER_000003555_PAYMENT,ORDER_000003555,DEBIT_CARD,FAILED,367392.05,2026-10-05T12:54:10
ORDER_000003556_PAYMENT,ORDER_000003556,UPI,SUCCESS,375562.91,2026-02-12T18:41:29
ORDER_000003557_PAYMENT,ORDER_000003557,DEBIT_CARD,SUCCESS,282477.05,2026-03-01T02:29:52
ORDER_000003558_PAYMENT,ORDER_000003558,CREDIT_CARD,SUCCESS,713871.23,2026-10-11T04:06:38
ORDER_000003559_PAYMENT,ORDER_000003559,DEBIT_CARD,SUCCESS,380875.90,2026-05-02T17:12:19
ORDER_000003560_PAYMENT,ORDER_000003560,CREDIT_CARD,FAILED,808622.47,2026-10-26T13:31:21
ORDER_000003561_PAYMENT,ORDER_000003561,DEBIT_CARD,SUCCESS,908404.05,2026-05-05T19:15:15
ORDER_000003562_PAYMENT,ORDER_000003562,UPI,SUCCESS,483546.29,2026-10-03T00:57:54
ORDER_000003563_PAYMENT,ORDER_000003563,UPI,SUCCESS,283661.01,2026-07-12T12:47:10
ORDER_000003564_PAYMENT,ORDER_000003564,UPI,SUCCESS,512077.97,2026-06-19T17:56:20
ORDER_000003565_PAYMENT,ORDER_000003565,DEBIT_CARD,SUCCESS,184208.32,2026-07-14T03:19:37
ORDER_000003566_PAYMENT,ORDER_000003566,DEBIT_CARD,SUCCESS,407009.19,2026-11-05T17:37:56
ORDER_000003567_PAYMENT,ORDER_000003567,UPI,SUCCESS,281665.14,2026-06-14T03:15:45
ORDER_000003568_PAYMENT,ORDER_000003568,UPI,SUCCESS,129192.36,2026-12-23T20:29:51
ORDER_000003569_PAYMENT,ORDER_000003569,UPI,SUCCESS,203386.77,2026-03-01T07:50:18
ORDER_000003570_PAYMENT,ORDER_000003570,DEBIT_CARD,SUCCESS,586084.99,2026-05-11T15:03:01
ORDER_000003571_PAYMENT,ORDER_000003571,UPI,SUCCESS,661986.23,2026-12-08T20:24:44
ORDER_000003572_PAYMENT,ORDER_000003572,UPI,SUCCESS,284448.08,2026-06-11T23:52:53
ORDER_000003573_PAYMENT,ORDER_000003573,CREDIT_CARD,SUCCESS,343975.61,2026-10-16T00:48:58
ORDER_000003574_PAYMENT,ORDER_000003574,DEBIT_CARD,SUCCESS,798151.50,2026-08-14T20:03:44
ORDER_000003575_PAYMENT,ORDER_000003575,WALLET,SUCCESS,234337.52,2026-02-12T04:45:48
ORDER_000003576_PAYMENT,ORDER_000003576,NET_BANKING,SUCCESS,514146.14,2026-08-27T01:24:30
ORDER_000003577_PAYMENT,ORDER_000003577,UPI,SUCCESS,507252.00,2026-02-10T06:33:49
ORDER_000003578_PAYMENT,ORDER_000003578,CREDIT_CARD,SUCCESS,627533.30,2026-11-05T17:21:26
ORDER_000003579_PAYMENT,ORDER_000003579,UPI,SUCCESS,193896.52,2026-01-26T19:44:01
ORDER_000003580_PAYMENT,ORDER_000003580,UPI,FAILED,627567.78,2026-07-21T22:47:09
ORDER_000003581_PAYMENT,ORDER_000003581,CREDIT_CARD,SUCCESS,616901.53,2026-11-24T02:32:07
ORDER_000003582_PAYMENT,ORDER_000003582,UPI,SUCCESS,299609.56,2026-11-23T14:24:37
ORDER_000003583_PAYMENT,ORDER_000003583,UPI,SUCCESS,532745.36,2026-01-10T14:04:27
ORDER_000003584_PAYMENT,ORDER_000003584,NET_BANKING,FAILED,434957.32,2026-01-21T05:21:55
ORDER_000003585_PAYMENT,ORDER_000003585,UPI,SUCCESS,298675.84,2026-05-20T02:23:19
ORDER_000003586_PAYMENT,ORDER_000003586,CREDIT_CARD,SUCCESS,734915.38,2026-09-12T20:55:21
ORDER_000003587_PAYMENT,ORDER_000003587,NET_BANKING,SUCCESS,941118.74,2026-07-05T10:37:11
ORDER_000003588_PAYMENT,ORDER_000003588,CREDIT_CARD,SUCCESS,349577.40,2026-08-14T19:37:29
ORDER_000003589_PAYMENT,ORDER_000003589,UPI,SUCCESS,754970.54,2026-12-20T01:59:48
ORDER_000003590_PAYMENT,ORDER_000003590,UPI,SUCCESS,233750.04,2026-03-12T18:41:59
ORDER_000003591_PAYMENT,ORDER_000003591,CREDIT_CARD,SUCCESS,787481.95,2026-07-29T09:44:51
ORDER_000003592_PAYMENT,ORDER_000003592,WALLET,SUCCESS,588935.39,2026-10-16T03:30:40
ORDER_000003593_PAYMENT,ORDER_000003593,UPI,SUCCESS,395232.93,2026-01-10T15:08:30
ORDER_000003594_PAYMENT,ORDER_000003594,UPI,SUCCESS,420483.01,2026-07-02T08:42:34
ORDER_000003595_PAYMENT,ORDER_000003595,DEBIT_CARD,SUCCESS,428086.36,2026-07-02T10:46:41
ORDER_000003596_PAYMENT,ORDER_000003596,UPI,SUCCESS,285601.02,2026-04-19T23:29:33
ORDER_000003597_PAYMENT,ORDER_000003597,WALLET,SUCCESS,303976.69,2026-03-14T06:51:09
ORDER_000003598_PAYMENT,ORDER_000003598,UPI,SUCCESS,283643.90,2026-10-04T15:00:43
ORDER_000003599_PAYMENT,ORDER_000003599,CREDIT_CARD,SUCCESS,556621.13,2026-01-30T14:51:13
ORDER_000003600_PAYMENT,ORDER_000003600,UPI,SUCCESS,327646.24,2026-07-23T22:28
ORDER_000003601_PAYMENT,ORDER_000003601,WALLET,SUCCESS,205997.48,2026-09-21T21:12:54
ORDER_000003602_PAYMENT,ORDER_000003602,UPI,SUCCESS,517047.69,2026-12-04T06:07:54
ORDER_000003603_PAYMENT,ORDER_000003603,DEBIT_CARD,SUCCESS,279533.71,2026-02-27T08:44:13
ORDER_000003604_PAYMENT,ORDER_000003604,UPI,SUCCESS,947264.72,2026-12-18T23:34
ORDER_000003605_PAYMENT,ORDER_000003605,NET_BANKING,SUCCESS,412336.53,2026-08-22T03:55:04
ORDER_000003606_PAYMENT,ORDER_000003606,UPI,SUCCESS,317688.28,2026-12-19T15:55:29
ORDER_000003607_PAYMENT,ORDER_000003607,NET_BANKING,SUCCESS,377328.90,2026-05-29T12:49:52
ORDER_000003608_PAYMENT,ORDER_000003608,UPI,SUCCESS,463527.38,2026-06-05T18:11:48
ORDER_000003609_PAYMENT,ORDER_000003609,CREDIT_CARD,SUCCESS,258033.93,2026-03-30T22:55:44
ORDER_000003610_PAYMENT,ORDER_000003610,UPI,SUCCESS,292949.35,2026-06-10T17:30:07
ORDER_000003611_PAYMENT,ORDER_000003611,UPI,SUCCESS,205585.87,2026-05-02T06:19:12
ORDER_000003612_PAYMENT,ORDER_000003612,NET_BANKING,SUCCESS,287684.84,2026-07-26T15:50
ORDER_000003613_PAYMENT,ORDER_000003613,UPI,SUCCESS,478201.98,2026-02-11T00:37:57
ORDER_000003614_PAYMENT,ORDER_000003614,UPI,SUCCESS,537548.83,2026-06-08T09:30:09
ORDER_000003615_PAYMENT,ORDER_000003615,UPI,SUCCESS,758107.43,2026-09-26T17:04:05
ORDER_000003616_PAYMENT,ORDER_000003616,CREDIT_CARD,SUCCESS,136836.47,2026-02-21T07:50:45
ORDER_000003617_PAYMENT,ORDER_000003617,WALLET,SUCCESS,441594.83,2026-09-07T05:42:54
ORDER_000003618_PAYMENT,ORDER_000003618,CREDIT_CARD,SUCCESS,365320.72,2026-09-01T00:57:08
ORDER_000003619_PAYMENT,ORDER_000003619,UPI,SUCCESS,261595.98,2026-03-13T15:30:43
ORDER_000003620_PAYMENT,ORDER_000003620,UPI,SUCCESS,584630.56,2026-10-22T06:56:14
ORDER_000003621_PAYMENT,ORDER_000003621,UPI,SUCCESS,506253.23,2026-01-22T17:23:05
ORDER_000003622_PAYMENT,ORDER_000003622,CREDIT_CARD,SUCCESS,469049.02,2026-04-24T03:06:18
ORDER_000003623_PAYMENT,ORDER_000003623,UPI,SUCCESS,805016.94,2026-06-25T09:45:42
ORDER_000003624_PAYMENT,ORDER_000003624,CREDIT_CARD,SUCCESS,232117.43,2026-10-04T09:26:26
ORDER_000003625_PAYMENT,ORDER_000003625,UPI,SUCCESS,256697.57,2026-01-10T23:58:28
ORDER_000003626_PAYMENT,ORDER_000003626,UPI,SUCCESS,227436.70,2026-03-10T01:29:55
ORDER_000003627_PAYMENT,ORDER_000003627,WALLET,SUCCESS,446785.13,2026-01-30T14:11:42
ORDER_000003628_PAYMENT,ORDER_000003628,DEBIT_CARD,SUCCESS,273720.99,2026-02-07T15:20:11
ORDER_000003629_PAYMENT,ORDER_000003629,UPI,SUCCESS,497913.57,2026-03-31T12:35:51
ORDER_000003630_PAYMENT,ORDER_000003630,UPI,SUCCESS,396920.42,2026-10-13T21:54:50
ORDER_000003631_PAYMENT,ORDER_000003631,UPI,SUCCESS,476667.84,2026-10-03T18:51:37
ORDER_000003632_PAYMENT,ORDER_000003632,WALLET,SUCCESS,591915.84,2026-08-03T18:15:30
ORDER_000003633_PAYMENT,ORDER_000003633,CREDIT_CARD,SUCCESS,275059.48,2026-02-28T11:13:57
ORDER_000003634_PAYMENT,ORDER_000003634,UPI,SUCCESS,143123.43,2026-12-07T16:22:09
ORDER_000003635_PAYMENT,ORDER_000003635,WALLET,SUCCESS,539058.02,2026-03-26T00:41:56
ORDER_000003636_PAYMENT,ORDER_000003636,UPI,SUCCESS,267816.60,2026-12-06T22:40:21
ORDER_000003637_PAYMENT,ORDER_000003637,UPI,SUCCESS,232348.75,2026-12-22T09:32:10
ORDER_000003638_PAYMENT,ORDER_000003638,UPI,SUCCESS,64947.67,2026-01-05T18:24:44
ORDER_000003639_PAYMENT,ORDER_000003639,UPI,SUCCESS,405322.95,2026-03-16T07:11:07
ORDER_000003640_PAYMENT,ORDER_000003640,NET_BANKING,SUCCESS,350196.75,2026-08-17T12:39:23
ORDER_000003641_PAYMENT,ORDER_000003641,NET_BANKING,SUCCESS,392766.00,2026-03-13T12:05:40
ORDER_000003642_PAYMENT,ORDER_000003642,CREDIT_CARD,SUCCESS,259957.34,2026-12-23T07:27:30
ORDER_000003643_PAYMENT,ORDER_000003643,DEBIT_CARD,SUCCESS,292932.65,2026-06-30T12:36:09
ORDER_000003644_PAYMENT,ORDER_000003644,UPI,SUCCESS,248652.52,2026-04-01T10:00:35
ORDER_000003645_PAYMENT,ORDER_000003645,UPI,SUCCESS,352669.59,2026-05-31T09:49:11
ORDER_000003646_PAYMENT,ORDER_000003646,CREDIT_CARD,SUCCESS,424117.62,2026-10-13T19:50:10
ORDER_000003647_PAYMENT,ORDER_000003647,UPI,SUCCESS,385487.79,2026-05-05T00:21:11
ORDER_000003648_PAYMENT,ORDER_000003648,CREDIT_CARD,SUCCESS,366349.24,2026-07-25T00:51:21
ORDER_000003649_PAYMENT,ORDER_000003649,UPI,SUCCESS,158639.74,2026-04-26T16:26:32
ORDER_000003650_PAYMENT,ORDER_000003650,UPI,SUCCESS,460203.58,2026-07-18T22:45:16
ORDER_000003651_PAYMENT,ORDER_000003651,CREDIT_CARD,FAILED,1183781.38,2026-08-04T13:11:12
ORDER_000003652_PAYMENT,ORDER_000003652,UPI,SUCCESS,377695.39,2026-04-03T09:09:42
ORDER_000003653_PAYMENT,ORDER_000003653,UPI,SUCCESS,683179.62,2026-06-11T15:44:21
ORDER_000003654_PAYMENT,ORDER_000003654,DEBIT_CARD,SUCCESS,284732.59,2026-07-31T01:54:47
ORDER_000003655_PAYMENT,ORDER_000003655,UPI,SUCCESS,339556.96,2026-04-01T12:09:50
ORDER_000003656_PAYMENT,ORDER_000003656,CREDIT_CARD,SUCCESS,442065.11,2026-12-14T22:10:28
ORDER_000003657_PAYMENT,ORDER_000003657,UPI,SUCCESS,71343.44,2026-01-09T08:31:40
ORDER_000003658_PAYMENT,ORDER_000003658,NET_BANKING,SUCCESS,1025503.21,2026-08-18T22:41:12
ORDER_000003659_PAYMENT,ORDER_000003659,UPI,SUCCESS,570085.62,2026-12-27T14:21:19
ORDER_000003660_PAYMENT,ORDER_000003660,UPI,SUCCESS,199436.63,2026-05-27T03:38:52
ORDER_000003661_PAYMENT,ORDER_000003661,UPI,SUCCESS,346809.55,2026-04-11T18:25:33
ORDER_000003662_PAYMENT,ORDER_000003662,CREDIT_CARD,SUCCESS,529021.15,2026-08-29T14:19:16
ORDER_000003663_PAYMENT,ORDER_000003663,UPI,SUCCESS,524682.15,2026-09-09T13:45:03
ORDER_000003664_PAYMENT,ORDER_000003664,UPI,SUCCESS,513025.01,2026-08-24T11:13:04
ORDER_000003665_PAYMENT,ORDER_000003665,UPI,SUCCESS,606323.42,2026-12-08T19:46:02
ORDER_000003666_PAYMENT,ORDER_000003666,UPI,SUCCESS,353265.59,2026-09-20T11:00:36
ORDER_000003667_PAYMENT,ORDER_000003667,CREDIT_CARD,SUCCESS,584841.79,2026-02-15T15:58:39
ORDER_000003668_PAYMENT,ORDER_000003668,CREDIT_CARD,SUCCESS,750022.78,2026-09-01T10:42:34
ORDER_000003669_PAYMENT,ORDER_000003669,NET_BANKING,SUCCESS,524653.43,2026-04-19T18:21:14
ORDER_000003670_PAYMENT,ORDER_000003670,UPI,SUCCESS,644221.28,2026-02-25T09:28:13
ORDER_000003671_PAYMENT,ORDER_000003671,UPI,SUCCESS,716968.96,2026-04-19T17:12:10
ORDER_000003672_PAYMENT,ORDER_000003672,CREDIT_CARD,SUCCESS,300861.15,2026-10-28T13:29:16
ORDER_000003673_PAYMENT,ORDER_000003673,DEBIT_CARD,SUCCESS,801219.55,2026-01-30T20:34:59
ORDER_000003674_PAYMENT,ORDER_000003674,NET_BANKING,SUCCESS,841310.90,2026-02-08T17:21:52
ORDER_000003675_PAYMENT,ORDER_000003675,UPI,SUCCESS,687775.02,2026-10-30T12:42:43
ORDER_000003676_PAYMENT,ORDER_000003676,CREDIT_CARD,FAILED,245334.61,2026-02-11T15:07:22
ORDER_000003677_PAYMENT,ORDER_000003677,UPI,FAILED,595445.90,2026-11-06T20:00:47
ORDER_000003678_PAYMENT,ORDER_000003678,DEBIT_CARD,SUCCESS,574753.38,2026-10-22T16:59:12
ORDER_000003679_PAYMENT,ORDER_000003679,DEBIT_CARD,SUCCESS,742525.03,2026-03-03T13:19:50
ORDER_000003680_PAYMENT,ORDER_000003680,UPI,SUCCESS,257140.23,2026-02-09T18:13:01
ORDER_000003681_PAYMENT,ORDER_000003681,UPI,FAILED,461359.20,2026-11-17T10:32:15
ORDER_000003682_PAYMENT,ORDER_000003682,DEBIT_CARD,SUCCESS,233246.08,2026-07-21T20:10:50
ORDER_000003683_PAYMENT,ORDER_000003683,UPI,SUCCESS,384513.30,2026-03-04T11:56:17
ORDER_000003684_PAYMENT,ORDER_000003684,NET_BANKING,SUCCESS,206071.25,2026-07-20T15:18:47
ORDER_000003685_PAYMENT,ORDER_000003685,UPI,SUCCESS,384476.31,2026-08-28T07:30:07
ORDER_000003686_PAYMENT,ORDER_000003686,UPI,SUCCESS,550547.65,2026-12-27T02:00:28
ORDER_000003687_PAYMENT,ORDER_000003687,NET_BANKING,SUCCESS,125222.18,2026-03-22T12:36:02
ORDER_000003688_PAYMENT,ORDER_000003688,UPI,SUCCESS,147038.12,2026-05-18T20:19:25
ORDER_000003689_PAYMENT,ORDER_000003689,WALLET,SUCCESS,194898.83,2026-03-25T22:02:27
ORDER_000003690_PAYMENT,ORDER_000003690,UPI,SUCCESS,540295.06,2026-01-18T06:09:22
ORDER_000003691_PAYMENT,ORDER_000003691,CREDIT_CARD,SUCCESS,217792.20,2026-09-18T07:50:50
ORDER_000003692_PAYMENT,ORDER_000003692,CREDIT_CARD,SUCCESS,429044.02,2026-12-11T00:10:18
ORDER_000003693_PAYMENT,ORDER_000003693,UPI,SUCCESS,571931.21,2026-12-29T05:16:51
ORDER_000003694_PAYMENT,ORDER_000003694,CREDIT_CARD,SUCCESS,303413.80,2026-12-06T14:32:08
ORDER_000003695_PAYMENT,ORDER_000003695,NET_BANKING,SUCCESS,161212.58,2026-07-05T08:56:32
ORDER_000003696_PAYMENT,ORDER_000003696,UPI,FAILED,861998.09,2026-12-10T13:23:49
ORDER_000003697_PAYMENT,ORDER_000003697,CREDIT_CARD,SUCCESS,299750.92,2026-08-05T02:17:25
ORDER_000003698_PAYMENT,ORDER_000003698,UPI,SUCCESS,472039.43,2026-09-23T15:20:44
ORDER_000003699_PAYMENT,ORDER_000003699,UPI,SUCCESS,519354.34,2026-10-16T17:32:30
ORDER_000003700_PAYMENT,ORDER_000003700,WALLET,SUCCESS,317229.37,2026-09-10T13:24:39
ORDER_000003701_PAYMENT,ORDER_000003701,CREDIT_CARD,SUCCESS,391800.90,2026-03-09T12:34:49
ORDER_000003702_PAYMENT,ORDER_000003702,WALLET,SUCCESS,268580.27,2026-11-06T23:48:31
ORDER_000003703_PAYMENT,ORDER_000003703,UPI,SUCCESS,607297.16,2026-07-11T22:00:29
ORDER_000003704_PAYMENT,ORDER_000003704,DEBIT_CARD,SUCCESS,498145.01,2026-09-12T14:53:44
ORDER_000003705_PAYMENT,ORDER_000003705,WALLET,SUCCESS,612268.30,2026-10-31T03:00:22
ORDER_000003706_PAYMENT,ORDER_000003706,UPI,SUCCESS,133735.70,2026-11-18T13:06:29
ORDER_000003707_PAYMENT,ORDER_000003707,CREDIT_CARD,SUCCESS,408115.44,2026-06-12T06:15:37
ORDER_000003708_PAYMENT,ORDER_000003708,DEBIT_CARD,SUCCESS,432740.11,2026-05-23T04:24:44
ORDER_000003709_PAYMENT,ORDER_000003709,UPI,SUCCESS,652013.80,2026-07-24T22:33:56
ORDER_000003710_PAYMENT,ORDER_000003710,UPI,SUCCESS,267890.62,2026-08-06T14:24:37
ORDER_000003711_PAYMENT,ORDER_000003711,NET_BANKING,FAILED,193638.88,2026-10-21T10:29:09
ORDER_000003712_PAYMENT,ORDER_000003712,UPI,SUCCESS,136566.57,2026-02-03T19:44:55
ORDER_000003713_PAYMENT,ORDER_000003713,DEBIT_CARD,SUCCESS,681365.18,2026-11-06T15:09:17
ORDER_000003714_PAYMENT,ORDER_000003714,UPI,SUCCESS,625825.28,2026-08-03T09:50:14
ORDER_000003715_PAYMENT,ORDER_000003715,WALLET,SUCCESS,342094.71,2026-09-08T09:01:46
ORDER_000003716_PAYMENT,ORDER_000003716,UPI,SUCCESS,315897.09,2026-08-11T00:41:55
ORDER_000003717_PAYMENT,ORDER_000003717,CREDIT_CARD,SUCCESS,293699.02,2026-08-30T13:17:46
ORDER_000003718_PAYMENT,ORDER_000003718,CREDIT_CARD,SUCCESS,247340.97,2026-06-30T21:22:45
ORDER_000003719_PAYMENT,ORDER_000003719,UPI,SUCCESS,755937.69,2026-11-11T14:57:37
ORDER_000003720_PAYMENT,ORDER_000003720,DEBIT_CARD,SUCCESS,240963.53,2026-06-21T02:54:02
ORDER_000003721_PAYMENT,ORDER_000003721,UPI,SUCCESS,499879.79,2026-08-13T00:41:37
ORDER_000003722_PAYMENT,ORDER_000003722,CREDIT_CARD,SUCCESS,247431.83,2026-05-19T15:16:24
ORDER_000003723_PAYMENT,ORDER_000003723,UPI,SUCCESS,423174.70,2026-06-16T01:27:23
ORDER_000003724_PAYMENT,ORDER_000003724,CREDIT_CARD,SUCCESS,263833.60,2026-02-18T05:27:26
ORDER_000003725_PAYMENT,ORDER_000003725,DEBIT_CARD,SUCCESS,253976.04,2026-09-18T13:39:20
ORDER_000003726_PAYMENT,ORDER_000003726,DEBIT_CARD,SUCCESS,798971.50,2026-01-28T21:36:56
ORDER_000003727_PAYMENT,ORDER_000003727,UPI,SUCCESS,732250.15,2026-10-10T19:55:41
ORDER_000003728_PAYMENT,ORDER_000003728,DEBIT_CARD,FAILED,522643.88,2026-09-24T01:57:14
ORDER_000003729_PAYMENT,ORDER_000003729,DEBIT_CARD,FAILED,680011.15,2026-06-09T08:18:10
ORDER_000003730_PAYMENT,ORDER_000003730,DEBIT_CARD,SUCCESS,971698.20,2026-01-27T05:14:36
ORDER_000003731_PAYMENT,ORDER_000003731,CREDIT_CARD,SUCCESS,720106.24,2026-11-02T13:33:04
ORDER_000003732_PAYMENT,ORDER_000003732,CREDIT_CARD,SUCCESS,847672.68,2026-11-12T20:39:36
ORDER_000003733_PAYMENT,ORDER_000003733,NET_BANKING,SUCCESS,209929.38,2026-11-11T06:32:16
ORDER_000003734_PAYMENT,ORDER_000003734,UPI,SUCCESS,287088.13,2026-08-23T19:32:09
ORDER_000003735_PAYMENT,ORDER_000003735,NET_BANKING,SUCCESS,347636.28,2026-05-06T17:40:44
ORDER_000003736_PAYMENT,ORDER_000003736,UPI,SUCCESS,718676.54,2026-02-27T23:40:24
ORDER_000003737_PAYMENT,ORDER_000003737,UPI,SUCCESS,464923.95,2026-10-19T14:42:34
ORDER_000003738_PAYMENT,ORDER_000003738,CREDIT_CARD,SUCCESS,544611.00,2026-07-02T00:59:53
ORDER_000003739_PAYMENT,ORDER_000003739,UPI,SUCCESS,469512.32,2026-06-24T19:53:14
ORDER_000003740_PAYMENT,ORDER_000003740,UPI,SUCCESS,178682.47,2026-12-20T20:09:33
ORDER_000003741_PAYMENT,ORDER_000003741,DEBIT_CARD,SUCCESS,328945.62,2026-09-26T12:47:15
ORDER_000003742_PAYMENT,ORDER_000003742,UPI,SUCCESS,515410.52,2026-05-15T13:32:21
ORDER_000003743_PAYMENT,ORDER_000003743,DEBIT_CARD,SUCCESS,721124.66,2026-01-14T14:28:19
ORDER_000003744_PAYMENT,ORDER_000003744,UPI,SUCCESS,444483.67,2026-07-05T22:13:50
ORDER_000003745_PAYMENT,ORDER_000003745,UPI,SUCCESS,368719.39,2026-06-19T09:27:55
ORDER_000003746_PAYMENT,ORDER_000003746,NET_BANKING,SUCCESS,425306.75,2026-01-24T07:33:55
ORDER_000003747_PAYMENT,ORDER_000003747,UPI,SUCCESS,179379.82,2026-06-09T07:32:53
ORDER_000003748_PAYMENT,ORDER_000003748,CREDIT_CARD,SUCCESS,365180.51,2026-01-27T09:18:44
ORDER_000003749_PAYMENT,ORDER_000003749,UPI,SUCCESS,233219.26,2026-06-18T08:21:54
ORDER_000003750_PAYMENT,ORDER_000003750,WALLET,SUCCESS,461082.87,2026-10-16T17:25:33
ORDER_000003751_PAYMENT,ORDER_000003751,WALLET,SUCCESS,258594.64,2026-09-23T23:11:32
ORDER_000003752_PAYMENT,ORDER_000003752,DEBIT_CARD,SUCCESS,636244.82,2026-01-31T04:56:23
ORDER_000003753_PAYMENT,ORDER_000003753,CREDIT_CARD,SUCCESS,441885.56,2026-09-14T03:28:01
ORDER_000003754_PAYMENT,ORDER_000003754,UPI,SUCCESS,272298.02,2026-02-05T15:37:11
ORDER_000003755_PAYMENT,ORDER_000003755,DEBIT_CARD,SUCCESS,409092.59,2026-09-01T04:26:34
ORDER_000003756_PAYMENT,ORDER_000003756,UPI,SUCCESS,625022.92,2026-02-16T05:59:31
ORDER_000003757_PAYMENT,ORDER_000003757,UPI,SUCCESS,968299.17,2026-08-23T05:15:49
ORDER_000003758_PAYMENT,ORDER_000003758,UPI,SUCCESS,649175.05,2026-09-18T23:28:52
ORDER_000003759_PAYMENT,ORDER_000003759,NET_BANKING,SUCCESS,686893.82,2026-08-07T04:37:14
ORDER_000003760_PAYMENT,ORDER_000003760,UPI,SUCCESS,396081.83,2026-08-08T07:26:34
ORDER_000003761_PAYMENT,ORDER_000003761,UPI,SUCCESS,463012.66,2026-07-14T11:46:28
ORDER_000003762_PAYMENT,ORDER_000003762,WALLET,SUCCESS,137371.06,2026-03-02T14:21:26
ORDER_000003763_PAYMENT,ORDER_000003763,CREDIT_CARD,SUCCESS,412959.26,2026-06-11T00:22:30
ORDER_000003764_PAYMENT,ORDER_000003764,UPI,SUCCESS,492017.09,2026-04-26T02:28:26
ORDER_000003765_PAYMENT,ORDER_000003765,UPI,SUCCESS,383274.37,2026-12-30T15:59:33
ORDER_000003766_PAYMENT,ORDER_000003766,CREDIT_CARD,SUCCESS,130244.01,2026-04-06T14:27:41
ORDER_000003767_PAYMENT,ORDER_000003767,UPI,SUCCESS,198659.61,2026-08-27T15:45:35
ORDER_000003768_PAYMENT,ORDER_000003768,DEBIT_CARD,FAILED,191455.84,2026-01-15T10:54:36
ORDER_000003769_PAYMENT,ORDER_000003769,UPI,SUCCESS,551030.22,2026-03-01T15:27:22
ORDER_000003770_PAYMENT,ORDER_000003770,NET_BANKING,SUCCESS,493214.51,2026-01-28T10:27:59
ORDER_000003771_PAYMENT,ORDER_000003771,UPI,SUCCESS,244804.02,2026-05-04T21:00:25
ORDER_000003772_PAYMENT,ORDER_000003772,UPI,SUCCESS,240212.20,2026-12-08T19:14:43
ORDER_000003773_PAYMENT,ORDER_000003773,CREDIT_CARD,SUCCESS,469925.26,2026-01-09T01:47:40
ORDER_000003774_PAYMENT,ORDER_000003774,DEBIT_CARD,SUCCESS,488824.91,2026-10-21T14:31:40
ORDER_000003775_PAYMENT,ORDER_000003775,UPI,SUCCESS,672693.21,2026-10-20T07:18:59
ORDER_000003776_PAYMENT,ORDER_000003776,UPI,SUCCESS,499351.53,2026-04-28T16:55:17
ORDER_000003777_PAYMENT,ORDER_000003777,CREDIT_CARD,SUCCESS,383519.81,2026-03-21T11:41:12
ORDER_000003778_PAYMENT,ORDER_000003778,UPI,SUCCESS,681563.67,2026-09-21T13:30:13
ORDER_000003779_PAYMENT,ORDER_000003779,UPI,SUCCESS,296949.46,2026-01-01T22:32:17
ORDER_000003780_PAYMENT,ORDER_000003780,NET_BANKING,SUCCESS,282962.16,2026-09-20T11:37:22
ORDER_000003781_PAYMENT,ORDER_000003781,DEBIT_CARD,SUCCESS,577446.08,2026-04-08T14:57:45
ORDER_000003782_PAYMENT,ORDER_000003782,DEBIT_CARD,SUCCESS,137574.66,2026-01-04T04:04:50
ORDER_000003783_PAYMENT,ORDER_000003783,UPI,SUCCESS,349285.49,2026-08-26T07:18:41
ORDER_000003784_PAYMENT,ORDER_000003784,UPI,SUCCESS,805047.28,2026-11-26T06:51:41
ORDER_000003785_PAYMENT,ORDER_000003785,DEBIT_CARD,SUCCESS,678943.34,2026-11-10T23:59:08
ORDER_000003786_PAYMENT,ORDER_000003786,DEBIT_CARD,SUCCESS,716335.22,2026-11-20T21:16:17
ORDER_000003787_PAYMENT,ORDER_000003787,UPI,SUCCESS,710423.97,2026-11-30T20:28:13
ORDER_000003788_PAYMENT,ORDER_000003788,NET_BANKING,SUCCESS,377368.25,2026-03-08T09:17:53
ORDER_000003789_PAYMENT,ORDER_000003789,UPI,SUCCESS,565311.52,2026-02-08T01:49:48
ORDER_000003790_PAYMENT,ORDER_000003790,UPI,SUCCESS,134678.96,2026-12-06T08:50:19
ORDER_000003791_PAYMENT,ORDER_000003791,DEBIT_CARD,SUCCESS,539709.49,2026-12-05T20:40:49
ORDER_000003792_PAYMENT,ORDER_000003792,UPI,FAILED,157738.13,2026-05-30T11:27:51
ORDER_000003793_PAYMENT,ORDER_000003793,NET_BANKING,SUCCESS,424925.56,2026-09-21T23:23:35
ORDER_000003794_PAYMENT,ORDER_000003794,WALLET,SUCCESS,446775.23,2026-01-27T18:16:26
ORDER_000003795_PAYMENT,ORDER_000003795,WALLET,SUCCESS,348535.85,2026-05-28T04:44:39
ORDER_000003796_PAYMENT,ORDER_000003796,UPI,SUCCESS,476701.43,2026-05-21T08:15:42
ORDER_000003797_PAYMENT,ORDER_000003797,CREDIT_CARD,SUCCESS,652669.76,2026-04-06T21:27:27
ORDER_000003798_PAYMENT,ORDER_000003798,NET_BANKING,SUCCESS,436205.64,2026-08-18T13:08:43
ORDER_000003799_PAYMENT,ORDER_000003799,WALLET,SUCCESS,199199.56,2026-05-21T16:05:24
ORDER_000003800_PAYMENT,ORDER_000003800,CREDIT_CARD,SUCCESS,242138.40,2026-07-04T15:39:14
ORDER_000003801_PAYMENT,ORDER_000003801,WALLET,SUCCESS,131302.74,2026-05-31T03:24:35
ORDER_000003802_PAYMENT,ORDER_000003802,UPI,SUCCESS,616916.96,2026-04-15T08:00:48
ORDER_000003803_PAYMENT,ORDER_000003803,UPI,SUCCESS,309251.96,2026-08-19T02:02:07
ORDER_000003804_PAYMENT,ORDER_000003804,UPI,SUCCESS,337803.19,2026-05-09T05:52
ORDER_000003805_PAYMENT,ORDER_000003805,CREDIT_CARD,SUCCESS,807965.00,2026-08-12T08:12:25
ORDER_000003806_PAYMENT,ORDER_000003806,DEBIT_CARD,SUCCESS,127750.78,2026-08-13T07:30:47
ORDER_000003807_PAYMENT,ORDER_000003807,UPI,SUCCESS,225308.70,2026-04-02T10:15:34
ORDER_000003808_PAYMENT,ORDER_000003808,DEBIT_CARD,SUCCESS,956713.91,2026-07-07T18:10:24
ORDER_000003809_PAYMENT,ORDER_000003809,NET_BANKING,SUCCESS,764661.54,2026-02-04T10:29:06
ORDER_000003810_PAYMENT,ORDER_000003810,DEBIT_CARD,SUCCESS,473444.58,2026-08-03T16:08:34
ORDER_000003811_PAYMENT,ORDER_000003811,UPI,SUCCESS,720398.27,2026-11-11T06:26:55
ORDER_000003812_PAYMENT,ORDER_000003812,DEBIT_CARD,SUCCESS,456049.52,2026-02-01T22:11:28
ORDER_000003813_PAYMENT,ORDER_000003813,WALLET,SUCCESS,487047.32,2026-11-16T14:29:55
ORDER_000003814_PAYMENT,ORDER_000003814,WALLET,SUCCESS,443340.64,2026-05-16T13:12:03
ORDER_000003815_PAYMENT,ORDER_000003815,UPI,SUCCESS,800572.34,2026-06-17T19:56:23
ORDER_000003816_PAYMENT,ORDER_000003816,UPI,SUCCESS,291056.76,2026-05-17T17:53:20
ORDER_000003817_PAYMENT,ORDER_000003817,CREDIT_CARD,SUCCESS,467470.87,2026-05-10T22:56:41
ORDER_000003818_PAYMENT,ORDER_000003818,UPI,SUCCESS,404173.94,2026-11-03T06:52:07
ORDER_000003819_PAYMENT,ORDER_000003819,DEBIT_CARD,SUCCESS,229533.64,2026-02-11T12:14:05
ORDER_000003820_PAYMENT,ORDER_000003820,CREDIT_CARD,SUCCESS,680319.15,2026-02-11T08:43:08
ORDER_000003821_PAYMENT,ORDER_000003821,CREDIT_CARD,SUCCESS,254933.53,2026-10-18T14:05:05
ORDER_000003822_PAYMENT,ORDER_000003822,UPI,SUCCESS,548586.56,2026-10-27T15:18:09
ORDER_000003823_PAYMENT,ORDER_000003823,NET_BANKING,SUCCESS,427105.44,2026-07-20T16:13:50
ORDER_000003824_PAYMENT,ORDER_000003824,UPI,SUCCESS,364451.91,2026-07-11T21:22:57
ORDER_000003825_PAYMENT,ORDER_000003825,DEBIT_CARD,FAILED,443132.50,2026-02-22T18:19:43
ORDER_000003826_PAYMENT,ORDER_000003826,UPI,SUCCESS,699645.30,2026-01-19T04:18:56
ORDER_000003827_PAYMENT,ORDER_000003827,UPI,SUCCESS,247187.91,2026-11-25T06:59:42
ORDER_000003828_PAYMENT,ORDER_000003828,UPI,SUCCESS,427810.55,2026-01-29T09:02:12
ORDER_000003829_PAYMENT,ORDER_000003829,UPI,SUCCESS,471649.92,2026-04-19T19:18:46
ORDER_000003830_PAYMENT,ORDER_000003830,UPI,SUCCESS,338185.36,2026-05-01T20:01:42
ORDER_000003831_PAYMENT,ORDER_000003831,UPI,SUCCESS,593825.48,2026-08-10T15:20:10
ORDER_000003832_PAYMENT,ORDER_000003832,UPI,SUCCESS,816568.70,2026-10-19T06:55:45
ORDER_000003833_PAYMENT,ORDER_000003833,UPI,SUCCESS,239296.37,2026-12-22T07:27:39
ORDER_000003834_PAYMENT,ORDER_000003834,UPI,SUCCESS,430250.96,2026-03-09T02:22:35
ORDER_000003835_PAYMENT,ORDER_000003835,CREDIT_CARD,SUCCESS,375171.01,2026-11-18T06:23:35
ORDER_000003836_PAYMENT,ORDER_000003836,WALLET,SUCCESS,610544.39,2026-05-25T00:48:47
ORDER_000003837_PAYMENT,ORDER_000003837,CREDIT_CARD,SUCCESS,756312.40,2026-04-10T03:10:55
ORDER_000003838_PAYMENT,ORDER_000003838,UPI,FAILED,441469.47,2026-03-15T11:22:38
ORDER_000003839_PAYMENT,ORDER_000003839,WALLET,SUCCESS,121523.11,2026-02-01T23:45:39
ORDER_000003840_PAYMENT,ORDER_000003840,CREDIT_CARD,SUCCESS,535306.28,2026-12-23T17:27:13
ORDER_000003841_PAYMENT,ORDER_000003841,UPI,SUCCESS,116924.95,2026-05-25T00:36:49
ORDER_000003842_PAYMENT,ORDER_000003842,DEBIT_CARD,SUCCESS,438413.03,2026-09-09T18:13:19
ORDER_000003843_PAYMENT,ORDER_000003843,DEBIT_CARD,SUCCESS,539287.66,2026-11-01T18:24:04
ORDER_000003844_PAYMENT,ORDER_000003844,NET_BANKING,SUCCESS,365660.63,2026-11-27T07:42:04
ORDER_000003845_PAYMENT,ORDER_000003845,UPI,SUCCESS,216360.40,2026-07-08T08:42:53
ORDER_000003846_PAYMENT,ORDER_000003846,UPI,SUCCESS,493054.61,2026-06-06T21:29:44
ORDER_000003847_PAYMENT,ORDER_000003847,CREDIT_CARD,SUCCESS,319464.26,2026-12-26T10:48:54
ORDER_000003848_PAYMENT,ORDER_000003848,UPI,SUCCESS,128094.98,2026-05-07T12:48:15
ORDER_000003849_PAYMENT,ORDER_000003849,UPI,FAILED,346232.39,2026-03-09T19:29:58
ORDER_000003850_PAYMENT,ORDER_000003850,UPI,SUCCESS,705608.89,2026-02-03T18:45:10
ORDER_000003851_PAYMENT,ORDER_000003851,DEBIT_CARD,SUCCESS,784606.23,2026-07-24T15:37:05
ORDER_000003852_PAYMENT,ORDER_000003852,UPI,SUCCESS,419735.88,2026-10-19T09:54:49
ORDER_000003853_PAYMENT,ORDER_000003853,UPI,SUCCESS,666679.39,2026-07-19T19:57:42
ORDER_000003854_PAYMENT,ORDER_000003854,CREDIT_CARD,SUCCESS,499252.24,2026-04-19T08:42:53
ORDER_000003855_PAYMENT,ORDER_000003855,UPI,SUCCESS,632727.78,2026-08-09T14:50:21
ORDER_000003856_PAYMENT,ORDER_000003856,DEBIT_CARD,SUCCESS,513185.46,2026-07-10T01:44:06
ORDER_000003857_PAYMENT,ORDER_000003857,UPI,SUCCESS,470234.36,2026-03-14T10:02:06
ORDER_000003858_PAYMENT,ORDER_000003858,CREDIT_CARD,SUCCESS,546387.18,2026-02-08T17:11:05
ORDER_000003859_PAYMENT,ORDER_000003859,UPI,SUCCESS,547100.47,2026-08-31T15:12:52
ORDER_000003860_PAYMENT,ORDER_000003860,UPI,SUCCESS,487268.84,2026-01-27T06:33:14
ORDER_000003861_PAYMENT,ORDER_000003861,NET_BANKING,SUCCESS,353720.50,2026-08-07T10:40:31
ORDER_000003862_PAYMENT,ORDER_000003862,DEBIT_CARD,SUCCESS,665568.60,2026-08-26T03:35:39
ORDER_000003863_PAYMENT,ORDER_000003863,DEBIT_CARD,SUCCESS,490896.86,2026-11-09T07:01:11
ORDER_000003864_PAYMENT,ORDER_000003864,UPI,SUCCESS,364095.22,2026-07-27T14:10:43
ORDER_000003865_PAYMENT,ORDER_000003865,DEBIT_CARD,SUCCESS,312151.90,2026-12-28T10:42:08
ORDER_000003866_PAYMENT,ORDER_000003866,UPI,SUCCESS,723904.23,2026-07-02T07:44:16
ORDER_000003867_PAYMENT,ORDER_000003867,UPI,SUCCESS,281114.08,2026-10-28T06:03:07
ORDER_000003868_PAYMENT,ORDER_000003868,NET_BANKING,SUCCESS,197966.78,2026-12-29T19:02:47
ORDER_000003869_PAYMENT,ORDER_000003869,CREDIT_CARD,SUCCESS,323199.75,2026-11-24T02:55:59
ORDER_000003870_PAYMENT,ORDER_000003870,NET_BANKING,SUCCESS,289432.56,2026-10-26T01:09:32
ORDER_000003871_PAYMENT,ORDER_000003871,DEBIT_CARD,SUCCESS,619953.17,2026-09-19T21:38:06
ORDER_000003872_PAYMENT,ORDER_000003872,WALLET,SUCCESS,413571.19,2026-11-08T09:06:34
ORDER_000003873_PAYMENT,ORDER_000003873,UPI,SUCCESS,431619.07,2026-11-04T15:14:53
ORDER_000003874_PAYMENT,ORDER_000003874,CREDIT_CARD,SUCCESS,273689.85,2026-01-11T10:16:56
ORDER_000003875_PAYMENT,ORDER_000003875,CREDIT_CARD,SUCCESS,456161.91,2026-12-02T04:49:09
ORDER_000003876_PAYMENT,ORDER_000003876,NET_BANKING,SUCCESS,480503.56,2026-04-14T05:33:11
ORDER_000003877_PAYMENT,ORDER_000003877,WALLET,SUCCESS,336769.72,2026-07-28T01:22:57
ORDER_000003878_PAYMENT,ORDER_000003878,UPI,SUCCESS,290813.61,2026-11-22T07:06:13
ORDER_000003879_PAYMENT,ORDER_000003879,WALLET,SUCCESS,864558.63,2026-05-24T01:13:48
ORDER_000003880_PAYMENT,ORDER_000003880,UPI,SUCCESS,195232.73,2026-02-10T15:08:30
ORDER_000003881_PAYMENT,ORDER_000003881,DEBIT_CARD,SUCCESS,137766.57,2026-05-20T21:34:47
ORDER_000003882_PAYMENT,ORDER_000003882,CREDIT_CARD,SUCCESS,297359.75,2026-03-24T22:24:05
ORDER_000003883_PAYMENT,ORDER_000003883,DEBIT_CARD,SUCCESS,679433.57,2026-02-09T23:14:21
ORDER_000003884_PAYMENT,ORDER_000003884,NET_BANKING,SUCCESS,705409.13,2026-09-12T17:59:15
ORDER_000003885_PAYMENT,ORDER_000003885,UPI,SUCCESS,334591.75,2026-02-24T18:26:45
ORDER_000003886_PAYMENT,ORDER_000003886,DEBIT_CARD,SUCCESS,298896.44,2026-05-31T09:14:09
ORDER_000003887_PAYMENT,ORDER_000003887,CREDIT_CARD,SUCCESS,190354.67,2026-09-05T10:53:50
ORDER_000003888_PAYMENT,ORDER_000003888,NET_BANKING,SUCCESS,592894.49,2026-07-02T06:31:40
ORDER_000003889_PAYMENT,ORDER_000003889,CREDIT_CARD,SUCCESS,197481.97,2026-05-07T16:11:56
ORDER_000003890_PAYMENT,ORDER_000003890,DEBIT_CARD,SUCCESS,278422.92,2026-11-30T03:23:58
ORDER_000003891_PAYMENT,ORDER_000003891,UPI,SUCCESS,567843.16,2026-10-14T04:49:22
ORDER_000003892_PAYMENT,ORDER_000003892,CREDIT_CARD,SUCCESS,247794.11,2026-10-24T14:41:36
ORDER_000003893_PAYMENT,ORDER_000003893,CREDIT_CARD,SUCCESS,273849.95,2026-06-04T08:44:12
ORDER_000003894_PAYMENT,ORDER_000003894,NET_BANKING,SUCCESS,307333.52,2026-10-30T23:46:52
ORDER_000003895_PAYMENT,ORDER_000003895,CREDIT_CARD,SUCCESS,685709.61,2026-09-16T07:38:36
ORDER_000003896_PAYMENT,ORDER_000003896,NET_BANKING,SUCCESS,257958.20,2026-01-11T01:28:58
ORDER_000003897_PAYMENT,ORDER_000003897,UPI,SUCCESS,586750.59,2026-07-22T20:16:01
ORDER_000003898_PAYMENT,ORDER_000003898,DEBIT_CARD,SUCCESS,305799.16,2026-12-23T18:23:10
ORDER_000003899_PAYMENT,ORDER_000003899,DEBIT_CARD,SUCCESS,590037.04,2026-02-03T00:49:37
ORDER_000003900_PAYMENT,ORDER_000003900,WALLET,SUCCESS,253203.91,2026-07-20T04:11:38
ORDER_000003901_PAYMENT,ORDER_000003901,NET_BANKING,SUCCESS,216616.02,2026-05-02T11:33:37
ORDER_000003902_PAYMENT,ORDER_000003902,UPI,SUCCESS,511159.37,2026-07-22T04:29:17
ORDER_000003903_PAYMENT,ORDER_000003903,CREDIT_CARD,SUCCESS,606095.79,2026-11-11T02:24:13
ORDER_000003904_PAYMENT,ORDER_000003904,UPI,SUCCESS,194726.81,2026-05-17T19:00:19
ORDER_000003905_PAYMENT,ORDER_000003905,DEBIT_CARD,SUCCESS,213277.60,2026-01-10T15:27:57
ORDER_000003906_PAYMENT,ORDER_000003906,CREDIT_CARD,FAILED,1045678.86,2026-11-27T10:12:30
ORDER_000003907_PAYMENT,ORDER_000003907,DEBIT_CARD,SUCCESS,349972.97,2026-09-21T17:36:45
ORDER_000003908_PAYMENT,ORDER_000003908,WALLET,SUCCESS,388576.86,2026-08-12T02:45:34
ORDER_000003909_PAYMENT,ORDER_000003909,NET_BANKING,SUCCESS,667878.15,2026-07-24T12:25:06
ORDER_000003910_PAYMENT,ORDER_000003910,UPI,SUCCESS,493454.17,2026-05-29T15:17
ORDER_000003911_PAYMENT,ORDER_000003911,WALLET,SUCCESS,381819.86,2026-02-23T08:46:49
ORDER_000003912_PAYMENT,ORDER_000003912,UPI,SUCCESS,935017.56,2026-10-03T13:49:57
ORDER_000003913_PAYMENT,ORDER_000003913,CREDIT_CARD,SUCCESS,631239.05,2026-01-06T23:18:46
ORDER_000003914_PAYMENT,ORDER_000003914,UPI,SUCCESS,370173.88,2026-06-08T19:22:26
ORDER_000003915_PAYMENT,ORDER_000003915,UPI,SUCCESS,334252.07,2026-04-03T19:33:17
ORDER_000003916_PAYMENT,ORDER_000003916,UPI,SUCCESS,364923.70,2026-08-14T08:57:35
ORDER_000003917_PAYMENT,ORDER_000003917,UPI,SUCCESS,588456.06,2026-11-09T14:30:02
ORDER_000003918_PAYMENT,ORDER_000003918,UPI,SUCCESS,462951.68,2026-09-30T05:20:52
ORDER_000003919_PAYMENT,ORDER_000003919,DEBIT_CARD,SUCCESS,340279.91,2026-11-12T11:21:32
ORDER_000003920_PAYMENT,ORDER_000003920,CREDIT_CARD,SUCCESS,292878.20,2026-04-04T00:29:31
ORDER_000003921_PAYMENT,ORDER_000003921,UPI,SUCCESS,436125.50,2026-11-08T13:22:56
ORDER_000003922_PAYMENT,ORDER_000003922,CREDIT_CARD,SUCCESS,91900.32,2026-08-02T21:49:25
ORDER_000003923_PAYMENT,ORDER_000003923,UPI,SUCCESS,249772.99,2026-11-25T10:41:55
ORDER_000003924_PAYMENT,ORDER_000003924,DEBIT_CARD,SUCCESS,162679.63,2026-01-02T09:30:51
ORDER_000003925_PAYMENT,ORDER_000003925,UPI,SUCCESS,654948.82,2026-12-22T00:14:21
ORDER_000003926_PAYMENT,ORDER_000003926,WALLET,SUCCESS,300488.27,2026-08-14T18:37:59
ORDER_000003927_PAYMENT,ORDER_000003927,UPI,SUCCESS,255293.59,2026-05-30T07:35:33
ORDER_000003928_PAYMENT,ORDER_000003928,UPI,SUCCESS,484650.00,2026-12-31T12:51:30
ORDER_000003929_PAYMENT,ORDER_000003929,UPI,SUCCESS,512368.86,2026-04-15T23:36:13
ORDER_000003930_PAYMENT,ORDER_000003930,UPI,SUCCESS,442250.60,2026-03-27T12:12:35
ORDER_000003931_PAYMENT,ORDER_000003931,UPI,SUCCESS,196223.81,2026-07-18T08:22:16
ORDER_000003932_PAYMENT,ORDER_000003932,UPI,SUCCESS,782416.44,2026-01-16T06:23
ORDER_000003933_PAYMENT,ORDER_000003933,UPI,SUCCESS,774414.10,2026-04-04T08:21:06
ORDER_000003934_PAYMENT,ORDER_000003934,UPI,SUCCESS,610104.69,2026-08-10T12:15:46
ORDER_000003935_PAYMENT,ORDER_000003935,UPI,SUCCESS,587535.14,2026-10-17T08:42:20
ORDER_000003936_PAYMENT,ORDER_000003936,UPI,SUCCESS,595279.39,2026-09-16T20:28:54
ORDER_000003937_PAYMENT,ORDER_000003937,CREDIT_CARD,SUCCESS,485304.44,2026-06-18T08:53:32
ORDER_000003938_PAYMENT,ORDER_000003938,WALLET,SUCCESS,253700.32,2026-10-27T13:51:54
ORDER_000003939_PAYMENT,ORDER_000003939,UPI,SUCCESS,297398.23,2026-10-19T23:09:09
ORDER_000003940_PAYMENT,ORDER_000003940,WALLET,SUCCESS,286001.19,2026-09-21T04:23:19
ORDER_000003941_PAYMENT,ORDER_000003941,CREDIT_CARD,SUCCESS,416988.39,2026-07-21T07:51:57
ORDER_000003942_PAYMENT,ORDER_000003942,UPI,SUCCESS,378953.72,2026-10-09T01:02:41
ORDER_000003943_PAYMENT,ORDER_000003943,NET_BANKING,SUCCESS,595571.16,2026-12-26T02:31:42
ORDER_000003944_PAYMENT,ORDER_000003944,UPI,SUCCESS,78070.38,2026-11-06T05:13:32
ORDER_000003945_PAYMENT,ORDER_000003945,UPI,SUCCESS,263318.58,2026-05-26T19:31:37
ORDER_000003946_PAYMENT,ORDER_000003946,NET_BANKING,SUCCESS,778391.36,2026-09-22T16:56:09
ORDER_000003947_PAYMENT,ORDER_000003947,CREDIT_CARD,SUCCESS,398671.24,2026-12-18T17:11:52
ORDER_000003948_PAYMENT,ORDER_000003948,DEBIT_CARD,SUCCESS,374249.87,2026-07-04T12:14:16
ORDER_000003949_PAYMENT,ORDER_000003949,DEBIT_CARD,SUCCESS,539251.45,2026-02-24T14:59:08
ORDER_000003950_PAYMENT,ORDER_000003950,UPI,SUCCESS,364049.36,2026-09-26T09:23:41
ORDER_000003951_PAYMENT,ORDER_000003951,CREDIT_CARD,SUCCESS,503461.50,2026-10-16T11:04:11
ORDER_000003952_PAYMENT,ORDER_000003952,DEBIT_CARD,SUCCESS,505335.93,2026-07-25T16:42:07
ORDER_000003953_PAYMENT,ORDER_000003953,CREDIT_CARD,SUCCESS,352184.48,2026-04-03T06:29:38
ORDER_000003954_PAYMENT,ORDER_000003954,UPI,SUCCESS,307300.74,2026-06-12T02:57:22
ORDER_000003955_PAYMENT,ORDER_000003955,WALLET,SUCCESS,485587.37,2026-01-16T01:05:08
ORDER_000003956_PAYMENT,ORDER_000003956,UPI,SUCCESS,465910.15,2026-07-19T23:55:16
ORDER_000003957_PAYMENT,ORDER_000003957,UPI,SUCCESS,298409.02,2026-05-17T22:19
ORDER_000003958_PAYMENT,ORDER_000003958,CREDIT_CARD,SUCCESS,175342.33,2026-02-02T15:35:17
ORDER_000003959_PAYMENT,ORDER_000003959,NET_BANKING,SUCCESS,317546.41,2026-07-27T04:21:46
ORDER_000003960_PAYMENT,ORDER_000003960,CREDIT_CARD,SUCCESS,1075124.98,2026-10-10T16:48:02
ORDER_000003961_PAYMENT,ORDER_000003961,UPI,SUCCESS,508138.79,2026-08-19T11:24:21
ORDER_000003962_PAYMENT,ORDER_000003962,UPI,SUCCESS,412172.85,2026-08-11T03:36:14
ORDER_000003963_PAYMENT,ORDER_000003963,DEBIT_CARD,SUCCESS,302959.05,2026-08-01T00:49:10
ORDER_000003964_PAYMENT,ORDER_000003964,UPI,SUCCESS,576614.54,2026-08-23T02:01
ORDER_000003965_PAYMENT,ORDER_000003965,UPI,SUCCESS,696919.47,2026-01-28T20:02:16
ORDER_000003966_PAYMENT,ORDER_000003966,UPI,SUCCESS,263506.94,2026-06-05T22:09:09
ORDER_000003967_PAYMENT,ORDER_000003967,NET_BANKING,SUCCESS,514353.82,2026-11-13T08:58:47
ORDER_000003968_PAYMENT,ORDER_000003968,UPI,SUCCESS,247507.84,2026-12-05T16:44:25
ORDER_000003969_PAYMENT,ORDER_000003969,UPI,SUCCESS,661773.52,2026-06-19T18:21:26
ORDER_000003970_PAYMENT,ORDER_000003970,UPI,SUCCESS,257743.52,2026-10-16T14:45:19
ORDER_000003971_PAYMENT,ORDER_000003971,CREDIT_CARD,SUCCESS,591831.70,2026-04-03T17:43:14
ORDER_000003972_PAYMENT,ORDER_000003972,UPI,SUCCESS,673221.64,2026-09-22T04:37:15
ORDER_000003973_PAYMENT,ORDER_000003973,CREDIT_CARD,SUCCESS,330338.26,2026-05-04T10:10:01
ORDER_000003974_PAYMENT,ORDER_000003974,DEBIT_CARD,SUCCESS,244796.96,2026-10-25T10:29:08
ORDER_000003975_PAYMENT,ORDER_000003975,DEBIT_CARD,SUCCESS,563380.16,2026-09-07T13:22
ORDER_000003976_PAYMENT,ORDER_000003976,UPI,SUCCESS,364880.20,2026-05-24T18:39:30
ORDER_000003977_PAYMENT,ORDER_000003977,CREDIT_CARD,SUCCESS,613830.08,2026-08-18T03:11:29
ORDER_000003978_PAYMENT,ORDER_000003978,UPI,SUCCESS,407560.91,2026-10-07T05:00:54
ORDER_000003979_PAYMENT,ORDER_000003979,WALLET,SUCCESS,399589.62,2026-12-13T13:50:17
ORDER_000003980_PAYMENT,ORDER_000003980,UPI,SUCCESS,315770.02,2026-07-01T06:24:56
ORDER_000003981_PAYMENT,ORDER_000003981,CREDIT_CARD,SUCCESS,808872.87,2026-07-12T13:50:58
ORDER_000003982_PAYMENT,ORDER_000003982,CREDIT_CARD,SUCCESS,308712.94,2026-03-19T07:51:49
ORDER_000003983_PAYMENT,ORDER_000003983,WALLET,SUCCESS,479661.26,2026-09-02T00:59:46
ORDER_000003984_PAYMENT,ORDER_000003984,CREDIT_CARD,SUCCESS,242678.63,2026-05-08T07:34:19
ORDER_000003985_PAYMENT,ORDER_000003985,WALLET,SUCCESS,639585.59,2026-07-26T16:54:38
ORDER_000003986_PAYMENT,ORDER_000003986,CREDIT_CARD,SUCCESS,743807.20,2026-12-09T21:51:38
ORDER_000003987_PAYMENT,ORDER_000003987,NET_BANKING,SUCCESS,561358.70,2026-04-19T20:16:33
ORDER_000003988_PAYMENT,ORDER_000003988,UPI,SUCCESS,798066.73,2026-12-16T17:56:08
ORDER_000003989_PAYMENT,ORDER_000003989,UPI,SUCCESS,442793.51,2026-06-06T03:11:19
ORDER_000003990_PAYMENT,ORDER_000003990,CREDIT_CARD,SUCCESS,107334.62,2026-12-16T14:54:50
ORDER_000003991_PAYMENT,ORDER_000003991,NET_BANKING,SUCCESS,736139.12,2026-07-17T10:19:01
ORDER_000003992_PAYMENT,ORDER_000003992,CREDIT_CARD,SUCCESS,251290.73,2026-06-24T21:01:57
ORDER_000003993_PAYMENT,ORDER_000003993,DEBIT_CARD,SUCCESS,877580.20,2026-04-24T17:18:49
ORDER_000003994_PAYMENT,ORDER_000003994,UPI,FAILED,608131.72,2026-01-08T14:21:18
ORDER_000003995_PAYMENT,ORDER_000003995,WALLET,SUCCESS,242846.45,2026-11-15T15:36:35
ORDER_000003996_PAYMENT,ORDER_000003996,CREDIT_CARD,SUCCESS,317851.18,2026-09-13T15:21:46
ORDER_000003997_PAYMENT,ORDER_000003997,UPI,SUCCESS,209431.65,2026-01-08T12:56:23
ORDER_000003998_PAYMENT,ORDER_000003998,DEBIT_CARD,SUCCESS,295927.89,2026-06-26T17:44:18
ORDER_000003999_PAYMENT,ORDER_000003999,UPI,SUCCESS,201596.14,2026-04-18T08:33:07
ORDER_000004000_PAYMENT,ORDER_000004000,NET_BANKING,SUCCESS,154202.17,2026-10-15T10:12:28
ORDER_000004001_PAYMENT,ORDER_000004001,UPI,SUCCESS,771740.06,2026-02-07T20:59:57
ORDER_000004002_PAYMENT,ORDER_000004002,DEBIT_CARD,SUCCESS,280295.31,2026-08-08T16:04:01
ORDER_000004003_PAYMENT,ORDER_000004003,WALLET,SUCCESS,324212.39,2026-09-30T12:51:41
ORDER_000004004_PAYMENT,ORDER_000004004,NET_BANKING,SUCCESS,790515.95,2026-07-25T12:57:08
ORDER_000004005_PAYMENT,ORDER_000004005,UPI,SUCCESS,382115.13,2026-01-18T02:33:57
ORDER_000004006_PAYMENT,ORDER_000004006,CREDIT_CARD,SUCCESS,340080.43,2026-08-25T17:33:37
ORDER_000004007_PAYMENT,ORDER_000004007,CREDIT_CARD,SUCCESS,400614.43,2026-03-18T15:14:26
ORDER_000004008_PAYMENT,ORDER_000004008,CREDIT_CARD,SUCCESS,295615.29,2026-06-10T04:25:12
ORDER_000004009_PAYMENT,ORDER_000004009,UPI,SUCCESS,451483.16,2026-02-28T22:39:25
ORDER_000004010_PAYMENT,ORDER_000004010,UPI,SUCCESS,662391.90,2026-08-11T13:18:14
ORDER_000004011_PAYMENT,ORDER_000004011,CREDIT_CARD,SUCCESS,650219.35,2026-12-07T09:57:19
ORDER_000004012_PAYMENT,ORDER_000004012,UPI,SUCCESS,1016025.50,2026-08-30T05:49:45
ORDER_000004013_PAYMENT,ORDER_000004013,DEBIT_CARD,SUCCESS,131863.98,2026-10-07T22:26:23
ORDER_000004014_PAYMENT,ORDER_000004014,UPI,SUCCESS,524539.98,2026-03-20T23:18:48
ORDER_000004015_PAYMENT,ORDER_000004015,UPI,SUCCESS,794763.65,2026-02-19T20:35:40
ORDER_000004016_PAYMENT,ORDER_000004016,WALLET,SUCCESS,274711.15,2026-07-28T01:32:59
ORDER_000004017_PAYMENT,ORDER_000004017,UPI,SUCCESS,795643.99,2026-11-04T10:21:08
ORDER_000004018_PAYMENT,ORDER_000004018,UPI,SUCCESS,179765.49,2026-07-20T05:15:11
ORDER_000004019_PAYMENT,ORDER_000004019,DEBIT_CARD,SUCCESS,285277.65,2026-06-24T07:14:20
ORDER_000004020_PAYMENT,ORDER_000004020,UPI,SUCCESS,691952.55,2026-08-07T02:09:13
ORDER_000004021_PAYMENT,ORDER_000004021,DEBIT_CARD,SUCCESS,441816.53,2026-08-03T10:02:40
ORDER_000004022_PAYMENT,ORDER_000004022,WALLET,SUCCESS,156204.13,2026-02-09T02:04:50
ORDER_000004023_PAYMENT,ORDER_000004023,UPI,SUCCESS,323387.48,2026-05-05T17:05:56
ORDER_000004024_PAYMENT,ORDER_000004024,DEBIT_CARD,SUCCESS,89577.54,2026-12-05T23:17:21
ORDER_000004025_PAYMENT,ORDER_000004025,UPI,SUCCESS,502357.13,2026-08-12T23:59:30
ORDER_000004026_PAYMENT,ORDER_000004026,CREDIT_CARD,SUCCESS,435305.10,2026-01-30T00:46:21
ORDER_000004027_PAYMENT,ORDER_000004027,CREDIT_CARD,SUCCESS,166591.86,2026-02-20T22:05:47
ORDER_000004028_PAYMENT,ORDER_000004028,DEBIT_CARD,SUCCESS,502541.07,2026-12-30T14:00:26
ORDER_000004029_PAYMENT,ORDER_000004029,UPI,SUCCESS,493823.12,2026-07-27T23:31
ORDER_000004030_PAYMENT,ORDER_000004030,DEBIT_CARD,SUCCESS,228340.55,2026-05-31T22:48:45
ORDER_000004031_PAYMENT,ORDER_000004031,WALLET,SUCCESS,529886.88,2026-04-02T02:29:59
ORDER_000004032_PAYMENT,ORDER_000004032,UPI,SUCCESS,392422.09,2026-09-07T19:01:34
ORDER_000004033_PAYMENT,ORDER_000004033,WALLET,SUCCESS,333909.16,2026-01-25T08:20:59
ORDER_000004034_PAYMENT,ORDER_000004034,UPI,SUCCESS,933578.31,2026-10-27T12:57:34
ORDER_000004035_PAYMENT,ORDER_000004035,UPI,SUCCESS,572164.70,2026-10-04T20:11:49
ORDER_000004036_PAYMENT,ORDER_000004036,UPI,SUCCESS,1006370.38,2026-06-05T10:01:45
ORDER_000004037_PAYMENT,ORDER_000004037,UPI,SUCCESS,189967.64,2026-11-30T01:14:22
ORDER_000004038_PAYMENT,ORDER_000004038,WALLET,SUCCESS,476849.04,2026-08-28T07:15:29
ORDER_000004039_PAYMENT,ORDER_000004039,UPI,SUCCESS,629443.26,2026-04-23T22:38:57
ORDER_000004040_PAYMENT,ORDER_000004040,UPI,SUCCESS,668952.03,2026-05-21T10:39:10
ORDER_000004041_PAYMENT,ORDER_000004041,NET_BANKING,FAILED,125445.21,2026-07-06T05:27:23
ORDER_000004042_PAYMENT,ORDER_000004042,CREDIT_CARD,FAILED,426070.65,2026-01-24T21:38:46
ORDER_000004043_PAYMENT,ORDER_000004043,UPI,SUCCESS,790258.54,2026-11-30T21:09:33
ORDER_000004044_PAYMENT,ORDER_000004044,DEBIT_CARD,SUCCESS,437308.76,2026-01-29T13:01:05
ORDER_000004045_PAYMENT,ORDER_000004045,UPI,SUCCESS,658694.97,2026-06-15T23:33:41
ORDER_000004046_PAYMENT,ORDER_000004046,NET_BANKING,SUCCESS,658989.84,2026-09-19T22:08:26
ORDER_000004047_PAYMENT,ORDER_000004047,CREDIT_CARD,SUCCESS,360245.02,2026-09-03T08:02:26
ORDER_000004048_PAYMENT,ORDER_000004048,CREDIT_CARD,SUCCESS,946106.59,2026-03-01T18:04:12
ORDER_000004049_PAYMENT,ORDER_000004049,WALLET,SUCCESS,325774.02,2026-12-09T09:12:48
ORDER_000004050_PAYMENT,ORDER_000004050,UPI,SUCCESS,250035.61,2026-01-13T03:39:47
ORDER_000004051_PAYMENT,ORDER_000004051,UPI,SUCCESS,460690.90,2026-05-12T04:58:13
ORDER_000004052_PAYMENT,ORDER_000004052,NET_BANKING,SUCCESS,326388.50,2026-05-04T17:10:16
ORDER_000004053_PAYMENT,ORDER_000004053,UPI,SUCCESS,472256.54,2026-08-16T18:21:52
ORDER_000004054_PAYMENT,ORDER_000004054,CREDIT_CARD,SUCCESS,534407.78,2026-10-21T19:25:26
ORDER_000004055_PAYMENT,ORDER_000004055,WALLET,SUCCESS,393909.26,2026-05-25T18:09:32
ORDER_000004056_PAYMENT,ORDER_000004056,UPI,SUCCESS,521542.59,2026-12-27T03:53:20
ORDER_000004057_PAYMENT,ORDER_000004057,UPI,SUCCESS,703071.89,2026-05-18T11:44:09
ORDER_000004058_PAYMENT,ORDER_000004058,UPI,SUCCESS,460219.32,2026-12-02T03:16:51
ORDER_000004059_PAYMENT,ORDER_000004059,UPI,SUCCESS,109717.77,2026-03-04T23:11:41
ORDER_000004060_PAYMENT,ORDER_000004060,WALLET,SUCCESS,431515.93,2026-04-10T11:50:44
ORDER_000004061_PAYMENT,ORDER_000004061,DEBIT_CARD,SUCCESS,703317.07,2026-10-13T06:04:24
ORDER_000004062_PAYMENT,ORDER_000004062,UPI,SUCCESS,724028.37,2026-11-02T18:37:01
ORDER_000004063_PAYMENT,ORDER_000004063,UPI,SUCCESS,209326.91,2026-08-05T19:41:35
ORDER_000004064_PAYMENT,ORDER_000004064,UPI,SUCCESS,641596.90,2026-07-11T13:22:50
ORDER_000004065_PAYMENT,ORDER_000004065,WALLET,SUCCESS,518279.71,2026-05-19T11:16:03
ORDER_000004066_PAYMENT,ORDER_000004066,UPI,SUCCESS,417666.62,2026-05-25T14:58:16
ORDER_000004067_PAYMENT,ORDER_000004067,DEBIT_CARD,SUCCESS,205413.42,2026-10-19T12:16:33
ORDER_000004068_PAYMENT,ORDER_000004068,UPI,SUCCESS,550371.99,2026-03-18T01:51:37
ORDER_000004069_PAYMENT,ORDER_000004069,UPI,SUCCESS,268224.27,2026-07-05T06:49:25
ORDER_000004070_PAYMENT,ORDER_000004070,UPI,SUCCESS,824390.81,2026-04-22T10:44:33
ORDER_000004071_PAYMENT,ORDER_000004071,UPI,SUCCESS,278487.12,2026-01-22T20:19:33
ORDER_000004072_PAYMENT,ORDER_000004072,CREDIT_CARD,SUCCESS,454900.50,2026-08-02T21:11:04
ORDER_000004073_PAYMENT,ORDER_000004073,UPI,SUCCESS,575975.66,2026-04-03T06:35:09
ORDER_000004074_PAYMENT,ORDER_000004074,UPI,SUCCESS,603203.62,2026-04-15T08:57:32
ORDER_000004075_PAYMENT,ORDER_000004075,CREDIT_CARD,SUCCESS,497614.51,2026-03-14T06:50:51
ORDER_000004076_PAYMENT,ORDER_000004076,UPI,SUCCESS,643663.61,2026-10-05T20:24:16
ORDER_000004077_PAYMENT,ORDER_000004077,DEBIT_CARD,SUCCESS,295988.88,2026-01-06T12:04:05
ORDER_000004078_PAYMENT,ORDER_000004078,NET_BANKING,SUCCESS,284901.18,2026-07-14T23:31:12
ORDER_000004079_PAYMENT,ORDER_000004079,NET_BANKING,SUCCESS,525850.32,2026-11-01T08:38:57
ORDER_000004080_PAYMENT,ORDER_000004080,NET_BANKING,SUCCESS,123080.71,2026-01-16T05:45:27
ORDER_000004081_PAYMENT,ORDER_000004081,UPI,SUCCESS,448736.94,2026-05-21T11:17:25
ORDER_000004082_PAYMENT,ORDER_000004082,NET_BANKING,SUCCESS,253906.28,2026-05-24T19:09:17
ORDER_000004083_PAYMENT,ORDER_000004083,DEBIT_CARD,SUCCESS,401666.48,2026-04-21T07:00:12
ORDER_000004084_PAYMENT,ORDER_000004084,DEBIT_CARD,SUCCESS,478760.79,2026-01-06T02:04:20
ORDER_000004085_PAYMENT,ORDER_000004085,UPI,FAILED,711613.87,2026-10-27T04:08:44
ORDER_000004086_PAYMENT,ORDER_000004086,CREDIT_CARD,SUCCESS,98266.01,2026-10-26T11:03:05
ORDER_000004087_PAYMENT,ORDER_000004087,DEBIT_CARD,SUCCESS,612030.25,2026-02-19T11:22:47
ORDER_000004088_PAYMENT,ORDER_000004088,UPI,SUCCESS,1227527.75,2026-02-21T22:16:51
ORDER_000004089_PAYMENT,ORDER_000004089,DEBIT_CARD,SUCCESS,497971.79,2026-05-11T21:58:18
ORDER_000004090_PAYMENT,ORDER_000004090,NET_BANKING,SUCCESS,342848.41,2026-09-02T16:38:46
ORDER_000004091_PAYMENT,ORDER_000004091,UPI,SUCCESS,482188.54,2026-01-09T19:57:22
ORDER_000004092_PAYMENT,ORDER_000004092,NET_BANKING,SUCCESS,767024.60,2026-01-05T03:57:37
ORDER_000004093_PAYMENT,ORDER_000004093,CREDIT_CARD,SUCCESS,472449.82,2026-03-15T03:27:19
ORDER_000004094_PAYMENT,ORDER_000004094,NET_BANKING,SUCCESS,217300.26,2026-05-07T06:04:48
ORDER_000004095_PAYMENT,ORDER_000004095,WALLET,SUCCESS,627015.08,2026-12-08T11:33:12
ORDER_000004096_PAYMENT,ORDER_000004096,UPI,SUCCESS,456230.09,2026-08-05T06:09:08
ORDER_000004097_PAYMENT,ORDER_000004097,UPI,SUCCESS,319275.49,2026-10-07T10:46:14
ORDER_000004098_PAYMENT,ORDER_000004098,CREDIT_CARD,SUCCESS,522303.38,2026-03-09T15:59:15
ORDER_000004099_PAYMENT,ORDER_000004099,DEBIT_CARD,SUCCESS,165568.35,2026-04-24T02:06:41
ORDER_000004100_PAYMENT,ORDER_000004100,UPI,SUCCESS,692704.01,2026-01-15T21:57:06
ORDER_000004101_PAYMENT,ORDER_000004101,UPI,SUCCESS,493970.48,2026-10-06T02:11:13
ORDER_000004102_PAYMENT,ORDER_000004102,UPI,FAILED,529784.00,2026-10-10T03:00:11
ORDER_000004103_PAYMENT,ORDER_000004103,UPI,SUCCESS,270993.12,2026-07-24T05:42:32
ORDER_000004104_PAYMENT,ORDER_000004104,CREDIT_CARD,SUCCESS,595927.93,2026-12-09T04:39:51
ORDER_000004105_PAYMENT,ORDER_000004105,UPI,SUCCESS,505045.62,2026-08-09T07:01:37
ORDER_000004106_PAYMENT,ORDER_000004106,DEBIT_CARD,SUCCESS,417725.81,2026-06-20T09:00:06
ORDER_000004107_PAYMENT,ORDER_000004107,WALLET,SUCCESS,228319.66,2026-11-21T23:45:13
ORDER_000004108_PAYMENT,ORDER_000004108,UPI,SUCCESS,487903.30,2026-09-10T01:26:58
ORDER_000004109_PAYMENT,ORDER_000004109,UPI,SUCCESS,326199.88,2026-11-21T09:46:07
ORDER_000004110_PAYMENT,ORDER_000004110,UPI,FAILED,611117.81,2026-11-18T14:53:20
ORDER_000004111_PAYMENT,ORDER_000004111,NET_BANKING,SUCCESS,460916.26,2026-07-07T16:38:33
ORDER_000004112_PAYMENT,ORDER_000004112,CREDIT_CARD,SUCCESS,166224.24,2026-02-20T12:15:54
ORDER_000004113_PAYMENT,ORDER_000004113,UPI,SUCCESS,217137.60,2026-10-04T17:14:16
ORDER_000004114_PAYMENT,ORDER_000004114,NET_BANKING,SUCCESS,227016.00,2026-07-25T10:44:52
ORDER_000004115_PAYMENT,ORDER_000004115,UPI,SUCCESS,181242.07,2026-04-30T23:20:10
ORDER_000004116_PAYMENT,ORDER_000004116,CREDIT_CARD,FAILED,354387.96,2026-12-22T13:08:07
ORDER_000004117_PAYMENT,ORDER_000004117,NET_BANKING,SUCCESS,453643.11,2026-05-13T06:19:06
ORDER_000004118_PAYMENT,ORDER_000004118,UPI,SUCCESS,170947.78,2026-06-11T15:11
ORDER_000004119_PAYMENT,ORDER_000004119,CREDIT_CARD,SUCCESS,231906.43,2026-05-24T07:11:01
ORDER_000004120_PAYMENT,ORDER_000004120,CREDIT_CARD,SUCCESS,641798.25,2026-01-12T20:06:08
ORDER_000004121_PAYMENT,ORDER_000004121,DEBIT_CARD,SUCCESS,319171.23,2026-07-21T20:31:10
ORDER_000004122_PAYMENT,ORDER_000004122,CREDIT_CARD,SUCCESS,793810.80,2026-11-05T19:13:30
ORDER_000004123_PAYMENT,ORDER_000004123,CREDIT_CARD,SUCCESS,625996.96,2026-11-01T01:54:22
ORDER_000004124_PAYMENT,ORDER_000004124,CREDIT_CARD,SUCCESS,429637.66,2026-10-03T21:46:01
ORDER_000004125_PAYMENT,ORDER_000004125,CREDIT_CARD,SUCCESS,525133.00,2026-08-20T06:09:11
ORDER_000004126_PAYMENT,ORDER_000004126,UPI,SUCCESS,426904.42,2026-11-09T10:26:48
ORDER_000004127_PAYMENT,ORDER_000004127,UPI,FAILED,674711.22,2026-12-24T20:03:07
ORDER_000004128_PAYMENT,ORDER_000004128,CREDIT_CARD,SUCCESS,172806.72,2026-03-07T15:45:54
ORDER_000004129_PAYMENT,ORDER_000004129,CREDIT_CARD,SUCCESS,339083.21,2026-06-22T14:53:59
ORDER_000004130_PAYMENT,ORDER_000004130,DEBIT_CARD,SUCCESS,901407.26,2026-04-09T13:13:27
ORDER_000004131_PAYMENT,ORDER_000004131,UPI,FAILED,459021.47,2026-04-25T14:25:41
ORDER_000004132_PAYMENT,ORDER_000004132,UPI,SUCCESS,464823.97,2026-09-23T09:18:57
ORDER_000004133_PAYMENT,ORDER_000004133,UPI,SUCCESS,817418.50,2026-11-05T17:53:33
ORDER_000004134_PAYMENT,ORDER_000004134,CREDIT_CARD,SUCCESS,474456.80,2026-10-19T01:53:51
ORDER_000004135_PAYMENT,ORDER_000004135,UPI,SUCCESS,565456.96,2026-11-13T14:43:25
ORDER_000004136_PAYMENT,ORDER_000004136,NET_BANKING,SUCCESS,277921.60,2026-04-05T01:19:50
ORDER_000004137_PAYMENT,ORDER_000004137,CREDIT_CARD,SUCCESS,432708.57,2026-02-17T22:03:40
ORDER_000004138_PAYMENT,ORDER_000004138,DEBIT_CARD,SUCCESS,536533.02,2026-11-10T10:52:21
ORDER_000004139_PAYMENT,ORDER_000004139,CREDIT_CARD,SUCCESS,308462.29,2026-09-29T20:43:07
ORDER_000004140_PAYMENT,ORDER_000004140,UPI,SUCCESS,651473.83,2026-12-13T03:52:28
ORDER_000004141_PAYMENT,ORDER_000004141,UPI,SUCCESS,323553.62,2026-07-04T11:11:09
ORDER_000004142_PAYMENT,ORDER_000004142,UPI,SUCCESS,407473.19,2026-04-05T05:57:20
ORDER_000004143_PAYMENT,ORDER_000004143,WALLET,SUCCESS,517329.59,2026-01-31T18:23:31
ORDER_000004144_PAYMENT,ORDER_000004144,UPI,SUCCESS,652045.15,2026-02-23T13:07:28
ORDER_000004145_PAYMENT,ORDER_000004145,NET_BANKING,SUCCESS,566565.84,2026-04-30T18:40:42
ORDER_000004146_PAYMENT,ORDER_000004146,UPI,SUCCESS,401179.80,2026-07-15T05:27:41
ORDER_000004147_PAYMENT,ORDER_000004147,DEBIT_CARD,SUCCESS,220441.05,2026-10-16T04:26:03
ORDER_000004148_PAYMENT,ORDER_000004148,WALLET,FAILED,654894.95,2026-12-09T09:11:03
ORDER_000004149_PAYMENT,ORDER_000004149,UPI,SUCCESS,204414.83,2026-01-17T11:14:28
ORDER_000004150_PAYMENT,ORDER_000004150,UPI,SUCCESS,553973.54,2026-10-07T02:57:46
ORDER_000004151_PAYMENT,ORDER_000004151,UPI,SUCCESS,498938.05,2026-04-15T01:34:49
ORDER_000004152_PAYMENT,ORDER_000004152,UPI,SUCCESS,268810.97,2026-03-05T17:26:16
ORDER_000004153_PAYMENT,ORDER_000004153,UPI,SUCCESS,299765.01,2026-09-05T23:02:04
ORDER_000004154_PAYMENT,ORDER_000004154,DEBIT_CARD,SUCCESS,368458.41,2026-03-19T19:05:46
ORDER_000004155_PAYMENT,ORDER_000004155,CREDIT_CARD,SUCCESS,720299.95,2026-09-29T19:33:16
ORDER_000004156_PAYMENT,ORDER_000004156,CREDIT_CARD,FAILED,212127.16,2026-03-02T18:39:27
ORDER_000004157_PAYMENT,ORDER_000004157,CREDIT_CARD,SUCCESS,206003.63,2026-07-29T02:42:39
ORDER_000004158_PAYMENT,ORDER_000004158,UPI,SUCCESS,372731.87,2026-10-17T13:03:50
ORDER_000004159_PAYMENT,ORDER_000004159,UPI,SUCCESS,175194.76,2026-04-02T19:27:23
ORDER_000004160_PAYMENT,ORDER_000004160,CREDIT_CARD,SUCCESS,306372.84,2026-03-05T20:36:11
ORDER_000004161_PAYMENT,ORDER_000004161,DEBIT_CARD,SUCCESS,508369.84,2026-11-27T20:59:18
ORDER_000004162_PAYMENT,ORDER_000004162,CREDIT_CARD,SUCCESS,469194.31,2026-08-11T14:56:39
ORDER_000004163_PAYMENT,ORDER_000004163,CREDIT_CARD,SUCCESS,360856.51,2026-11-06T16:40:18
ORDER_000004164_PAYMENT,ORDER_000004164,UPI,SUCCESS,552954.76,2026-01-03T07:24:19
ORDER_000004165_PAYMENT,ORDER_000004165,UPI,SUCCESS,601147.09,2026-03-03T00:31:54
ORDER_000004166_PAYMENT,ORDER_000004166,UPI,SUCCESS,1197502.18,2026-06-29T14:10:12
ORDER_000004167_PAYMENT,ORDER_000004167,UPI,SUCCESS,520617.32,2026-01-04T11:07:17
ORDER_000004168_PAYMENT,ORDER_000004168,UPI,SUCCESS,518985.38,2026-02-22T06:31:50
ORDER_000004169_PAYMENT,ORDER_000004169,UPI,SUCCESS,598281.34,2026-06-11T14:18:57
ORDER_000004170_PAYMENT,ORDER_000004170,DEBIT_CARD,SUCCESS,436090.40,2026-08-07T01:38:17
ORDER_000004171_PAYMENT,ORDER_000004171,UPI,SUCCESS,291303.98,2026-11-10T10:47:30
ORDER_000004172_PAYMENT,ORDER_000004172,UPI,SUCCESS,789306.84,2026-02-06T23:58:04
ORDER_000004173_PAYMENT,ORDER_000004173,UPI,SUCCESS,636554.03,2026-11-02T04:59:35
ORDER_000004174_PAYMENT,ORDER_000004174,WALLET,SUCCESS,671239.08,2026-09-25T12:14:35
ORDER_000004175_PAYMENT,ORDER_000004175,UPI,SUCCESS,200909.84,2026-01-17T11:59:36
ORDER_000004176_PAYMENT,ORDER_000004176,UPI,SUCCESS,451874.25,2026-04-08T15:56:35
ORDER_000004177_PAYMENT,ORDER_000004177,DEBIT_CARD,SUCCESS,356490.03,2026-11-22T02:07:07
ORDER_000004178_PAYMENT,ORDER_000004178,NET_BANKING,SUCCESS,825974.17,2026-09-24T17:27:41
ORDER_000004179_PAYMENT,ORDER_000004179,UPI,SUCCESS,161222.38,2026-05-31T14:30:28
ORDER_000004180_PAYMENT,ORDER_000004180,CREDIT_CARD,SUCCESS,112793.94,2026-09-05T10:54:05
ORDER_000004181_PAYMENT,ORDER_000004181,UPI,SUCCESS,527024.37,2026-03-02T21:25:57
ORDER_000004182_PAYMENT,ORDER_000004182,CREDIT_CARD,SUCCESS,868474.63,2026-09-08T23:29:54
ORDER_000004183_PAYMENT,ORDER_000004183,UPI,SUCCESS,244750.72,2026-02-13T17:47:45
ORDER_000004184_PAYMENT,ORDER_000004184,DEBIT_CARD,SUCCESS,458238.63,2026-03-09T10:43:11
ORDER_000004185_PAYMENT,ORDER_000004185,DEBIT_CARD,SUCCESS,87628.77,2026-03-28T10:52:32
ORDER_000004186_PAYMENT,ORDER_000004186,CREDIT_CARD,SUCCESS,277045.30,2026-08-16T17:06:20
ORDER_000004187_PAYMENT,ORDER_000004187,UPI,SUCCESS,489486.50,2026-08-12T02:51:13
ORDER_000004188_PAYMENT,ORDER_000004188,WALLET,FAILED,859899.96,2026-01-04T12:54:13
ORDER_000004189_PAYMENT,ORDER_000004189,CREDIT_CARD,SUCCESS,406103.35,2026-08-08T13:46:32
ORDER_000004190_PAYMENT,ORDER_000004190,UPI,SUCCESS,690150.55,2026-05-21T12:19:43
ORDER_000004191_PAYMENT,ORDER_000004191,UPI,SUCCESS,298165.02,2026-11-30T00:07:38
ORDER_000004192_PAYMENT,ORDER_000004192,DEBIT_CARD,SUCCESS,580057.92,2026-06-19T15:34:24
ORDER_000004193_PAYMENT,ORDER_000004193,CREDIT_CARD,SUCCESS,379489.79,2026-02-05T04:16:44
ORDER_000004194_PAYMENT,ORDER_000004194,CREDIT_CARD,SUCCESS,435213.90,2026-10-23T18:04:42
ORDER_000004195_PAYMENT,ORDER_000004195,UPI,SUCCESS,390213.72,2026-04-07T19:31:48
ORDER_000004196_PAYMENT,ORDER_000004196,CREDIT_CARD,FAILED,604684.64,2026-04-12T13:52:20
ORDER_000004197_PAYMENT,ORDER_000004197,CREDIT_CARD,SUCCESS,538561.32,2026-01-04T22:15:03
ORDER_000004198_PAYMENT,ORDER_000004198,UPI,FAILED,645662.83,2026-11-05T23:35:52
ORDER_000004199_PAYMENT,ORDER_000004199,CREDIT_CARD,SUCCESS,667221.78,2026-01-21T14:23:05
ORDER_000004200_PAYMENT,ORDER_000004200,DEBIT_CARD,SUCCESS,455537.39,2026-09-24T09:13:37
ORDER_000004201_PAYMENT,ORDER_000004201,UPI,SUCCESS,399034.86,2026-11-15T04:19:45
ORDER_000004202_PAYMENT,ORDER_000004202,UPI,SUCCESS,295870.04,2026-03-07T20:36:55
ORDER_000004203_PAYMENT,ORDER_000004203,UPI,SUCCESS,347631.22,2026-06-20T19:33:46
ORDER_000004204_PAYMENT,ORDER_000004204,UPI,SUCCESS,612982.91,2026-09-02T06:42:34
ORDER_000004205_PAYMENT,ORDER_000004205,UPI,SUCCESS,449760.83,2026-06-24T02:28:25
ORDER_000004206_PAYMENT,ORDER_000004206,UPI,SUCCESS,501873.57,2026-09-06T01:39:07
ORDER_000004207_PAYMENT,ORDER_000004207,UPI,SUCCESS,166568.17,2026-09-03T02:14:39
ORDER_000004208_PAYMENT,ORDER_000004208,CREDIT_CARD,SUCCESS,797676.95,2026-05-28T00:34:33
ORDER_000004209_PAYMENT,ORDER_000004209,CREDIT_CARD,SUCCESS,163238.22,2026-08-12T00:27:08
ORDER_000004210_PAYMENT,ORDER_000004210,WALLET,SUCCESS,313362.76,2026-06-01T13:54:20
ORDER_000004211_PAYMENT,ORDER_000004211,CREDIT_CARD,SUCCESS,384483.38,2026-12-08T19:12:21
ORDER_000004212_PAYMENT,ORDER_000004212,CREDIT_CARD,SUCCESS,232632.74,2026-01-13T05:34:39
ORDER_000004213_PAYMENT,ORDER_000004213,NET_BANKING,FAILED,360373.72,2026-10-11T13:08:37
ORDER_000004214_PAYMENT,ORDER_000004214,UPI,SUCCESS,285554.35,2026-05-29T04:15:40
ORDER_000004215_PAYMENT,ORDER_000004215,NET_BANKING,SUCCESS,546220.87,2026-03-16T11:32:12
ORDER_000004216_PAYMENT,ORDER_000004216,DEBIT_CARD,SUCCESS,620458.88,2026-03-10T19:11:23
ORDER_000004217_PAYMENT,ORDER_000004217,UPI,SUCCESS,738944.47,2026-09-12T14:56:49
ORDER_000004218_PAYMENT,ORDER_000004218,DEBIT_CARD,SUCCESS,536391.87,2026-02-20T19:57:53
ORDER_000004219_PAYMENT,ORDER_000004219,UPI,SUCCESS,458364.35,2026-09-23T02:06:35
ORDER_000004220_PAYMENT,ORDER_000004220,WALLET,SUCCESS,692969.93,2026-01-06T07:20:22
ORDER_000004221_PAYMENT,ORDER_000004221,UPI,FAILED,280613.03,2026-03-30T22:12:54
ORDER_000004222_PAYMENT,ORDER_000004222,UPI,SUCCESS,330636.97,2026-06-22T22:03:16
ORDER_000004223_PAYMENT,ORDER_000004223,NET_BANKING,SUCCESS,606614.27,2026-11-13T14:08:20
ORDER_000004224_PAYMENT,ORDER_000004224,UPI,FAILED,113345.85,2026-04-08T16:40:28
ORDER_000004225_PAYMENT,ORDER_000004225,WALLET,SUCCESS,545941.56,2026-12-16T04:28:56
ORDER_000004226_PAYMENT,ORDER_000004226,WALLET,SUCCESS,605034.17,2026-04-10T01:57:35
ORDER_000004227_PAYMENT,ORDER_000004227,DEBIT_CARD,SUCCESS,494495.94,2026-01-19T10:43:19
ORDER_000004228_PAYMENT,ORDER_000004228,WALLET,SUCCESS,397016.38,2026-02-08T05:36:01
ORDER_000004229_PAYMENT,ORDER_000004229,DEBIT_CARD,SUCCESS,432963.00,2026-09-15T22:56:26
ORDER_000004230_PAYMENT,ORDER_000004230,CREDIT_CARD,SUCCESS,493471.80,2026-11-17T18:15:33
ORDER_000004231_PAYMENT,ORDER_000004231,UPI,SUCCESS,357454.57,2026-10-17T07:01:35
ORDER_000004232_PAYMENT,ORDER_000004232,DEBIT_CARD,SUCCESS,181239.51,2026-08-23T01:16:24
ORDER_000004233_PAYMENT,ORDER_000004233,CREDIT_CARD,SUCCESS,705140.44,2026-09-03T05:17:39
ORDER_000004234_PAYMENT,ORDER_000004234,UPI,SUCCESS,63393.00,2026-10-26T16:45:12
ORDER_000004235_PAYMENT,ORDER_000004235,WALLET,SUCCESS,412478.49,2026-01-05T01:28:33
ORDER_000004236_PAYMENT,ORDER_000004236,WALLET,SUCCESS,473084.14,2026-10-25T13:31:52
ORDER_000004237_PAYMENT,ORDER_000004237,WALLET,SUCCESS,147931.97,2026-01-09T16:18:59
ORDER_000004238_PAYMENT,ORDER_000004238,WALLET,SUCCESS,269648.60,2026-01-17T21:51:14
ORDER_000004239_PAYMENT,ORDER_000004239,UPI,SUCCESS,224363.95,2026-03-31T11:02:19
ORDER_000004240_PAYMENT,ORDER_000004240,UPI,SUCCESS,501456.52,2026-01-03T16:26:25
ORDER_000004241_PAYMENT,ORDER_000004241,CREDIT_CARD,SUCCESS,486970.93,2026-08-19T19:52:59
ORDER_000004242_PAYMENT,ORDER_000004242,UPI,SUCCESS,140766.92,2026-07-04T15:11:55
ORDER_000004243_PAYMENT,ORDER_000004243,DEBIT_CARD,SUCCESS,477535.64,2026-11-18T16:48:10
ORDER_000004244_PAYMENT,ORDER_000004244,WALLET,SUCCESS,706383.74,2026-05-04T18:42:48
ORDER_000004245_PAYMENT,ORDER_000004245,CREDIT_CARD,SUCCESS,207543.23,2026-10-02T16:34:52
ORDER_000004246_PAYMENT,ORDER_000004246,UPI,SUCCESS,422423.20,2026-07-04T08:51:35
ORDER_000004247_PAYMENT,ORDER_000004247,CREDIT_CARD,SUCCESS,500230.94,2026-12-10T05:45:56
ORDER_000004248_PAYMENT,ORDER_000004248,WALLET,SUCCESS,433699.13,2026-03-03T15:47:08
ORDER_000004249_PAYMENT,ORDER_000004249,DEBIT_CARD,SUCCESS,294320.81,2026-12-12T16:35
ORDER_000004250_PAYMENT,ORDER_000004250,WALLET,SUCCESS,360123.36,2026-11-06T20:18:44
ORDER_000004251_PAYMENT,ORDER_000004251,UPI,SUCCESS,468406.49,2026-09-12T07:54
ORDER_000004252_PAYMENT,ORDER_000004252,DEBIT_CARD,SUCCESS,349786.18,2026-03-03T08:33:07
ORDER_000004253_PAYMENT,ORDER_000004253,DEBIT_CARD,SUCCESS,411711.87,2026-04-01T16:05:27
ORDER_000004254_PAYMENT,ORDER_000004254,CREDIT_CARD,SUCCESS,353898.53,2026-04-08T15:01:18
ORDER_000004255_PAYMENT,ORDER_000004255,UPI,SUCCESS,777255.94,2026-12-08T17:28:37
ORDER_000004256_PAYMENT,ORDER_000004256,DEBIT_CARD,SUCCESS,499994.88,2026-03-03T02:45:32
ORDER_000004257_PAYMENT,ORDER_000004257,UPI,SUCCESS,244015.21,2026-04-18T21:55:58
ORDER_000004258_PAYMENT,ORDER_000004258,WALLET,SUCCESS,688955.69,2026-09-11T21:48:30
ORDER_000004259_PAYMENT,ORDER_000004259,DEBIT_CARD,SUCCESS,380478.42,2026-04-18T21:03:06
ORDER_000004260_PAYMENT,ORDER_000004260,NET_BANKING,SUCCESS,194797.73,2026-11-01T23:26:16
ORDER_000004261_PAYMENT,ORDER_000004261,WALLET,SUCCESS,583312.52,2026-10-11T23:00:09
ORDER_000004262_PAYMENT,ORDER_000004262,UPI,SUCCESS,399066.54,2026-05-08T01:05:12
ORDER_000004263_PAYMENT,ORDER_000004263,CREDIT_CARD,SUCCESS,705592.91,2026-10-18T18:32:44
ORDER_000004264_PAYMENT,ORDER_000004264,CREDIT_CARD,SUCCESS,281892.07,2026-09-02T03:06:30
ORDER_000004265_PAYMENT,ORDER_000004265,WALLET,SUCCESS,97932.78,2026-10-19T05:08:40
ORDER_000004266_PAYMENT,ORDER_000004266,UPI,SUCCESS,283085.18,2026-04-04T05:14:45
ORDER_000004267_PAYMENT,ORDER_000004267,UPI,SUCCESS,482997.93,2026-06-03T01:24:50
ORDER_000004268_PAYMENT,ORDER_000004268,NET_BANKING,SUCCESS,145094.94,2026-09-05T10:14:05
ORDER_000004269_PAYMENT,ORDER_000004269,DEBIT_CARD,SUCCESS,225911.17,2026-11-04T14:17:08
ORDER_000004270_PAYMENT,ORDER_000004270,UPI,SUCCESS,269138.38,2026-12-02T04:23:48
ORDER_000004271_PAYMENT,ORDER_000004271,UPI,SUCCESS,745964.71,2026-09-07T16:40:32
ORDER_000004272_PAYMENT,ORDER_000004272,UPI,SUCCESS,337866.84,2026-09-17T11:08:43
ORDER_000004273_PAYMENT,ORDER_000004273,CREDIT_CARD,SUCCESS,120717.73,2026-12-08T16:09:21
ORDER_000004274_PAYMENT,ORDER_000004274,UPI,SUCCESS,211065.41,2026-07-12T02:16:31
ORDER_000004275_PAYMENT,ORDER_000004275,CREDIT_CARD,SUCCESS,516881.25,2026-10-20T20:53:47
ORDER_000004276_PAYMENT,ORDER_000004276,CREDIT_CARD,SUCCESS,369741.33,2026-06-19T02:02:29
ORDER_000004277_PAYMENT,ORDER_000004277,UPI,SUCCESS,680319.94,2026-03-15T20:03:54
ORDER_000004278_PAYMENT,ORDER_000004278,UPI,SUCCESS,816025.06,2026-05-25T17:23:14
ORDER_000004279_PAYMENT,ORDER_000004279,UPI,SUCCESS,865218.09,2026-10-12T14:21:04
ORDER_000004280_PAYMENT,ORDER_000004280,WALLET,SUCCESS,567243.18,2026-05-29T00:36:02
ORDER_000004281_PAYMENT,ORDER_000004281,CREDIT_CARD,SUCCESS,303716.51,2026-12-18T04:39:27
ORDER_000004282_PAYMENT,ORDER_000004282,UPI,SUCCESS,492016.98,2026-01-26T19:02:36
ORDER_000004283_PAYMENT,ORDER_000004283,UPI,SUCCESS,534194.35,2026-04-04T10:17:05
ORDER_000004284_PAYMENT,ORDER_000004284,NET_BANKING,SUCCESS,347151.56,2026-04-12T07:43:49
ORDER_000004285_PAYMENT,ORDER_000004285,UPI,SUCCESS,277865.21,2026-07-09T20:23:44
ORDER_000004286_PAYMENT,ORDER_000004286,DEBIT_CARD,SUCCESS,637401.20,2026-04-20T11:56:31
ORDER_000004287_PAYMENT,ORDER_000004287,UPI,SUCCESS,470937.07,2026-12-19T02:09:55
ORDER_000004288_PAYMENT,ORDER_000004288,UPI,FAILED,395163.62,2026-03-24T15:01:17
ORDER_000004289_PAYMENT,ORDER_000004289,UPI,SUCCESS,820808.13,2026-04-24T14:11:26
ORDER_000004290_PAYMENT,ORDER_000004290,CREDIT_CARD,SUCCESS,783474.09,2026-12-13T05:11:23
ORDER_000004291_PAYMENT,ORDER_000004291,NET_BANKING,SUCCESS,235299.96,2026-10-21T19:33:26
ORDER_000004292_PAYMENT,ORDER_000004292,UPI,SUCCESS,386930.76,2026-03-23T05:17:49
ORDER_000004293_PAYMENT,ORDER_000004293,NET_BANKING,SUCCESS,363770.45,2026-11-14T20:00:14
ORDER_000004294_PAYMENT,ORDER_000004294,NET_BANKING,SUCCESS,492148.54,2026-09-15T09:19:58
ORDER_000004295_PAYMENT,ORDER_000004295,UPI,SUCCESS,493552.73,2026-11-16T18:09:31
ORDER_000004296_PAYMENT,ORDER_000004296,CREDIT_CARD,SUCCESS,239538.07,2026-10-27T18:15:55
ORDER_000004297_PAYMENT,ORDER_000004297,CREDIT_CARD,SUCCESS,369438.37,2026-11-23T13:26:30
ORDER_000004298_PAYMENT,ORDER_000004298,CREDIT_CARD,SUCCESS,272411.55,2026-06-09T08:41:32
ORDER_000004299_PAYMENT,ORDER_000004299,UPI,SUCCESS,351099.16,2026-07-06T09:34:18
ORDER_000004300_PAYMENT,ORDER_000004300,CREDIT_CARD,SUCCESS,472305.44,2026-03-12T19:03:58
ORDER_000004301_PAYMENT,ORDER_000004301,CREDIT_CARD,SUCCESS,599748.62,2026-07-10T14:22:43
ORDER_000004302_PAYMENT,ORDER_000004302,NET_BANKING,SUCCESS,243955.22,2026-05-01T14:51:37
ORDER_000004303_PAYMENT,ORDER_000004303,CREDIT_CARD,SUCCESS,395288.94,2026-06-28T16:11:20
ORDER_000004304_PAYMENT,ORDER_000004304,UPI,SUCCESS,779085.12,2026-05-31T23:12:30
ORDER_000004305_PAYMENT,ORDER_000004305,CREDIT_CARD,SUCCESS,644922.17,2026-05-29T02:45:31
ORDER_000004306_PAYMENT,ORDER_000004306,CREDIT_CARD,SUCCESS,345812.95,2026-09-13T18:13:11
ORDER_000004307_PAYMENT,ORDER_000004307,WALLET,SUCCESS,465868.47,2026-05-06T02:25:12
ORDER_000004308_PAYMENT,ORDER_000004308,UPI,FAILED,616245.08,2026-11-11T16:40:22
ORDER_000004309_PAYMENT,ORDER_000004309,CREDIT_CARD,FAILED,639199.35,2026-11-25T05:53:41
ORDER_000004310_PAYMENT,ORDER_000004310,UPI,SUCCESS,470658.85,2026-01-26T09:55:03
ORDER_000004311_PAYMENT,ORDER_000004311,UPI,SUCCESS,349954.57,2026-05-16T09:40:45
ORDER_000004312_PAYMENT,ORDER_000004312,CREDIT_CARD,SUCCESS,263906.91,2026-06-26T13:56:43
ORDER_000004313_PAYMENT,ORDER_000004313,UPI,SUCCESS,171487.72,2026-08-24T08:27:32
ORDER_000004314_PAYMENT,ORDER_000004314,DEBIT_CARD,SUCCESS,411412.64,2026-02-12T03:43:43
ORDER_000004315_PAYMENT,ORDER_000004315,CREDIT_CARD,SUCCESS,217733.98,2026-02-05T00:16:03
ORDER_000004316_PAYMENT,ORDER_000004316,UPI,SUCCESS,254816.49,2026-11-22T23:01:26
ORDER_000004317_PAYMENT,ORDER_000004317,UPI,SUCCESS,393576.38,2026-05-23T22:43:27
ORDER_000004318_PAYMENT,ORDER_000004318,CREDIT_CARD,SUCCESS,486019.17,2026-01-03T06:33:53
ORDER_000004319_PAYMENT,ORDER_000004319,UPI,SUCCESS,561102.75,2026-06-16T05:43:44
ORDER_000004320_PAYMENT,ORDER_000004320,UPI,SUCCESS,571914.47,2026-03-30T18:00:32
ORDER_000004321_PAYMENT,ORDER_000004321,UPI,SUCCESS,419892.95,2026-04-24T10:03:15
ORDER_000004322_PAYMENT,ORDER_000004322,UPI,SUCCESS,777800.47,2026-05-05T07:51:54
ORDER_000004323_PAYMENT,ORDER_000004323,UPI,SUCCESS,413506.28,2026-08-02T18:10:20
ORDER_000004324_PAYMENT,ORDER_000004324,UPI,SUCCESS,396046.47,2026-01-20T18:23:58
ORDER_000004325_PAYMENT,ORDER_000004325,UPI,SUCCESS,242734.40,2026-01-06T06:42:48
ORDER_000004326_PAYMENT,ORDER_000004326,CREDIT_CARD,SUCCESS,266799.59,2026-06-13T02:47:41
ORDER_000004327_PAYMENT,ORDER_000004327,NET_BANKING,SUCCESS,498141.60,2026-03-21T01:13:18
ORDER_000004328_PAYMENT,ORDER_000004328,UPI,SUCCESS,532747.24,2026-03-26T22:25:42
ORDER_000004329_PAYMENT,ORDER_000004329,DEBIT_CARD,SUCCESS,902092.74,2026-12-25T20:55:14
ORDER_000004330_PAYMENT,ORDER_000004330,WALLET,SUCCESS,647943.02,2026-08-18T07:41:35
ORDER_000004331_PAYMENT,ORDER_000004331,UPI,SUCCESS,254041.18,2026-05-29T15:29:50
ORDER_000004332_PAYMENT,ORDER_000004332,DEBIT_CARD,SUCCESS,696371.90,2026-11-10T09:04:35
ORDER_000004333_PAYMENT,ORDER_000004333,WALLET,SUCCESS,167839.13,2026-05-01T19:14:04
ORDER_000004334_PAYMENT,ORDER_000004334,UPI,FAILED,305220.32,2026-10-11T00:15:27
ORDER_000004335_PAYMENT,ORDER_000004335,DEBIT_CARD,SUCCESS,373180.19,2026-01-29T00:30:12
ORDER_000004336_PAYMENT,ORDER_000004336,WALLET,SUCCESS,1020079.13,2026-10-16T18:32:37
ORDER_000004337_PAYMENT,ORDER_000004337,UPI,SUCCESS,277479.68,2026-01-09T13:26:01
ORDER_000004338_PAYMENT,ORDER_000004338,UPI,SUCCESS,221437.07,2026-09-07T22:12:37
ORDER_000004339_PAYMENT,ORDER_000004339,CREDIT_CARD,SUCCESS,276486.52,2026-11-28T18:45:48
ORDER_000004340_PAYMENT,ORDER_000004340,UPI,SUCCESS,644761.96,2026-12-06T15:38:17
ORDER_000004341_PAYMENT,ORDER_000004341,WALLET,SUCCESS,283082.17,2026-01-22T06:47:15
ORDER_000004342_PAYMENT,ORDER_000004342,WALLET,SUCCESS,476069.44,2026-01-18T05:31:14
ORDER_000004343_PAYMENT,ORDER_000004343,NET_BANKING,SUCCESS,564662.93,2026-03-02T07:19:04
ORDER_000004344_PAYMENT,ORDER_000004344,UPI,SUCCESS,484885.25,2026-12-14T12:23:25
ORDER_000004345_PAYMENT,ORDER_000004345,CREDIT_CARD,SUCCESS,514461.38,2026-01-25T12:50:28
ORDER_000004346_PAYMENT,ORDER_000004346,NET_BANKING,SUCCESS,122712.84,2026-02-02T05:01:08
ORDER_000004347_PAYMENT,ORDER_000004347,UPI,SUCCESS,263796.82,2026-03-13T13:49:05
ORDER_000004348_PAYMENT,ORDER_000004348,UPI,SUCCESS,546164.03,2026-02-02T23:10:28
ORDER_000004349_PAYMENT,ORDER_000004349,CREDIT_CARD,SUCCESS,419656.55,2026-05-12T09:00:55
ORDER_000004350_PAYMENT,ORDER_000004350,CREDIT_CARD,SUCCESS,224635.31,2026-08-06T23:10:06
ORDER_000004351_PAYMENT,ORDER_000004351,CREDIT_CARD,SUCCESS,343138.92,2026-10-11T14:24:15
ORDER_000004352_PAYMENT,ORDER_000004352,UPI,SUCCESS,319223.12,2026-11-25T10:52:31
ORDER_000004353_PAYMENT,ORDER_000004353,UPI,SUCCESS,491353.08,2026-06-29T01:26:02
ORDER_000004354_PAYMENT,ORDER_000004354,UPI,SUCCESS,290461.99,2026-09-24T17:53:38
ORDER_000004355_PAYMENT,ORDER_000004355,DEBIT_CARD,SUCCESS,461614.08,2026-10-13T04:10:11
ORDER_000004356_PAYMENT,ORDER_000004356,UPI,SUCCESS,401939.15,2026-05-23T21:28:11
ORDER_000004357_PAYMENT,ORDER_000004357,DEBIT_CARD,SUCCESS,736217.78,2026-09-02T02:56:55
ORDER_000004358_PAYMENT,ORDER_000004358,UPI,SUCCESS,494329.76,2026-07-10T07:27:42
ORDER_000004359_PAYMENT,ORDER_000004359,UPI,SUCCESS,322520.36,2026-10-15T20:58:08
ORDER_000004360_PAYMENT,ORDER_000004360,UPI,SUCCESS,281921.21,2026-12-04T23:13:01
ORDER_000004361_PAYMENT,ORDER_000004361,UPI,SUCCESS,712522.87,2026-04-04T22:58:05
ORDER_000004362_PAYMENT,ORDER_000004362,CREDIT_CARD,SUCCESS,498298.60,2026-09-13T04:25:20
ORDER_000004363_PAYMENT,ORDER_000004363,NET_BANKING,SUCCESS,401280.00,2026-11-01T19:38:08
ORDER_000004364_PAYMENT,ORDER_000004364,NET_BANKING,SUCCESS,465922.84,2026-07-30T21:55:09
ORDER_000004365_PAYMENT,ORDER_000004365,DEBIT_CARD,SUCCESS,142367.07,2026-07-23T11:22:09
ORDER_000004366_PAYMENT,ORDER_000004366,NET_BANKING,SUCCESS,727663.32,2026-05-24T12:23:48
ORDER_000004367_PAYMENT,ORDER_000004367,CREDIT_CARD,SUCCESS,514410.58,2026-04-27T00:54:26
ORDER_000004368_PAYMENT,ORDER_000004368,WALLET,SUCCESS,901128.94,2026-06-08T00:22:05
ORDER_000004369_PAYMENT,ORDER_000004369,UPI,SUCCESS,691947.97,2026-03-21T09:35:05
ORDER_000004370_PAYMENT,ORDER_000004370,UPI,SUCCESS,399403.39,2026-08-10T09:13:48
ORDER_000004371_PAYMENT,ORDER_000004371,UPI,FAILED,551031.58,2026-07-21T16:15:37
ORDER_000004372_PAYMENT,ORDER_000004372,NET_BANKING,SUCCESS,261764.72,2026-11-19T03:46:05
ORDER_000004373_PAYMENT,ORDER_000004373,CREDIT_CARD,SUCCESS,340119.63,2026-05-25T03:46:31
ORDER_000004374_PAYMENT,ORDER_000004374,UPI,SUCCESS,641025.12,2026-03-24T22:52:29
ORDER_000004375_PAYMENT,ORDER_000004375,CREDIT_CARD,SUCCESS,151086.02,2026-11-13T07:35:46
ORDER_000004376_PAYMENT,ORDER_000004376,UPI,SUCCESS,422232.49,2026-04-27T08:25:38
ORDER_000004377_PAYMENT,ORDER_000004377,UPI,SUCCESS,202863.37,2026-01-07T15:00:34
ORDER_000004378_PAYMENT,ORDER_000004378,CREDIT_CARD,SUCCESS,607341.91,2026-04-09T05:02:59
ORDER_000004379_PAYMENT,ORDER_000004379,UPI,SUCCESS,849760.40,2026-12-15T14:52:38
ORDER_000004380_PAYMENT,ORDER_000004380,WALLET,SUCCESS,365560.48,2026-10-15T04:55:59
ORDER_000004381_PAYMENT,ORDER_000004381,DEBIT_CARD,SUCCESS,472216.77,2026-10-24T09:25:35
ORDER_000004382_PAYMENT,ORDER_000004382,UPI,SUCCESS,681752.07,2026-12-06T22:39:50
ORDER_000004383_PAYMENT,ORDER_000004383,UPI,SUCCESS,451772.80,2026-12-14T17:24:02
ORDER_000004384_PAYMENT,ORDER_000004384,UPI,SUCCESS,712819.69,2026-06-15T19:43:55
ORDER_000004385_PAYMENT,ORDER_000004385,UPI,SUCCESS,433359.25,2026-11-15T12:56:07
ORDER_000004386_PAYMENT,ORDER_000004386,CREDIT_CARD,SUCCESS,607194.64,2026-04-28T01:27:20
ORDER_000004387_PAYMENT,ORDER_000004387,DEBIT_CARD,SUCCESS,415111.51,2026-08-30T08:44:04
ORDER_000004388_PAYMENT,ORDER_000004388,UPI,SUCCESS,650817.97,2026-03-09T21:55:46
ORDER_000004389_PAYMENT,ORDER_000004389,CREDIT_CARD,SUCCESS,511580.70,2026-10-24T19:55:19
ORDER_000004390_PAYMENT,ORDER_000004390,UPI,SUCCESS,438241.70,2026-08-07T21:54:51
ORDER_000004391_PAYMENT,ORDER_000004391,UPI,SUCCESS,358020.04,2026-08-24T10:34:25
ORDER_000004392_PAYMENT,ORDER_000004392,UPI,SUCCESS,415070.91,2026-02-14T10:11:49
ORDER_000004393_PAYMENT,ORDER_000004393,NET_BANKING,SUCCESS,397423.89,2026-02-09T12:33:42
ORDER_000004394_PAYMENT,ORDER_000004394,CREDIT_CARD,SUCCESS,308174.16,2026-01-25T03:53:26
ORDER_000004395_PAYMENT,ORDER_000004395,WALLET,SUCCESS,205528.75,2026-07-31T07:11:12
ORDER_000004396_PAYMENT,ORDER_000004396,NET_BANKING,SUCCESS,431411.12,2026-03-06T10:34:24
ORDER_000004397_PAYMENT,ORDER_000004397,WALLET,FAILED,490591.71,2026-10-20T02:37:47
ORDER_000004398_PAYMENT,ORDER_000004398,WALLET,SUCCESS,498514.48,2026-12-17T10:42:03
ORDER_000004399_PAYMENT,ORDER_000004399,UPI,SUCCESS,138881.54,2026-06-14T08:52:21
ORDER_000004400_PAYMENT,ORDER_000004400,WALLET,SUCCESS,208876.39,2026-11-29T03:10:12
ORDER_000004401_PAYMENT,ORDER_000004401,WALLET,SUCCESS,384489.29,2026-06-16T14:29:54
ORDER_000004402_PAYMENT,ORDER_000004402,CREDIT_CARD,SUCCESS,363423.92,2026-09-13T01:30:07
ORDER_000004403_PAYMENT,ORDER_000004403,CREDIT_CARD,SUCCESS,542480.46,2026-01-06T19:36:15
ORDER_000004404_PAYMENT,ORDER_000004404,UPI,SUCCESS,337783.88,2026-03-11T07:17:55
ORDER_000004405_PAYMENT,ORDER_000004405,CREDIT_CARD,SUCCESS,511289.15,2026-11-07T12:58:26
ORDER_000004406_PAYMENT,ORDER_000004406,DEBIT_CARD,SUCCESS,333476.86,2026-07-14T19:41:01
ORDER_000004407_PAYMENT,ORDER_000004407,UPI,SUCCESS,765761.47,2026-12-24T07:19:58
ORDER_000004408_PAYMENT,ORDER_000004408,CREDIT_CARD,SUCCESS,726139.48,2026-01-09T16:40:19
ORDER_000004409_PAYMENT,ORDER_000004409,DEBIT_CARD,SUCCESS,556081.66,2026-11-30T16:31:09
ORDER_000004410_PAYMENT,ORDER_000004410,UPI,SUCCESS,918598.57,2026-03-30T13:15:17
ORDER_000004411_PAYMENT,ORDER_000004411,CREDIT_CARD,SUCCESS,602354.51,2026-10-30T00:56:15
ORDER_000004412_PAYMENT,ORDER_000004412,CREDIT_CARD,SUCCESS,187482.52,2026-04-10T06:45:34
ORDER_000004413_PAYMENT,ORDER_000004413,UPI,SUCCESS,355356.84,2026-04-11T08:55:28
ORDER_000004414_PAYMENT,ORDER_000004414,UPI,SUCCESS,293563.24,2026-05-20T20:56:07
ORDER_000004415_PAYMENT,ORDER_000004415,WALLET,FAILED,65574.70,2026-07-29T08:53:32
ORDER_000004416_PAYMENT,ORDER_000004416,UPI,SUCCESS,154215.92,2026-04-07T16:31:04
ORDER_000004417_PAYMENT,ORDER_000004417,WALLET,SUCCESS,289293.06,2026-02-25T12:48:06
ORDER_000004418_PAYMENT,ORDER_000004418,UPI,SUCCESS,286718.01,2026-06-19T03:18:09
ORDER_000004419_PAYMENT,ORDER_000004419,CREDIT_CARD,SUCCESS,538951.12,2026-12-29T22:24:57
ORDER_000004420_PAYMENT,ORDER_000004420,NET_BANKING,SUCCESS,631446.11,2026-02-10T16:04:02
ORDER_000004421_PAYMENT,ORDER_000004421,UPI,SUCCESS,533976.68,2026-01-25T18:37:15
ORDER_000004422_PAYMENT,ORDER_000004422,CREDIT_CARD,SUCCESS,723665.00,2026-10-19T11:40:07
ORDER_000004423_PAYMENT,ORDER_000004423,NET_BANKING,SUCCESS,348746.98,2026-07-21T21:50:49
ORDER_000004424_PAYMENT,ORDER_000004424,DEBIT_CARD,SUCCESS,434114.39,2026-10-12T12:11:48
ORDER_000004425_PAYMENT,ORDER_000004425,UPI,SUCCESS,402304.26,2026-12-09T15:44:56
ORDER_000004426_PAYMENT,ORDER_000004426,NET_BANKING,SUCCESS,627022.18,2026-02-05T13:21:20
ORDER_000004427_PAYMENT,ORDER_000004427,CREDIT_CARD,SUCCESS,635461.41,2026-04-23T00:58:02
ORDER_000004428_PAYMENT,ORDER_000004428,UPI,SUCCESS,37940.01,2026-03-01T17:54:14
ORDER_000004429_PAYMENT,ORDER_000004429,UPI,SUCCESS,478585.78,2026-02-24T13:21:40
ORDER_000004430_PAYMENT,ORDER_000004430,DEBIT_CARD,SUCCESS,316948.61,2026-03-14T02:12:03
ORDER_000004431_PAYMENT,ORDER_000004431,UPI,SUCCESS,406152.04,2026-12-27T12:06:06
ORDER_000004432_PAYMENT,ORDER_000004432,CREDIT_CARD,SUCCESS,812735.40,2026-09-03T19:58:12
ORDER_000004433_PAYMENT,ORDER_000004433,WALLET,SUCCESS,297962.63,2026-03-31T03:58:05
ORDER_000004434_PAYMENT,ORDER_000004434,NET_BANKING,SUCCESS,450087.09,2026-01-20T09:14:19
ORDER_000004435_PAYMENT,ORDER_000004435,UPI,SUCCESS,501070.85,2026-05-30T18:24:21
ORDER_000004436_PAYMENT,ORDER_000004436,CREDIT_CARD,FAILED,348953.29,2026-01-21T17:04:12
ORDER_000004437_PAYMENT,ORDER_000004437,CREDIT_CARD,SUCCESS,244274.95,2026-02-11T08:27:37
ORDER_000004438_PAYMENT,ORDER_000004438,CREDIT_CARD,SUCCESS,134626.56,2026-11-27T02:42:50
ORDER_000004439_PAYMENT,ORDER_000004439,UPI,SUCCESS,601192.60,2026-03-04T05:31:47
ORDER_000004440_PAYMENT,ORDER_000004440,CREDIT_CARD,SUCCESS,353413.78,2026-08-23T02:09:09
ORDER_000004441_PAYMENT,ORDER_000004441,CREDIT_CARD,SUCCESS,253920.25,2026-11-29T20:19:57
ORDER_000004442_PAYMENT,ORDER_000004442,UPI,SUCCESS,368587.78,2026-02-21T09:06:05
ORDER_000004443_PAYMENT,ORDER_000004443,WALLET,FAILED,378911.21,2026-08-24T07:13:43
ORDER_000004444_PAYMENT,ORDER_000004444,CREDIT_CARD,SUCCESS,340668.94,2026-10-10T08:37:22
ORDER_000004445_PAYMENT,ORDER_000004445,UPI,SUCCESS,344471.46,2026-05-08T17:06:45
ORDER_000004446_PAYMENT,ORDER_000004446,CREDIT_CARD,SUCCESS,365347.46,2026-09-08T04:57:38
ORDER_000004447_PAYMENT,ORDER_000004447,NET_BANKING,SUCCESS,377146.53,2026-11-17T11:22:37
ORDER_000004448_PAYMENT,ORDER_000004448,DEBIT_CARD,SUCCESS,345150.92,2026-08-15T20:40:18
ORDER_000004449_PAYMENT,ORDER_000004449,DEBIT_CARD,SUCCESS,190853.54,2026-08-21T01:12:41
ORDER_000004450_PAYMENT,ORDER_000004450,UPI,FAILED,562168.36,2026-05-02T15:59:11
ORDER_000004451_PAYMENT,ORDER_000004451,DEBIT_CARD,SUCCESS,326257.63,2026-03-11T20:19:30
ORDER_000004452_PAYMENT,ORDER_000004452,CREDIT_CARD,SUCCESS,747432.28,2026-09-06T17:58:19
ORDER_000004453_PAYMENT,ORDER_000004453,DEBIT_CARD,FAILED,114805.84,2026-02-19T12:59:31
ORDER_000004454_PAYMENT,ORDER_000004454,CREDIT_CARD,SUCCESS,330777.29,2026-12-14T11:02:53
ORDER_000004455_PAYMENT,ORDER_000004455,CREDIT_CARD,SUCCESS,125134.36,2026-01-22T09:51:31
ORDER_000004456_PAYMENT,ORDER_000004456,UPI,SUCCESS,451938.72,2026-01-28T10:14:52
ORDER_000004457_PAYMENT,ORDER_000004457,NET_BANKING,FAILED,127823.65,2026-11-24T17:02:55
ORDER_000004458_PAYMENT,ORDER_000004458,CREDIT_CARD,SUCCESS,622680.52,2026-05-24T10:55:14
ORDER_000004459_PAYMENT,ORDER_000004459,WALLET,SUCCESS,346665.17,2026-09-27T13:21:44
ORDER_000004460_PAYMENT,ORDER_000004460,CREDIT_CARD,SUCCESS,602034.78,2026-06-20T08:57:42
ORDER_000004461_PAYMENT,ORDER_000004461,UPI,SUCCESS,604056.09,2026-10-15T07:47:22
ORDER_000004462_PAYMENT,ORDER_000004462,UPI,SUCCESS,203002.27,2026-10-12T18:42:16
ORDER_000004463_PAYMENT,ORDER_000004463,WALLET,SUCCESS,318007.70,2026-11-30T00:07:49
ORDER_000004464_PAYMENT,ORDER_000004464,UPI,SUCCESS,317723.76,2026-08-15T23:20:04
ORDER_000004465_PAYMENT,ORDER_000004465,WALLET,SUCCESS,322723.34,2026-06-21T11:39:01
ORDER_000004466_PAYMENT,ORDER_000004466,UPI,SUCCESS,833818.71,2026-01-05T12:54:44
ORDER_000004467_PAYMENT,ORDER_000004467,UPI,SUCCESS,246678.34,2026-03-30T13:35:54
ORDER_000004468_PAYMENT,ORDER_000004468,UPI,SUCCESS,609895.18,2026-06-11T06:25:39
ORDER_000004469_PAYMENT,ORDER_000004469,CREDIT_CARD,SUCCESS,45127.36,2026-09-28T13:03:25
ORDER_000004470_PAYMENT,ORDER_000004470,CREDIT_CARD,SUCCESS,238640.25,2026-05-26T17:20:37
ORDER_000004471_PAYMENT,ORDER_000004471,UPI,SUCCESS,1041623.64,2026-02-03T05:38:26
ORDER_000004472_PAYMENT,ORDER_000004472,UPI,SUCCESS,718639.33,2026-09-01T15:07:29
ORDER_000004473_PAYMENT,ORDER_000004473,UPI,FAILED,390469.46,2026-10-05T18:52:22
ORDER_000004474_PAYMENT,ORDER_000004474,UPI,SUCCESS,456418.49,2026-05-20T12:58:10
ORDER_000004475_PAYMENT,ORDER_000004475,CREDIT_CARD,SUCCESS,270474.60,2026-02-17T21:03:07
ORDER_000004476_PAYMENT,ORDER_000004476,UPI,SUCCESS,629050.52,2026-12-04T11:37:34
ORDER_000004477_PAYMENT,ORDER_000004477,UPI,SUCCESS,245019.32,2026-10-08T07:39:46
ORDER_000004478_PAYMENT,ORDER_000004478,UPI,SUCCESS,505588.86,2026-01-28T14:49:41
ORDER_000004479_PAYMENT,ORDER_000004479,UPI,SUCCESS,340896.91,2026-11-15T13:40:44
ORDER_000004480_PAYMENT,ORDER_000004480,DEBIT_CARD,SUCCESS,314893.26,2026-05-05T02:59:06
ORDER_000004481_PAYMENT,ORDER_000004481,WALLET,SUCCESS,663010.26,2026-08-22T06:57:11
ORDER_000004482_PAYMENT,ORDER_000004482,UPI,SUCCESS,475498.72,2026-08-24T18:57:03
ORDER_000004483_PAYMENT,ORDER_000004483,WALLET,SUCCESS,451796.90,2026-08-13T08:04:41
ORDER_000004484_PAYMENT,ORDER_000004484,UPI,SUCCESS,312027.53,2026-09-05T20:08:42
ORDER_000004485_PAYMENT,ORDER_000004485,UPI,SUCCESS,265474.60,2026-05-05T12:43:14
ORDER_000004486_PAYMENT,ORDER_000004486,UPI,SUCCESS,360251.07,2026-09-19T23:23:55
ORDER_000004487_PAYMENT,ORDER_000004487,WALLET,SUCCESS,551447.69,2026-07-30T04:27:31
ORDER_000004488_PAYMENT,ORDER_000004488,WALLET,SUCCESS,459050.70,2026-02-15T03:18:25
ORDER_000004489_PAYMENT,ORDER_000004489,UPI,SUCCESS,850056.70,2026-05-14T01:46:48
ORDER_000004490_PAYMENT,ORDER_000004490,DEBIT_CARD,SUCCESS,789316.03,2026-11-01T16:38:59
ORDER_000004491_PAYMENT,ORDER_000004491,UPI,SUCCESS,335341.32,2026-04-12T18:37:51
ORDER_000004492_PAYMENT,ORDER_000004492,UPI,SUCCESS,545076.48,2026-12-27T01:35:58
ORDER_000004493_PAYMENT,ORDER_000004493,UPI,SUCCESS,386587.05,2026-08-26T14:52:40
ORDER_000004494_PAYMENT,ORDER_000004494,NET_BANKING,SUCCESS,464147.78,2026-05-24T02:22:57
ORDER_000004495_PAYMENT,ORDER_000004495,DEBIT_CARD,SUCCESS,265626.92,2026-02-02T12:11:21
ORDER_000004496_PAYMENT,ORDER_000004496,UPI,SUCCESS,404068.70,2026-10-21T08:14:13
ORDER_000004497_PAYMENT,ORDER_000004497,UPI,FAILED,446109.42,2026-07-24T01:46:02
ORDER_000004498_PAYMENT,ORDER_000004498,UPI,SUCCESS,575504.57,2026-01-11T12:38:39
ORDER_000004499_PAYMENT,ORDER_000004499,DEBIT_CARD,SUCCESS,144808.16,2026-11-16T17:46:16
ORDER_000004500_PAYMENT,ORDER_000004500,UPI,SUCCESS,399927.60,2026-06-21T08:15:08
ORDER_000004501_PAYMENT,ORDER_000004501,UPI,SUCCESS,777854.64,2026-10-25T06:19:35
ORDER_000004502_PAYMENT,ORDER_000004502,CREDIT_CARD,SUCCESS,355438.38,2026-10-10T23:10:27
ORDER_000004503_PAYMENT,ORDER_000004503,CREDIT_CARD,SUCCESS,313988.60,2026-08-01T02:39:34
ORDER_000004504_PAYMENT,ORDER_000004504,CREDIT_CARD,SUCCESS,158660.70,2026-12-01T13:13:05
ORDER_000004505_PAYMENT,ORDER_000004505,NET_BANKING,SUCCESS,345173.77,2026-03-07T12:01:46
ORDER_000004506_PAYMENT,ORDER_000004506,CREDIT_CARD,SUCCESS,463148.29,2026-10-05T17:16:33
ORDER_000004507_PAYMENT,ORDER_000004507,UPI,SUCCESS,813224.63,2026-04-17T04:38:40
ORDER_000004508_PAYMENT,ORDER_000004508,UPI,SUCCESS,459563.26,2026-12-27T16:32:03
ORDER_000004509_PAYMENT,ORDER_000004509,CREDIT_CARD,SUCCESS,495279.63,2026-08-15T23:28:20
ORDER_000004510_PAYMENT,ORDER_000004510,UPI,SUCCESS,166944.69,2026-10-03T02:34:15
ORDER_000004511_PAYMENT,ORDER_000004511,UPI,SUCCESS,44880.93,2026-01-03T17:42:07
ORDER_000004512_PAYMENT,ORDER_000004512,NET_BANKING,SUCCESS,546854.31,2026-04-23T19:04:31
ORDER_000004513_PAYMENT,ORDER_000004513,DEBIT_CARD,SUCCESS,468047.27,2026-04-01T17:32:56
ORDER_000004514_PAYMENT,ORDER_000004514,DEBIT_CARD,SUCCESS,355409.30,2026-05-08T20:37:51
ORDER_000004515_PAYMENT,ORDER_000004515,CREDIT_CARD,SUCCESS,251196.69,2026-04-23T06:35:44
ORDER_000004516_PAYMENT,ORDER_000004516,UPI,SUCCESS,300660.45,2026-01-26T07:21:44
ORDER_000004517_PAYMENT,ORDER_000004517,WALLET,SUCCESS,198578.02,2026-12-18T00:15:40
ORDER_000004518_PAYMENT,ORDER_000004518,UPI,SUCCESS,625982.00,2026-05-10T03:52:03
ORDER_000004519_PAYMENT,ORDER_000004519,UPI,SUCCESS,221886.17,2026-01-15T03:40:22
ORDER_000004520_PAYMENT,ORDER_000004520,UPI,SUCCESS,251042.44,2026-11-07T15:41:08
ORDER_000004521_PAYMENT,ORDER_000004521,CREDIT_CARD,SUCCESS,504142.38,2026-09-14T08:52:02
ORDER_000004522_PAYMENT,ORDER_000004522,UPI,SUCCESS,248979.73,2026-08-16T11:15:54
ORDER_000004523_PAYMENT,ORDER_000004523,CREDIT_CARD,SUCCESS,470868.38,2026-12-28T05:04:12
ORDER_000004524_PAYMENT,ORDER_000004524,UPI,SUCCESS,260635.75,2026-06-21T18:42:37
ORDER_000004525_PAYMENT,ORDER_000004525,DEBIT_CARD,SUCCESS,644059.40,2026-09-07T00:59:10
ORDER_000004526_PAYMENT,ORDER_000004526,WALLET,SUCCESS,55478.39,2026-08-12T07:05:53
ORDER_000004527_PAYMENT,ORDER_000004527,UPI,SUCCESS,398676.72,2026-06-29T06:37:07
ORDER_000004528_PAYMENT,ORDER_000004528,DEBIT_CARD,SUCCESS,672779.10,2026-04-19T06:44:24
ORDER_000004529_PAYMENT,ORDER_000004529,NET_BANKING,SUCCESS,423213.38,2026-03-12T14:25:52
ORDER_000004530_PAYMENT,ORDER_000004530,NET_BANKING,SUCCESS,242046.17,2026-10-19T11:05
ORDER_000004531_PAYMENT,ORDER_000004531,DEBIT_CARD,SUCCESS,504423.35,2026-08-06T19:46:55
ORDER_000004532_PAYMENT,ORDER_000004532,NET_BANKING,SUCCESS,505542.35,2026-07-04T05:48:02
ORDER_000004533_PAYMENT,ORDER_000004533,CREDIT_CARD,SUCCESS,386275.49,2026-01-18T04:20:21
ORDER_000004534_PAYMENT,ORDER_000004534,CREDIT_CARD,SUCCESS,254577.83,2026-05-21T14:44:47
ORDER_000004535_PAYMENT,ORDER_000004535,UPI,SUCCESS,427591.89,2026-01-08T14:17:17
ORDER_000004536_PAYMENT,ORDER_000004536,UPI,SUCCESS,467182.86,2026-05-19T22:36
ORDER_000004537_PAYMENT,ORDER_000004537,UPI,SUCCESS,282917.88,2026-05-09T21:35:24
ORDER_000004538_PAYMENT,ORDER_000004538,DEBIT_CARD,SUCCESS,565090.18,2026-11-28T05:42:57
ORDER_000004539_PAYMENT,ORDER_000004539,UPI,SUCCESS,491058.32,2026-01-03T02:05:51
ORDER_000004540_PAYMENT,ORDER_000004540,UPI,SUCCESS,444210.94,2026-12-16T00:36:05
ORDER_000004541_PAYMENT,ORDER_000004541,WALLET,SUCCESS,326364.38,2026-11-25T19:28:21
ORDER_000004542_PAYMENT,ORDER_000004542,UPI,SUCCESS,231448.62,2026-12-07T18:42:49
ORDER_000004543_PAYMENT,ORDER_000004543,UPI,SUCCESS,359200.70,2026-04-20T09:59:15
ORDER_000004544_PAYMENT,ORDER_000004544,CREDIT_CARD,SUCCESS,282137.00,2026-04-21T04:12:09
ORDER_000004545_PAYMENT,ORDER_000004545,CREDIT_CARD,SUCCESS,369959.09,2026-05-01T16:17:51
ORDER_000004546_PAYMENT,ORDER_000004546,CREDIT_CARD,SUCCESS,443107.30,2026-08-29T20:34:43
ORDER_000004547_PAYMENT,ORDER_000004547,DEBIT_CARD,SUCCESS,404940.60,2026-07-05T03:26:43
ORDER_000004548_PAYMENT,ORDER_000004548,UPI,SUCCESS,744712.33,2026-06-04T00:04:57
ORDER_000004549_PAYMENT,ORDER_000004549,UPI,SUCCESS,577993.44,2026-06-28T11:11:54
ORDER_000004550_PAYMENT,ORDER_000004550,UPI,SUCCESS,281459.23,2026-03-24T20:28:31
ORDER_000004551_PAYMENT,ORDER_000004551,NET_BANKING,SUCCESS,445700.96,2026-09-14T02:19:35
ORDER_000004552_PAYMENT,ORDER_000004552,UPI,SUCCESS,713964.71,2026-02-13T06:31:05
ORDER_000004553_PAYMENT,ORDER_000004553,CREDIT_CARD,SUCCESS,542092.62,2026-09-27T06:43:39
ORDER_000004554_PAYMENT,ORDER_000004554,CREDIT_CARD,SUCCESS,664755.64,2026-11-10T20:45:26
ORDER_000004555_PAYMENT,ORDER_000004555,WALLET,SUCCESS,444487.41,2026-10-04T14:15:13
ORDER_000004556_PAYMENT,ORDER_000004556,CREDIT_CARD,SUCCESS,833855.17,2026-11-02T02:37:13
ORDER_000004557_PAYMENT,ORDER_000004557,UPI,SUCCESS,547095.67,2026-02-15T22:43:23
ORDER_000004558_PAYMENT,ORDER_000004558,DEBIT_CARD,SUCCESS,677494.78,2026-02-07T03:25:36
ORDER_000004559_PAYMENT,ORDER_000004559,UPI,SUCCESS,128494.31,2026-04-26T04:23:44
ORDER_000004560_PAYMENT,ORDER_000004560,UPI,SUCCESS,773966.95,2026-06-05T03:01:34
ORDER_000004561_PAYMENT,ORDER_000004561,UPI,SUCCESS,404893.33,2026-03-27T22:27:06
ORDER_000004562_PAYMENT,ORDER_000004562,UPI,SUCCESS,608323.66,2026-09-25T10:33:01
ORDER_000004563_PAYMENT,ORDER_000004563,WALLET,SUCCESS,214943.73,2026-09-24T23:10:49
ORDER_000004564_PAYMENT,ORDER_000004564,NET_BANKING,SUCCESS,467366.76,2026-05-10T15:49:24
ORDER_000004565_PAYMENT,ORDER_000004565,UPI,SUCCESS,307192.65,2026-08-10T03:14:11
ORDER_000004566_PAYMENT,ORDER_000004566,CREDIT_CARD,SUCCESS,344600.79,2026-10-05T20:27:26
ORDER_000004567_PAYMENT,ORDER_000004567,UPI,SUCCESS,428941.72,2026-08-09T10:08:38
ORDER_000004568_PAYMENT,ORDER_000004568,UPI,SUCCESS,304327.20,2026-07-08T10:54
ORDER_000004569_PAYMENT,ORDER_000004569,UPI,SUCCESS,443439.11,2026-07-14T17:06:16
ORDER_000004570_PAYMENT,ORDER_000004570,WALLET,FAILED,366580.20,2026-04-30T12:33:18
ORDER_000004571_PAYMENT,ORDER_000004571,UPI,SUCCESS,766936.68,2026-02-21T03:12:01
ORDER_000004572_PAYMENT,ORDER_000004572,WALLET,SUCCESS,695227.86,2026-07-13T11:07:12
ORDER_000004573_PAYMENT,ORDER_000004573,DEBIT_CARD,SUCCESS,525422.82,2026-12-25T10:04:13
ORDER_000004574_PAYMENT,ORDER_000004574,UPI,SUCCESS,507154.71,2026-02-03T09:17:26
ORDER_000004575_PAYMENT,ORDER_000004575,WALLET,SUCCESS,137525.82,2026-12-24T07:46:58
ORDER_000004576_PAYMENT,ORDER_000004576,CREDIT_CARD,SUCCESS,158505.52,2026-08-20T08:40:52
ORDER_000004577_PAYMENT,ORDER_000004577,NET_BANKING,SUCCESS,93752.92,2026-05-27T19:44:35
ORDER_000004578_PAYMENT,ORDER_000004578,UPI,FAILED,623883.16,2026-07-22T13:46:19
ORDER_000004579_PAYMENT,ORDER_000004579,UPI,FAILED,412233.92,2026-03-21T08:17:33
ORDER_000004580_PAYMENT,ORDER_000004580,CREDIT_CARD,SUCCESS,204081.19,2026-10-05T13:45:13
ORDER_000004581_PAYMENT,ORDER_000004581,WALLET,SUCCESS,523845.25,2026-12-31T18:41:41
ORDER_000004582_PAYMENT,ORDER_000004582,DEBIT_CARD,SUCCESS,237090.46,2026-11-09T12:33:51
ORDER_000004583_PAYMENT,ORDER_000004583,UPI,SUCCESS,127246.10,2026-12-26T21:05:50
ORDER_000004584_PAYMENT,ORDER_000004584,UPI,SUCCESS,147032.93,2026-11-05T08:11:34
ORDER_000004585_PAYMENT,ORDER_000004585,DEBIT_CARD,SUCCESS,279539.29,2026-01-31T21:03:10
ORDER_000004586_PAYMENT,ORDER_000004586,UPI,SUCCESS,243358.68,2026-10-22T19:09:38
ORDER_000004587_PAYMENT,ORDER_000004587,UPI,SUCCESS,383412.13,2026-06-05T05:49:38
ORDER_000004588_PAYMENT,ORDER_000004588,CREDIT_CARD,SUCCESS,915879.03,2026-11-16T14:24:01
ORDER_000004589_PAYMENT,ORDER_000004589,UPI,SUCCESS,466275.92,2026-11-05T04:30:25
ORDER_000004590_PAYMENT,ORDER_000004590,NET_BANKING,SUCCESS,631615.82,2026-07-19T01:07:51
ORDER_000004591_PAYMENT,ORDER_000004591,WALLET,SUCCESS,457404.43,2026-03-03T05:00:53
ORDER_000004592_PAYMENT,ORDER_000004592,NET_BANKING,SUCCESS,377630.52,2026-07-18T10:06:09
ORDER_000004593_PAYMENT,ORDER_000004593,UPI,SUCCESS,578195.12,2026-10-12T14:09:38
ORDER_000004594_PAYMENT,ORDER_000004594,UPI,SUCCESS,574667.44,2026-05-29T07:39:10
ORDER_000004595_PAYMENT,ORDER_000004595,UPI,SUCCESS,605904.59,2026-04-16T05:16:27
ORDER_000004596_PAYMENT,ORDER_000004596,UPI,SUCCESS,755572.25,2026-01-10T11:44:30
ORDER_000004597_PAYMENT,ORDER_000004597,WALLET,SUCCESS,678467.53,2026-08-27T19:13:26
ORDER_000004598_PAYMENT,ORDER_000004598,CREDIT_CARD,FAILED,140282.54,2026-07-16T23:34:45
ORDER_000004599_PAYMENT,ORDER_000004599,CREDIT_CARD,FAILED,655934.39,2026-10-24T21:49:51
ORDER_000004600_PAYMENT,ORDER_000004600,UPI,SUCCESS,167321.85,2026-02-12T19:26:51
ORDER_000004601_PAYMENT,ORDER_000004601,WALLET,SUCCESS,776125.01,2026-09-04T18:25:08
ORDER_000004602_PAYMENT,ORDER_000004602,UPI,SUCCESS,343544.04,2026-03-26T02:46:09
ORDER_000004603_PAYMENT,ORDER_000004603,UPI,SUCCESS,557764.59,2026-01-03T05:09:12
ORDER_000004604_PAYMENT,ORDER_000004604,CREDIT_CARD,SUCCESS,370274.14,2026-03-09T20:14:36
ORDER_000004605_PAYMENT,ORDER_000004605,UPI,SUCCESS,446608.64,2026-02-01T07:54:31
ORDER_000004606_PAYMENT,ORDER_000004606,CREDIT_CARD,SUCCESS,266707.16,2026-01-17T05:46:55
ORDER_000004607_PAYMENT,ORDER_000004607,DEBIT_CARD,SUCCESS,368383.19,2026-05-04T09:20:43
ORDER_000004608_PAYMENT,ORDER_000004608,UPI,SUCCESS,256409.92,2026-09-16T19:08:07
ORDER_000004609_PAYMENT,ORDER_000004609,WALLET,SUCCESS,211768.30,2026-01-25T04:21:19
ORDER_000004610_PAYMENT,ORDER_000004610,NET_BANKING,SUCCESS,521425.84,2026-01-10T11:47:08
ORDER_000004611_PAYMENT,ORDER_000004611,CREDIT_CARD,SUCCESS,450534.46,2026-03-04T14:36
ORDER_000004612_PAYMENT,ORDER_000004612,UPI,SUCCESS,440188.54,2026-12-25T02:55:56
ORDER_000004613_PAYMENT,ORDER_000004613,UPI,SUCCESS,849927.82,2026-04-18T06:02:40
ORDER_000004614_PAYMENT,ORDER_000004614,CREDIT_CARD,SUCCESS,649200.67,2026-11-11T23:23:07
ORDER_000004615_PAYMENT,ORDER_000004615,DEBIT_CARD,SUCCESS,792780.23,2026-05-27T10:46:25
ORDER_000004616_PAYMENT,ORDER_000004616,NET_BANKING,SUCCESS,447683.54,2026-06-09T00:52:28
ORDER_000004617_PAYMENT,ORDER_000004617,NET_BANKING,SUCCESS,304113.55,2026-06-03T01:56:08
ORDER_000004618_PAYMENT,ORDER_000004618,CREDIT_CARD,SUCCESS,355722.65,2026-06-25T20:45:06
ORDER_000004619_PAYMENT,ORDER_000004619,WALLET,SUCCESS,534620.67,2026-09-25T15:46:43
ORDER_000004620_PAYMENT,ORDER_000004620,DEBIT_CARD,SUCCESS,1038986.80,2026-08-09T13:38:36
ORDER_000004621_PAYMENT,ORDER_000004621,CREDIT_CARD,SUCCESS,274422.62,2026-07-29T20:59:51
ORDER_000004622_PAYMENT,ORDER_000004622,UPI,SUCCESS,200443.37,2026-12-13T01:52:20
ORDER_000004623_PAYMENT,ORDER_000004623,DEBIT_CARD,SUCCESS,615004.96,2026-08-24T07:59:23
ORDER_000004624_PAYMENT,ORDER_000004624,UPI,SUCCESS,346719.68,2026-08-19T06:52:13
ORDER_000004625_PAYMENT,ORDER_000004625,UPI,SUCCESS,191600.29,2026-04-29T07:44:53
ORDER_000004626_PAYMENT,ORDER_000004626,UPI,SUCCESS,333175.60,2026-05-11T03:10:25
ORDER_000004627_PAYMENT,ORDER_000004627,UPI,SUCCESS,287052.25,2026-01-21T11:35:28
ORDER_000004628_PAYMENT,ORDER_000004628,UPI,SUCCESS,492518.34,2026-04-07T14:40:04
ORDER_000004629_PAYMENT,ORDER_000004629,UPI,SUCCESS,120056.69,2026-11-29T18:25:44
ORDER_000004630_PAYMENT,ORDER_000004630,UPI,SUCCESS,378312.36,2026-12-11T08:25:40
ORDER_000004631_PAYMENT,ORDER_000004631,UPI,SUCCESS,337370.25,2026-02-22T05:44:30
ORDER_000004632_PAYMENT,ORDER_000004632,UPI,SUCCESS,277598.67,2026-08-12T16:01:26
ORDER_000004633_PAYMENT,ORDER_000004633,CREDIT_CARD,SUCCESS,409305.73,2026-11-08T23:40:27
ORDER_000004634_PAYMENT,ORDER_000004634,UPI,SUCCESS,975785.70,2026-09-18T08:07:49
ORDER_000004635_PAYMENT,ORDER_000004635,UPI,SUCCESS,643698.11,2026-08-08T17:59:17
ORDER_000004636_PAYMENT,ORDER_000004636,CREDIT_CARD,SUCCESS,548602.98,2026-07-21T08:51:32
ORDER_000004637_PAYMENT,ORDER_000004637,UPI,SUCCESS,520354.24,2026-07-16T10:16:39
ORDER_000004638_PAYMENT,ORDER_000004638,UPI,SUCCESS,358613.23,2026-05-30T07:37:39
ORDER_000004639_PAYMENT,ORDER_000004639,CREDIT_CARD,SUCCESS,868682.96,2026-09-28T08:48:54
ORDER_000004640_PAYMENT,ORDER_000004640,UPI,SUCCESS,816748.80,2026-12-01T05:53:34
ORDER_000004641_PAYMENT,ORDER_000004641,CREDIT_CARD,SUCCESS,348601.53,2026-11-16T16:24:11
ORDER_000004642_PAYMENT,ORDER_000004642,DEBIT_CARD,SUCCESS,536089.79,2026-03-15T00:33:15
ORDER_000004643_PAYMENT,ORDER_000004643,UPI,SUCCESS,38984.91,2026-01-12T03:37:25
ORDER_000004644_PAYMENT,ORDER_000004644,UPI,SUCCESS,113844.91,2026-10-16T19:59:26
ORDER_000004645_PAYMENT,ORDER_000004645,UPI,SUCCESS,239451.80,2026-08-25T02:43:18
ORDER_000004646_PAYMENT,ORDER_000004646,CREDIT_CARD,SUCCESS,474682.68,2026-03-13T18:12:57
ORDER_000004647_PAYMENT,ORDER_000004647,UPI,FAILED,497661.43,2026-06-22T02:38:46
ORDER_000004648_PAYMENT,ORDER_000004648,DEBIT_CARD,SUCCESS,555813.02,2026-07-18T22:12:31
ORDER_000004649_PAYMENT,ORDER_000004649,WALLET,SUCCESS,455350.43,2026-05-01T05:29:14
ORDER_000004650_PAYMENT,ORDER_000004650,DEBIT_CARD,SUCCESS,183695.84,2026-03-22T01:09:22
ORDER_000004651_PAYMENT,ORDER_000004651,DEBIT_CARD,SUCCESS,328239.49,2026-10-15T03:14:09
ORDER_000004652_PAYMENT,ORDER_000004652,UPI,SUCCESS,582144.44,2026-12-30T16:55:16
ORDER_000004653_PAYMENT,ORDER_000004653,DEBIT_CARD,SUCCESS,381486.60,2026-06-04T05:38:09
ORDER_000004654_PAYMENT,ORDER_000004654,CREDIT_CARD,SUCCESS,458392.60,2026-02-15T04:15:11
ORDER_000004655_PAYMENT,ORDER_000004655,UPI,FAILED,143018.22,2026-07-22T09:10:33
ORDER_000004656_PAYMENT,ORDER_000004656,UPI,FAILED,566669.35,2026-09-10T02:40:18
ORDER_000004657_PAYMENT,ORDER_000004657,UPI,SUCCESS,381314.04,2026-09-01T18:48:06
ORDER_000004658_PAYMENT,ORDER_000004658,NET_BANKING,SUCCESS,375136.94,2026-12-15T17:30:03
ORDER_000004659_PAYMENT,ORDER_000004659,CREDIT_CARD,SUCCESS,702335.02,2026-05-22T09:02:24
ORDER_000004660_PAYMENT,ORDER_000004660,NET_BANKING,SUCCESS,92480.51,2026-05-09T15:33:57
ORDER_000004661_PAYMENT,ORDER_000004661,CREDIT_CARD,SUCCESS,265014.52,2026-09-30T20:49:55
ORDER_000004662_PAYMENT,ORDER_000004662,DEBIT_CARD,SUCCESS,577917.29,2026-07-24T22:46:24
ORDER_000004663_PAYMENT,ORDER_000004663,CREDIT_CARD,SUCCESS,197708.54,2026-06-15T20:09:54
ORDER_000004664_PAYMENT,ORDER_000004664,DEBIT_CARD,SUCCESS,949088.74,2026-09-26T17:17:08
ORDER_000004665_PAYMENT,ORDER_000004665,DEBIT_CARD,FAILED,312690.52,2026-09-03T22:25:37
ORDER_000004666_PAYMENT,ORDER_000004666,CREDIT_CARD,SUCCESS,197995.39,2026-05-23T06:49:09
ORDER_000004667_PAYMENT,ORDER_000004667,DEBIT_CARD,SUCCESS,686400.10,2026-05-03T22:51:50
ORDER_000004668_PAYMENT,ORDER_000004668,CREDIT_CARD,SUCCESS,956311.78,2026-09-24T16:52:02
ORDER_000004669_PAYMENT,ORDER_000004669,UPI,FAILED,445755.53,2026-11-18T22:38:47
ORDER_000004670_PAYMENT,ORDER_000004670,DEBIT_CARD,SUCCESS,623551.46,2027-01-01T15:49:52
ORDER_000004671_PAYMENT,ORDER_000004671,NET_BANKING,SUCCESS,793478.94,2026-05-03T21:47:47
ORDER_000004672_PAYMENT,ORDER_000004672,NET_BANKING,SUCCESS,125714.10,2026-12-21T11:01:28
ORDER_000004673_PAYMENT,ORDER_000004673,UPI,SUCCESS,393589.55,2026-12-15T12:43:19
ORDER_000004674_PAYMENT,ORDER_000004674,CREDIT_CARD,SUCCESS,408204.35,2026-07-01T18:48:54
ORDER_000004675_PAYMENT,ORDER_000004675,UPI,SUCCESS,314303.90,2026-12-03T17:30:43
ORDER_000004676_PAYMENT,ORDER_000004676,UPI,SUCCESS,650310.86,2026-12-19T10:30:24
ORDER_000004677_PAYMENT,ORDER_000004677,UPI,SUCCESS,90178.65,2026-02-07T01:17:22
ORDER_000004678_PAYMENT,ORDER_000004678,UPI,SUCCESS,825058.74,2026-11-16T13:12:04
ORDER_000004679_PAYMENT,ORDER_000004679,DEBIT_CARD,SUCCESS,591853.07,2026-08-17T09:39:17
ORDER_000004680_PAYMENT,ORDER_000004680,UPI,FAILED,431688.76,2026-04-12T00:26:16
ORDER_000004681_PAYMENT,ORDER_000004681,UPI,SUCCESS,390489.87,2026-12-21T12:24:27
ORDER_000004682_PAYMENT,ORDER_000004682,DEBIT_CARD,SUCCESS,540229.59,2026-01-22T22:38
ORDER_000004683_PAYMENT,ORDER_000004683,NET_BANKING,SUCCESS,608351.62,2026-12-02T11:55:45
ORDER_000004684_PAYMENT,ORDER_000004684,DEBIT_CARD,SUCCESS,485128.00,2026-10-30T03:18:20
ORDER_000004685_PAYMENT,ORDER_000004685,WALLET,SUCCESS,785196.98,2026-10-07T21:44:34
ORDER_000004686_PAYMENT,ORDER_000004686,WALLET,FAILED,487781.89,2026-09-21T05:37:45
ORDER_000004687_PAYMENT,ORDER_000004687,UPI,SUCCESS,831868.39,2026-06-26T03:56:55
ORDER_000004688_PAYMENT,ORDER_000004688,UPI,SUCCESS,442381.41,2026-12-12T19:33:40
ORDER_000004689_PAYMENT,ORDER_000004689,UPI,SUCCESS,734057.26,2026-12-12T23:47:59
ORDER_000004690_PAYMENT,ORDER_000004690,DEBIT_CARD,SUCCESS,607868.52,2026-11-29T02:45:27
ORDER_000004691_PAYMENT,ORDER_000004691,WALLET,FAILED,819377.67,2026-05-19T00:59:46
ORDER_000004692_PAYMENT,ORDER_000004692,UPI,SUCCESS,544052.88,2026-07-21T13:26:18
ORDER_000004693_PAYMENT,ORDER_000004693,UPI,SUCCESS,281503.29,2026-08-07T08:26:15
ORDER_000004694_PAYMENT,ORDER_000004694,CREDIT_CARD,SUCCESS,193756.26,2026-12-10T08:05:11
ORDER_000004695_PAYMENT,ORDER_000004695,WALLET,SUCCESS,638798.27,2026-10-15T14:26:57
ORDER_000004696_PAYMENT,ORDER_000004696,DEBIT_CARD,SUCCESS,670711.06,2026-05-22T22:15:37
ORDER_000004697_PAYMENT,ORDER_000004697,CREDIT_CARD,SUCCESS,580483.12,2026-12-27T19:20:23
ORDER_000004698_PAYMENT,ORDER_000004698,NET_BANKING,SUCCESS,118986.98,2026-08-24T15:37:09
ORDER_000004699_PAYMENT,ORDER_000004699,UPI,SUCCESS,196101.85,2026-10-02T03:17:47
ORDER_000004700_PAYMENT,ORDER_000004700,UPI,SUCCESS,372540.34,2026-10-05T08:03:36
ORDER_000004701_PAYMENT,ORDER_000004701,WALLET,SUCCESS,661808.80,2026-11-20T23:56:18
ORDER_000004702_PAYMENT,ORDER_000004702,UPI,SUCCESS,199439.93,2026-07-11T04:10:02
ORDER_000004703_PAYMENT,ORDER_000004703,UPI,SUCCESS,302653.59,2026-01-03T15:59:48
ORDER_000004704_PAYMENT,ORDER_000004704,UPI,SUCCESS,403172.78,2026-12-22T08:38:04
ORDER_000004705_PAYMENT,ORDER_000004705,UPI,SUCCESS,474560.92,2026-01-03T02:08:24
ORDER_000004706_PAYMENT,ORDER_000004706,UPI,SUCCESS,167832.11,2026-06-26T19:51:29
ORDER_000004707_PAYMENT,ORDER_000004707,UPI,SUCCESS,463294.95,2026-02-12T22:55:53
ORDER_000004708_PAYMENT,ORDER_000004708,WALLET,SUCCESS,413025.56,2026-07-04T07:11:38
ORDER_000004709_PAYMENT,ORDER_000004709,CREDIT_CARD,SUCCESS,675662.14,2026-09-17T07:54:25
ORDER_000004710_PAYMENT,ORDER_000004710,UPI,SUCCESS,80002.26,2026-07-25T04:41:40
ORDER_000004711_PAYMENT,ORDER_000004711,UPI,SUCCESS,662659.57,2026-01-09T02:07:44
ORDER_000004712_PAYMENT,ORDER_000004712,CREDIT_CARD,SUCCESS,584066.25,2026-04-17T04:39:43
ORDER_000004713_PAYMENT,ORDER_000004713,NET_BANKING,SUCCESS,300698.60,2026-02-06T19:15:26
ORDER_000004714_PAYMENT,ORDER_000004714,UPI,SUCCESS,480305.30,2026-12-17T23:53:56
ORDER_000004715_PAYMENT,ORDER_000004715,DEBIT_CARD,SUCCESS,763905.08,2026-07-05T22:12:51
ORDER_000004716_PAYMENT,ORDER_000004716,DEBIT_CARD,SUCCESS,534077.26,2026-04-29T03:41:29
ORDER_000004717_PAYMENT,ORDER_000004717,UPI,SUCCESS,406281.58,2026-05-07T08:03:29
ORDER_000004718_PAYMENT,ORDER_000004718,UPI,SUCCESS,351236.90,2026-03-03T13:14:03
ORDER_000004719_PAYMENT,ORDER_000004719,UPI,SUCCESS,639195.08,2026-10-21T13:58:47
ORDER_000004720_PAYMENT,ORDER_000004720,CREDIT_CARD,SUCCESS,398026.95,2026-01-28T16:14:48
ORDER_000004721_PAYMENT,ORDER_000004721,DEBIT_CARD,SUCCESS,825816.05,2026-07-11T13:12:36
ORDER_000004722_PAYMENT,ORDER_000004722,UPI,SUCCESS,822149.34,2026-07-03T22:16:57
ORDER_000004723_PAYMENT,ORDER_000004723,UPI,SUCCESS,529275.29,2026-01-27T01:24:07
ORDER_000004724_PAYMENT,ORDER_000004724,UPI,SUCCESS,360108.91,2026-09-23T14:08:20
ORDER_000004725_PAYMENT,ORDER_000004725,WALLET,SUCCESS,216548.33,2026-06-19T11:26:39
ORDER_000004726_PAYMENT,ORDER_000004726,DEBIT_CARD,SUCCESS,1081479.37,2026-09-18T06:06:43
ORDER_000004727_PAYMENT,ORDER_000004727,UPI,SUCCESS,440340.70,2026-05-20T13:08:32
ORDER_000004728_PAYMENT,ORDER_000004728,CREDIT_CARD,SUCCESS,361394.60,2026-12-31T17:04:13
ORDER_000004729_PAYMENT,ORDER_000004729,UPI,FAILED,601322.33,2026-05-08T10:45:40
ORDER_000004730_PAYMENT,ORDER_000004730,UPI,SUCCESS,80451.74,2026-07-21T11:01:38
ORDER_000004731_PAYMENT,ORDER_000004731,UPI,SUCCESS,603384.16,2026-04-27T05:28:05
ORDER_000004732_PAYMENT,ORDER_000004732,UPI,SUCCESS,667052.52,2026-04-02T09:03:16
ORDER_000004733_PAYMENT,ORDER_000004733,WALLET,SUCCESS,160677.20,2026-04-30T02:53:57
ORDER_000004734_PAYMENT,ORDER_000004734,UPI,SUCCESS,299491.87,2026-01-29T13:45:19
ORDER_000004735_PAYMENT,ORDER_000004735,UPI,SUCCESS,91404.69,2026-10-25T02:23:08
ORDER_000004736_PAYMENT,ORDER_000004736,DEBIT_CARD,SUCCESS,604594.15,2026-11-29T00:42:08
ORDER_000004737_PAYMENT,ORDER_000004737,UPI,SUCCESS,221765.21,2026-05-21T03:26:01
ORDER_000004738_PAYMENT,ORDER_000004738,NET_BANKING,SUCCESS,556718.89,2026-04-06T18:32:48
ORDER_000004739_PAYMENT,ORDER_000004739,UPI,SUCCESS,500901.36,2026-05-24T06:17:29
ORDER_000004740_PAYMENT,ORDER_000004740,DEBIT_CARD,SUCCESS,852701.23,2026-04-07T20:10:41
ORDER_000004741_PAYMENT,ORDER_000004741,CREDIT_CARD,SUCCESS,614138.83,2026-09-14T10:26:28
ORDER_000004742_PAYMENT,ORDER_000004742,DEBIT_CARD,SUCCESS,238824.31,2026-12-21T13:31:25
ORDER_000004743_PAYMENT,ORDER_000004743,NET_BANKING,SUCCESS,292927.86,2026-01-26T19:59:18
ORDER_000004744_PAYMENT,ORDER_000004744,UPI,SUCCESS,376029.87,2026-07-10T02:46:19
ORDER_000004745_PAYMENT,ORDER_000004745,UPI,FAILED,463665.76,2026-08-05T01:22:47
ORDER_000004746_PAYMENT,ORDER_000004746,UPI,SUCCESS,524222.92,2026-08-24T03:01:46
ORDER_000004747_PAYMENT,ORDER_000004747,WALLET,SUCCESS,439708.14,2026-04-08T02:11:55
ORDER_000004748_PAYMENT,ORDER_000004748,CREDIT_CARD,SUCCESS,314418.87,2026-11-08T15:43:38
ORDER_000004749_PAYMENT,ORDER_000004749,UPI,SUCCESS,309124.56,2026-05-07T14:14:12
ORDER_000004750_PAYMENT,ORDER_000004750,CREDIT_CARD,SUCCESS,226830.03,2026-12-03T01:47:57
ORDER_000004751_PAYMENT,ORDER_000004751,DEBIT_CARD,SUCCESS,517145.59,2026-05-30T13:02:52
ORDER_000004752_PAYMENT,ORDER_000004752,UPI,SUCCESS,453419.07,2026-07-11T12:39:01
ORDER_000004753_PAYMENT,ORDER_000004753,DEBIT_CARD,SUCCESS,302339.09,2026-08-24T17:30:26
ORDER_000004754_PAYMENT,ORDER_000004754,UPI,SUCCESS,329210.24,2026-04-24T05:33:42
ORDER_000004755_PAYMENT,ORDER_000004755,UPI,SUCCESS,122880.86,2026-12-30T06:30:02
ORDER_000004756_PAYMENT,ORDER_000004756,UPI,SUCCESS,408108.58,2026-07-15T05:18:10
ORDER_000004757_PAYMENT,ORDER_000004757,UPI,FAILED,195453.18,2026-05-09T08:19:42
ORDER_000004758_PAYMENT,ORDER_000004758,UPI,SUCCESS,598333.93,2026-03-01T23:00:06
ORDER_000004759_PAYMENT,ORDER_000004759,DEBIT_CARD,SUCCESS,677896.55,2026-10-27T10:20:36
ORDER_000004760_PAYMENT,ORDER_000004760,UPI,SUCCESS,476055.83,2026-02-09T19:35:09
ORDER_000004761_PAYMENT,ORDER_000004761,NET_BANKING,FAILED,555931.28,2026-11-21T22:52:06
ORDER_000004762_PAYMENT,ORDER_000004762,DEBIT_CARD,SUCCESS,486184.84,2026-12-02T07:10:59
ORDER_000004763_PAYMENT,ORDER_000004763,DEBIT_CARD,SUCCESS,846123.22,2026-12-01T15:57:18
ORDER_000004764_PAYMENT,ORDER_000004764,UPI,SUCCESS,200313.28,2026-04-03T05:07:04
ORDER_000004765_PAYMENT,ORDER_000004765,UPI,SUCCESS,509093.15,2026-10-30T21:25:53
ORDER_000004766_PAYMENT,ORDER_000004766,DEBIT_CARD,SUCCESS,655650.24,2026-05-29T01:52:25
ORDER_000004767_PAYMENT,ORDER_000004767,UPI,SUCCESS,327159.23,2026-04-05T12:41:20
ORDER_000004768_PAYMENT,ORDER_000004768,CREDIT_CARD,SUCCESS,597124.88,2026-09-13T22:53:53
ORDER_000004769_PAYMENT,ORDER_000004769,UPI,SUCCESS,517967.66,2026-09-05T19:29:29
ORDER_000004770_PAYMENT,ORDER_000004770,UPI,SUCCESS,329405.42,2026-12-27T02:13:39
ORDER_000004771_PAYMENT,ORDER_000004771,WALLET,SUCCESS,283767.67,2026-04-19T13:14:18
ORDER_000004772_PAYMENT,ORDER_000004772,NET_BANKING,SUCCESS,331142.24,2026-07-10T17:45:28
ORDER_000004773_PAYMENT,ORDER_000004773,UPI,SUCCESS,286100.63,2026-06-17T16:44:47
ORDER_000004774_PAYMENT,ORDER_000004774,DEBIT_CARD,SUCCESS,336777.73,2026-03-09T04:34:33
ORDER_000004775_PAYMENT,ORDER_000004775,UPI,SUCCESS,524797.56,2026-02-07T00:50:09
ORDER_000004776_PAYMENT,ORDER_000004776,DEBIT_CARD,SUCCESS,774260.65,2026-04-30T03:52:54
ORDER_000004777_PAYMENT,ORDER_000004777,NET_BANKING,SUCCESS,200692.57,2026-06-16T00:18:26
ORDER_000004778_PAYMENT,ORDER_000004778,DEBIT_CARD,SUCCESS,175359.74,2026-09-24T03:06:44
ORDER_000004779_PAYMENT,ORDER_000004779,UPI,SUCCESS,364335.11,2026-03-15T16:30:55
ORDER_000004780_PAYMENT,ORDER_000004780,NET_BANKING,SUCCESS,279816.97,2026-01-19T22:35:32
ORDER_000004781_PAYMENT,ORDER_000004781,CREDIT_CARD,SUCCESS,591170.50,2026-08-09T14:08:52
ORDER_000004782_PAYMENT,ORDER_000004782,UPI,SUCCESS,691228.75,2026-08-22T14:02:01
ORDER_000004783_PAYMENT,ORDER_000004783,WALLET,SUCCESS,812528.63,2026-01-05T06:48:20
ORDER_000004784_PAYMENT,ORDER_000004784,WALLET,SUCCESS,253539.98,2026-03-08T01:33:17
ORDER_000004785_PAYMENT,ORDER_000004785,UPI,SUCCESS,436720.06,2026-12-04T06:00:05
ORDER_000004786_PAYMENT,ORDER_000004786,UPI,SUCCESS,810529.05,2026-01-11T16:23:56
ORDER_000004787_PAYMENT,ORDER_000004787,CREDIT_CARD,SUCCESS,175311.08,2026-08-30T22:58:47
ORDER_000004788_PAYMENT,ORDER_000004788,UPI,FAILED,568570.38,2026-08-30T03:12:22
ORDER_000004789_PAYMENT,ORDER_000004789,DEBIT_CARD,FAILED,396635.14,2026-08-25T18:12:32
ORDER_000004790_PAYMENT,ORDER_000004790,DEBIT_CARD,SUCCESS,209425.65,2026-04-21T08:08:07
ORDER_000004791_PAYMENT,ORDER_000004791,UPI,SUCCESS,357817.30,2026-05-10T03:21:49
ORDER_000004792_PAYMENT,ORDER_000004792,NET_BANKING,SUCCESS,345559.65,2026-10-07T01:19:57
ORDER_000004793_PAYMENT,ORDER_000004793,CREDIT_CARD,SUCCESS,677425.00,2026-11-09T21:27:29
ORDER_000004794_PAYMENT,ORDER_000004794,UPI,SUCCESS,264288.26,2026-04-25T07:37:05
ORDER_000004795_PAYMENT,ORDER_000004795,DEBIT_CARD,SUCCESS,95780.08,2026-09-10T07:05:57
ORDER_000004796_PAYMENT,ORDER_000004796,CREDIT_CARD,SUCCESS,402308.22,2026-12-24T02:22:29
ORDER_000004797_PAYMENT,ORDER_000004797,UPI,SUCCESS,590162.61,2026-01-16T18:24:28
ORDER_000004798_PAYMENT,ORDER_000004798,CREDIT_CARD,SUCCESS,375776.35,2026-04-05T12:19:32
ORDER_000004799_PAYMENT,ORDER_000004799,UPI,SUCCESS,375740.94,2026-02-02T09:35:05
ORDER_000004800_PAYMENT,ORDER_000004800,DEBIT_CARD,SUCCESS,815258.46,2026-02-08T03:11:49
ORDER_000004801_PAYMENT,ORDER_000004801,CREDIT_CARD,SUCCESS,580643.92,2026-07-27T23:32:30
ORDER_000004802_PAYMENT,ORDER_000004802,UPI,SUCCESS,301448.06,2026-07-14T04:53:50
ORDER_000004803_PAYMENT,ORDER_000004803,CREDIT_CARD,SUCCESS,286442.68,2026-01-08T14:29:12
ORDER_000004804_PAYMENT,ORDER_000004804,WALLET,SUCCESS,414315.63,2026-11-14T11:51:42
ORDER_000004805_PAYMENT,ORDER_000004805,DEBIT_CARD,SUCCESS,714525.54,2026-04-29T07:02:56
ORDER_000004806_PAYMENT,ORDER_000004806,DEBIT_CARD,SUCCESS,323073.30,2026-03-22T03:46:44
ORDER_000004807_PAYMENT,ORDER_000004807,NET_BANKING,SUCCESS,699700.32,2026-07-11T12:38:02
ORDER_000004808_PAYMENT,ORDER_000004808,NET_BANKING,SUCCESS,733751.37,2026-09-12T14:39:48
ORDER_000004809_PAYMENT,ORDER_000004809,UPI,SUCCESS,114209.43,2026-07-22T06:25:07
ORDER_000004810_PAYMENT,ORDER_000004810,UPI,SUCCESS,655442.35,2026-02-12T03:43:58
ORDER_000004811_PAYMENT,ORDER_000004811,DEBIT_CARD,SUCCESS,505906.20,2026-03-21T05:19:47
ORDER_000004812_PAYMENT,ORDER_000004812,CREDIT_CARD,SUCCESS,197966.61,2026-08-21T12:22:36
ORDER_000004813_PAYMENT,ORDER_000004813,CREDIT_CARD,SUCCESS,243756.94,2026-01-15T18:03
ORDER_000004814_PAYMENT,ORDER_000004814,DEBIT_CARD,SUCCESS,525193.04,2026-12-26T15:05:56
ORDER_000004815_PAYMENT,ORDER_000004815,CREDIT_CARD,SUCCESS,682242.83,2026-03-16T14:40:36
ORDER_000004816_PAYMENT,ORDER_000004816,CREDIT_CARD,SUCCESS,183782.59,2026-09-27T21:09:31
ORDER_000004817_PAYMENT,ORDER_000004817,CREDIT_CARD,SUCCESS,388589.35,2026-02-13T15:12:11
ORDER_000004818_PAYMENT,ORDER_000004818,CREDIT_CARD,SUCCESS,179515.00,2026-03-04T14:48:02
ORDER_000004819_PAYMENT,ORDER_000004819,WALLET,SUCCESS,377594.07,2026-04-29T07:09:30
ORDER_000004820_PAYMENT,ORDER_000004820,UPI,SUCCESS,509663.30,2026-04-17T07:04:16
ORDER_000004821_PAYMENT,ORDER_000004821,UPI,SUCCESS,259963.32,2026-09-29T02:15:25
ORDER_000004822_PAYMENT,ORDER_000004822,NET_BANKING,SUCCESS,556254.63,2026-03-23T19:21:03
ORDER_000004823_PAYMENT,ORDER_000004823,DEBIT_CARD,SUCCESS,542670.96,2026-06-03T14:55
ORDER_000004824_PAYMENT,ORDER_000004824,UPI,SUCCESS,561760.03,2026-03-02T13:44:20
ORDER_000004825_PAYMENT,ORDER_000004825,UPI,SUCCESS,433860.78,2026-05-16T01:58:41
ORDER_000004826_PAYMENT,ORDER_000004826,UPI,SUCCESS,479660.89,2026-05-22T01:44:28
ORDER_000004827_PAYMENT,ORDER_000004827,WALLET,SUCCESS,159507.88,2026-12-21T20:48:54
ORDER_000004828_PAYMENT,ORDER_000004828,CREDIT_CARD,SUCCESS,565794.98,2026-05-21T11:34:04
ORDER_000004829_PAYMENT,ORDER_000004829,UPI,SUCCESS,470345.11,2026-01-08T15:25:53
ORDER_000004830_PAYMENT,ORDER_000004830,UPI,SUCCESS,606151.08,2026-01-07T21:22:50
ORDER_000004831_PAYMENT,ORDER_000004831,CREDIT_CARD,SUCCESS,260981.83,2026-12-28T10:09:04
ORDER_000004832_PAYMENT,ORDER_000004832,DEBIT_CARD,SUCCESS,459383.54,2026-03-14T23:09:13
ORDER_000004833_PAYMENT,ORDER_000004833,CREDIT_CARD,SUCCESS,364875.13,2026-09-12T05:09:58
ORDER_000004834_PAYMENT,ORDER_000004834,UPI,SUCCESS,562933.91,2026-09-08T07:16:50
ORDER_000004835_PAYMENT,ORDER_000004835,NET_BANKING,SUCCESS,788209.95,2026-02-18T08:15:23
ORDER_000004836_PAYMENT,ORDER_000004836,UPI,FAILED,475006.07,2026-12-06T09:44:01
ORDER_000004837_PAYMENT,ORDER_000004837,NET_BANKING,SUCCESS,303904.25,2026-12-01T14:53:21
ORDER_000004838_PAYMENT,ORDER_000004838,CREDIT_CARD,SUCCESS,339454.87,2026-10-08T20:42:57
ORDER_000004839_PAYMENT,ORDER_000004839,UPI,SUCCESS,384802.85,2026-05-06T07:26:14
ORDER_000004840_PAYMENT,ORDER_000004840,UPI,SUCCESS,388165.94,2026-01-27T09:47:58
ORDER_000004841_PAYMENT,ORDER_000004841,UPI,SUCCESS,213042.15,2026-08-26T21:17:09
ORDER_000004842_PAYMENT,ORDER_000004842,CREDIT_CARD,SUCCESS,524490.30,2026-03-06T13:04:04
ORDER_000004843_PAYMENT,ORDER_000004843,CREDIT_CARD,SUCCESS,500281.24,2026-10-26T16:35:38
ORDER_000004844_PAYMENT,ORDER_000004844,UPI,SUCCESS,443990.55,2026-12-02T18:29:59
ORDER_000004845_PAYMENT,ORDER_000004845,UPI,SUCCESS,761525.76,2026-05-16T19:09:27
ORDER_000004846_PAYMENT,ORDER_000004846,NET_BANKING,SUCCESS,660631.92,2026-02-09T01:03:27
ORDER_000004847_PAYMENT,ORDER_000004847,UPI,SUCCESS,305474.46,2026-07-02T20:57:17
ORDER_000004848_PAYMENT,ORDER_000004848,WALLET,SUCCESS,425907.89,2026-02-21T14:28:11
ORDER_000004849_PAYMENT,ORDER_000004849,UPI,SUCCESS,410888.36,2026-02-22T22:53:39
ORDER_000004850_PAYMENT,ORDER_000004850,UPI,SUCCESS,309319.02,2026-01-18T19:51:24
ORDER_000004851_PAYMENT,ORDER_000004851,NET_BANKING,SUCCESS,629497.38,2026-11-05T00:18:15
ORDER_000004852_PAYMENT,ORDER_000004852,UPI,SUCCESS,499751.94,2026-07-08T09:35:32
ORDER_000004853_PAYMENT,ORDER_000004853,UPI,SUCCESS,364648.58,2026-07-05T22:05:12
ORDER_000004854_PAYMENT,ORDER_000004854,DEBIT_CARD,SUCCESS,337173.08,2026-12-15T22:45:07
ORDER_000004855_PAYMENT,ORDER_000004855,UPI,SUCCESS,234333.00,2026-03-11T00:42:10
ORDER_000004856_PAYMENT,ORDER_000004856,UPI,SUCCESS,496554.84,2026-09-02T09:00:19
ORDER_000004857_PAYMENT,ORDER_000004857,CREDIT_CARD,SUCCESS,235068.74,2026-11-27T16:00:41
ORDER_000004858_PAYMENT,ORDER_000004858,UPI,SUCCESS,531202.61,2026-07-24T14:09:45
ORDER_000004859_PAYMENT,ORDER_000004859,DEBIT_CARD,SUCCESS,296629.34,2026-01-07T03:17:16
ORDER_000004860_PAYMENT,ORDER_000004860,DEBIT_CARD,SUCCESS,65691.73,2026-04-12T14:13:45
ORDER_000004861_PAYMENT,ORDER_000004861,DEBIT_CARD,SUCCESS,570943.51,2026-09-16T23:12:41
ORDER_000004862_PAYMENT,ORDER_000004862,UPI,SUCCESS,458213.35,2026-06-29T04:39:23
ORDER_000004863_PAYMENT,ORDER_000004863,WALLET,FAILED,633902.19,2026-12-07T14:24:14
ORDER_000004864_PAYMENT,ORDER_000004864,UPI,SUCCESS,369875.78,2026-02-19T12:54:52
ORDER_000004865_PAYMENT,ORDER_000004865,NET_BANKING,SUCCESS,517896.44,2026-09-24T04:04:47
ORDER_000004866_PAYMENT,ORDER_000004866,UPI,SUCCESS,348718.18,2026-10-20T16:53:36
ORDER_000004867_PAYMENT,ORDER_000004867,UPI,SUCCESS,208138.78,2026-01-16T16:14:52
ORDER_000004868_PAYMENT,ORDER_000004868,UPI,SUCCESS,711252.11,2026-07-12T11:55:49
ORDER_000004869_PAYMENT,ORDER_000004869,NET_BANKING,SUCCESS,658539.27,2026-09-09T13:33:40
ORDER_000004870_PAYMENT,ORDER_000004870,CREDIT_CARD,FAILED,223144.89,2026-12-21T20:40:57
ORDER_000004871_PAYMENT,ORDER_000004871,UPI,SUCCESS,480361.40,2026-01-30T16:34:07
ORDER_000004872_PAYMENT,ORDER_000004872,UPI,SUCCESS,264101.01,2026-11-07T07:02:34
ORDER_000004873_PAYMENT,ORDER_000004873,UPI,SUCCESS,586236.53,2026-06-01T15:41:51
ORDER_000004874_PAYMENT,ORDER_000004874,UPI,SUCCESS,366099.28,2026-02-02T16:11:56
ORDER_000004875_PAYMENT,ORDER_000004875,WALLET,SUCCESS,192845.81,2026-12-03T15:42:38
ORDER_000004876_PAYMENT,ORDER_000004876,UPI,SUCCESS,387547.66,2026-12-18T11:44:40
ORDER_000004877_PAYMENT,ORDER_000004877,DEBIT_CARD,SUCCESS,539650.46,2026-12-05T04:17:16
ORDER_000004878_PAYMENT,ORDER_000004878,UPI,SUCCESS,335738.32,2026-04-10T21:03:23
ORDER_000004879_PAYMENT,ORDER_000004879,NET_BANKING,SUCCESS,181458.28,2026-05-20T10:54:38
ORDER_000004880_PAYMENT,ORDER_000004880,CREDIT_CARD,SUCCESS,848805.45,2026-02-28T07:13:34
ORDER_000004881_PAYMENT,ORDER_000004881,UPI,SUCCESS,637819.28,2026-03-01T16:26:06
ORDER_000004882_PAYMENT,ORDER_000004882,CREDIT_CARD,SUCCESS,546379.79,2026-09-22T15:18:09
ORDER_000004883_PAYMENT,ORDER_000004883,CREDIT_CARD,SUCCESS,252186.81,2026-02-21T01:37:59
ORDER_000004884_PAYMENT,ORDER_000004884,NET_BANKING,SUCCESS,515236.42,2026-09-25T12:37:56
ORDER_000004885_PAYMENT,ORDER_000004885,UPI,SUCCESS,162008.19,2026-04-03T16:46:35
ORDER_000004886_PAYMENT,ORDER_000004886,DEBIT_CARD,SUCCESS,618257.39,2026-10-04T04:25:22
ORDER_000004887_PAYMENT,ORDER_000004887,UPI,SUCCESS,389362.02,2026-02-15T02:17:58
ORDER_000004888_PAYMENT,ORDER_000004888,DEBIT_CARD,SUCCESS,489579.56,2026-09-08T12:28:01
ORDER_000004889_PAYMENT,ORDER_000004889,NET_BANKING,SUCCESS,724625.46,2026-07-31T15:00:01
ORDER_000004890_PAYMENT,ORDER_000004890,UPI,FAILED,302850.99,2026-07-13T18:39:34
ORDER_000004891_PAYMENT,ORDER_000004891,UPI,SUCCESS,761367.31,2026-09-11T00:51:16
ORDER_000004892_PAYMENT,ORDER_000004892,DEBIT_CARD,SUCCESS,766263.44,2026-04-18T20:19:41
ORDER_000004893_PAYMENT,ORDER_000004893,UPI,SUCCESS,282081.73,2026-03-12T13:41:22
ORDER_000004894_PAYMENT,ORDER_000004894,CREDIT_CARD,SUCCESS,689398.11,2026-12-14T05:12:11
ORDER_000004895_PAYMENT,ORDER_000004895,CREDIT_CARD,SUCCESS,857441.54,2026-02-13T09:04:25
ORDER_000004896_PAYMENT,ORDER_000004896,UPI,SUCCESS,369811.95,2026-12-18T11:35:19
ORDER_000004897_PAYMENT,ORDER_000004897,WALLET,SUCCESS,719631.87,2026-09-19T03:09:01
ORDER_000004898_PAYMENT,ORDER_000004898,UPI,SUCCESS,192143.99,2026-11-21T14:55:41
ORDER_000004899_PAYMENT,ORDER_000004899,NET_BANKING,SUCCESS,511433.36,2026-10-20T06:34:34
ORDER_000004900_PAYMENT,ORDER_000004900,UPI,SUCCESS,434109.26,2026-01-28T17:42:49
ORDER_000004901_PAYMENT,ORDER_000004901,NET_BANKING,SUCCESS,148829.40,2026-10-14T18:53:46
ORDER_000004902_PAYMENT,ORDER_000004902,DEBIT_CARD,SUCCESS,278654.14,2026-08-01T17:35:44
ORDER_000004903_PAYMENT,ORDER_000004903,NET_BANKING,SUCCESS,700891.66,2026-08-29T21:07:46
ORDER_000004904_PAYMENT,ORDER_000004904,WALLET,SUCCESS,622848.96,2026-03-26T06:41:20
ORDER_000004905_PAYMENT,ORDER_000004905,UPI,FAILED,507870.56,2026-03-01T03:42:54
ORDER_000004906_PAYMENT,ORDER_000004906,UPI,SUCCESS,317102.24,2026-01-29T12:06:59
ORDER_000004907_PAYMENT,ORDER_000004907,CREDIT_CARD,SUCCESS,578150.71,2026-02-15T11:06:29
ORDER_000004908_PAYMENT,ORDER_000004908,UPI,SUCCESS,755528.21,2026-08-11T05:39:24
ORDER_000004909_PAYMENT,ORDER_000004909,UPI,SUCCESS,245411.58,2026-11-02T09:21:31
ORDER_000004910_PAYMENT,ORDER_000004910,UPI,SUCCESS,290451.52,2026-02-10T16:11:09
ORDER_000004911_PAYMENT,ORDER_000004911,NET_BANKING,SUCCESS,786692.44,2026-12-09T03:19:07
ORDER_000004912_PAYMENT,ORDER_000004912,NET_BANKING,SUCCESS,475610.34,2026-04-26T06:18:11
ORDER_000004913_PAYMENT,ORDER_000004913,WALLET,SUCCESS,592661.79,2026-01-05T23:58:52
ORDER_000004914_PAYMENT,ORDER_000004914,DEBIT_CARD,SUCCESS,250277.76,2026-06-13T10:48:05
ORDER_000004915_PAYMENT,ORDER_000004915,DEBIT_CARD,SUCCESS,567679.77,2026-12-26T19:26:30
ORDER_000004916_PAYMENT,ORDER_000004916,WALLET,SUCCESS,424279.47,2026-05-07T15:08:08
ORDER_000004917_PAYMENT,ORDER_000004917,UPI,SUCCESS,782708.75,2026-01-30T18:19:22
ORDER_000004918_PAYMENT,ORDER_000004918,UPI,SUCCESS,501380.16,2026-12-30T18:34:30
ORDER_000004919_PAYMENT,ORDER_000004919,CREDIT_CARD,SUCCESS,583485.34,2026-09-05T12:29:25
ORDER_000004920_PAYMENT,ORDER_000004920,UPI,SUCCESS,236890.17,2026-08-05T17:59:13
ORDER_000004921_PAYMENT,ORDER_000004921,UPI,SUCCESS,478681.73,2026-02-04T14:07:29
ORDER_000004922_PAYMENT,ORDER_000004922,UPI,SUCCESS,559445.54,2026-01-02T04:42:15
ORDER_000004923_PAYMENT,ORDER_000004923,UPI,SUCCESS,343556.73,2026-07-15T20:37:15
ORDER_000004924_PAYMENT,ORDER_000004924,UPI,SUCCESS,283614.45,2026-07-08T14:57:12
ORDER_000004925_PAYMENT,ORDER_000004925,UPI,SUCCESS,462342.41,2026-06-19T23:18:46
ORDER_000004926_PAYMENT,ORDER_000004926,UPI,SUCCESS,184670.41,2026-01-17T07:20:17
ORDER_000004927_PAYMENT,ORDER_000004927,CREDIT_CARD,SUCCESS,167165.33,2026-06-19T19:21:42
ORDER_000004928_PAYMENT,ORDER_000004928,UPI,SUCCESS,651025.80,2026-10-11T15:29:59
ORDER_000004929_PAYMENT,ORDER_000004929,UPI,SUCCESS,343514.87,2026-02-15T09:24:36
ORDER_000004930_PAYMENT,ORDER_000004930,UPI,SUCCESS,1126447.26,2026-05-16T01:47:18
ORDER_000004931_PAYMENT,ORDER_000004931,CREDIT_CARD,SUCCESS,271210.37,2026-01-20T20:04:17
ORDER_000004932_PAYMENT,ORDER_000004932,CREDIT_CARD,SUCCESS,453122.96,2026-03-16T08:05:48
ORDER_000004933_PAYMENT,ORDER_000004933,NET_BANKING,SUCCESS,336161.08,2026-11-29T12:40:52
ORDER_000004934_PAYMENT,ORDER_000004934,CREDIT_CARD,SUCCESS,433401.01,2026-01-02T16:40:39
ORDER_000004935_PAYMENT,ORDER_000004935,DEBIT_CARD,SUCCESS,340998.16,2026-08-19T18:53:49
ORDER_000004936_PAYMENT,ORDER_000004936,CREDIT_CARD,SUCCESS,205461.00,2026-09-02T08:29:47
ORDER_000004937_PAYMENT,ORDER_000004937,UPI,SUCCESS,555911.59,2026-03-20T11:43:30
ORDER_000004938_PAYMENT,ORDER_000004938,NET_BANKING,FAILED,397319.83,2026-11-18T20:41:23
ORDER_000004939_PAYMENT,ORDER_000004939,DEBIT_CARD,SUCCESS,552437.17,2026-04-23T05:46:08
ORDER_000004940_PAYMENT,ORDER_000004940,UPI,FAILED,231631.43,2026-04-28T08:30:49
ORDER_000004941_PAYMENT,ORDER_000004941,UPI,SUCCESS,666884.69,2026-06-18T08:34:01
ORDER_000004942_PAYMENT,ORDER_000004942,UPI,SUCCESS,738506.04,2026-12-27T11:37:12
ORDER_000004943_PAYMENT,ORDER_000004943,CREDIT_CARD,SUCCESS,559629.86,2026-02-26T03:48:54
ORDER_000004944_PAYMENT,ORDER_000004944,UPI,SUCCESS,625459.60,2026-10-22T11:27:26
ORDER_000004945_PAYMENT,ORDER_000004945,DEBIT_CARD,SUCCESS,785047.41,2026-07-24T01:39:42
ORDER_000004946_PAYMENT,ORDER_000004946,WALLET,SUCCESS,759510.89,2026-04-17T06:41:44
ORDER_000004947_PAYMENT,ORDER_000004947,NET_BANKING,SUCCESS,517103.55,2026-06-15T04:58:39
ORDER_000004948_PAYMENT,ORDER_000004948,NET_BANKING,SUCCESS,567955.85,2026-08-20T19:55:27
ORDER_000004949_PAYMENT,ORDER_000004949,UPI,SUCCESS,581564.11,2026-11-12T03:37:06
ORDER_000004950_PAYMENT,ORDER_000004950,UPI,SUCCESS,698952.44,2026-09-22T12:30:18
ORDER_000004951_PAYMENT,ORDER_000004951,CREDIT_CARD,SUCCESS,272918.72,2026-04-26T11:00:26
ORDER_000004952_PAYMENT,ORDER_000004952,UPI,SUCCESS,604300.52,2026-08-31T13:11:18
ORDER_000004953_PAYMENT,ORDER_000004953,UPI,SUCCESS,451329.00,2026-02-21T03:33:33
ORDER_000004954_PAYMENT,ORDER_000004954,WALLET,SUCCESS,243701.59,2026-10-11T06:50:42
ORDER_000004955_PAYMENT,ORDER_000004955,DEBIT_CARD,SUCCESS,627964.03,2026-07-21T20:09:05
ORDER_000004956_PAYMENT,ORDER_000004956,UPI,FAILED,528487.40,2026-05-31T12:46:45
ORDER_000004957_PAYMENT,ORDER_000004957,UPI,SUCCESS,261219.55,2026-03-26T01:06:51
ORDER_000004958_PAYMENT,ORDER_000004958,DEBIT_CARD,SUCCESS,358827.06,2026-10-08T00:48:21
ORDER_000004959_PAYMENT,ORDER_000004959,NET_BANKING,SUCCESS,935370.06,2026-10-03T20:23:47
ORDER_000004960_PAYMENT,ORDER_000004960,UPI,SUCCESS,594867.48,2026-10-29T14:38:10
ORDER_000004961_PAYMENT,ORDER_000004961,UPI,SUCCESS,864758.32,2026-12-16T22:23:33
ORDER_000004962_PAYMENT,ORDER_000004962,UPI,SUCCESS,518804.54,2026-09-16T15:33:51
ORDER_000004963_PAYMENT,ORDER_000004963,WALLET,SUCCESS,698743.16,2026-11-26T08:41:47
ORDER_000004964_PAYMENT,ORDER_000004964,DEBIT_CARD,SUCCESS,429246.60,2026-01-18T22:48
ORDER_000004965_PAYMENT,ORDER_000004965,UPI,SUCCESS,193994.31,2026-04-25T13:01:34
ORDER_000004966_PAYMENT,ORDER_000004966,UPI,SUCCESS,289253.94,2026-10-12T18:58:24
ORDER_000004967_PAYMENT,ORDER_000004967,UPI,SUCCESS,389719.99,2026-03-07T05:32:48
ORDER_000004968_PAYMENT,ORDER_000004968,NET_BANKING,SUCCESS,372845.36,2026-10-27T15:25:09
ORDER_000004969_PAYMENT,ORDER_000004969,WALLET,SUCCESS,314652.34,2026-10-31T02:01:54
ORDER_000004970_PAYMENT,ORDER_000004970,UPI,SUCCESS,205387.69,2026-01-02T14:02:28
ORDER_000004971_PAYMENT,ORDER_000004971,UPI,FAILED,388558.02,2026-04-09T08:27:22
ORDER_000004972_PAYMENT,ORDER_000004972,UPI,SUCCESS,499607.38,2026-05-22T07:43:57
ORDER_000004973_PAYMENT,ORDER_000004973,WALLET,SUCCESS,436265.96,2026-04-26T01:47:17
ORDER_000004974_PAYMENT,ORDER_000004974,UPI,SUCCESS,862891.45,2026-08-01T06:30:32
ORDER_000004975_PAYMENT,ORDER_000004975,UPI,SUCCESS,740845.46,2026-01-29T06:21:53
ORDER_000004976_PAYMENT,ORDER_000004976,CREDIT_CARD,SUCCESS,83241.96,2026-02-25T23:53:55
ORDER_000004977_PAYMENT,ORDER_000004977,UPI,SUCCESS,720507.74,2026-01-03T06:26:11
ORDER_000004978_PAYMENT,ORDER_000004978,NET_BANKING,SUCCESS,714569.94,2026-08-21T21:03:14
ORDER_000004979_PAYMENT,ORDER_000004979,UPI,SUCCESS,233776.32,2026-10-27T08:16:11
ORDER_000004980_PAYMENT,ORDER_000004980,UPI,SUCCESS,319326.00,2026-09-30T02:19:46
ORDER_000004981_PAYMENT,ORDER_000004981,NET_BANKING,SUCCESS,988674.05,2026-11-19T18:15:11
ORDER_000004982_PAYMENT,ORDER_000004982,NET_BANKING,SUCCESS,267568.16,2026-05-26T17:00:39
ORDER_000004983_PAYMENT,ORDER_000004983,UPI,SUCCESS,571747.77,2026-03-18T05:46:23
ORDER_000004984_PAYMENT,ORDER_000004984,NET_BANKING,SUCCESS,390409.35,2026-02-23T00:19:15
ORDER_000004985_PAYMENT,ORDER_000004985,UPI,SUCCESS,53975.64,2026-01-15T13:13:51
ORDER_000004986_PAYMENT,ORDER_000004986,UPI,SUCCESS,467741.13,2026-11-23T05:00:12
ORDER_000004987_PAYMENT,ORDER_000004987,UPI,SUCCESS,376867.87,2026-01-19T15:31:04
ORDER_000004988_PAYMENT,ORDER_000004988,UPI,SUCCESS,678658.32,2026-08-04T16:48:19
ORDER_000004989_PAYMENT,ORDER_000004989,UPI,SUCCESS,788143.62,2026-06-24T11:08:23
ORDER_000004990_PAYMENT,ORDER_000004990,CREDIT_CARD,SUCCESS,591686.60,2026-12-28T19:59:44
ORDER_000004991_PAYMENT,ORDER_000004991,CREDIT_CARD,SUCCESS,353358.40,2026-01-05T11:17:08
ORDER_000004992_PAYMENT,ORDER_000004992,UPI,FAILED,461339.22,2026-07-27T21:03:36
ORDER_000004993_PAYMENT,ORDER_000004993,NET_BANKING,SUCCESS,366930.08,2026-01-03T22:54:49
ORDER_000004994_PAYMENT,ORDER_000004994,UPI,SUCCESS,505402.04,2026-09-13T13:20:56
ORDER_000004995_PAYMENT,ORDER_000004995,UPI,SUCCESS,421377.62,2026-09-14T19:30:52
ORDER_000004996_PAYMENT,ORDER_000004996,CREDIT_CARD,SUCCESS,168326.07,2026-12-22T16:01:11
ORDER_000004997_PAYMENT,ORDER_000004997,NET_BANKING,SUCCESS,163604.47,2026-07-17T11:06:38
ORDER_000004998_PAYMENT,ORDER_000004998,UPI,SUCCESS,455130.89,2026-03-07T22:50:57
ORDER_000004999_PAYMENT,ORDER_000004999,WALLET,SUCCESS,843795.56,2026-08-27T02:40:27
ORDER_000005000_PAYMENT,ORDER_000005000,UPI,SUCCESS,425060.68,2026-11-16T02:28
