id,customer_id,session_start,session_end,device_type,channel
SESSION_000000001,CUSTOMER_000000001,2026-01-09T00:06:44,2026-01-09T01:45:44,MOBILE,ORGANIC
SESSION_000000002,CUSTOMER_000000002,2026-07-16T03:46:56,2026-07-16T04:27:56,MOBILE,REFERRAL
SESSION_000000003,CUSTOMER_000000003,2026-03-25T10:51:27,2026-03-25T11:34:27,MOBILE,DIRECT
SESSION_000000004,CUSTOMER_000000004,2026-10-28T20:53:33,2026-10-28T21:16:33,MOBILE,PAID_SEARCH
SESSION_000000005,CUSTOMER_000000005,2026-03-29T18:59:16,2026-03-29T19:45:16,DESKTOP,ORGANIC
SESSION_000000006,CUSTOMER_000000006,2026-12-28T12:10:46,2026-12-28T12:28:46,DESKTOP,SOCIAL
SESSION_000000007,CUSTOMER_000000007,2026-05-05T01:14:29,2026-05-05T02:08:29,MOBILE,SOCIAL
SESSION_000000008,CUSTOMER_000000008,2026-02-06T23:13:42,2026-02-06T23:25:42,MOBILE,PAID_SEARCH
SESSION_000000009,CUSTOMER_000000009,2026-08-17T01:20:21,2026-08-17T03:20:21,DESKTOP,ORGANIC
SESSION_000000010,CUSTOMER_000000010,2026-11-18T18:06:23,2026-11-18T18:11:23,DESKTOP,SOCIAL
SESSION_000000011,CUSTOMER_000000011,2026-02-22T15:58:48,2026-02-22T16:43:48,MOBILE,REFERRAL
SESSION_000000012,CUSTOMER_000000012,2026-07-08T02:03:11,2026-07-08T02:55:11,MOBILE,PAID_SEARCH
SESSION_000000013,CUSTOMER_000000013,2026-06-16T05:05:26,2026-06-16T06:27:26,MOBILE,REFERRAL
SESSION_000000014,CUSTOMER_000000014,2026-08-08T01:32:52,2026-08-08T03:03:52,MOBILE,ORGANIC
SESSION_000000015,CUSTOMER_000000015,2026-03-19T15:44:10,2026-03-19T15:57:10,MOBILE,ORGANIC
SESSION_000000016,CUSTOMER_000000016,2026-01-23T00:02:06,2026-01-23T00:29:06,MOBILE,ORGANIC
SESSION_000000017,CUSTOMER_000000017,2026-07-16T17:56:01,2026-07-16T19:28:01,MOBILE,ORGANIC
SESSION_000000018,CUSTOMER_000000018,2026-01-02T18:13:48,2026-01-02T18:32:48,DESKTOP,SOCIAL
SESSION_000000019,CUSTOMER_000000019,2026-09-10T17:33:18,2026-09-10T17:52:18,MOBILE,ORGANIC
SESSION_000000020,CUSTOMER_000000020,2026-06-03T01:32:49,2026-06-03T02:48:49,MOBILE,ORGANIC
SESSION_000000021,CUSTOMER_000000021,2026-01-27T00:25:07,2026-01-27T00:57:07,DESKTOP,EMAIL
SESSION_000000022,CUSTOMER_000000022,2026-03-29T19:35:04,2026-03-29T20:04:04,MOBILE,DIRECT
SESSION_000000023,CUSTOMER_000000023,2026-12-27T20:29:29,2026-12-27T21:58:29,MOBILE,ORGANIC
SESSION_000000024,CUSTOMER_000000024,2026-02-20T16:17:07,2026-02-20T18:13:07,DESKTOP,ORGANIC
SESSION_000000025,CUSTOMER_000000025,2026-03-02T23:46:43,2026-03-03T01:22:43,MOBILE,DIRECT
SESSION_000000026,CUSTOMER_000000026,2026-05-28T18:21:24,2026-05-28T18:46:24,MOBILE,PAID_SEARCH
SESSION_000000027,CUSTOMER_000000027,2026-12-25T23:55,2026-12-26T01:14,MOBILE,ORGANIC
SESSION_000000028,CUSTOMER_000000028,2026-11-13T12:44:45,2026-11-13T14:27:45,DESKTOP,SOCIAL
SESSION_000000029,CUSTOMER_000000029,2026-11-19T00:28:48,2026-11-19T01:28:48,MOBILE,ORGANIC
SESSION_000000030,CUSTOMER_000000030,2026-08-25T22:24:10,2026-08-25T22:45:10,MOBILE,PAID_SEARCH
SESSION_000000031,CUSTOMER_000000031,2026-08-19T23:35:52,2026-08-20T01:03:52,MOBILE,ORGANIC
SESSION_000000032,CUSTOMER_000000032,2026-09-16T21:44:01,2026-09-16T23:37:01,MOBILE,ORGANIC
SESSION_000000033,CUSTOMER_000000033,2026-12-05T23:27:08,2026-12-06T00:11:08,MOBILE,REFERRAL
SESSION_000000034,CUSTOMER_000000034,2026-02-15T20:31:35,2026-02-15T22:18:35,DESKTOP,SOCIAL
SESSION_000000035,CUSTOMER_000000035,2026-09-30T06:29:36,2026-09-30T07:06:36,MOBILE,DIRECT
SESSION_000000036,CUSTOMER_000000036,2026-09-26T12:29:28,2026-09-26T12:43:28,MOBILE,ORGANIC
SESSION_000000037,CUSTOMER_000000037,2026-12-13T18:01:47,2026-12-13T18:07:47,MOBILE,PAID_SEARCH
SESSION_000000038,CUSTOMER_000000038,2026-07-30T09:19:21,2026-07-30T09:24:21,DESKTOP,SOCIAL
SESSION_000000039,CUSTOMER_000000039,2026-12-28T05:56:19,2026-12-28T07:12:19,MOBILE,SOCIAL
SESSION_000000040,CUSTOMER_000000040,2026-04-29T10:18:07,2026-04-29T10:57:07,DESKTOP,PAID_SEARCH
SESSION_000000041,CUSTOMER_000000041,2026-01-18T21:11:47,2026-01-18T21:34:47,DESKTOP,SOCIAL
SESSION_000000042,CUSTOMER_000000042,2026-02-07T08:58:29,2026-02-07T10:06:29,TABLET,ORGANIC
SESSION_000000043,CUSTOMER_000000043,2026-01-28T04:19:12,2026-01-28T05:31:12,MOBILE,ORGANIC
SESSION_000000044,CUSTOMER_000000044,2026-06-02T22:10:26,2026-06-02T23:25:26,MOBILE,DIRECT
SESSION_000000045,CUSTOMER_000000045,2026-06-23T00:19:54,2026-06-23T01:35:54,DESKTOP,ORGANIC
SESSION_000000046,CUSTOMER_000000046,2026-08-31T04:11:50,2026-08-31T04:18:50,DESKTOP,ORGANIC
SESSION_000000047,CUSTOMER_000000047,2026-04-08T10:40:08,2026-04-08T12:38:08,MOBILE,ORGANIC
SESSION_000000048,CUSTOMER_000000048,2026-12-27T17:30:36,2026-12-27T19:12:36,MOBILE,DIRECT
SESSION_000000049,CUSTOMER_000000049,2026-12-21T17:40:46,2026-12-21T18:17:46,DESKTOP,ORGANIC
SESSION_000000050,CUSTOMER_000000050,2026-10-09T01:22:46,2026-10-09T01:37:46,MOBILE,DIRECT
SESSION_000000051,CUSTOMER_000000051,2026-08-28T17:14:58,2026-08-28T18:06:58,MOBILE,DIRECT
SESSION_000000052,CUSTOMER_000000052,2026-05-11T02:28:29,2026-05-11T02:32:29,MOBILE,SOCIAL
SESSION_000000053,CUSTOMER_000000053,2026-08-04T20:51:32,2026-08-04T21:59:32,MOBILE,EMAIL
SESSION_000000054,CUSTOMER_000000054,2026-04-11T13:09:59,2026-04-11T13:45:59,MOBILE,PAID_SEARCH
SESSION_000000055,CUSTOMER_000000055,2026-08-01T10:57:53,2026-08-01T11:20:53,MOBILE,DIRECT
SESSION_000000056,CUSTOMER_000000056,2026-05-13T03:14:18,2026-05-13T05:09:18,MOBILE,DIRECT
SESSION_000000057,CUSTOMER_000000057,2026-07-08T06:08:48,2026-07-08T06:56:48,MOBILE,PAID_SEARCH
SESSION_000000058,CUSTOMER_000000058,2026-01-28T18:01:01,2026-01-28T18:14:01,MOBILE,SOCIAL
SESSION_000000059,CUSTOMER_000000059,2026-07-01T09:26:15,2026-07-01T11:13:15,MOBILE,PAID_SEARCH
SESSION_000000060,CUSTOMER_000000060,2026-11-24T18:14:04,2026-11-24T19:01:04,MOBILE,PAID_SEARCH
SESSION_000000061,CUSTOMER_000000061,2026-07-03T06:13:45,2026-07-03T06:33:45,DESKTOP,ORGANIC
SESSION_000000062,CUSTOMER_000000062,2026-02-11T02:49:03,2026-02-11T03:22:03,MOBILE,DIRECT
SESSION_000000063,CUSTOMER_000000063,2026-02-11T09:11:44,2026-02-11T09:34:44,DESKTOP,DIRECT
SESSION_000000064,CUSTOMER_000000064,2026-06-09T18:10:30,2026-06-09T19:03:30,MOBILE,ORGANIC
SESSION_000000065,CUSTOMER_000000065,2026-06-21T08:19:40,2026-06-21T08:27:40,MOBILE,EMAIL
SESSION_000000066,CUSTOMER_000000066,2026-01-15T11:25:35,2026-01-15T12:39:35,MOBILE,PAID_SEARCH
SESSION_000000067,CUSTOMER_000000067,2026-07-14T09:09:50,2026-07-14T09:35:50,MOBILE,ORGANIC
SESSION_000000068,CUSTOMER_000000068,2026-08-23T08:03:55,2026-08-23T09:43:55,MOBILE,REFERRAL
SESSION_000000069,CUSTOMER_000000069,2026-03-23T03:59:19,2026-03-23T05:27:19,MOBILE,SOCIAL
SESSION_000000070,CUSTOMER_000000070,2026-08-15T22:56:07,2026-08-15T23:37:07,MOBILE,PAID_SEARCH
SESSION_000000071,CUSTOMER_000000071,2026-11-25T11:18:16,2026-11-25T12:10:16,MOBILE,ORGANIC
SESSION_000000072,CUSTOMER_000000072,2026-06-02T01:11:15,2026-06-02T02:30:15,MOBILE,DIRECT
SESSION_000000073,CUSTOMER_000000073,2026-12-01T09:28:05,2026-12-01T11:28:05,MOBILE,DIRECT
SESSION_000000074,CUSTOMER_000000074,2026-09-13T08:41:29,2026-09-13T10:39:29,DESKTOP,SOCIAL
SESSION_000000075,CUSTOMER_000000075,2026-02-17T10:36:25,2026-02-17T12:25:25,DESKTOP,DIRECT
SESSION_000000076,CUSTOMER_000000076,2026-05-02T07:50:07,2026-05-02T09:12:07,MOBILE,PAID_SEARCH
SESSION_000000077,CUSTOMER_000000077,2026-09-17T00:35:46,2026-09-17T01:10:46,MOBILE,SOCIAL
SESSION_000000078,CUSTOMER_000000078,2026-01-28T11:50:53,2026-01-28T13:11:53,DESKTOP,SOCIAL
SESSION_000000079,CUSTOMER_000000079,2026-08-05T23:29:09,2026-08-06T01:12:09,DESKTOP,EMAIL
SESSION_000000080,CUSTOMER_000000080,2026-07-22T12:19:34,2026-07-22T13:18:34,DESKTOP,SOCIAL
SESSION_000000081,CUSTOMER_000000081,2026-05-04T20:15:46,2026-05-04T20:41:46,MOBILE,PAID_SEARCH
SESSION_000000082,CUSTOMER_000000082,2026-06-25T06:45:52,2026-06-25T07:07:52,MOBILE,ORGANIC
SESSION_000000083,CUSTOMER_000000083,2026-11-26T19:24:18,2026-11-26T20:16:18,MOBILE,PAID_SEARCH
SESSION_000000084,CUSTOMER_000000084,2026-04-23T20:26:48,2026-04-23T20:58:48,MOBILE,SOCIAL
SESSION_000000085,CUSTOMER_000000085,2026-06-29T02:54:33,2026-06-29T04:10:33,DESKTOP,PAID_SEARCH
SESSION_000000086,CUSTOMER_000000086,2026-03-16T13:16:44,2026-03-16T14:47:44,MOBILE,SOCIAL
SESSION_000000087,CUSTOMER_000000087,2026-08-02T02:32:37,2026-08-02T03:43:37,MOBILE,ORGANIC
SESSION_000000088,CUSTOMER_000000088,2026-12-22T01:45:26,2026-12-22T03:25:26,MOBILE,DIRECT
SESSION_000000089,CUSTOMER_000000089,2026-08-16T21:24:32,2026-08-16T22:06:32,DESKTOP,SOCIAL
SESSION_000000090,CUSTOMER_000000090,2026-08-12T03:55:37,2026-08-12T04:51:37,MOBILE,ORGANIC
SESSION_000000091,CUSTOMER_000000091,2026-11-07T19:38:44,2026-11-07T20:22:44,DESKTOP,ORGANIC
SESSION_000000092,CUSTOMER_000000092,2026-03-28T10:21:08,2026-03-28T12:18:08,MOBILE,SOCIAL
SESSION_000000093,CUSTOMER_000000093,2026-09-25T10:58:39,2026-09-25T11:43:39,DESKTOP,REFERRAL
SESSION_000000094,CUSTOMER_000000094,2026-02-23T14:07:38,2026-02-23T16:03:38,DESKTOP,ORGANIC
SESSION_000000095,CUSTOMER_000000095,2026-11-05T01:58:25,2026-11-05T03:53:25,MOBILE,ORGANIC
SESSION_000000096,CUSTOMER_000000096,2026-12-27T21:22:27,2026-12-27T23:16:27,MOBILE,EMAIL
SESSION_000000097,CUSTOMER_000000097,2026-02-27T05:12:49,2026-02-27T06:27:49,MOBILE,PAID_SEARCH
SESSION_000000098,CUSTOMER_000000098,2026-10-08T09:43:26,2026-10-08T11:39:26,MOBILE,DIRECT
SESSION_000000099,CUSTOMER_000000099,2026-08-04T16:46:20,2026-08-04T17:17:20,DESKTOP,PAID_SEARCH
SESSION_000000100,CUSTOMER_000000100,2026-09-09T13:54:37,2026-09-09T14:31:37,DESKTOP,PAID_SEARCH
SESSION_000000101,CUSTOMER_000000101,2026-09-11T05:06:31,2026-09-11T06:57:31,MOBILE,ORGANIC
SESSION_000000102,CUSTOMER_000000102,2026-02-06T05:51:31,2026-02-06T06:18:31,MOBILE,EMAIL
SESSION_000000103,CUSTOMER_000000103,2026-11-27T13:09:16,2026-11-27T13:21:16,MOBILE,ORGANIC
SESSION_000000104,CUSTOMER_000000104,2026-10-21T12:49,2026-10-21T13:08,MOBILE,ORGANIC
SESSION_000000105,CUSTOMER_000000105,2026-04-12T11:18:59,2026-04-12T12:25:59,DESKTOP,ORGANIC
SESSION_000000106,CUSTOMER_000000106,2026-07-15T17:32:29,2026-07-15T19:30:29,DESKTOP,EMAIL
SESSION_000000107,CUSTOMER_000000107,2026-01-13T06:02:47,2026-01-13T06:20:47,TABLET,ORGANIC
SESSION_000000108,CUSTOMER_000000108,2026-11-25T03:41:59,2026-11-25T05:39:59,TABLET,PAID_SEARCH
SESSION_000000109,CUSTOMER_000000109,2026-04-10T21:09:29,2026-04-10T23:09:29,MOBILE,ORGANIC
SESSION_000000110,CUSTOMER_000000110,2026-06-29T07:29:15,2026-06-29T09:02:15,DESKTOP,ORGANIC
SESSION_000000111,CUSTOMER_000000111,2026-10-18T07:02:19,2026-10-18T08:11:19,MOBILE,ORGANIC
SESSION_000000112,CUSTOMER_000000112,2026-01-06T04:52:58,2026-01-06T05:10:58,MOBILE,EMAIL
SESSION_000000113,CUSTOMER_000000113,2026-02-20T00:20:58,2026-02-20T01:15:58,MOBILE,ORGANIC
SESSION_000000114,CUSTOMER_000000114,2026-07-31T07:49:30,2026-07-31T08:05:30,DESKTOP,DIRECT
SESSION_000000115,CUSTOMER_000000115,2026-01-18T04:30:17,2026-01-18T06:13:17,MOBILE,SOCIAL
SESSION_000000116,CUSTOMER_000000116,2026-09-23T19:57:25,2026-09-23T20:15:25,TABLET,DIRECT
SESSION_000000117,CUSTOMER_000000117,2026-11-23T04:08:43,2026-11-23T04:51:43,DESKTOP,EMAIL
SESSION_000000118,CUSTOMER_000000118,2026-03-31T12:34:27,2026-03-31T12:42:27,MOBILE,ORGANIC
SESSION_000000119,CUSTOMER_000000119,2026-02-26T20:41:34,2026-02-26T22:26:34,MOBILE,ORGANIC
SESSION_000000120,CUSTOMER_000000120,2026-11-18T01:59:03,2026-11-18T03:12:03,MOBILE,EMAIL
SESSION_000000121,CUSTOMER_000000121,2026-07-15T01:04:41,2026-07-15T02:19:41,DESKTOP,ORGANIC
SESSION_000000122,CUSTOMER_000000122,2026-12-12T17:27:47,2026-12-12T19:06:47,DESKTOP,PAID_SEARCH
SESSION_000000123,CUSTOMER_000000123,2026-09-07T16:43:44,2026-09-07T17:46:44,DESKTOP,SOCIAL
SESSION_000000124,CUSTOMER_000000124,2026-10-12T07:54:15,2026-10-12T08:55:15,MOBILE,DIRECT
SESSION_000000125,CUSTOMER_000000125,2026-03-17T11:29:18,2026-03-17T13:07:18,MOBILE,ORGANIC
SESSION_000000126,CUSTOMER_000000126,2026-01-04T12:43:06,2026-01-04T12:52:06,MOBILE,DIRECT
SESSION_000000127,CUSTOMER_000000127,2026-01-16T06:15:30,2026-01-16T07:46:30,MOBILE,SOCIAL
SESSION_000000128,CUSTOMER_000000128,2026-11-14T07:49:37,2026-11-14T08:40:37,MOBILE,SOCIAL
SESSION_000000129,CUSTOMER_000000129,2026-06-20T00:18:58,2026-06-20T00:43:58,MOBILE,PAID_SEARCH
SESSION_000000130,CUSTOMER_000000130,2026-08-25T10:45:50,2026-08-25T11:40:50,DESKTOP,EMAIL
SESSION_000000131,CUSTOMER_000000131,2026-03-07T03:46:18,2026-03-07T04:13:18,DESKTOP,PAID_SEARCH
SESSION_000000132,CUSTOMER_000000132,2026-10-15T03:55:43,2026-10-15T04:32:43,TABLET,EMAIL
SESSION_000000133,CUSTOMER_000000133,2026-02-09T21:23:06,2026-02-09T22:12:06,DESKTOP,ORGANIC
SESSION_000000134,CUSTOMER_000000134,2026-08-29T19:41:01,2026-08-29T20:25:01,MOBILE,DIRECT
SESSION_000000135,CUSTOMER_000000135,2026-02-17T22:31:47,2026-02-17T22:33:47,MOBILE,SOCIAL
SESSION_000000136,CUSTOMER_000000136,2026-10-26T12:38:55,2026-10-26T13:28:55,MOBILE,ORGANIC
SESSION_000000137,CUSTOMER_000000137,2026-09-27T10:04:28,2026-09-27T10:35:28,DESKTOP,PAID_SEARCH
SESSION_000000138,CUSTOMER_000000138,2026-11-14T05:51:23,2026-11-14T07:47:23,MOBILE,PAID_SEARCH
SESSION_000000139,CUSTOMER_000000139,2026-03-22T12:49:10,2026-03-22T14:08:10,DESKTOP,ORGANIC
SESSION_000000140,CUSTOMER_000000140,2026-03-18T05:06:21,2026-03-18T06:24:21,MOBILE,PAID_SEARCH
SESSION_000000141,CUSTOMER_000000141,2026-01-24T12:51:21,2026-01-24T14:34:21,MOBILE,ORGANIC
SESSION_000000142,CUSTOMER_000000142,2026-06-16T01:19:29,2026-06-16T01:49:29,TABLET,PAID_SEARCH
SESSION_000000143,CUSTOMER_000000143,2026-01-22T06:25:22,2026-01-22T07:35:22,MOBILE,DIRECT
SESSION_000000144,CUSTOMER_000000144,2026-01-20T12:29:47,2026-01-20T12:32:47,MOBILE,ORGANIC
SESSION_000000145,CUSTOMER_000000145,2026-08-17T02:31:05,2026-08-17T03:40:05,DESKTOP,ORGANIC
SESSION_000000146,CUSTOMER_000000146,2026-11-23T19:29:22,2026-11-23T20:22:22,MOBILE,SOCIAL
SESSION_000000147,CUSTOMER_000000147,2026-08-02T16:38:10,2026-08-02T16:41:10,MOBILE,PAID_SEARCH
SESSION_000000148,CUSTOMER_000000148,2026-09-02T09:03:42,2026-09-02T10:51:42,MOBILE,ORGANIC
SESSION_000000149,CUSTOMER_000000149,2026-11-18T04:30:48,2026-11-18T05:58:48,MOBILE,PAID_SEARCH
SESSION_000000150,CUSTOMER_000000150,2026-02-16T13:56:36,2026-02-16T14:04:36,MOBILE,PAID_SEARCH
SESSION_000000151,CUSTOMER_000000151,2026-04-28T18:43:53,2026-04-28T20:25:53,DESKTOP,DIRECT
SESSION_000000152,CUSTOMER_000000152,2026-12-23T01:15:32,2026-12-23T02:06:32,MOBILE,ORGANIC
SESSION_000000153,CUSTOMER_000000153,2026-09-04T08:12:24,2026-09-04T10:12:24,MOBILE,SOCIAL
SESSION_000000154,CUSTOMER_000000154,2026-07-23T10:18:44,2026-07-23T11:22:44,MOBILE,SOCIAL
SESSION_000000155,CUSTOMER_000000155,2026-04-14T23:02:55,2026-04-14T23:14:55,MOBILE,SOCIAL
SESSION_000000156,CUSTOMER_000000156,2026-11-28T21:23:54,2026-11-28T22:44:54,DESKTOP,ORGANIC
SESSION_000000157,CUSTOMER_000000157,2026-12-19T12:29:01,2026-12-19T13:12:01,DESKTOP,PAID_SEARCH
SESSION_000000158,CUSTOMER_000000158,2026-12-07T15:49:39,2026-12-07T16:29:39,DESKTOP,ORGANIC
SESSION_000000159,CUSTOMER_000000159,2026-06-02T19:53:19,2026-06-02T21:40:19,MOBILE,REFERRAL
SESSION_000000160,CUSTOMER_000000160,2026-03-02T06:50:51,2026-03-02T08:00:51,MOBILE,SOCIAL
SESSION_000000161,CUSTOMER_000000161,2026-07-22T11:19:23,2026-07-22T12:00:23,DESKTOP,SOCIAL
SESSION_000000162,CUSTOMER_000000162,2026-07-24T09:00:51,2026-07-24T09:58:51,DESKTOP,SOCIAL
SESSION_000000163,CUSTOMER_000000163,2026-09-29T13:31:23,2026-09-29T13:45:23,MOBILE,ORGANIC
SESSION_000000164,CUSTOMER_000000164,2026-05-13T18:12:34,2026-05-13T18:47:34,MOBILE,PAID_SEARCH
SESSION_000000165,CUSTOMER_000000165,2026-09-22T12:02:55,2026-09-22T13:28:55,MOBILE,PAID_SEARCH
SESSION_000000166,CUSTOMER_000000166,2026-09-28T17:20:13,2026-09-28T19:15:13,MOBILE,SOCIAL
SESSION_000000167,CUSTOMER_000000167,2026-05-31T02:42:20,2026-05-31T04:22:20,DESKTOP,ORGANIC
SESSION_000000168,CUSTOMER_000000168,2026-11-08T09:37:46,2026-11-08T10:54:46,DESKTOP,DIRECT
SESSION_000000169,CUSTOMER_000000169,2026-11-09T07:22,2026-11-09T08:57,MOBILE,PAID_SEARCH
SESSION_000000170,CUSTOMER_000000170,2026-11-04T21:48:53,2026-11-04T22:03:53,MOBILE,EMAIL
SESSION_000000171,CUSTOMER_000000171,2026-12-02T00:14:01,2026-12-02T01:07:01,MOBILE,SOCIAL
SESSION_000000172,CUSTOMER_000000172,2026-05-25T18:16:55,2026-05-25T18:52:55,MOBILE,EMAIL
SESSION_000000173,CUSTOMER_000000173,2026-12-29T03:16:29,2026-12-29T04:27:29,MOBILE,SOCIAL
SESSION_000000174,CUSTOMER_000000174,2026-01-31T21:54:42,2026-01-31T23:22:42,DESKTOP,ORGANIC
SESSION_000000175,CUSTOMER_000000175,2026-03-21T19:50:33,2026-03-21T20:24:33,MOBILE,ORGANIC
SESSION_000000176,CUSTOMER_000000176,2026-07-07T07:10:22,2026-07-07T08:35:22,MOBILE,ORGANIC
SESSION_000000177,CUSTOMER_000000177,2026-05-23T01:37:12,2026-05-23T03:37:12,DESKTOP,DIRECT
SESSION_000000178,CUSTOMER_000000178,2026-03-27T10:17:40,2026-03-27T10:51:40,DESKTOP,REFERRAL
SESSION_000000179,CUSTOMER_000000179,2026-12-20T10:07:51,2026-12-20T10:49:51,MOBILE,ORGANIC
SESSION_000000180,CUSTOMER_000000180,2026-10-14T23:13:51,2026-10-14T23:48:51,DESKTOP,REFERRAL
SESSION_000000181,CUSTOMER_000000181,2026-02-22T13:54:55,2026-02-22T14:54:55,MOBILE,PAID_SEARCH
SESSION_000000182,CUSTOMER_000000182,2026-06-17T12:59:14,2026-06-17T13:58:14,MOBILE,EMAIL
SESSION_000000183,CUSTOMER_000000183,2026-05-19T23:51:43,2026-05-20T00:37:43,DESKTOP,PAID_SEARCH
SESSION_000000184,CUSTOMER_000000184,2026-12-04T11:22:41,2026-12-04T13:04:41,DESKTOP,SOCIAL
SESSION_000000185,CUSTOMER_000000185,2026-08-07T09:09:20,2026-08-07T09:50:20,MOBILE,DIRECT
SESSION_000000186,CUSTOMER_000000186,2026-10-07T02:17:52,2026-10-07T03:52:52,DESKTOP,ORGANIC
SESSION_000000187,CUSTOMER_000000187,2026-01-24T08:26:50,2026-01-24T08:41:50,MOBILE,EMAIL
SESSION_000000188,CUSTOMER_000000188,2026-03-30T13:51:22,2026-03-30T15:20:22,MOBILE,EMAIL
SESSION_000000189,CUSTOMER_000000189,2026-07-31T00:22:29,2026-07-31T02:06:29,MOBILE,PAID_SEARCH
SESSION_000000190,CUSTOMER_000000190,2026-06-27T16:36:46,2026-06-27T16:43:46,MOBILE,ORGANIC
SESSION_000000191,CUSTOMER_000000191,2026-12-06T15:28:33,2026-12-06T17:18:33,MOBILE,PAID_SEARCH
SESSION_000000192,CUSTOMER_000000192,2026-04-20T10:22:19,2026-04-20T11:07:19,MOBILE,ORGANIC
SESSION_000000193,CUSTOMER_000000193,2026-04-19T15:29:43,2026-04-19T15:42:43,MOBILE,SOCIAL
SESSION_000000194,CUSTOMER_000000194,2026-08-06T22:48,2026-08-07T00:21,MOBILE,ORGANIC
SESSION_000000195,CUSTOMER_000000195,2026-02-08T03:03:24,2026-02-08T04:44:24,MOBILE,SOCIAL
SESSION_000000196,CUSTOMER_000000196,2026-08-06T08:05:06,2026-08-06T08:38:06,DESKTOP,SOCIAL
SESSION_000000197,CUSTOMER_000000197,2026-09-21T05:36:10,2026-09-21T06:08:10,MOBILE,PAID_SEARCH
SESSION_000000198,CUSTOMER_000000198,2026-01-02T20:18:56,2026-01-02T20:52:56,DESKTOP,REFERRAL
SESSION_000000199,CUSTOMER_000000199,2026-06-04T19:48:02,2026-06-04T19:56:02,MOBILE,ORGANIC
SESSION_000000200,CUSTOMER_000000200,2026-01-29T18:29:11,2026-01-29T20:01:11,DESKTOP,EMAIL
SESSION_000000201,CUSTOMER_000000201,2026-11-16T00:16:21,2026-11-16T01:39:21,MOBILE,ORGANIC
SESSION_000000202,CUSTOMER_000000202,2026-05-13T14:16:29,2026-05-13T16:08:29,MOBILE,PAID_SEARCH
SESSION_000000203,CUSTOMER_000000203,2026-12-23T06:36,2026-12-23T07:51,MOBILE,ORGANIC
SESSION_000000204,CUSTOMER_000000204,2026-01-17T22:25:35,2026-01-17T22:35:35,MOBILE,ORGANIC
SESSION_000000205,CUSTOMER_000000205,2026-08-13T04:46:46,2026-08-13T05:34:46,MOBILE,PAID_SEARCH
SESSION_000000206,CUSTOMER_000000206,2026-02-17T00:50:06,2026-02-17T01:30:06,MOBILE,ORGANIC
SESSION_000000207,CUSTOMER_000000207,2026-05-11T22:00:50,2026-05-11T22:25:50,MOBILE,PAID_SEARCH
SESSION_000000208,CUSTOMER_000000208,2026-08-25T23:29:38,2026-08-25T23:34:38,MOBILE,SOCIAL
SESSION_000000209,CUSTOMER_000000209,2026-06-04T19:10:22,2026-06-04T19:46:22,MOBILE,SOCIAL
SESSION_000000210,CUSTOMER_000000210,2026-09-02T22:28:28,2026-09-02T23:31:28,MOBILE,PAID_SEARCH
SESSION_000000211,CUSTOMER_000000211,2026-10-03T11:53:52,2026-10-03T13:38:52,DESKTOP,EMAIL
SESSION_000000212,CUSTOMER_000000212,2026-07-26T23:06:36,2026-07-26T23:36:36,DESKTOP,ORGANIC
SESSION_000000213,CUSTOMER_000000213,2026-02-11T18:26:52,2026-02-11T19:01:52,MOBILE,ORGANIC
SESSION_000000214,CUSTOMER_000000214,2026-07-10T13:38:41,2026-07-10T15:21:41,MOBILE,DIRECT
SESSION_000000215,CUSTOMER_000000215,2026-08-04T12:17:59,2026-08-04T13:36:59,MOBILE,DIRECT
SESSION_000000216,CUSTOMER_000000216,2026-04-24T10:49:32,2026-04-24T12:19:32,MOBILE,ORGANIC
SESSION_000000217,CUSTOMER_000000217,2026-08-09T04:33:50,2026-08-09T05:25:50,DESKTOP,ORGANIC
SESSION_000000218,CUSTOMER_000000218,2026-04-12T16:37:15,2026-04-12T16:52:15,DESKTOP,DIRECT
SESSION_000000219,CUSTOMER_000000219,2026-06-11T08:13:39,2026-06-11T08:31:39,DESKTOP,ORGANIC
SESSION_000000220,CUSTOMER_000000220,2026-03-11T04:08:13,2026-03-11T04:09:13,MOBILE,PAID_SEARCH
SESSION_000000221,CUSTOMER_000000221,2026-04-25T05:01:45,2026-04-25T06:24:45,TABLET,REFERRAL
SESSION_000000222,CUSTOMER_000000222,2026-12-28T07:57:29,2026-12-28T08:36:29,MOBILE,SOCIAL
SESSION_000000223,CUSTOMER_000000223,2026-05-27T08:14:58,2026-05-27T08:16:58,MOBILE,SOCIAL
SESSION_000000224,CUSTOMER_000000224,2026-08-23T00:07:42,2026-08-23T01:52:42,MOBILE,ORGANIC
SESSION_000000225,CUSTOMER_000000225,2026-12-22T09:59:23,2026-12-22T11:31:23,MOBILE,EMAIL
SESSION_000000226,CUSTOMER_000000226,2026-10-06T05:19:20,2026-10-06T06:01:20,MOBILE,ORGANIC
SESSION_000000227,CUSTOMER_000000227,2026-04-09T08:25:05,2026-04-09T09:27:05,DESKTOP,DIRECT
SESSION_000000228,CUSTOMER_000000228,2026-03-14T16:21:38,2026-03-14T16:51:38,MOBILE,ORGANIC
SESSION_000000229,CUSTOMER_000000229,2026-11-04T05:26:25,2026-11-04T07:14:25,MOBILE,SOCIAL
SESSION_000000230,CUSTOMER_000000230,2026-07-09T01:56:36,2026-07-09T03:38:36,MOBILE,ORGANIC
SESSION_000000231,CUSTOMER_000000231,2026-08-09T03:36:39,2026-08-09T04:52:39,MOBILE,EMAIL
SESSION_000000232,CUSTOMER_000000232,2026-10-21T05:22:33,2026-10-21T05:24:33,MOBILE,PAID_SEARCH
SESSION_000000233,CUSTOMER_000000233,2026-05-30T01:01:09,2026-05-30T02:29:09,DESKTOP,PAID_SEARCH
SESSION_000000234,CUSTOMER_000000234,2026-10-25T07:05:59,2026-10-25T07:15:59,MOBILE,DIRECT
SESSION_000000235,CUSTOMER_000000235,2026-12-23T08:08:33,2026-12-23T09:42:33,DESKTOP,PAID_SEARCH
SESSION_000000236,CUSTOMER_000000236,2026-12-15T23:27:18,2026-12-16T00:59:18,MOBILE,ORGANIC
SESSION_000000237,CUSTOMER_000000237,2026-11-19T17:26:40,2026-11-19T18:11:40,DESKTOP,ORGANIC
SESSION_000000238,CUSTOMER_000000238,2026-03-01T16:21:59,2026-03-01T17:23:59,MOBILE,ORGANIC
SESSION_000000239,CUSTOMER_000000239,2026-09-27T02:23:41,2026-09-27T03:43:41,DESKTOP,PAID_SEARCH
SESSION_000000240,CUSTOMER_000000240,2026-04-07T09:10:14,2026-04-07T09:58:14,TABLET,PAID_SEARCH
SESSION_000000241,CUSTOMER_000000241,2026-12-21T11:52:24,2026-12-21T13:27:24,MOBILE,REFERRAL
SESSION_000000242,CUSTOMER_000000242,2026-01-25T00:22:17,2026-01-25T02:06:17,MOBILE,ORGANIC
SESSION_000000243,CUSTOMER_000000243,2026-06-27T04:01:50,2026-06-27T05:47:50,MOBILE,DIRECT
SESSION_000000244,CUSTOMER_000000244,2026-12-23T07:20:09,2026-12-23T08:53:09,MOBILE,EMAIL
SESSION_000000245,CUSTOMER_000000245,2026-06-14T12:32:30,2026-06-14T12:45:30,DESKTOP,PAID_SEARCH
SESSION_000000246,CUSTOMER_000000246,2026-06-19T19:43:23,2026-06-19T20:17:23,MOBILE,PAID_SEARCH
SESSION_000000247,CUSTOMER_000000247,2026-02-25T16:05:41,2026-02-25T16:26:41,MOBILE,PAID_SEARCH
SESSION_000000248,CUSTOMER_000000248,2026-11-08T11:21:50,2026-11-08T13:08:50,MOBILE,SOCIAL
SESSION_000000249,CUSTOMER_000000249,2026-08-29T02:14:30,2026-08-29T03:02:30,MOBILE,ORGANIC
SESSION_000000250,CUSTOMER_000000250,2026-11-18T09:38:08,2026-11-18T09:50:08,MOBILE,ORGANIC
SESSION_000000251,CUSTOMER_000000251,2026-09-19T07:22:49,2026-09-19T08:58:49,MOBILE,PAID_SEARCH
SESSION_000000252,CUSTOMER_000000252,2026-11-30T04:09:45,2026-11-30T04:35:45,DESKTOP,PAID_SEARCH
SESSION_000000253,CUSTOMER_000000253,2026-12-03T02:57:49,2026-12-03T04:17:49,MOBILE,EMAIL
SESSION_000000254,CUSTOMER_000000254,2026-03-25T15:56:27,2026-03-25T16:17:27,MOBILE,EMAIL
SESSION_000000255,CUSTOMER_000000255,2026-03-31T08:37:23,2026-03-31T10:35:23,DESKTOP,PAID_SEARCH
SESSION_000000256,CUSTOMER_000000256,2026-12-20T02:15:10,2026-12-20T04:14:10,TABLET,EMAIL
SESSION_000000257,CUSTOMER_000000257,2026-06-15T20:46:10,2026-06-15T22:40:10,MOBILE,DIRECT
SESSION_000000258,CUSTOMER_000000258,2026-01-03T12:26:41,2026-01-03T12:56:41,MOBILE,ORGANIC
SESSION_000000259,CUSTOMER_000000259,2026-08-21T09:17:59,2026-08-21T10:51:59,MOBILE,ORGANIC
SESSION_000000260,CUSTOMER_000000260,2026-10-18T21:15:47,2026-10-18T22:21:47,MOBILE,ORGANIC
SESSION_000000261,CUSTOMER_000000261,2026-05-14T01:09:34,2026-05-14T02:41:34,MOBILE,PAID_SEARCH
SESSION_000000262,CUSTOMER_000000262,2026-11-06T07:18:40,2026-11-06T08:51:40,DESKTOP,DIRECT
SESSION_000000263,CUSTOMER_000000263,2026-09-05T18:26:55,2026-09-05T20:05:55,MOBILE,ORGANIC
SESSION_000000264,CUSTOMER_000000264,2026-09-18T11:42:47,2026-09-18T11:55:47,MOBILE,SOCIAL
SESSION_000000265,CUSTOMER_000000265,2026-06-15T10:46:09,2026-06-15T11:36:09,MOBILE,SOCIAL
SESSION_000000266,CUSTOMER_000000266,2026-07-31T08:02:32,2026-07-31T08:22:32,DESKTOP,PAID_SEARCH
SESSION_000000267,CUSTOMER_000000267,2026-04-19T03:34:48,2026-04-19T04:09:48,MOBILE,EMAIL
SESSION_000000268,CUSTOMER_000000268,2026-04-20T06:37:20,2026-04-20T07:09:20,MOBILE,ORGANIC
SESSION_000000269,CUSTOMER_000000269,2026-09-29T16:11:08,2026-09-29T17:19:08,TABLET,SOCIAL
SESSION_000000270,CUSTOMER_000000270,2026-11-21T03:01:46,2026-11-21T03:15:46,MOBILE,REFERRAL
SESSION_000000271,CUSTOMER_000000271,2026-01-27T06:43:26,2026-01-27T07:55:26,MOBILE,DIRECT
SESSION_000000272,CUSTOMER_000000272,2026-10-14T16:55:20,2026-10-14T17:43:20,MOBILE,ORGANIC
SESSION_000000273,CUSTOMER_000000273,2026-06-15T22:16:54,2026-06-15T23:15:54,MOBILE,SOCIAL
SESSION_000000274,CUSTOMER_000000274,2026-06-02T20:57:40,2026-06-02T21:27:40,MOBILE,EMAIL
SESSION_000000275,CUSTOMER_000000275,2026-12-18T14:09:35,2026-12-18T15:14:35,DESKTOP,ORGANIC
SESSION_000000276,CUSTOMER_000000276,2026-09-09T05:48:08,2026-09-09T07:19:08,MOBILE,PAID_SEARCH
SESSION_000000277,CUSTOMER_000000277,2026-10-20T23:27:03,2026-10-21T00:41:03,MOBILE,ORGANIC
SESSION_000000278,CUSTOMER_000000278,2026-11-18T11:56:49,2026-11-18T13:40:49,MOBILE,DIRECT
SESSION_000000279,CUSTOMER_000000279,2026-12-08T17:17:49,2026-12-08T18:15:49,MOBILE,ORGANIC
SESSION_000000280,CUSTOMER_000000280,2026-04-19T12:06:08,2026-04-19T12:44:08,MOBILE,EMAIL
SESSION_000000281,CUSTOMER_000000281,2026-03-18T18:46:26,2026-03-18T19:43:26,TABLET,ORGANIC
SESSION_000000282,CUSTOMER_000000282,2026-09-28T01:30:14,2026-09-28T01:54:14,DESKTOP,SOCIAL
SESSION_000000283,CUSTOMER_000000283,2026-07-08T05:52:44,2026-07-08T05:54:44,MOBILE,SOCIAL
SESSION_000000284,CUSTOMER_000000284,2026-01-24T01:27:18,2026-01-24T02:20:18,DESKTOP,ORGANIC
SESSION_000000285,CUSTOMER_000000285,2026-10-04T04:18:21,2026-10-04T04:37:21,MOBILE,DIRECT
SESSION_000000286,CUSTOMER_000000286,2026-05-05T07:37:08,2026-05-05T09:22:08,DESKTOP,PAID_SEARCH
SESSION_000000287,CUSTOMER_000000287,2026-01-21T01:52:30,2026-01-21T03:36:30,MOBILE,SOCIAL
SESSION_000000288,CUSTOMER_000000288,2026-10-28T01:01:04,2026-10-28T02:20:04,MOBILE,ORGANIC
SESSION_000000289,CUSTOMER_000000289,2026-06-20T09:13:04,2026-06-20T11:09:04,MOBILE,PAID_SEARCH
SESSION_000000290,CUSTOMER_000000290,2026-12-27T17:47:43,2026-12-27T18:55:43,DESKTOP,ORGANIC
SESSION_000000291,CUSTOMER_000000291,2026-10-15T23:12:39,2026-10-15T23:23:39,MOBILE,EMAIL
SESSION_000000292,CUSTOMER_000000292,2026-03-04T11:29:34,2026-03-04T12:07:34,MOBILE,ORGANIC
SESSION_000000293,CUSTOMER_000000293,2026-07-01T10:39:41,2026-07-01T11:53:41,TABLET,SOCIAL
SESSION_000000294,CUSTOMER_000000294,2026-01-20T22:10:43,2026-01-20T23:24:43,MOBILE,ORGANIC
SESSION_000000295,CUSTOMER_000000295,2026-12-18T02:45:54,2026-12-18T04:09:54,DESKTOP,EMAIL
SESSION_000000296,CUSTOMER_000000296,2026-06-26T19:35:23,2026-06-26T20:52:23,MOBILE,PAID_SEARCH
SESSION_000000297,CUSTOMER_000000297,2026-10-30T06:59:04,2026-10-30T08:33:04,DESKTOP,REFERRAL
SESSION_000000298,CUSTOMER_000000298,2026-12-23T01:57:12,2026-12-23T02:04:12,MOBILE,SOCIAL
SESSION_000000299,CUSTOMER_000000299,2026-09-08T12:24:25,2026-09-08T12:53:25,DESKTOP,ORGANIC
SESSION_000000300,CUSTOMER_000000300,2026-11-13T23:01:44,2026-11-13T23:03:44,MOBILE,ORGANIC
SESSION_000000301,CUSTOMER_000000301,2026-05-20T07:59:40,2026-05-20T08:44:40,MOBILE,SOCIAL
SESSION_000000302,CUSTOMER_000000302,2026-12-28T00:59:43,2026-12-28T02:53:43,TABLET,SOCIAL
SESSION_000000303,CUSTOMER_000000303,2026-09-13T13:36:43,2026-09-13T14:14:43,DESKTOP,ORGANIC
SESSION_000000304,CUSTOMER_000000304,2026-11-26T03:07:20,2026-11-26T03:35:20,MOBILE,SOCIAL
SESSION_000000305,CUSTOMER_000000305,2026-02-22T12:11:08,2026-02-22T13:25:08,DESKTOP,PAID_SEARCH
SESSION_000000306,CUSTOMER_000000306,2026-12-05T03:59:07,2026-12-05T04:12:07,MOBILE,SOCIAL
SESSION_000000307,CUSTOMER_000000307,2026-09-03T14:22:57,2026-09-03T15:22:57,MOBILE,EMAIL
SESSION_000000308,CUSTOMER_000000308,2026-03-13T17:42:16,2026-03-13T18:07:16,DESKTOP,DIRECT
SESSION_000000309,CUSTOMER_000000309,2026-10-25T20:09:34,2026-10-25T20:25:34,MOBILE,SOCIAL
SESSION_000000310,CUSTOMER_000000310,2026-08-09T19:55:06,2026-08-09T21:40:06,DESKTOP,EMAIL
SESSION_000000311,CUSTOMER_000000311,2026-07-13T14:05:35,2026-07-13T14:25:35,MOBILE,DIRECT
SESSION_000000312,CUSTOMER_000000312,2026-06-01T12:35:33,2026-06-01T13:35:33,MOBILE,DIRECT
SESSION_000000313,CUSTOMER_000000313,2026-03-03T01:07:55,2026-03-03T01:21:55,MOBILE,EMAIL
SESSION_000000314,CUSTOMER_000000314,2026-10-03T19:12:38,2026-10-03T20:02:38,TABLET,ORGANIC
SESSION_000000315,CUSTOMER_000000315,2026-10-02T10:22:35,2026-10-02T10:47:35,MOBILE,EMAIL
SESSION_000000316,CUSTOMER_000000316,2026-02-21T12:25:01,2026-02-21T14:04:01,MOBILE,DIRECT
SESSION_000000317,CUSTOMER_000000317,2026-05-24T05:02:52,2026-05-24T06:14:52,DESKTOP,SOCIAL
SESSION_000000318,CUSTOMER_000000318,2026-07-09T21:50:41,2026-07-09T22:12:41,MOBILE,SOCIAL
SESSION_000000319,CUSTOMER_000000319,2026-03-04T22:19:06,2026-03-04T23:19:06,MOBILE,DIRECT
SESSION_000000320,CUSTOMER_000000320,2026-03-11T05:04:24,2026-03-11T05:57:24,MOBILE,ORGANIC
SESSION_000000321,CUSTOMER_000000321,2026-10-19T20:58:46,2026-10-19T21:51:46,MOBILE,ORGANIC
SESSION_000000322,CUSTOMER_000000322,2026-09-24T05:42:26,2026-09-24T07:36:26,MOBILE,SOCIAL
SESSION_000000323,CUSTOMER_000000323,2026-11-13T01:01:14,2026-11-13T01:58:14,MOBILE,SOCIAL
SESSION_000000324,CUSTOMER_000000324,2026-06-22T14:47:54,2026-06-22T15:52:54,MOBILE,SOCIAL
SESSION_000000325,CUSTOMER_000000325,2026-12-11T04:00:43,2026-12-11T05:18:43,MOBILE,ORGANIC
SESSION_000000326,CUSTOMER_000000326,2026-03-05T20:57:07,2026-03-05T22:32:07,MOBILE,PAID_SEARCH
SESSION_000000327,CUSTOMER_000000327,2026-11-28T18:45:33,2026-11-28T20:30:33,DESKTOP,ORGANIC
SESSION_000000328,CUSTOMER_000000328,2026-11-08T16:19:46,2026-11-08T17:03:46,MOBILE,REFERRAL
SESSION_000000329,CUSTOMER_000000329,2026-04-07T20:43:35,2026-04-07T20:57:35,DESKTOP,ORGANIC
SESSION_000000330,CUSTOMER_000000330,2026-10-23T05:50:46,2026-10-23T07:39:46,MOBILE,DIRECT
SESSION_000000331,CUSTOMER_000000331,2026-05-19T07:16:17,2026-05-19T07:39:17,MOBILE,DIRECT
SESSION_000000332,CUSTOMER_000000332,2026-06-26T14:03:10,2026-06-26T15:08:10,MOBILE,DIRECT
SESSION_000000333,CUSTOMER_000000333,2026-08-12T03:04:42,2026-08-12T03:18:42,MOBILE,ORGANIC
SESSION_000000334,CUSTOMER_000000334,2026-06-10T06:25:16,2026-06-10T07:49:16,MOBILE,ORGANIC
SESSION_000000335,CUSTOMER_000000335,2026-07-31T10:15:51,2026-07-31T10:42:51,MOBILE,PAID_SEARCH
SESSION_000000336,CUSTOMER_000000336,2026-01-01T12:37,2026-01-01T13:15,DESKTOP,SOCIAL
SESSION_000000337,CUSTOMER_000000337,2026-07-14T11:21:03,2026-07-14T12:08:03,MOBILE,SOCIAL
SESSION_000000338,CUSTOMER_000000338,2026-02-03T23:00:11,2026-02-03T23:38:11,MOBILE,SOCIAL
SESSION_000000339,CUSTOMER_000000339,2026-02-15T23:50:13,2026-02-16T00:02:13,MOBILE,DIRECT
SESSION_000000340,CUSTOMER_000000340,2026-05-26T15:41:05,2026-05-26T15:54:05,DESKTOP,ORGANIC
SESSION_000000341,CUSTOMER_000000341,2026-09-12T01:21,2026-09-12T03:03,MOBILE,DIRECT
SESSION_000000342,CUSTOMER_000000342,2026-06-27T04:58:33,2026-06-27T06:44:33,DESKTOP,ORGANIC
SESSION_000000343,CUSTOMER_000000343,2026-10-03T14:05:12,2026-10-03T14:17:12,DESKTOP,DIRECT
SESSION_000000344,CUSTOMER_000000344,2026-09-10T08:52:41,2026-09-10T10:47:41,TABLET,REFERRAL
SESSION_000000345,CUSTOMER_000000345,2026-07-16T10:23:16,2026-07-16T10:41:16,TABLET,SOCIAL
SESSION_000000346,CUSTOMER_000000346,2026-05-12T13:35:27,2026-05-12T14:26:27,MOBILE,DIRECT
SESSION_000000347,CUSTOMER_000000347,2026-11-23T06:53:09,2026-11-23T08:11:09,MOBILE,PAID_SEARCH
SESSION_000000348,CUSTOMER_000000348,2026-12-12T16:44:51,2026-12-12T18:35:51,MOBILE,PAID_SEARCH
SESSION_000000349,CUSTOMER_000000349,2026-01-17T03:20:36,2026-01-17T03:45:36,MOBILE,EMAIL
SESSION_000000350,CUSTOMER_000000350,2026-07-15T06:06:51,2026-07-15T06:48:51,MOBILE,SOCIAL
SESSION_000000351,CUSTOMER_000000351,2026-10-15T13:09:06,2026-10-15T13:14:06,MOBILE,PAID_SEARCH
SESSION_000000352,CUSTOMER_000000352,2026-12-19T14:24:58,2026-12-19T15:41:58,DESKTOP,PAID_SEARCH
SESSION_000000353,CUSTOMER_000000353,2026-07-12T21:50:47,2026-07-12T23:11:47,MOBILE,ORGANIC
SESSION_000000354,CUSTOMER_000000354,2026-06-05T22:53:56,2026-06-05T23:46:56,MOBILE,ORGANIC
SESSION_000000355,CUSTOMER_000000355,2026-08-15T23:14:55,2026-08-16T00:48:55,MOBILE,SOCIAL
SESSION_000000356,CUSTOMER_000000356,2026-09-23T01:56:19,2026-09-23T03:32:19,DESKTOP,DIRECT
SESSION_000000357,CUSTOMER_000000357,2026-06-24T20:59:59,2026-06-24T22:56:59,MOBILE,REFERRAL
SESSION_000000358,CUSTOMER_000000358,2026-08-19T02:25:51,2026-08-19T02:54:51,MOBILE,PAID_SEARCH
SESSION_000000359,CUSTOMER_000000359,2026-02-22T04:09:40,2026-02-22T05:23:40,DESKTOP,SOCIAL
SESSION_000000360,CUSTOMER_000000360,2026-12-08T00:31:24,2026-12-08T02:06:24,MOBILE,PAID_SEARCH
SESSION_000000361,CUSTOMER_000000361,2026-11-05T01:39:39,2026-11-05T02:48:39,MOBILE,ORGANIC
SESSION_000000362,CUSTOMER_000000362,2026-10-30T22:13:18,2026-10-30T23:09:18,MOBILE,ORGANIC
SESSION_000000363,CUSTOMER_000000363,2026-12-21T00:34:10,2026-12-21T02:33:10,MOBILE,DIRECT
SESSION_000000364,CUSTOMER_000000364,2026-10-21T00:35:31,2026-10-21T02:01:31,MOBILE,PAID_SEARCH
SESSION_000000365,CUSTOMER_000000365,2026-01-21T09:02:10,2026-01-21T10:26:10,DESKTOP,PAID_SEARCH
SESSION_000000366,CUSTOMER_000000366,2026-10-31T23:26:46,2026-10-31T23:50:46,MOBILE,EMAIL
SESSION_000000367,CUSTOMER_000000367,2026-06-29T07:25:29,2026-06-29T09:12:29,MOBILE,PAID_SEARCH
SESSION_000000368,CUSTOMER_000000368,2026-04-26T12:41:52,2026-04-26T13:01:52,MOBILE,ORGANIC
SESSION_000000369,CUSTOMER_000000369,2026-01-13T11:47:14,2026-01-13T12:52:14,MOBILE,PAID_SEARCH
SESSION_000000370,CUSTOMER_000000370,2026-09-20T03:37:44,2026-09-20T05:03:44,DESKTOP,EMAIL
SESSION_000000371,CUSTOMER_000000371,2026-04-18T11:30:42,2026-04-18T13:01:42,DESKTOP,PAID_SEARCH
SESSION_000000372,CUSTOMER_000000372,2026-05-19T10:51:15,2026-05-19T12:51:15,TABLET,ORGANIC
SESSION_000000373,CUSTOMER_000000373,2026-10-08T03:48:47,2026-10-08T04:33:47,DESKTOP,SOCIAL
SESSION_000000374,CUSTOMER_000000374,2026-06-28T23:06:30,2026-06-28T23:36:30,MOBILE,ORGANIC
SESSION_000000375,CUSTOMER_000000375,2026-09-04T05:15:24,2026-09-04T05:56:24,MOBILE,SOCIAL
SESSION_000000376,CUSTOMER_000000376,2026-01-15T09:10:48,2026-01-15T09:58:48,DESKTOP,REFERRAL
SESSION_000000377,CUSTOMER_000000377,2026-08-14T00:20:56,2026-08-14T01:33:56,MOBILE,REFERRAL
SESSION_000000378,CUSTOMER_000000378,2026-12-23T16:36:05,2026-12-23T18:19:05,MOBILE,DIRECT
SESSION_000000379,CUSTOMER_000000379,2026-07-03T21:45:57,2026-07-03T22:05:57,MOBILE,PAID_SEARCH
SESSION_000000380,CUSTOMER_000000380,2026-06-11T06:14:38,2026-06-11T07:35:38,MOBILE,SOCIAL
SESSION_000000381,CUSTOMER_000000381,2026-04-09T01:02:08,2026-04-09T02:20:08,MOBILE,DIRECT
SESSION_000000382,CUSTOMER_000000382,2026-04-09T10:20:02,2026-04-09T11:08:02,DESKTOP,SOCIAL
SESSION_000000383,CUSTOMER_000000383,2026-03-24T23:24:27,2026-03-25T01:11:27,DESKTOP,SOCIAL
SESSION_000000384,CUSTOMER_000000384,2026-12-30T19:54:33,2026-12-30T21:08:33,MOBILE,DIRECT
SESSION_000000385,CUSTOMER_000000385,2026-12-02T06:46:25,2026-12-02T07:28:25,MOBILE,SOCIAL
SESSION_000000386,CUSTOMER_000000386,2026-10-13T10:47:09,2026-10-13T11:59:09,MOBILE,DIRECT
SESSION_000000387,CUSTOMER_000000387,2026-07-23T22:56:56,2026-07-23T23:45:56,MOBILE,ORGANIC
SESSION_000000388,CUSTOMER_000000388,2026-11-15T00:17:18,2026-11-15T01:09:18,MOBILE,ORGANIC
SESSION_000000389,CUSTOMER_000000389,2026-04-18T13:32:01,2026-04-18T13:36:01,DESKTOP,ORGANIC
SESSION_000000390,CUSTOMER_000000390,2026-01-01T14:20:38,2026-01-01T15:47:38,MOBILE,DIRECT
SESSION_000000391,CUSTOMER_000000391,2026-06-22T18:02:06,2026-06-22T18:03:06,MOBILE,ORGANIC
SESSION_000000392,CUSTOMER_000000392,2026-04-15T05:26:27,2026-04-15T06:23:27,MOBILE,ORGANIC
SESSION_000000393,CUSTOMER_000000393,2026-12-28T18:29:29,2026-12-28T19:37:29,MOBILE,EMAIL
SESSION_000000394,CUSTOMER_000000394,2026-10-08T19:20:56,2026-10-08T19:25:56,MOBILE,EMAIL
SESSION_000000395,CUSTOMER_000000395,2026-07-03T11:05:11,2026-07-03T11:09:11,DESKTOP,SOCIAL
SESSION_000000396,CUSTOMER_000000396,2026-03-05T18:43:42,2026-03-05T19:56:42,DESKTOP,PAID_SEARCH
SESSION_000000397,CUSTOMER_000000397,2026-01-13T01:34:17,2026-01-13T02:45:17,MOBILE,ORGANIC
SESSION_000000398,CUSTOMER_000000398,2026-10-10T12:35:29,2026-10-10T14:08:29,MOBILE,DIRECT
SESSION_000000399,CUSTOMER_000000399,2026-10-05T04:00:19,2026-10-05T04:42:19,MOBILE,EMAIL
SESSION_000000400,CUSTOMER_000000400,2026-09-27T16:17:51,2026-09-27T17:46:51,DESKTOP,PAID_SEARCH
SESSION_000000401,CUSTOMER_000000401,2026-10-12T23:42:12,2026-10-13T00:11:12,MOBILE,DIRECT
SESSION_000000402,CUSTOMER_000000402,2026-04-12T20:12:44,2026-04-12T20:40:44,MOBILE,ORGANIC
SESSION_000000403,CUSTOMER_000000403,2026-11-07T21:11:19,2026-11-07T21:47:19,MOBILE,PAID_SEARCH
SESSION_000000404,CUSTOMER_000000404,2026-07-26T05:42:44,2026-07-26T06:04:44,MOBILE,DIRECT
SESSION_000000405,CUSTOMER_000000405,2026-10-12T11:52:57,2026-10-12T11:56:57,DESKTOP,ORGANIC
SESSION_000000406,CUSTOMER_000000406,2026-07-29T21:06:08,2026-07-29T22:43:08,MOBILE,SOCIAL
SESSION_000000407,CUSTOMER_000000407,2026-05-14T06:39:18,2026-05-14T08:27:18,MOBILE,EMAIL
SESSION_000000408,CUSTOMER_000000408,2026-07-13T22:24:01,2026-07-13T23:26:01,MOBILE,DIRECT
SESSION_000000409,CUSTOMER_000000409,2026-04-26T04:57:35,2026-04-26T05:31:35,DESKTOP,SOCIAL
SESSION_000000410,CUSTOMER_000000410,2026-12-02T00:41:05,2026-12-02T00:52:05,DESKTOP,DIRECT
SESSION_000000411,CUSTOMER_000000411,2026-01-19T04:04:56,2026-01-19T05:32:56,MOBILE,PAID_SEARCH
SESSION_000000412,CUSTOMER_000000412,2026-01-06T16:49:42,2026-01-06T18:14:42,MOBILE,ORGANIC
SESSION_000000413,CUSTOMER_000000413,2026-03-28T22:30:31,2026-03-28T23:19:31,MOBILE,DIRECT
SESSION_000000414,CUSTOMER_000000414,2026-10-07T23:54:51,2026-10-08T01:41:51,MOBILE,EMAIL
SESSION_000000415,CUSTOMER_000000415,2026-01-01T04:54:37,2026-01-01T04:58:37,MOBILE,ORGANIC
SESSION_000000416,CUSTOMER_000000416,2026-01-14T16:05:31,2026-01-14T17:39:31,MOBILE,REFERRAL
SESSION_000000417,CUSTOMER_000000417,2026-04-04T21:32:20,2026-04-04T21:54:20,DESKTOP,DIRECT
SESSION_000000418,CUSTOMER_000000418,2026-01-09T17:03:44,2026-01-09T17:42:44,MOBILE,DIRECT
SESSION_000000419,CUSTOMER_000000419,2026-04-18T10:28:11,2026-04-18T10:30:11,MOBILE,ORGANIC
SESSION_000000420,CUSTOMER_000000420,2026-12-07T12:10:27,2026-12-07T12:12:27,MOBILE,ORGANIC
SESSION_000000421,CUSTOMER_000000421,2026-08-06T01:21:23,2026-08-06T02:50:23,MOBILE,PAID_SEARCH
SESSION_000000422,CUSTOMER_000000422,2026-01-11T18:59:47,2026-01-11T19:56:47,MOBILE,PAID_SEARCH
SESSION_000000423,CUSTOMER_000000423,2026-12-20T03:26:58,2026-12-20T03:51:58,MOBILE,ORGANIC
SESSION_000000424,CUSTOMER_000000424,2026-09-09T04:58:19,2026-09-09T05:23:19,MOBILE,ORGANIC
SESSION_000000425,CUSTOMER_000000425,2026-02-11T01:00:28,2026-02-11T01:35:28,MOBILE,PAID_SEARCH
SESSION_000000426,CUSTOMER_000000426,2026-02-15T00:07:47,2026-02-15T00:48:47,MOBILE,EMAIL
SESSION_000000427,CUSTOMER_000000427,2026-05-18T23:32:26,2026-05-19T01:28:26,DESKTOP,ORGANIC
SESSION_000000428,CUSTOMER_000000428,2026-04-01T13:17:06,2026-04-01T13:28:06,DESKTOP,SOCIAL
SESSION_000000429,CUSTOMER_000000429,2026-03-01T14:27:36,2026-03-01T15:47:36,MOBILE,DIRECT
SESSION_000000430,CUSTOMER_000000430,2026-06-23T09:12:49,2026-06-23T09:57:49,MOBILE,DIRECT
SESSION_000000431,CUSTOMER_000000431,2026-04-07T01:24:36,2026-04-07T02:46:36,DESKTOP,ORGANIC
SESSION_000000432,CUSTOMER_000000432,2026-07-30T20:16:24,2026-07-30T21:33:24,MOBILE,ORGANIC
SESSION_000000433,CUSTOMER_000000433,2026-01-18T00:10:45,2026-01-18T00:49:45,MOBILE,ORGANIC
SESSION_000000434,CUSTOMER_000000434,2026-03-11T02:31:18,2026-03-11T03:07:18,MOBILE,ORGANIC
SESSION_000000435,CUSTOMER_000000435,2026-04-10T09:24:32,2026-04-10T09:25:32,DESKTOP,SOCIAL
SESSION_000000436,CUSTOMER_000000436,2026-02-01T17:01:14,2026-02-01T18:07:14,DESKTOP,ORGANIC
SESSION_000000437,CUSTOMER_000000437,2026-01-18T06:15:55,2026-01-18T07:06:55,MOBILE,PAID_SEARCH
SESSION_000000438,CUSTOMER_000000438,2026-05-17T16:02:03,2026-05-17T17:01:03,MOBILE,ORGANIC
SESSION_000000439,CUSTOMER_000000439,2026-12-02T23:47:04,2026-12-03T00:47:04,MOBILE,EMAIL
SESSION_000000440,CUSTOMER_000000440,2026-05-09T17:35:40,2026-05-09T18:48:40,MOBILE,PAID_SEARCH
SESSION_000000441,CUSTOMER_000000441,2026-05-28T09:26:09,2026-05-28T10:09:09,MOBILE,DIRECT
SESSION_000000442,CUSTOMER_000000442,2026-01-15T18:56:49,2026-01-15T19:26:49,DESKTOP,DIRECT
SESSION_000000443,CUSTOMER_000000443,2026-02-16T07:28:41,2026-02-16T08:24:41,MOBILE,ORGANIC
SESSION_000000444,CUSTOMER_000000444,2026-07-16T09:55:11,2026-07-16T10:01:11,TABLET,ORGANIC
SESSION_000000445,CUSTOMER_000000445,2026-06-01T03:17:57,2026-06-01T04:36:57,MOBILE,SOCIAL
SESSION_000000446,CUSTOMER_000000446,2026-09-13T15:01:46,2026-09-13T16:35:46,MOBILE,ORGANIC
SESSION_000000447,CUSTOMER_000000447,2026-05-02T18:20:09,2026-05-02T19:58:09,MOBILE,ORGANIC
SESSION_000000448,CUSTOMER_000000448,2026-11-19T17:40:33,2026-11-19T19:03:33,MOBILE,ORGANIC
SESSION_000000449,CUSTOMER_000000449,2026-07-22T11:11:21,2026-07-22T12:49:21,DESKTOP,REFERRAL
SESSION_000000450,CUSTOMER_000000450,2026-07-26T14:22:58,2026-07-26T14:40:58,MOBILE,REFERRAL
SESSION_000000451,CUSTOMER_000000451,2026-03-26T20:21:14,2026-03-26T21:44:14,TABLET,PAID_SEARCH
SESSION_000000452,CUSTOMER_000000452,2026-12-05T05:53:10,2026-12-05T06:06:10,DESKTOP,ORGANIC
SESSION_000000453,CUSTOMER_000000453,2026-04-24T22:31:37,2026-04-24T23:00:37,MOBILE,SOCIAL
SESSION_000000454,CUSTOMER_000000454,2026-06-20T00:08:36,2026-06-20T00:19:36,MOBILE,ORGANIC
SESSION_000000455,CUSTOMER_000000455,2026-06-19T23:29:07,2026-06-19T23:30:07,DESKTOP,ORGANIC
SESSION_000000456,CUSTOMER_000000456,2026-09-16T22:43:42,2026-09-17T00:01:42,MOBILE,ORGANIC
SESSION_000000457,CUSTOMER_000000457,2026-08-13T02:39:55,2026-08-13T04:27:55,DESKTOP,PAID_SEARCH
SESSION_000000458,CUSTOMER_000000458,2026-08-14T08:19:49,2026-08-14T09:41:49,MOBILE,EMAIL
SESSION_000000459,CUSTOMER_000000459,2026-07-07T18:20:02,2026-07-07T18:54:02,MOBILE,SOCIAL
SESSION_000000460,CUSTOMER_000000460,2026-05-18T19:59:35,2026-05-18T20:31:35,MOBILE,PAID_SEARCH
SESSION_000000461,CUSTOMER_000000461,2026-09-13T11:13:51,2026-09-13T13:02:51,MOBILE,PAID_SEARCH
SESSION_000000462,CUSTOMER_000000462,2026-05-04T20:53:01,2026-05-04T22:06:01,TABLET,ORGANIC
SESSION_000000463,CUSTOMER_000000463,2026-01-02T08:16:41,2026-01-02T08:59:41,MOBILE,ORGANIC
SESSION_000000464,CUSTOMER_000000464,2026-08-20T10:45:26,2026-08-20T11:38:26,DESKTOP,PAID_SEARCH
SESSION_000000465,CUSTOMER_000000465,2026-02-24T14:35:28,2026-02-24T16:08:28,DESKTOP,PAID_SEARCH
SESSION_000000466,CUSTOMER_000000466,2026-06-29T05:11:40,2026-06-29T06:33:40,MOBILE,ORGANIC
SESSION_000000467,CUSTOMER_000000467,2026-06-19T18:20:24,2026-06-19T19:51:24,MOBILE,ORGANIC
SESSION_000000468,CUSTOMER_000000468,2026-01-11T21:38:10,2026-01-11T22:58:10,MOBILE,EMAIL
SESSION_000000469,CUSTOMER_000000469,2026-08-28T13:04:43,2026-08-28T14:37:43,MOBILE,PAID_SEARCH
SESSION_000000470,CUSTOMER_000000470,2026-05-10T22:52:17,2026-05-10T23:05:17,MOBILE,EMAIL
SESSION_000000471,CUSTOMER_000000471,2026-09-26T13:44:27,2026-09-26T14:12:27,DESKTOP,ORGANIC
SESSION_000000472,CUSTOMER_000000472,2026-06-06T21:46:46,2026-06-06T22:45:46,MOBILE,SOCIAL
SESSION_000000473,CUSTOMER_000000473,2026-02-05T09:05:02,2026-02-05T10:53:02,MOBILE,PAID_SEARCH
SESSION_000000474,CUSTOMER_000000474,2026-10-30T21:58:34,2026-10-30T23:25:34,MOBILE,ORGANIC
SESSION_000000475,CUSTOMER_000000475,2026-09-08T20:38:20,2026-09-08T22:21:20,MOBILE,PAID_SEARCH
SESSION_000000476,CUSTOMER_000000476,2026-03-01T21:05:35,2026-03-01T22:14:35,MOBILE,ORGANIC
SESSION_000000477,CUSTOMER_000000477,2026-05-21T04:31:56,2026-05-21T04:42:56,MOBILE,EMAIL
SESSION_000000478,CUSTOMER_000000478,2026-10-06T11:49:12,2026-10-06T12:47:12,MOBILE,SOCIAL
SESSION_000000479,CUSTOMER_000000479,2026-06-27T23:00:56,2026-06-27T23:03:56,MOBILE,ORGANIC
SESSION_000000480,CUSTOMER_000000480,2026-08-12T04:14:27,2026-08-12T05:48:27,MOBILE,PAID_SEARCH
SESSION_000000481,CUSTOMER_000000481,2026-08-24T02:15:34,2026-08-24T03:02:34,MOBILE,EMAIL
SESSION_000000482,CUSTOMER_000000482,2026-07-16T20:35:10,2026-07-16T21:18:10,DESKTOP,PAID_SEARCH
SESSION_000000483,CUSTOMER_000000483,2026-11-21T19:33:25,2026-11-21T19:35:25,MOBILE,ORGANIC
SESSION_000000484,CUSTOMER_000000484,2026-12-20T01:09:30,2026-12-20T02:55:30,DESKTOP,PAID_SEARCH
SESSION_000000485,CUSTOMER_000000485,2026-10-09T05:10:38,2026-10-09T05:38:38,DESKTOP,ORGANIC
SESSION_000000486,CUSTOMER_000000486,2026-06-09T02:28:21,2026-06-09T02:48:21,DESKTOP,SOCIAL
SESSION_000000487,CUSTOMER_000000487,2026-02-11T22:49:20,2026-02-11T22:53:20,MOBILE,ORGANIC
SESSION_000000488,CUSTOMER_000000488,2026-04-28T04:45:34,2026-04-28T05:05:34,DESKTOP,DIRECT
SESSION_000000489,CUSTOMER_000000489,2026-11-06T07:00:20,2026-11-06T07:16:20,DESKTOP,DIRECT
SESSION_000000490,CUSTOMER_000000490,2026-05-21T03:56:26,2026-05-21T04:27:26,MOBILE,ORGANIC
SESSION_000000491,CUSTOMER_000000491,2026-07-02T09:06:21,2026-07-02T11:03:21,MOBILE,DIRECT
SESSION_000000492,CUSTOMER_000000492,2026-05-28T20:49:09,2026-05-28T22:32:09,MOBILE,REFERRAL
SESSION_000000493,CUSTOMER_000000493,2026-12-03T18:01:43,2026-12-03T19:23:43,MOBILE,PAID_SEARCH
SESSION_000000494,CUSTOMER_000000494,2026-11-05T11:27:50,2026-11-05T11:41:50,MOBILE,ORGANIC
SESSION_000000495,CUSTOMER_000000495,2026-07-29T20:06:58,2026-07-29T21:40:58,MOBILE,EMAIL
SESSION_000000496,CUSTOMER_000000496,2026-04-08T03:00:42,2026-04-08T03:07:42,DESKTOP,ORGANIC
SESSION_000000497,CUSTOMER_000000497,2026-01-10T02:06:32,2026-01-10T03:58:32,MOBILE,ORGANIC
SESSION_000000498,CUSTOMER_000000498,2026-02-07T23:37:21,2026-02-08T00:50:21,MOBILE,PAID_SEARCH
SESSION_000000499,CUSTOMER_000000499,2026-12-12T19:29:13,2026-12-12T19:54:13,MOBILE,ORGANIC
SESSION_000000500,CUSTOMER_000000500,2026-10-21T22:10:14,2026-10-22T00:00:14,MOBILE,DIRECT
SESSION_000000501,CUSTOMER_000000501,2026-10-12T05:03:24,2026-10-12T06:40:24,MOBILE,DIRECT
SESSION_000000502,CUSTOMER_000000502,2026-01-05T22:13:22,2026-01-05T23:36:22,MOBILE,ORGANIC
SESSION_000000503,CUSTOMER_000000503,2026-02-06T21:51:59,2026-02-06T22:51:59,MOBILE,PAID_SEARCH
SESSION_000000504,CUSTOMER_000000504,2026-11-03T21:41:45,2026-11-03T23:00:45,MOBILE,PAID_SEARCH
SESSION_000000505,CUSTOMER_000000505,2026-02-12T13:31:14,2026-02-12T13:35:14,MOBILE,EMAIL
SESSION_000000506,CUSTOMER_000000506,2026-11-14T14:57:48,2026-11-14T15:30:48,MOBILE,ORGANIC
SESSION_000000507,CUSTOMER_000000507,2026-03-16T07:47:27,2026-03-16T09:35:27,MOBILE,SOCIAL
SESSION_000000508,CUSTOMER_000000508,2026-03-26T08:45:15,2026-03-26T09:13:15,MOBILE,ORGANIC
SESSION_000000509,CUSTOMER_000000509,2026-01-10T14:57:06,2026-01-10T15:28:06,MOBILE,DIRECT
SESSION_000000510,CUSTOMER_000000510,2026-08-27T01:54:37,2026-08-27T02:18:37,MOBILE,ORGANIC
SESSION_000000511,CUSTOMER_000000511,2026-07-27T02:38:38,2026-07-27T02:48:38,MOBILE,DIRECT
SESSION_000000512,CUSTOMER_000000512,2026-01-31T01:08:31,2026-01-31T02:07:31,MOBILE,PAID_SEARCH
SESSION_000000513,CUSTOMER_000000513,2026-12-09T10:12:50,2026-12-09T11:01:50,MOBILE,DIRECT
SESSION_000000514,CUSTOMER_000000514,2026-05-22T15:11:40,2026-05-22T16:09:40,MOBILE,SOCIAL
SESSION_000000515,CUSTOMER_000000515,2026-06-08T01:59:52,2026-06-08T02:54:52,MOBILE,ORGANIC
SESSION_000000516,CUSTOMER_000000516,2026-07-07T11:42:44,2026-07-07T12:30:44,MOBILE,ORGANIC
SESSION_000000517,CUSTOMER_000000517,2026-01-22T04:30:41,2026-01-22T06:24:41,MOBILE,ORGANIC
SESSION_000000518,CUSTOMER_000000518,2026-11-15T15:12:01,2026-11-15T16:56:01,MOBILE,DIRECT
SESSION_000000519,CUSTOMER_000000519,2026-12-10T16:36:02,2026-12-10T17:01:02,MOBILE,PAID_SEARCH
SESSION_000000520,CUSTOMER_000000520,2026-08-10T13:56:49,2026-08-10T15:40:49,MOBILE,PAID_SEARCH
SESSION_000000521,CUSTOMER_000000521,2026-12-09T12:58:10,2026-12-09T14:57:10,MOBILE,ORGANIC
SESSION_000000522,CUSTOMER_000000522,2026-03-18T01:47:40,2026-03-18T02:49:40,DESKTOP,DIRECT
SESSION_000000523,CUSTOMER_000000523,2026-08-11T22:01:52,2026-08-11T22:54:52,DESKTOP,PAID_SEARCH
SESSION_000000524,CUSTOMER_000000524,2026-11-10T23:58:20,2026-11-11T00:21:20,MOBILE,SOCIAL
SESSION_000000525,CUSTOMER_000000525,2026-04-10T11:22:19,2026-04-10T12:56:19,MOBILE,SOCIAL
SESSION_000000526,CUSTOMER_000000526,2026-05-02T16:04:22,2026-05-02T17:40:22,TABLET,PAID_SEARCH
SESSION_000000527,CUSTOMER_000000527,2026-12-22T06:23:01,2026-12-22T07:44:01,MOBILE,SOCIAL
SESSION_000000528,CUSTOMER_000000528,2026-09-18T07:42:22,2026-09-18T09:30:22,MOBILE,ORGANIC
SESSION_000000529,CUSTOMER_000000529,2026-08-23T12:54:24,2026-08-23T14:26:24,MOBILE,ORGANIC
SESSION_000000530,CUSTOMER_000000530,2026-09-09T06:02:40,2026-09-09T06:49:40,MOBILE,DIRECT
SESSION_000000531,CUSTOMER_000000531,2026-02-08T06:17:33,2026-02-08T07:06:33,MOBILE,PAID_SEARCH
SESSION_000000532,CUSTOMER_000000532,2026-04-29T11:09:03,2026-04-29T12:02:03,DESKTOP,ORGANIC
SESSION_000000533,CUSTOMER_000000533,2026-09-10T22:47:32,2026-09-11T00:24:32,MOBILE,DIRECT
SESSION_000000534,CUSTOMER_000000534,2026-10-24T06:36:30,2026-10-24T07:04:30,MOBILE,PAID_SEARCH
SESSION_000000535,CUSTOMER_000000535,2026-10-05T23:46:45,2026-10-06T00:51:45,DESKTOP,PAID_SEARCH
SESSION_000000536,CUSTOMER_000000536,2026-02-10T01:56:54,2026-02-10T03:54:54,DESKTOP,SOCIAL
SESSION_000000537,CUSTOMER_000000537,2026-10-07T20:25:16,2026-10-07T20:34:16,DESKTOP,DIRECT
SESSION_000000538,CUSTOMER_000000538,2026-02-24T02:17:46,2026-02-24T03:15:46,MOBILE,PAID_SEARCH
SESSION_000000539,CUSTOMER_000000539,2026-11-21T01:47:41,2026-11-21T02:56:41,DESKTOP,ORGANIC
SESSION_000000540,CUSTOMER_000000540,2026-04-04T22:18:11,2026-04-04T22:26:11,DESKTOP,SOCIAL
SESSION_000000541,CUSTOMER_000000541,2026-09-06T21:42:08,2026-09-06T21:44:08,DESKTOP,REFERRAL
SESSION_000000542,CUSTOMER_000000542,2026-11-20T14:15:36,2026-11-20T14:18:36,MOBILE,PAID_SEARCH
SESSION_000000543,CUSTOMER_000000543,2026-03-24T18:30:03,2026-03-24T20:03:03,MOBILE,DIRECT
SESSION_000000544,CUSTOMER_000000544,2026-03-01T12:47:44,2026-03-01T13:22:44,MOBILE,ORGANIC
SESSION_000000545,CUSTOMER_000000545,2026-03-25T03:10:01,2026-03-25T04:56:01,MOBILE,ORGANIC
SESSION_000000546,CUSTOMER_000000546,2026-06-01T12:12:56,2026-06-01T13:41:56,DESKTOP,ORGANIC
SESSION_000000547,CUSTOMER_000000547,2026-01-29T04:23:04,2026-01-29T05:31:04,MOBILE,ORGANIC
SESSION_000000548,CUSTOMER_000000548,2026-07-22T18:39:51,2026-07-22T18:50:51,MOBILE,PAID_SEARCH
SESSION_000000549,CUSTOMER_000000549,2026-02-13T00:52:05,2026-02-13T01:27:05,MOBILE,DIRECT
SESSION_000000550,CUSTOMER_000000550,2026-01-28T09:40:26,2026-01-28T11:21:26,MOBILE,REFERRAL
SESSION_000000551,CUSTOMER_000000551,2026-02-01T20:23:08,2026-02-01T22:02:08,MOBILE,ORGANIC
SESSION_000000552,CUSTOMER_000000552,2026-07-21T10:38:32,2026-07-21T11:56:32,MOBILE,EMAIL
SESSION_000000553,CUSTOMER_000000553,2026-06-18T09:45:44,2026-06-18T11:25:44,MOBILE,PAID_SEARCH
SESSION_000000554,CUSTOMER_000000554,2026-05-01T06:57:17,2026-05-01T07:43:17,MOBILE,EMAIL
SESSION_000000555,CUSTOMER_000000555,2026-02-28T22:25:02,2026-02-28T22:37:02,MOBILE,ORGANIC
SESSION_000000556,CUSTOMER_000000556,2026-10-12T13:54:13,2026-10-12T14:07:13,MOBILE,ORGANIC
SESSION_000000557,CUSTOMER_000000557,2026-08-05T01:13:16,2026-08-05T02:14:16,DESKTOP,SOCIAL
SESSION_000000558,CUSTOMER_000000558,2026-07-31T16:13:03,2026-07-31T16:16:03,DESKTOP,EMAIL
SESSION_000000559,CUSTOMER_000000559,2026-08-21T14:47:25,2026-08-21T16:20:25,DESKTOP,SOCIAL
SESSION_000000560,CUSTOMER_000000560,2026-03-24T03:16:04,2026-03-24T04:19:04,MOBILE,SOCIAL
SESSION_000000561,CUSTOMER_000000561,2026-05-05T05:18:40,2026-05-05T05:47:40,MOBILE,EMAIL
SESSION_000000562,CUSTOMER_000000562,2026-06-06T11:04:32,2026-06-06T12:48:32,DESKTOP,EMAIL
SESSION_000000563,CUSTOMER_000000563,2026-07-16T20:50:38,2026-07-16T21:23:38,DESKTOP,ORGANIC
SESSION_000000564,CUSTOMER_000000564,2026-05-30T22:22:55,2026-05-30T23:41:55,MOBILE,ORGANIC
SESSION_000000565,CUSTOMER_000000565,2026-10-05T02:08:26,2026-10-05T03:54:26,MOBILE,EMAIL
SESSION_000000566,CUSTOMER_000000566,2026-05-06T15:11:28,2026-05-06T15:45:28,MOBILE,DIRECT
SESSION_000000567,CUSTOMER_000000567,2026-10-28T15:11:51,2026-10-28T16:25:51,MOBILE,PAID_SEARCH
SESSION_000000568,CUSTOMER_000000568,2026-11-17T16:08:14,2026-11-17T16:23:14,DESKTOP,SOCIAL
SESSION_000000569,CUSTOMER_000000569,2026-11-11T01:51:23,2026-11-11T02:02:23,DESKTOP,ORGANIC
SESSION_000000570,CUSTOMER_000000570,2026-12-23T00:50:38,2026-12-23T01:25:38,MOBILE,ORGANIC
SESSION_000000571,CUSTOMER_000000571,2026-06-06T02:22:17,2026-06-06T03:18:17,DESKTOP,SOCIAL
SESSION_000000572,CUSTOMER_000000572,2026-05-09T03:42:38,2026-05-09T04:25:38,DESKTOP,SOCIAL
SESSION_000000573,CUSTOMER_000000573,2026-08-01T21:42:28,2026-08-01T21:49:28,MOBILE,ORGANIC
SESSION_000000574,CUSTOMER_000000574,2026-07-26T23:33:02,2026-07-27T01:08:02,DESKTOP,ORGANIC
SESSION_000000575,CUSTOMER_000000575,2026-08-10T13:51:03,2026-08-10T14:18:03,MOBILE,ORGANIC
SESSION_000000576,CUSTOMER_000000576,2026-07-20T05:50:28,2026-07-20T07:12:28,MOBILE,EMAIL
SESSION_000000577,CUSTOMER_000000577,2026-09-06T18:07:34,2026-09-06T19:13:34,DESKTOP,PAID_SEARCH
SESSION_000000578,CUSTOMER_000000578,2026-03-11T03:52:40,2026-03-11T04:31:40,MOBILE,DIRECT
SESSION_000000579,CUSTOMER_000000579,2026-04-02T23:29:23,2026-04-03T00:01:23,MOBILE,DIRECT
SESSION_000000580,CUSTOMER_000000580,2026-04-24T09:50:15,2026-04-24T11:33:15,MOBILE,EMAIL
SESSION_000000581,CUSTOMER_000000581,2026-04-11T19:56:37,2026-04-11T21:44:37,MOBILE,ORGANIC
SESSION_000000582,CUSTOMER_000000582,2026-05-05T11:51:24,2026-05-05T13:04:24,MOBILE,SOCIAL
SESSION_000000583,CUSTOMER_000000583,2026-11-20T08:51:03,2026-11-20T09:23:03,MOBILE,PAID_SEARCH
SESSION_000000584,CUSTOMER_000000584,2026-06-26T05:37:18,2026-06-26T06:12:18,MOBILE,ORGANIC
SESSION_000000585,CUSTOMER_000000585,2026-01-11T07:34:07,2026-01-11T09:05:07,MOBILE,REFERRAL
SESSION_000000586,CUSTOMER_000000586,2026-04-09T05:50:15,2026-04-09T05:55:15,MOBILE,DIRECT
SESSION_000000587,CUSTOMER_000000587,2026-12-23T06:52:37,2026-12-23T06:55:37,MOBILE,DIRECT
SESSION_000000588,CUSTOMER_000000588,2026-04-08T16:38:43,2026-04-08T17:10:43,DESKTOP,DIRECT
SESSION_000000589,CUSTOMER_000000589,2026-12-13T12:05:18,2026-12-13T13:20:18,MOBILE,PAID_SEARCH
SESSION_000000590,CUSTOMER_000000590,2026-03-22T09:40:26,2026-03-22T11:26:26,DESKTOP,ORGANIC
SESSION_000000591,CUSTOMER_000000591,2026-11-02T23:20:51,2026-11-02T23:28:51,MOBILE,SOCIAL
SESSION_000000592,CUSTOMER_000000592,2026-02-14T17:11:38,2026-02-14T17:28:38,MOBILE,DIRECT
SESSION_000000593,CUSTOMER_000000593,2026-10-22T04:39:21,2026-10-22T06:17:21,MOBILE,EMAIL
SESSION_000000594,CUSTOMER_000000594,2026-01-08T22:09:19,2026-01-08T23:34:19,MOBILE,REFERRAL
SESSION_000000595,CUSTOMER_000000595,2026-03-26T01:14:14,2026-03-26T02:17:14,MOBILE,PAID_SEARCH
SESSION_000000596,CUSTOMER_000000596,2026-10-28T19:17:45,2026-10-28T19:52:45,MOBILE,REFERRAL
SESSION_000000597,CUSTOMER_000000597,2026-08-07T19:37:51,2026-08-07T20:48:51,MOBILE,SOCIAL
SESSION_000000598,CUSTOMER_000000598,2026-11-23T18:38:34,2026-11-23T20:14:34,MOBILE,ORGANIC
SESSION_000000599,CUSTOMER_000000599,2026-06-28T14:14:37,2026-06-28T14:27:37,DESKTOP,EMAIL
SESSION_000000600,CUSTOMER_000000600,2026-09-13T12:19:26,2026-09-13T12:48:26,MOBILE,ORGANIC
SESSION_000000601,CUSTOMER_000000601,2026-02-28T19:06:43,2026-02-28T20:17:43,MOBILE,ORGANIC
SESSION_000000602,CUSTOMER_000000602,2026-09-08T03:08:18,2026-09-08T04:03:18,MOBILE,SOCIAL
SESSION_000000603,CUSTOMER_000000603,2026-02-08T17:09:58,2026-02-08T18:57:58,MOBILE,SOCIAL
SESSION_000000604,CUSTOMER_000000604,2026-05-25T17:35:50,2026-05-25T18:26:50,MOBILE,ORGANIC
SESSION_000000605,CUSTOMER_000000605,2026-10-05T11:02:52,2026-10-05T12:51:52,DESKTOP,ORGANIC
SESSION_000000606,CUSTOMER_000000606,2026-03-15T06:40:31,2026-03-15T07:54:31,DESKTOP,EMAIL
SESSION_000000607,CUSTOMER_000000607,2026-02-24T18:54,2026-02-24T19:53,MOBILE,ORGANIC
SESSION_000000608,CUSTOMER_000000608,2026-11-17T06:54:02,2026-11-17T08:27:02,MOBILE,ORGANIC
SESSION_000000609,CUSTOMER_000000609,2026-03-03T10:48:28,2026-03-03T10:49:28,MOBILE,ORGANIC
SESSION_000000610,CUSTOMER_000000610,2026-04-22T07:36:35,2026-04-22T07:55:35,MOBILE,SOCIAL
SESSION_000000611,CUSTOMER_000000611,2026-08-12T20:49:16,2026-08-12T21:11:16,MOBILE,PAID_SEARCH
SESSION_000000612,CUSTOMER_000000612,2026-12-02T02:12:25,2026-12-02T03:55:25,TABLET,PAID_SEARCH
SESSION_000000613,CUSTOMER_000000613,2026-01-03T04:16:01,2026-01-03T05:41:01,MOBILE,ORGANIC
SESSION_000000614,CUSTOMER_000000614,2026-09-20T05:34:32,2026-09-20T06:55:32,DESKTOP,PAID_SEARCH
SESSION_000000615,CUSTOMER_000000615,2026-08-12T09:31:03,2026-08-12T10:42:03,MOBILE,ORGANIC
SESSION_000000616,CUSTOMER_000000616,2026-09-28T10:52:56,2026-09-28T11:50:56,DESKTOP,ORGANIC
SESSION_000000617,CUSTOMER_000000617,2026-03-04T01:04:49,2026-03-04T01:39:49,MOBILE,DIRECT
SESSION_000000618,CUSTOMER_000000618,2026-08-14T18:00:58,2026-08-14T18:24:58,MOBILE,PAID_SEARCH
SESSION_000000619,CUSTOMER_000000619,2026-07-21T22:46:21,2026-07-22T00:03:21,MOBILE,EMAIL
SESSION_000000620,CUSTOMER_000000620,2026-10-17T08:48:23,2026-10-17T09:26:23,MOBILE,ORGANIC
SESSION_000000621,CUSTOMER_000000621,2026-04-20T09:43:51,2026-04-20T10:45:51,MOBILE,ORGANIC
SESSION_000000622,CUSTOMER_000000622,2026-11-16T21:31:09,2026-11-16T21:55:09,DESKTOP,SOCIAL
SESSION_000000623,CUSTOMER_000000623,2026-01-18T12:49:58,2026-01-18T13:03:58,MOBILE,PAID_SEARCH
SESSION_000000624,CUSTOMER_000000624,2026-04-25T09:04:58,2026-04-25T10:12:58,DESKTOP,PAID_SEARCH
SESSION_000000625,CUSTOMER_000000625,2026-10-20T12:13:03,2026-10-20T13:56:03,DESKTOP,ORGANIC
SESSION_000000626,CUSTOMER_000000626,2026-10-02T04:23:49,2026-10-02T04:56:49,MOBILE,ORGANIC
SESSION_000000627,CUSTOMER_000000627,2026-03-29T16:22:39,2026-03-29T16:40:39,DESKTOP,DIRECT
SESSION_000000628,CUSTOMER_000000628,2026-07-02T19:44,2026-07-02T20:45,DESKTOP,EMAIL
SESSION_000000629,CUSTOMER_000000629,2026-09-21T08:31:37,2026-09-21T09:31:37,DESKTOP,EMAIL
SESSION_000000630,CUSTOMER_000000630,2026-07-27T09:22:17,2026-07-27T10:26:17,MOBILE,ORGANIC
SESSION_000000631,CUSTOMER_000000631,2026-03-10T01:15:13,2026-03-10T02:06:13,DESKTOP,ORGANIC
SESSION_000000632,CUSTOMER_000000632,2026-07-19T20:13:21,2026-07-19T20:31:21,MOBILE,PAID_SEARCH
SESSION_000000633,CUSTOMER_000000633,2026-12-19T19:08:43,2026-12-19T19:29:43,MOBILE,PAID_SEARCH
SESSION_000000634,CUSTOMER_000000634,2026-06-16T21:49:13,2026-06-16T23:07:13,MOBILE,ORGANIC
SESSION_000000635,CUSTOMER_000000635,2026-08-29T13:30:33,2026-08-29T15:19:33,MOBILE,SOCIAL
SESSION_000000636,CUSTOMER_000000636,2026-10-21T16:47:40,2026-10-21T18:20:40,MOBILE,ORGANIC
SESSION_000000637,CUSTOMER_000000637,2026-08-17T23:12:53,2026-08-18T00:29:53,DESKTOP,DIRECT
SESSION_000000638,CUSTOMER_000000638,2026-02-21T06:53:59,2026-02-21T07:19:59,MOBILE,SOCIAL
SESSION_000000639,CUSTOMER_000000639,2026-10-17T00:57:51,2026-10-17T01:59:51,MOBILE,SOCIAL
SESSION_000000640,CUSTOMER_000000640,2026-06-22T21:16:48,2026-06-22T21:45:48,DESKTOP,ORGANIC
SESSION_000000641,CUSTOMER_000000641,2026-09-10T15:52:57,2026-09-10T16:45:57,DESKTOP,ORGANIC
SESSION_000000642,CUSTOMER_000000642,2026-04-04T17:18:56,2026-04-04T17:42:56,MOBILE,ORGANIC
SESSION_000000643,CUSTOMER_000000643,2026-11-02T08:24:03,2026-11-02T09:07:03,MOBILE,DIRECT
SESSION_000000644,CUSTOMER_000000644,2026-06-23T21:38:44,2026-06-23T22:41:44,MOBILE,ORGANIC
SESSION_000000645,CUSTOMER_000000645,2026-07-04T11:43:30,2026-07-04T12:45:30,MOBILE,DIRECT
SESSION_000000646,CUSTOMER_000000646,2026-01-21T12:11:52,2026-01-21T13:05:52,MOBILE,ORGANIC
SESSION_000000647,CUSTOMER_000000647,2026-05-24T08:32:21,2026-05-24T09:53:21,MOBILE,ORGANIC
SESSION_000000648,CUSTOMER_000000648,2026-11-04T14:12:50,2026-11-04T15:23:50,MOBILE,DIRECT
SESSION_000000649,CUSTOMER_000000649,2026-09-03T16:38:43,2026-09-03T18:32:43,DESKTOP,ORGANIC
SESSION_000000650,CUSTOMER_000000650,2026-08-30T17:07:36,2026-08-30T17:27:36,MOBILE,EMAIL
SESSION_000000651,CUSTOMER_000000651,2026-01-17T12:11:28,2026-01-17T14:01:28,MOBILE,ORGANIC
SESSION_000000652,CUSTOMER_000000652,2026-11-13T09:27:45,2026-11-13T09:33:45,MOBILE,ORGANIC
SESSION_000000653,CUSTOMER_000000653,2026-12-24T22:53:19,2026-12-24T23:14:19,MOBILE,DIRECT
SESSION_000000654,CUSTOMER_000000654,2026-11-28T11:12:03,2026-11-28T11:54:03,MOBILE,EMAIL
SESSION_000000655,CUSTOMER_000000655,2026-04-10T04:24:19,2026-04-10T05:24:19,MOBILE,SOCIAL
SESSION_000000656,CUSTOMER_000000656,2026-09-08T14:50:23,2026-09-08T16:18:23,DESKTOP,PAID_SEARCH
SESSION_000000657,CUSTOMER_000000657,2026-05-21T15:24:48,2026-05-21T17:00:48,DESKTOP,EMAIL
SESSION_000000658,CUSTOMER_000000658,2026-12-21T22:19:53,2026-12-21T23:48:53,MOBILE,ORGANIC
SESSION_000000659,CUSTOMER_000000659,2026-06-19T21:42:36,2026-06-19T22:59:36,MOBILE,DIRECT
SESSION_000000660,CUSTOMER_000000660,2026-08-24T14:02:56,2026-08-24T14:34:56,DESKTOP,DIRECT
SESSION_000000661,CUSTOMER_000000661,2026-06-21T08:57:13,2026-06-21T10:32:13,DESKTOP,PAID_SEARCH
SESSION_000000662,CUSTOMER_000000662,2026-08-20T18:08:22,2026-08-20T19:54:22,MOBILE,DIRECT
SESSION_000000663,CUSTOMER_000000663,2026-11-21T05:27:57,2026-11-21T06:18:57,MOBILE,SOCIAL
SESSION_000000664,CUSTOMER_000000664,2026-10-24T01:04:46,2026-10-24T01:18:46,MOBILE,PAID_SEARCH
SESSION_000000665,CUSTOMER_000000665,2026-07-26T11:11:29,2026-07-26T12:05:29,DESKTOP,ORGANIC
SESSION_000000666,CUSTOMER_000000666,2026-10-04T16:30:10,2026-10-04T17:28:10,MOBILE,DIRECT
SESSION_000000667,CUSTOMER_000000667,2026-03-16T04:22:46,2026-03-16T04:46:46,MOBILE,PAID_SEARCH
SESSION_000000668,CUSTOMER_000000668,2026-01-31T08:08:58,2026-01-31T08:38:58,MOBILE,ORGANIC
SESSION_000000669,CUSTOMER_000000669,2026-08-24T07:12:02,2026-08-24T07:27:02,DESKTOP,ORGANIC
SESSION_000000670,CUSTOMER_000000670,2026-10-27T23:31:16,2026-10-27T23:48:16,MOBILE,SOCIAL
SESSION_000000671,CUSTOMER_000000671,2026-08-27T14:49:28,2026-08-27T16:35:28,DESKTOP,ORGANIC
SESSION_000000672,CUSTOMER_000000672,2026-08-25T09:28:37,2026-08-25T10:49:37,MOBILE,PAID_SEARCH
SESSION_000000673,CUSTOMER_000000673,2026-01-20T12:10:27,2026-01-20T12:48:27,MOBILE,SOCIAL
SESSION_000000674,CUSTOMER_000000674,2026-05-05T13:02:51,2026-05-05T13:42:51,TABLET,DIRECT
SESSION_000000675,CUSTOMER_000000675,2026-10-08T10:49:57,2026-10-08T12:09:57,MOBILE,PAID_SEARCH
SESSION_000000676,CUSTOMER_000000676,2026-02-23T17:59:04,2026-02-23T19:08:04,TABLET,ORGANIC
SESSION_000000677,CUSTOMER_000000677,2026-11-21T14:16:32,2026-11-21T15:56:32,DESKTOP,PAID_SEARCH
SESSION_000000678,CUSTOMER_000000678,2026-04-14T13:14:16,2026-04-14T14:06:16,MOBILE,EMAIL
SESSION_000000679,CUSTOMER_000000679,2026-07-22T15:03:29,2026-07-22T16:38:29,MOBILE,EMAIL
SESSION_000000680,CUSTOMER_000000680,2026-08-29T18:51:15,2026-08-29T18:56:15,MOBILE,PAID_SEARCH
SESSION_000000681,CUSTOMER_000000681,2026-11-27T09:56:15,2026-11-27T11:56:15,MOBILE,DIRECT
SESSION_000000682,CUSTOMER_000000682,2026-03-20T08:35,2026-03-20T09:48,MOBILE,PAID_SEARCH
SESSION_000000683,CUSTOMER_000000683,2026-05-10T21:41:47,2026-05-10T23:36:47,DESKTOP,ORGANIC
SESSION_000000684,CUSTOMER_000000684,2026-11-29T13:36:30,2026-11-29T15:05:30,MOBILE,DIRECT
SESSION_000000685,CUSTOMER_000000685,2026-06-20T05:11:29,2026-06-20T06:07:29,DESKTOP,ORGANIC
SESSION_000000686,CUSTOMER_000000686,2026-11-09T05:48:11,2026-11-09T06:02:11,MOBILE,SOCIAL
SESSION_000000687,CUSTOMER_000000687,2026-10-08T20:09:59,2026-10-08T20:46:59,DESKTOP,ORGANIC
SESSION_000000688,CUSTOMER_000000688,2026-02-11T01:30:27,2026-02-11T01:47:27,DESKTOP,PAID_SEARCH
SESSION_000000689,CUSTOMER_000000689,2026-01-21T22:55,2026-01-22T00:08,DESKTOP,ORGANIC
SESSION_000000690,CUSTOMER_000000690,2026-05-28T16:36:34,2026-05-28T16:57:34,DESKTOP,ORGANIC
SESSION_000000691,CUSTOMER_000000691,2026-07-01T15:12:41,2026-07-01T15:26:41,MOBILE,PAID_SEARCH
SESSION_000000692,CUSTOMER_000000692,2026-05-05T15:14:41,2026-05-05T16:35:41,DESKTOP,ORGANIC
SESSION_000000693,CUSTOMER_000000693,2026-11-19T12:23:51,2026-11-19T13:36:51,MOBILE,ORGANIC
SESSION_000000694,CUSTOMER_000000694,2026-02-07T11:55:41,2026-02-07T13:32:41,MOBILE,DIRECT
SESSION_000000695,CUSTOMER_000000695,2026-01-11T01:14:56,2026-01-11T01:15:56,MOBILE,REFERRAL
SESSION_000000696,CUSTOMER_000000696,2026-03-29T18:29,2026-03-29T19:30,MOBILE,SOCIAL
SESSION_000000697,CUSTOMER_000000697,2026-02-25T07:38:59,2026-02-25T08:55:59,MOBILE,ORGANIC
SESSION_000000698,CUSTOMER_000000698,2026-10-31T00:53:35,2026-10-31T02:41:35,DESKTOP,EMAIL
SESSION_000000699,CUSTOMER_000000699,2026-02-15T07:05:02,2026-02-15T07:40:02,MOBILE,ORGANIC
SESSION_000000700,CUSTOMER_000000700,2026-12-27T17:08:15,2026-12-27T18:37:15,MOBILE,SOCIAL
SESSION_000000701,CUSTOMER_000000701,2026-06-08T06:36:18,2026-06-08T08:20:18,TABLET,ORGANIC
SESSION_000000702,CUSTOMER_000000702,2026-10-25T00:56:08,2026-10-25T01:19:08,DESKTOP,DIRECT
SESSION_000000703,CUSTOMER_000000703,2026-01-20T13:03:41,2026-01-20T13:41:41,MOBILE,SOCIAL
SESSION_000000704,CUSTOMER_000000704,2026-11-01T05:48:57,2026-11-01T06:37:57,MOBILE,ORGANIC
SESSION_000000705,CUSTOMER_000000705,2026-04-24T12:50:44,2026-04-24T13:15:44,MOBILE,PAID_SEARCH
SESSION_000000706,CUSTOMER_000000706,2026-05-05T05:01:43,2026-05-05T05:25:43,DESKTOP,PAID_SEARCH
SESSION_000000707,CUSTOMER_000000707,2026-05-27T11:22:02,2026-05-27T13:08:02,DESKTOP,DIRECT
SESSION_000000708,CUSTOMER_000000708,2026-01-14T10:12:22,2026-01-14T11:18:22,MOBILE,SOCIAL
SESSION_000000709,CUSTOMER_000000709,2026-08-29T12:31:26,2026-08-29T14:00:26,MOBILE,REFERRAL
SESSION_000000710,CUSTOMER_000000710,2026-06-04T14:41:59,2026-06-04T16:03:59,MOBILE,REFERRAL
SESSION_000000711,CUSTOMER_000000711,2026-06-11T17:37:47,2026-06-11T19:33:47,MOBILE,ORGANIC
SESSION_000000712,CUSTOMER_000000712,2026-03-25T09:35:16,2026-03-25T11:31:16,MOBILE,ORGANIC
SESSION_000000713,CUSTOMER_000000713,2026-09-17T10:57:55,2026-09-17T11:45:55,DESKTOP,PAID_SEARCH
SESSION_000000714,CUSTOMER_000000714,2026-02-14T17:42:56,2026-02-14T18:40:56,DESKTOP,SOCIAL
SESSION_000000715,CUSTOMER_000000715,2026-07-23T17:25:41,2026-07-23T18:07:41,MOBILE,ORGANIC
SESSION_000000716,CUSTOMER_000000716,2026-09-01T21:11:43,2026-09-01T21:29:43,MOBILE,ORGANIC
SESSION_000000717,CUSTOMER_000000717,2026-04-03T09:51:27,2026-04-03T11:32:27,MOBILE,ORGANIC
SESSION_000000718,CUSTOMER_000000718,2026-04-14T09:30:42,2026-04-14T10:36:42,MOBILE,ORGANIC
SESSION_000000719,CUSTOMER_000000719,2026-02-27T22:46:57,2026-02-28T00:38:57,DESKTOP,DIRECT
SESSION_000000720,CUSTOMER_000000720,2026-06-15T00:24:16,2026-06-15T01:49:16,DESKTOP,ORGANIC
SESSION_000000721,CUSTOMER_000000721,2026-07-29T02:08:55,2026-07-29T04:07:55,MOBILE,PAID_SEARCH
SESSION_000000722,CUSTOMER_000000722,2026-02-28T07:49:40,2026-02-28T08:41:40,MOBILE,ORGANIC
SESSION_000000723,CUSTOMER_000000723,2026-09-10T21:14:06,2026-09-10T21:49:06,MOBILE,ORGANIC
SESSION_000000724,CUSTOMER_000000724,2026-10-24T23:10:41,2026-10-24T23:26:41,DESKTOP,EMAIL
SESSION_000000725,CUSTOMER_000000725,2026-04-04T08:45:56,2026-04-04T10:10:56,MOBILE,SOCIAL
SESSION_000000726,CUSTOMER_000000726,2026-06-12T22:02:53,2026-06-12T22:25:53,MOBILE,SOCIAL
SESSION_000000727,CUSTOMER_000000727,2026-09-01T04:40:07,2026-09-01T05:30:07,MOBILE,PAID_SEARCH
SESSION_000000728,CUSTOMER_000000728,2026-06-13T14:52:37,2026-06-13T16:26:37,MOBILE,SOCIAL
SESSION_000000729,CUSTOMER_000000729,2026-02-24T02:35:41,2026-02-24T02:57:41,MOBILE,PAID_SEARCH
SESSION_000000730,CUSTOMER_000000730,2026-05-10T23:30:19,2026-05-11T00:41:19,DESKTOP,SOCIAL
SESSION_000000731,CUSTOMER_000000731,2026-04-12T03:55:26,2026-04-12T05:09:26,MOBILE,EMAIL
SESSION_000000732,CUSTOMER_000000732,2026-06-16T01:58:04,2026-06-16T02:45:04,MOBILE,DIRECT
SESSION_000000733,CUSTOMER_000000733,2026-02-21T15:44:25,2026-02-21T16:20:25,MOBILE,PAID_SEARCH
SESSION_000000734,CUSTOMER_000000734,2026-10-01T05:04:07,2026-10-01T06:19:07,MOBILE,EMAIL
SESSION_000000735,CUSTOMER_000000735,2026-05-23T06:51:33,2026-05-23T08:09:33,DESKTOP,ORGANIC
SESSION_000000736,CUSTOMER_000000736,2026-02-05T10:44:53,2026-02-05T12:28:53,MOBILE,ORGANIC
SESSION_000000737,CUSTOMER_000000737,2026-02-23T02:49:31,2026-02-23T04:38:31,DESKTOP,PAID_SEARCH
SESSION_000000738,CUSTOMER_000000738,2026-08-04T12:48:43,2026-08-04T14:30:43,MOBILE,ORGANIC
SESSION_000000739,CUSTOMER_000000739,2026-12-03T01:35:03,2026-12-03T02:11:03,MOBILE,SOCIAL
SESSION_000000740,CUSTOMER_000000740,2026-10-11T07:29:39,2026-10-11T09:16:39,DESKTOP,ORGANIC
SESSION_000000741,CUSTOMER_000000741,2026-10-06T16:17:46,2026-10-06T18:11:46,MOBILE,DIRECT
SESSION_000000742,CUSTOMER_000000742,2026-02-05T07:46:03,2026-02-05T08:57:03,DESKTOP,ORGANIC
SESSION_000000743,CUSTOMER_000000743,2026-06-18T03:41:25,2026-06-18T04:02:25,MOBILE,SOCIAL
SESSION_000000744,CUSTOMER_000000744,2026-03-27T11:37:15,2026-03-27T12:05:15,MOBILE,DIRECT
SESSION_000000745,CUSTOMER_000000745,2026-05-08T21:26:27,2026-05-08T23:06:27,DESKTOP,DIRECT
SESSION_000000746,CUSTOMER_000000746,2026-03-23T13:17:22,2026-03-23T13:45:22,MOBILE,EMAIL
SESSION_000000747,CUSTOMER_000000747,2026-05-19T22:23:28,2026-05-19T23:20:28,MOBILE,ORGANIC
SESSION_000000748,CUSTOMER_000000748,2026-08-26T01:52:53,2026-08-26T03:07:53,MOBILE,PAID_SEARCH
SESSION_000000749,CUSTOMER_000000749,2026-02-07T08:49:58,2026-02-07T10:30:58,DESKTOP,PAID_SEARCH
SESSION_000000750,CUSTOMER_000000750,2026-12-27T05:11:10,2026-12-27T06:48:10,DESKTOP,ORGANIC
SESSION_000000751,CUSTOMER_000000751,2026-07-15T23:21:54,2026-07-15T23:45:54,DESKTOP,SOCIAL
SESSION_000000752,CUSTOMER_000000752,2026-10-07T01:55:47,2026-10-07T02:36:47,MOBILE,SOCIAL
SESSION_000000753,CUSTOMER_000000753,2026-03-05T12:03:36,2026-03-05T13:44:36,MOBILE,REFERRAL
SESSION_000000754,CUSTOMER_000000754,2026-03-19T15:46:25,2026-03-19T16:12:25,DESKTOP,DIRECT
SESSION_000000755,CUSTOMER_000000755,2026-07-05T23:48:16,2026-07-05T23:55:16,MOBILE,ORGANIC
SESSION_000000756,CUSTOMER_000000756,2026-08-10T04:18:14,2026-08-10T05:35:14,MOBILE,ORGANIC
SESSION_000000757,CUSTOMER_000000757,2026-05-15T03:57:01,2026-05-15T05:23:01,MOBILE,ORGANIC
SESSION_000000758,CUSTOMER_000000758,2026-09-10T15:36:21,2026-09-10T16:57:21,DESKTOP,EMAIL
SESSION_000000759,CUSTOMER_000000759,2026-09-06T23:22:43,2026-09-07T00:32:43,MOBILE,PAID_SEARCH
SESSION_000000760,CUSTOMER_000000760,2026-07-19T00:11:19,2026-07-19T01:42:19,DESKTOP,ORGANIC
SESSION_000000761,CUSTOMER_000000761,2026-01-10T02:25:13,2026-01-10T03:47:13,DESKTOP,EMAIL
SESSION_000000762,CUSTOMER_000000762,2026-07-03T17:46:42,2026-07-03T18:43:42,MOBILE,SOCIAL
SESSION_000000763,CUSTOMER_000000763,2026-09-13T12:07:52,2026-09-13T12:10:52,MOBILE,ORGANIC
SESSION_000000764,CUSTOMER_000000764,2026-07-04T09:33:42,2026-07-04T11:31:42,MOBILE,DIRECT
SESSION_000000765,CUSTOMER_000000765,2026-07-20T21:24:25,2026-07-20T23:04:25,DESKTOP,ORGANIC
SESSION_000000766,CUSTOMER_000000766,2026-04-04T14:42:46,2026-04-04T15:59:46,MOBILE,PAID_SEARCH
SESSION_000000767,CUSTOMER_000000767,2026-03-31T15:56,2026-03-31T16:50,DESKTOP,ORGANIC
SESSION_000000768,CUSTOMER_000000768,2026-10-23T12:51:32,2026-10-23T12:55:32,DESKTOP,SOCIAL
SESSION_000000769,CUSTOMER_000000769,2026-04-28T01:59:48,2026-04-28T02:30:48,MOBILE,SOCIAL
SESSION_000000770,CUSTOMER_000000770,2026-08-18T12:49:32,2026-08-18T14:40:32,MOBILE,ORGANIC
SESSION_000000771,CUSTOMER_000000771,2026-08-23T20:04:22,2026-08-23T20:12:22,MOBILE,ORGANIC
SESSION_000000772,CUSTOMER_000000772,2026-09-30T19:41:36,2026-09-30T21:25:36,MOBILE,SOCIAL
SESSION_000000773,CUSTOMER_000000773,2026-01-16T02:48:32,2026-01-16T02:50:32,MOBILE,SOCIAL
SESSION_000000774,CUSTOMER_000000774,2026-04-03T13:37:22,2026-04-03T14:48:22,MOBILE,ORGANIC
SESSION_000000775,CUSTOMER_000000775,2026-12-05T08:31:26,2026-12-05T09:49:26,DESKTOP,PAID_SEARCH
SESSION_000000776,CUSTOMER_000000776,2026-07-14T02:59:18,2026-07-14T04:22:18,MOBILE,ORGANIC
SESSION_000000777,CUSTOMER_000000777,2026-02-21T14:24:40,2026-02-21T16:13:40,MOBILE,ORGANIC
SESSION_000000778,CUSTOMER_000000778,2026-12-06T17:06:07,2026-12-06T18:13:07,MOBILE,ORGANIC
SESSION_000000779,CUSTOMER_000000779,2026-11-07T20:51:23,2026-11-07T20:59:23,MOBILE,ORGANIC
SESSION_000000780,CUSTOMER_000000780,2026-06-19T07:54:10,2026-06-19T08:54:10,MOBILE,PAID_SEARCH
SESSION_000000781,CUSTOMER_000000781,2026-10-03T15:39:22,2026-10-03T16:53:22,DESKTOP,ORGANIC
SESSION_000000782,CUSTOMER_000000782,2026-09-16T02:55:21,2026-09-16T03:26:21,MOBILE,PAID_SEARCH
SESSION_000000783,CUSTOMER_000000783,2026-03-05T14:38:26,2026-03-05T15:34:26,MOBILE,SOCIAL
SESSION_000000784,CUSTOMER_000000784,2026-05-03T05:51:42,2026-05-03T07:51:42,MOBILE,PAID_SEARCH
SESSION_000000785,CUSTOMER_000000785,2026-05-25T14:20:03,2026-05-25T14:32:03,MOBILE,SOCIAL
SESSION_000000786,CUSTOMER_000000786,2026-07-31T14:28:41,2026-07-31T14:29:41,DESKTOP,SOCIAL
SESSION_000000787,CUSTOMER_000000787,2026-05-23T14:28:12,2026-05-23T14:30:12,MOBILE,REFERRAL
SESSION_000000788,CUSTOMER_000000788,2026-02-26T16:21:56,2026-02-26T16:38:56,MOBILE,ORGANIC
SESSION_000000789,CUSTOMER_000000789,2026-07-08T01:46:50,2026-07-08T02:33:50,DESKTOP,PAID_SEARCH
SESSION_000000790,CUSTOMER_000000790,2026-12-05T08:57,2026-12-05T09:19,MOBILE,ORGANIC
SESSION_000000791,CUSTOMER_000000791,2026-02-12T01:55:49,2026-02-12T02:33:49,MOBILE,DIRECT
SESSION_000000792,CUSTOMER_000000792,2026-05-28T16:59:04,2026-05-28T18:55:04,MOBILE,ORGANIC
SESSION_000000793,CUSTOMER_000000793,2026-02-13T06:12:46,2026-02-13T07:20:46,MOBILE,SOCIAL
SESSION_000000794,CUSTOMER_000000794,2026-07-22T20:32:01,2026-07-22T21:19:01,MOBILE,PAID_SEARCH
SESSION_000000795,CUSTOMER_000000795,2026-02-10T04:37:26,2026-02-10T04:56:26,MOBILE,SOCIAL
SESSION_000000796,CUSTOMER_000000796,2026-07-13T22:49:20,2026-07-13T23:10:20,DESKTOP,ORGANIC
SESSION_000000797,CUSTOMER_000000797,2026-11-10T18:15:32,2026-11-10T19:48:32,MOBILE,EMAIL
SESSION_000000798,CUSTOMER_000000798,2026-08-30T18:05:01,2026-08-30T19:28:01,MOBILE,DIRECT
SESSION_000000799,CUSTOMER_000000799,2026-11-23T21:53:18,2026-11-23T22:54:18,MOBILE,EMAIL
SESSION_000000800,CUSTOMER_000000800,2026-03-30T20:20:28,2026-03-30T20:28:28,DESKTOP,ORGANIC
SESSION_000000801,CUSTOMER_000000801,2026-08-13T09:24:51,2026-08-13T10:36:51,TABLET,PAID_SEARCH
SESSION_000000802,CUSTOMER_000000802,2026-08-22T06:32:19,2026-08-22T08:29:19,MOBILE,ORGANIC
SESSION_000000803,CUSTOMER_000000803,2026-04-21T05:26:51,2026-04-21T06:29:51,MOBILE,PAID_SEARCH
SESSION_000000804,CUSTOMER_000000804,2026-01-30T17:19:50,2026-01-30T17:49:50,DESKTOP,ORGANIC
SESSION_000000805,CUSTOMER_000000805,2026-05-24T17:38:52,2026-05-24T18:41:52,DESKTOP,SOCIAL
SESSION_000000806,CUSTOMER_000000806,2026-03-27T03:26:47,2026-03-27T04:30:47,DESKTOP,SOCIAL
SESSION_000000807,CUSTOMER_000000807,2026-03-06T12:10:33,2026-03-06T14:02:33,DESKTOP,ORGANIC
SESSION_000000808,CUSTOMER_000000808,2026-05-07T05:14:10,2026-05-07T05:41:10,MOBILE,ORGANIC
SESSION_000000809,CUSTOMER_000000809,2026-11-10T13:59:05,2026-11-10T14:19:05,DESKTOP,PAID_SEARCH
SESSION_000000810,CUSTOMER_000000810,2026-02-01T14:07:31,2026-02-01T16:04:31,MOBILE,ORGANIC
SESSION_000000811,CUSTOMER_000000811,2026-03-17T12:06:29,2026-03-17T12:38:29,DESKTOP,ORGANIC
SESSION_000000812,CUSTOMER_000000812,2026-06-20T11:18:14,2026-06-20T12:39:14,MOBILE,PAID_SEARCH
SESSION_000000813,CUSTOMER_000000813,2026-01-22T21:08:03,2026-01-22T22:38:03,MOBILE,PAID_SEARCH
SESSION_000000814,CUSTOMER_000000814,2026-01-06T20:03:51,2026-01-06T21:39:51,DESKTOP,DIRECT
SESSION_000000815,CUSTOMER_000000815,2026-06-15T14:06:26,2026-06-15T15:11:26,MOBILE,REFERRAL
SESSION_000000816,CUSTOMER_000000816,2026-05-19T06:38:40,2026-05-19T07:57:40,DESKTOP,ORGANIC
SESSION_000000817,CUSTOMER_000000817,2026-06-20T21:30:49,2026-06-20T22:40:49,DESKTOP,ORGANIC
SESSION_000000818,CUSTOMER_000000818,2026-12-22T01:21:45,2026-12-22T02:28:45,MOBILE,ORGANIC
SESSION_000000819,CUSTOMER_000000819,2026-06-19T23:21,2026-06-20T01:14,DESKTOP,PAID_SEARCH
SESSION_000000820,CUSTOMER_000000820,2026-05-10T14:45:40,2026-05-10T16:28:40,MOBILE,SOCIAL
SESSION_000000821,CUSTOMER_000000821,2026-08-26T21:34:08,2026-08-26T21:42:08,MOBILE,PAID_SEARCH
SESSION_000000822,CUSTOMER_000000822,2026-05-15T09:51:04,2026-05-15T10:55:04,TABLET,ORGANIC
SESSION_000000823,CUSTOMER_000000823,2026-03-24T18:33:34,2026-03-24T18:46:34,DESKTOP,DIRECT
SESSION_000000824,CUSTOMER_000000824,2026-03-19T06:09:26,2026-03-19T07:01:26,TABLET,EMAIL
SESSION_000000825,CUSTOMER_000000825,2026-01-06T09:09:21,2026-01-06T10:24:21,MOBILE,SOCIAL
SESSION_000000826,CUSTOMER_000000826,2026-08-24T12:02:42,2026-08-24T12:04:42,TABLET,DIRECT
SESSION_000000827,CUSTOMER_000000827,2026-08-25T20:03:32,2026-08-25T20:17:32,MOBILE,ORGANIC
SESSION_000000828,CUSTOMER_000000828,2026-06-29T06:08:07,2026-06-29T06:41:07,MOBILE,DIRECT
SESSION_000000829,CUSTOMER_000000829,2026-04-20T04:37:54,2026-04-20T06:03:54,DESKTOP,SOCIAL
SESSION_000000830,CUSTOMER_000000830,2026-06-02T22:41,2026-06-02T23:07,TABLET,ORGANIC
SESSION_000000831,CUSTOMER_000000831,2026-07-14T04:13:29,2026-07-14T04:27:29,MOBILE,ORGANIC
SESSION_000000832,CUSTOMER_000000832,2026-07-18T19:53:04,2026-07-18T20:57:04,MOBILE,PAID_SEARCH
SESSION_000000833,CUSTOMER_000000833,2026-07-21T01:12:45,2026-07-21T01:51:45,MOBILE,SOCIAL
SESSION_000000834,CUSTOMER_000000834,2026-04-13T08:51:13,2026-04-13T10:32:13,DESKTOP,SOCIAL
SESSION_000000835,CUSTOMER_000000835,2026-02-23T13:32:12,2026-02-23T14:55:12,MOBILE,ORGANIC
SESSION_000000836,CUSTOMER_000000836,2026-07-16T18:32:29,2026-07-16T19:20:29,MOBILE,ORGANIC
SESSION_000000837,CUSTOMER_000000837,2026-06-13T19:15:27,2026-06-13T19:52:27,MOBILE,EMAIL
SESSION_000000838,CUSTOMER_000000838,2026-02-11T18:52:32,2026-02-11T20:48:32,MOBILE,SOCIAL
SESSION_000000839,CUSTOMER_000000839,2026-07-14T16:14:21,2026-07-14T18:09:21,MOBILE,PAID_SEARCH
SESSION_000000840,CUSTOMER_000000840,2026-04-06T13:13:37,2026-04-06T14:04:37,MOBILE,DIRECT
SESSION_000000841,CUSTOMER_000000841,2026-06-28T16:18:36,2026-06-28T16:58:36,DESKTOP,PAID_SEARCH
SESSION_000000842,CUSTOMER_000000842,2026-12-05T09:35:19,2026-12-05T10:11:19,MOBILE,PAID_SEARCH
SESSION_000000843,CUSTOMER_000000843,2026-10-10T14:05:34,2026-10-10T15:37:34,MOBILE,ORGANIC
SESSION_000000844,CUSTOMER_000000844,2026-08-25T14:25:09,2026-08-25T15:21:09,DESKTOP,ORGANIC
SESSION_000000845,CUSTOMER_000000845,2026-11-09T09:00:38,2026-11-09T10:33:38,DESKTOP,DIRECT
SESSION_000000846,CUSTOMER_000000846,2026-08-05T18:40:32,2026-08-05T18:53:32,DESKTOP,DIRECT
SESSION_000000847,CUSTOMER_000000847,2026-04-01T16:37:03,2026-04-01T16:59:03,MOBILE,SOCIAL
SESSION_000000848,CUSTOMER_000000848,2026-06-21T23:10:46,2026-06-21T23:17:46,DESKTOP,ORGANIC
SESSION_000000849,CUSTOMER_000000849,2026-01-18T05:10:43,2026-01-18T05:41:43,MOBILE,EMAIL
SESSION_000000850,CUSTOMER_000000850,2026-03-02T07:45:31,2026-03-02T07:51:31,MOBILE,PAID_SEARCH
SESSION_000000851,CUSTOMER_000000851,2026-10-27T09:06:53,2026-10-27T10:13:53,MOBILE,PAID_SEARCH
SESSION_000000852,CUSTOMER_000000852,2026-07-15T14:21:56,2026-07-15T15:52:56,MOBILE,EMAIL
SESSION_000000853,CUSTOMER_000000853,2026-06-13T06:40:58,2026-06-13T07:42:58,MOBILE,DIRECT
SESSION_000000854,CUSTOMER_000000854,2026-12-21T16:26:13,2026-12-21T17:46:13,MOBILE,DIRECT
SESSION_000000855,CUSTOMER_000000855,2026-12-21T23:12:19,2026-12-21T23:30:19,MOBILE,DIRECT
SESSION_000000856,CUSTOMER_000000856,2026-08-17T06:49:14,2026-08-17T07:22:14,DESKTOP,ORGANIC
SESSION_000000857,CUSTOMER_000000857,2026-01-13T06:51:18,2026-01-13T07:15:18,MOBILE,PAID_SEARCH
SESSION_000000858,CUSTOMER_000000858,2026-07-29T12:10:32,2026-07-29T12:53:32,MOBILE,PAID_SEARCH
SESSION_000000859,CUSTOMER_000000859,2026-04-16T21:06,2026-04-16T22:09,MOBILE,SOCIAL
SESSION_000000860,CUSTOMER_000000860,2026-11-24T17:16:56,2026-11-24T18:56:56,MOBILE,PAID_SEARCH
SESSION_000000861,CUSTOMER_000000861,2026-07-23T10:01:17,2026-07-23T10:37:17,TABLET,PAID_SEARCH
SESSION_000000862,CUSTOMER_000000862,2026-05-29T21:08:30,2026-05-29T22:35:30,DESKTOP,EMAIL
SESSION_000000863,CUSTOMER_000000863,2026-12-08T07:36:55,2026-12-08T08:16:55,MOBILE,PAID_SEARCH
SESSION_000000864,CUSTOMER_000000864,2026-02-15T17:01:40,2026-02-15T18:35:40,MOBILE,ORGANIC
SESSION_000000865,CUSTOMER_000000865,2026-06-22T07:06:40,2026-06-22T08:20:40,MOBILE,EMAIL
SESSION_000000866,CUSTOMER_000000866,2026-02-04T03:41:29,2026-02-04T05:15:29,MOBILE,DIRECT
SESSION_000000867,CUSTOMER_000000867,2026-08-10T10:42:47,2026-08-10T10:48:47,MOBILE,ORGANIC
SESSION_000000868,CUSTOMER_000000868,2026-08-14T13:29:47,2026-08-14T13:56:47,MOBILE,EMAIL
SESSION_000000869,CUSTOMER_000000869,2026-11-18T21:47:03,2026-11-18T23:31:03,DESKTOP,PAID_SEARCH
SESSION_000000870,CUSTOMER_000000870,2026-04-28T03:45:13,2026-04-28T04:15:13,DESKTOP,DIRECT
SESSION_000000871,CUSTOMER_000000871,2026-06-23T02:09:35,2026-06-23T03:40:35,MOBILE,SOCIAL
SESSION_000000872,CUSTOMER_000000872,2026-05-28T23:28:59,2026-05-29T00:01:59,MOBILE,DIRECT
SESSION_000000873,CUSTOMER_000000873,2026-12-22T14:39:35,2026-12-22T15:21:35,MOBILE,ORGANIC
SESSION_000000874,CUSTOMER_000000874,2026-12-09T10:54:48,2026-12-09T12:20:48,DESKTOP,PAID_SEARCH
SESSION_000000875,CUSTOMER_000000875,2026-09-26T00:07:12,2026-09-26T01:40:12,DESKTOP,REFERRAL
SESSION_000000876,CUSTOMER_000000876,2026-11-16T04:52:32,2026-11-16T05:44:32,MOBILE,DIRECT
SESSION_000000877,CUSTOMER_000000877,2026-11-29T11:52:42,2026-11-29T12:35:42,MOBILE,ORGANIC
SESSION_000000878,CUSTOMER_000000878,2026-01-21T02:53:46,2026-01-21T03:45:46,DESKTOP,SOCIAL
SESSION_000000879,CUSTOMER_000000879,2026-01-04T04:02:09,2026-01-04T05:57:09,MOBILE,ORGANIC
SESSION_000000880,CUSTOMER_000000880,2026-07-22T03:13:30,2026-07-22T04:50:30,MOBILE,DIRECT
SESSION_000000881,CUSTOMER_000000881,2026-04-19T13:38:34,2026-04-19T13:54:34,MOBILE,DIRECT
SESSION_000000882,CUSTOMER_000000882,2026-12-24T07:15:24,2026-12-24T08:53:24,MOBILE,REFERRAL
SESSION_000000883,CUSTOMER_000000883,2026-10-11T12:15:45,2026-10-11T12:55:45,DESKTOP,DIRECT
SESSION_000000884,CUSTOMER_000000884,2026-10-03T00:54:39,2026-10-03T01:12:39,MOBILE,DIRECT
SESSION_000000885,CUSTOMER_000000885,2026-12-22T11:53:01,2026-12-22T13:32:01,MOBILE,EMAIL
SESSION_000000886,CUSTOMER_000000886,2026-02-04T15:22:29,2026-02-04T15:51:29,DESKTOP,DIRECT
SESSION_000000887,CUSTOMER_000000887,2026-10-16T05:06:34,2026-10-16T05:50:34,MOBILE,REFERRAL
SESSION_000000888,CUSTOMER_000000888,2026-11-17T19:29:06,2026-11-17T19:55:06,MOBILE,SOCIAL
SESSION_000000889,CUSTOMER_000000889,2026-08-27T06:25:30,2026-08-27T07:42:30,MOBILE,DIRECT
SESSION_000000890,CUSTOMER_000000890,2026-08-28T15:45:49,2026-08-28T17:04:49,DESKTOP,PAID_SEARCH
SESSION_000000891,CUSTOMER_000000891,2026-01-02T14:05:08,2026-01-02T15:55:08,MOBILE,PAID_SEARCH
SESSION_000000892,CUSTOMER_000000892,2026-04-07T09:29:11,2026-04-07T10:16:11,DESKTOP,ORGANIC
SESSION_000000893,CUSTOMER_000000893,2026-06-08T18:07:42,2026-06-08T19:01:42,DESKTOP,PAID_SEARCH
SESSION_000000894,CUSTOMER_000000894,2026-01-02T01:17:29,2026-01-02T02:46:29,MOBILE,EMAIL
SESSION_000000895,CUSTOMER_000000895,2026-12-26T05:16:15,2026-12-26T05:50:15,MOBILE,ORGANIC
SESSION_000000896,CUSTOMER_000000896,2026-02-10T17:13:56,2026-02-10T17:47:56,MOBILE,REFERRAL
SESSION_000000897,CUSTOMER_000000897,2026-12-25T00:47:28,2026-12-25T02:07:28,DESKTOP,ORGANIC
SESSION_000000898,CUSTOMER_000000898,2026-02-14T13:08:45,2026-02-14T13:45:45,DESKTOP,DIRECT
SESSION_000000899,CUSTOMER_000000899,2026-06-18T23:12:10,2026-06-19T00:17:10,MOBILE,DIRECT
SESSION_000000900,CUSTOMER_000000900,2026-03-24T09:15:32,2026-03-24T11:13:32,DESKTOP,ORGANIC
SESSION_000000901,CUSTOMER_000000901,2026-03-21T12:23:01,2026-03-21T13:52:01,DESKTOP,ORGANIC
SESSION_000000902,CUSTOMER_000000902,2026-01-11T15:00:14,2026-01-11T16:38:14,MOBILE,ORGANIC
SESSION_000000903,CUSTOMER_000000903,2026-11-03T09:53:55,2026-11-03T10:26:55,MOBILE,ORGANIC
SESSION_000000904,CUSTOMER_000000904,2026-09-16T10:40:03,2026-09-16T11:11:03,MOBILE,REFERRAL
SESSION_000000905,CUSTOMER_000000905,2026-02-17T02:12:59,2026-02-17T02:45:59,MOBILE,REFERRAL
SESSION_000000906,CUSTOMER_000000906,2026-02-24T17:49:37,2026-02-24T19:07:37,MOBILE,DIRECT
SESSION_000000907,CUSTOMER_000000907,2026-08-16T00:42:47,2026-08-16T02:06:47,DESKTOP,ORGANIC
SESSION_000000908,CUSTOMER_000000908,2026-09-26T10:10,2026-09-26T10:57,TABLET,EMAIL
SESSION_000000909,CUSTOMER_000000909,2026-01-30T22:17:20,2026-01-30T22:57:20,DESKTOP,SOCIAL
SESSION_000000910,CUSTOMER_000000910,2026-08-12T02:41:33,2026-08-12T04:20:33,DESKTOP,ORGANIC
SESSION_000000911,CUSTOMER_000000911,2026-05-24T19:46:02,2026-05-24T20:23:02,DESKTOP,DIRECT
SESSION_000000912,CUSTOMER_000000912,2026-02-21T12:39:14,2026-02-21T13:49:14,MOBILE,PAID_SEARCH
SESSION_000000913,CUSTOMER_000000913,2026-04-03T02:38:33,2026-04-03T04:20:33,MOBILE,SOCIAL
SESSION_000000914,CUSTOMER_000000914,2026-12-23T10:24:34,2026-12-23T11:25:34,MOBILE,ORGANIC
SESSION_000000915,CUSTOMER_000000915,2026-11-11T00:27:31,2026-11-11T01:00:31,MOBILE,EMAIL
SESSION_000000916,CUSTOMER_000000916,2026-07-16T19:55:52,2026-07-16T20:12:52,MOBILE,EMAIL
SESSION_000000917,CUSTOMER_000000917,2026-06-13T09:40:02,2026-06-13T09:42:02,MOBILE,PAID_SEARCH
SESSION_000000918,CUSTOMER_000000918,2026-06-22T10:27:51,2026-06-22T12:27:51,MOBILE,SOCIAL
SESSION_000000919,CUSTOMER_000000919,2026-06-10T08:00:54,2026-06-10T09:31:54,MOBILE,DIRECT
SESSION_000000920,CUSTOMER_000000920,2026-06-19T11:14:19,2026-06-19T12:49:19,DESKTOP,SOCIAL
SESSION_000000921,CUSTOMER_000000921,2026-01-09T23:11:12,2026-01-09T23:23:12,DESKTOP,ORGANIC
SESSION_000000922,CUSTOMER_000000922,2026-06-21T15:21:11,2026-06-21T16:12:11,MOBILE,ORGANIC
SESSION_000000923,CUSTOMER_000000923,2026-11-07T00:57:21,2026-11-07T02:39:21,MOBILE,REFERRAL
SESSION_000000924,CUSTOMER_000000924,2026-11-04T12:20:40,2026-11-04T12:24:40,MOBILE,DIRECT
SESSION_000000925,CUSTOMER_000000925,2026-06-25T05:10:49,2026-06-25T05:53:49,MOBILE,DIRECT
SESSION_000000926,CUSTOMER_000000926,2026-05-05T22:43:50,2026-05-05T22:56:50,DESKTOP,SOCIAL
SESSION_000000927,CUSTOMER_000000927,2026-03-01T12:59:09,2026-03-01T13:29:09,TABLET,SOCIAL
SESSION_000000928,CUSTOMER_000000928,2026-11-22T18:42:52,2026-11-22T20:04:52,MOBILE,PAID_SEARCH
SESSION_000000929,CUSTOMER_000000929,2026-07-09T12:51:06,2026-07-09T13:32:06,TABLET,ORGANIC
SESSION_000000930,CUSTOMER_000000930,2026-08-29T20:11:21,2026-08-29T20:46:21,DESKTOP,PAID_SEARCH
SESSION_000000931,CUSTOMER_000000931,2026-05-06T01:37:34,2026-05-06T02:44:34,MOBILE,PAID_SEARCH
SESSION_000000932,CUSTOMER_000000932,2026-12-05T20:04:23,2026-12-05T21:35:23,MOBILE,REFERRAL
SESSION_000000933,CUSTOMER_000000933,2026-10-26T23:14:20,2026-10-27T00:43:20,MOBILE,ORGANIC
SESSION_000000934,CUSTOMER_000000934,2026-08-10T04:18:05,2026-08-10T05:59:05,MOBILE,PAID_SEARCH
SESSION_000000935,CUSTOMER_000000935,2026-05-20T13:06:22,2026-05-20T14:32:22,MOBILE,PAID_SEARCH
SESSION_000000936,CUSTOMER_000000936,2026-08-23T03:39:39,2026-08-23T05:28:39,MOBILE,PAID_SEARCH
SESSION_000000937,CUSTOMER_000000937,2026-06-23T17:44:21,2026-06-23T17:46:21,DESKTOP,SOCIAL
SESSION_000000938,CUSTOMER_000000938,2026-06-27T05:43:06,2026-06-27T06:12:06,MOBILE,REFERRAL
SESSION_000000939,CUSTOMER_000000939,2026-07-25T10:05:37,2026-07-25T11:01:37,DESKTOP,ORGANIC
SESSION_000000940,CUSTOMER_000000940,2026-05-31T10:17:03,2026-05-31T12:04:03,DESKTOP,ORGANIC
SESSION_000000941,CUSTOMER_000000941,2026-01-16T22:53:59,2026-01-16T22:59:59,MOBILE,SOCIAL
SESSION_000000942,CUSTOMER_000000942,2026-05-02T19:44:22,2026-05-02T19:57:22,MOBILE,EMAIL
SESSION_000000943,CUSTOMER_000000943,2026-10-08T11:40:43,2026-10-08T12:49:43,MOBILE,SOCIAL
SESSION_000000944,CUSTOMER_000000944,2026-09-12T01:34:55,2026-09-12T02:00:55,MOBILE,ORGANIC
SESSION_000000945,CUSTOMER_000000945,2026-12-24T13:10:01,2026-12-24T13:52:01,MOBILE,ORGANIC
SESSION_000000946,CUSTOMER_000000946,2026-04-05T21:08:41,2026-04-05T22:38:41,MOBILE,PAID_SEARCH
SESSION_000000947,CUSTOMER_000000947,2026-06-26T17:32:27,2026-06-26T17:37:27,DESKTOP,PAID_SEARCH
SESSION_000000948,CUSTOMER_000000948,2026-10-10T14:33:30,2026-10-10T15:55:30,DESKTOP,SOCIAL
SESSION_000000949,CUSTOMER_000000949,2026-12-24T22:15:23,2026-12-24T23:18:23,MOBILE,DIRECT
SESSION_000000950,CUSTOMER_000000950,2026-09-13T08:17:59,2026-09-13T08:53:59,DESKTOP,REFERRAL
SESSION_000000951,CUSTOMER_000000951,2026-09-10T14:42:47,2026-09-10T15:12:47,MOBILE,ORGANIC
SESSION_000000952,CUSTOMER_000000952,2026-02-06T06:37:35,2026-02-06T08:37:35,MOBILE,SOCIAL
SESSION_000000953,CUSTOMER_000000953,2026-04-23T14:55:19,2026-04-23T15:14:19,DESKTOP,ORGANIC
SESSION_000000954,CUSTOMER_000000954,2026-01-26T09:58:30,2026-01-26T10:33:30,MOBILE,PAID_SEARCH
SESSION_000000955,CUSTOMER_000000955,2026-05-27T00:24:58,2026-05-27T02:04:58,MOBILE,PAID_SEARCH
SESSION_000000956,CUSTOMER_000000956,2026-10-03T00:38:27,2026-10-03T01:00:27,MOBILE,ORGANIC
SESSION_000000957,CUSTOMER_000000957,2026-10-20T05:21:15,2026-10-20T06:31:15,DESKTOP,PAID_SEARCH
SESSION_000000958,CUSTOMER_000000958,2026-01-04T04:29:56,2026-01-04T04:56:56,DESKTOP,REFERRAL
SESSION_000000959,CUSTOMER_000000959,2026-07-20T09:13:35,2026-07-20T10:57:35,MOBILE,ORGANIC
SESSION_000000960,CUSTOMER_000000960,2026-07-01T20:12,2026-07-01T20:23,MOBILE,SOCIAL
SESSION_000000961,CUSTOMER_000000961,2026-01-12T01:17:39,2026-01-12T03:06:39,MOBILE,DIRECT
SESSION_000000962,CUSTOMER_000000962,2026-08-05T01:56:45,2026-08-05T03:51:45,MOBILE,ORGANIC
SESSION_000000963,CUSTOMER_000000963,2026-09-02T17:23:16,2026-09-02T19:13:16,DESKTOP,DIRECT
SESSION_000000964,CUSTOMER_000000964,2026-10-22T14:38:47,2026-10-22T14:48:47,MOBILE,DIRECT
SESSION_000000965,CUSTOMER_000000965,2026-07-20T13:25:33,2026-07-20T14:32:33,MOBILE,DIRECT
SESSION_000000966,CUSTOMER_000000966,2026-07-23T13:41:52,2026-07-23T15:27:52,MOBILE,DIRECT
SESSION_000000967,CUSTOMER_000000967,2026-09-17T23:28:47,2026-09-18T00:26:47,MOBILE,ORGANIC
SESSION_000000968,CUSTOMER_000000968,2026-02-25T06:44:46,2026-02-25T07:30:46,MOBILE,ORGANIC
SESSION_000000969,CUSTOMER_000000969,2026-03-11T14:26:04,2026-03-11T16:08:04,MOBILE,ORGANIC
SESSION_000000970,CUSTOMER_000000970,2026-09-05T09:52:51,2026-09-05T11:41:51,TABLET,ORGANIC
SESSION_000000971,CUSTOMER_000000971,2026-03-30T16:49:46,2026-03-30T18:14:46,MOBILE,ORGANIC
SESSION_000000972,CUSTOMER_000000972,2026-07-25T13:32:47,2026-07-25T15:26:47,MOBILE,ORGANIC
SESSION_000000973,CUSTOMER_000000973,2026-11-30T16:50:46,2026-11-30T16:56:46,MOBILE,DIRECT
SESSION_000000974,CUSTOMER_000000974,2026-10-27T06:36:30,2026-10-27T07:34:30,DESKTOP,EMAIL
SESSION_000000975,CUSTOMER_000000975,2026-01-19T02:33:47,2026-01-19T03:31:47,MOBILE,ORGANIC
SESSION_000000976,CUSTOMER_000000976,2026-05-05T02:03:14,2026-05-05T03:38:14,DESKTOP,REFERRAL
SESSION_000000977,CUSTOMER_000000977,2026-04-03T22:11:44,2026-04-03T22:59:44,MOBILE,DIRECT
SESSION_000000978,CUSTOMER_000000978,2026-08-09T20:46:59,2026-08-09T22:18:59,MOBILE,ORGANIC
SESSION_000000979,CUSTOMER_000000979,2026-12-25T03:30:04,2026-12-25T04:01:04,TABLET,EMAIL
SESSION_000000980,CUSTOMER_000000980,2026-12-31T12:10:28,2026-12-31T13:12:28,MOBILE,DIRECT
SESSION_000000981,CUSTOMER_000000981,2026-09-20T13:14:23,2026-09-20T13:27:23,DESKTOP,DIRECT
SESSION_000000982,CUSTOMER_000000982,2026-05-27T10:11:48,2026-05-27T10:53:48,MOBILE,PAID_SEARCH
SESSION_000000983,CUSTOMER_000000983,2026-01-05T01:11:49,2026-01-05T02:15:49,MOBILE,REFERRAL
SESSION_000000984,CUSTOMER_000000984,2026-05-05T10:05:51,2026-05-05T11:38:51,DESKTOP,PAID_SEARCH
SESSION_000000985,CUSTOMER_000000985,2026-05-02T00:45:36,2026-05-02T01:24:36,DESKTOP,SOCIAL
SESSION_000000986,CUSTOMER_000000986,2026-03-10T10:16:06,2026-03-10T11:10:06,MOBILE,DIRECT
SESSION_000000987,CUSTOMER_000000987,2026-12-04T14:06:24,2026-12-04T15:48:24,MOBILE,EMAIL
SESSION_000000988,CUSTOMER_000000988,2026-12-03T09:05:26,2026-12-03T10:34:26,DESKTOP,ORGANIC
SESSION_000000989,CUSTOMER_000000989,2026-04-27T20:16:26,2026-04-27T22:15:26,MOBILE,PAID_SEARCH
SESSION_000000990,CUSTOMER_000000990,2026-08-02T07:23:06,2026-08-02T09:23:06,MOBILE,ORGANIC
SESSION_000000991,CUSTOMER_000000991,2026-03-18T14:57:12,2026-03-18T16:38:12,MOBILE,ORGANIC
SESSION_000000992,CUSTOMER_000000992,2026-10-01T13:33:23,2026-10-01T14:17:23,MOBILE,SOCIAL
SESSION_000000993,CUSTOMER_000000993,2026-11-26T14:58:52,2026-11-26T15:11:52,MOBILE,SOCIAL
SESSION_000000994,CUSTOMER_000000994,2026-01-28T12:41:50,2026-01-28T14:38:50,MOBILE,ORGANIC
SESSION_000000995,CUSTOMER_000000995,2026-11-22T21:39:11,2026-11-22T23:20:11,MOBILE,DIRECT
SESSION_000000996,CUSTOMER_000000996,2026-12-30T08:26:31,2026-12-30T09:49:31,MOBILE,DIRECT
SESSION_000000997,CUSTOMER_000000997,2026-09-10T22:56:36,2026-09-11T00:19:36,MOBILE,ORGANIC
SESSION_000000998,CUSTOMER_000000998,2026-05-17T16:51:14,2026-05-17T17:40:14,MOBILE,REFERRAL
SESSION_000000999,CUSTOMER_000000999,2026-04-21T21:06:29,2026-04-21T22:38:29,MOBILE,DIRECT
SESSION_000001000,CUSTOMER_000001000,2026-04-28T12:07:20,2026-04-28T13:14:20,MOBILE,DIRECT
SESSION_000001001,CUSTOMER_000000001,2026-08-14T18:45:49,2026-08-14T20:19:49,MOBILE,PAID_SEARCH
SESSION_000001002,CUSTOMER_000000002,2026-05-31T09:15:25,2026-05-31T09:32:25,MOBILE,SOCIAL
SESSION_000001003,CUSTOMER_000000003,2026-03-06T14:51:11,2026-03-06T15:17:11,MOBILE,EMAIL
SESSION_000001004,CUSTOMER_000000004,2026-03-29T05:52:02,2026-03-29T06:22:02,MOBILE,EMAIL
SESSION_000001005,CUSTOMER_000000005,2026-01-18T00:31:57,2026-01-18T01:59:57,MOBILE,PAID_SEARCH
SESSION_000001006,CUSTOMER_000000006,2026-09-19T23:29:26,2026-09-19T23:36:26,MOBILE,DIRECT
SESSION_000001007,CUSTOMER_000000007,2026-12-27T18:19,2026-12-27T20:07,MOBILE,EMAIL
SESSION_000001008,CUSTOMER_000000008,2026-02-04T23:44:53,2026-02-05T00:59:53,DESKTOP,SOCIAL
SESSION_000001009,CUSTOMER_000000009,2026-05-30T19:54:15,2026-05-30T20:59:15,MOBILE,ORGANIC
SESSION_000001010,CUSTOMER_000000010,2026-12-07T01:35:36,2026-12-07T02:44:36,DESKTOP,DIRECT
SESSION_000001011,CUSTOMER_000000011,2026-05-06T04:22:02,2026-05-06T04:29:02,MOBILE,ORGANIC
SESSION_000001012,CUSTOMER_000000012,2026-08-29T17:52:04,2026-08-29T18:23:04,MOBILE,PAID_SEARCH
SESSION_000001013,CUSTOMER_000000013,2026-04-30T05:26:07,2026-04-30T05:33:07,MOBILE,PAID_SEARCH
SESSION_000001014,CUSTOMER_000000014,2026-07-31T11:20:59,2026-07-31T12:11:59,TABLET,EMAIL
SESSION_000001015,CUSTOMER_000000015,2026-06-07T04:53:09,2026-06-07T05:05:09,MOBILE,ORGANIC
SESSION_000001016,CUSTOMER_000000016,2026-01-13T18:21:48,2026-01-13T19:09:48,MOBILE,PAID_SEARCH
SESSION_000001017,CUSTOMER_000000017,2026-12-19T00:38:02,2026-12-19T02:12:02,MOBILE,PAID_SEARCH
SESSION_000001018,CUSTOMER_000000018,2026-11-13T11:33:07,2026-11-13T12:11:07,DESKTOP,ORGANIC
SESSION_000001019,CUSTOMER_000000019,2026-12-06T22:41:22,2026-12-07T00:38:22,DESKTOP,ORGANIC
SESSION_000001020,CUSTOMER_000000020,2026-12-23T15:57:11,2026-12-23T17:57:11,MOBILE,EMAIL
SESSION_000001021,CUSTOMER_000000021,2026-11-27T02:08:59,2026-11-27T02:34:59,MOBILE,SOCIAL
SESSION_000001022,CUSTOMER_000000022,2026-09-19T14:52:06,2026-09-19T15:01:06,MOBILE,DIRECT
SESSION_000001023,CUSTOMER_000000023,2026-02-09T23:22:11,2026-02-10T00:05:11,MOBILE,ORGANIC
SESSION_000001024,CUSTOMER_000000024,2026-03-03T06:35:17,2026-03-03T07:41:17,TABLET,PAID_SEARCH
SESSION_000001025,CUSTOMER_000000025,2026-11-15T22:08:25,2026-11-15T22:53:25,MOBILE,DIRECT
SESSION_000001026,CUSTOMER_000000026,2026-12-04T12:51:07,2026-12-04T13:41:07,MOBILE,DIRECT
SESSION_000001027,CUSTOMER_000000027,2026-07-10T19:31:52,2026-07-10T20:17:52,DESKTOP,ORGANIC
SESSION_000001028,CUSTOMER_000000028,2026-02-02T02:40:21,2026-02-02T03:53:21,DESKTOP,ORGANIC
SESSION_000001029,CUSTOMER_000000029,2026-02-13T21:14:09,2026-02-13T21:26:09,MOBILE,ORGANIC
SESSION_000001030,CUSTOMER_000000030,2026-11-13T15:58:25,2026-11-13T16:07:25,MOBILE,ORGANIC
SESSION_000001031,CUSTOMER_000000031,2026-12-26T06:51:09,2026-12-26T08:30:09,MOBILE,EMAIL
SESSION_000001032,CUSTOMER_000000032,2026-05-07T01:20:38,2026-05-07T02:46:38,MOBILE,SOCIAL
SESSION_000001033,CUSTOMER_000000033,2026-11-24T00:33:18,2026-11-24T01:33:18,DESKTOP,SOCIAL
SESSION_000001034,CUSTOMER_000000034,2026-09-21T10:31:11,2026-09-21T11:54:11,MOBILE,PAID_SEARCH
SESSION_000001035,CUSTOMER_000000035,2026-01-22T01:33:59,2026-01-22T03:10:59,MOBILE,PAID_SEARCH
SESSION_000001036,CUSTOMER_000000036,2026-05-02T10:06:36,2026-05-02T10:20:36,MOBILE,SOCIAL
SESSION_000001037,CUSTOMER_000000037,2026-10-04T22:13:17,2026-10-04T22:25:17,DESKTOP,PAID_SEARCH
SESSION_000001038,CUSTOMER_000000038,2026-09-30T06:27:33,2026-09-30T07:16:33,MOBILE,SOCIAL
SESSION_000001039,CUSTOMER_000000039,2026-03-28T20:05:41,2026-03-28T20:58:41,MOBILE,ORGANIC
SESSION_000001040,CUSTOMER_000000040,2026-05-03T05:09:21,2026-05-03T06:02:21,MOBILE,EMAIL
SESSION_000001041,CUSTOMER_000000041,2026-03-06T16:28:08,2026-03-06T18:14:08,TABLET,PAID_SEARCH
SESSION_000001042,CUSTOMER_000000042,2026-05-16T17:57:41,2026-05-16T18:10:41,MOBILE,ORGANIC
SESSION_000001043,CUSTOMER_000000043,2026-02-13T23:52:55,2026-02-14T00:31:55,DESKTOP,PAID_SEARCH
SESSION_000001044,CUSTOMER_000000044,2026-03-18T10:22:57,2026-03-18T10:55:57,MOBILE,PAID_SEARCH
SESSION_000001045,CUSTOMER_000000045,2026-10-04T10:07:55,2026-10-04T10:17:55,MOBILE,DIRECT
SESSION_000001046,CUSTOMER_000000046,2026-07-18T10:38:39,2026-07-18T12:34:39,MOBILE,PAID_SEARCH
SESSION_000001047,CUSTOMER_000000047,2026-07-04T21:15:59,2026-07-04T22:48:59,DESKTOP,ORGANIC
SESSION_000001048,CUSTOMER_000000048,2026-04-07T12:05:09,2026-04-07T12:17:09,MOBILE,DIRECT
SESSION_000001049,CUSTOMER_000000049,2026-05-22T19:00:22,2026-05-22T19:10:22,MOBILE,ORGANIC
SESSION_000001050,CUSTOMER_000000050,2026-12-22T23:49:04,2026-12-23T01:48:04,MOBILE,SOCIAL
SESSION_000001051,CUSTOMER_000000051,2026-03-11T02:54:24,2026-03-11T04:47:24,MOBILE,ORGANIC
SESSION_000001052,CUSTOMER_000000052,2026-06-28T01:39:04,2026-06-28T03:25:04,MOBILE,ORGANIC
SESSION_000001053,CUSTOMER_000000053,2026-06-25T19:14:02,2026-06-25T19:27:02,DESKTOP,ORGANIC
SESSION_000001054,CUSTOMER_000000054,2026-07-06T11:34:19,2026-07-06T13:01:19,DESKTOP,REFERRAL
SESSION_000001055,CUSTOMER_000000055,2026-10-11T08:21:32,2026-10-11T10:12:32,MOBILE,DIRECT
SESSION_000001056,CUSTOMER_000000056,2026-01-18T04:59:21,2026-01-18T06:40:21,DESKTOP,ORGANIC
SESSION_000001057,CUSTOMER_000000057,2026-12-06T20:05:57,2026-12-06T20:43:57,MOBILE,DIRECT
SESSION_000001058,CUSTOMER_000000058,2026-03-19T21:17:05,2026-03-19T22:38:05,DESKTOP,ORGANIC
SESSION_000001059,CUSTOMER_000000059,2026-06-23T01:53:40,2026-06-23T02:54:40,MOBILE,PAID_SEARCH
SESSION_000001060,CUSTOMER_000000060,2026-03-18T03:22:16,2026-03-18T04:38:16,MOBILE,ORGANIC
SESSION_000001061,CUSTOMER_000000061,2026-01-08T20:21:52,2026-01-08T21:16:52,MOBILE,PAID_SEARCH
SESSION_000001062,CUSTOMER_000000062,2026-07-21T18:50:58,2026-07-21T20:05:58,DESKTOP,ORGANIC
SESSION_000001063,CUSTOMER_000000063,2026-05-24T10:42:15,2026-05-24T11:21:15,DESKTOP,ORGANIC
SESSION_000001064,CUSTOMER_000000064,2026-11-28T07:59:29,2026-11-28T09:53:29,MOBILE,ORGANIC
SESSION_000001065,CUSTOMER_000000065,2026-05-25T18:19:54,2026-05-25T19:34:54,TABLET,ORGANIC
SESSION_000001066,CUSTOMER_000000066,2026-07-22T18:49,2026-07-22T20:36,MOBILE,PAID_SEARCH
SESSION_000001067,CUSTOMER_000000067,2026-07-23T05:31:27,2026-07-23T06:06:27,MOBILE,DIRECT
SESSION_000001068,CUSTOMER_000000068,2026-11-29T21:29:06,2026-11-29T21:45:06,MOBILE,SOCIAL
SESSION_000001069,CUSTOMER_000000069,2026-12-15T13:32:14,2026-12-15T13:33:14,TABLET,ORGANIC
SESSION_000001070,CUSTOMER_000000070,2026-02-21T15:58:05,2026-02-21T17:48:05,MOBILE,PAID_SEARCH
SESSION_000001071,CUSTOMER_000000071,2026-11-06T21:16:47,2026-11-06T21:33:47,MOBILE,ORGANIC
SESSION_000001072,CUSTOMER_000000072,2026-08-02T06:18:05,2026-08-02T06:53:05,MOBILE,PAID_SEARCH
SESSION_000001073,CUSTOMER_000000073,2026-04-11T12:22:48,2026-04-11T14:04:48,MOBILE,EMAIL
SESSION_000001074,CUSTOMER_000000074,2026-02-26T17:54:11,2026-02-26T19:37:11,DESKTOP,ORGANIC
SESSION_000001075,CUSTOMER_000000075,2026-06-15T13:33:09,2026-06-15T14:16:09,MOBILE,PAID_SEARCH
SESSION_000001076,CUSTOMER_000000076,2026-04-01T16:06:49,2026-04-01T17:41:49,MOBILE,ORGANIC
SESSION_000001077,CUSTOMER_000000077,2026-03-15T18:05:34,2026-03-15T19:40:34,DESKTOP,SOCIAL
SESSION_000001078,CUSTOMER_000000078,2026-09-16T09:45:51,2026-09-16T10:39:51,MOBILE,ORGANIC
SESSION_000001079,CUSTOMER_000000079,2026-05-31T00:34:56,2026-05-31T01:53:56,MOBILE,PAID_SEARCH
SESSION_000001080,CUSTOMER_000000080,2026-01-18T16:50:35,2026-01-18T18:12:35,DESKTOP,DIRECT
SESSION_000001081,CUSTOMER_000000081,2026-07-01T00:20:25,2026-07-01T01:06:25,MOBILE,SOCIAL
SESSION_000001082,CUSTOMER_000000082,2026-03-11T01:02:38,2026-03-11T02:51:38,MOBILE,PAID_SEARCH
SESSION_000001083,CUSTOMER_000000083,2026-03-29T06:34:12,2026-03-29T07:51:12,MOBILE,ORGANIC
SESSION_000001084,CUSTOMER_000000084,2026-12-01T13:18:52,2026-12-01T14:46:52,MOBILE,PAID_SEARCH
SESSION_000001085,CUSTOMER_000000085,2026-12-12T12:15:46,2026-12-12T13:40:46,MOBILE,SOCIAL
SESSION_000001086,CUSTOMER_000000086,2026-09-07T01:18:49,2026-09-07T01:54:49,MOBILE,REFERRAL
SESSION_000001087,CUSTOMER_000000087,2026-07-25T02:24:23,2026-07-25T02:57:23,MOBILE,REFERRAL
SESSION_000001088,CUSTOMER_000000088,2026-09-22T10:12:45,2026-09-22T10:38:45,MOBILE,ORGANIC
SESSION_000001089,CUSTOMER_000000089,2026-03-25T08:37:33,2026-03-25T09:39:33,MOBILE,ORGANIC
SESSION_000001090,CUSTOMER_000000090,2026-08-28T23:10:30,2026-08-29T00:17:30,MOBILE,ORGANIC
SESSION_000001091,CUSTOMER_000000091,2026-10-07T15:15:02,2026-10-07T16:47:02,MOBILE,EMAIL
SESSION_000001092,CUSTOMER_000000092,2026-08-21T10:22:22,2026-08-21T11:16:22,MOBILE,SOCIAL
SESSION_000001093,CUSTOMER_000000093,2026-05-17T14:25:20,2026-05-17T15:04:20,DESKTOP,PAID_SEARCH
SESSION_000001094,CUSTOMER_000000094,2026-04-12T23:42:23,2026-04-13T01:09:23,MOBILE,ORGANIC
SESSION_000001095,CUSTOMER_000000095,2026-06-02T09:08:05,2026-06-02T10:53:05,DESKTOP,DIRECT
SESSION_000001096,CUSTOMER_000000096,2026-05-30T08:21:17,2026-05-30T08:29:17,MOBILE,SOCIAL
SESSION_000001097,CUSTOMER_000000097,2026-12-07T22:43:37,2026-12-07T23:42:37,MOBILE,DIRECT
SESSION_000001098,CUSTOMER_000000098,2026-07-16T23:41:49,2026-07-16T23:42:49,MOBILE,ORGANIC
SESSION_000001099,CUSTOMER_000000099,2026-06-10T22:54:19,2026-06-11T00:45:19,DESKTOP,ORGANIC
SESSION_000001100,CUSTOMER_000000100,2026-07-10T12:48:17,2026-07-10T13:50:17,MOBILE,SOCIAL
SESSION_000001101,CUSTOMER_000000101,2026-06-29T05:15:34,2026-06-29T05:16:34,MOBILE,SOCIAL
SESSION_000001102,CUSTOMER_000000102,2026-08-17T09:30:24,2026-08-17T09:49:24,MOBILE,DIRECT
SESSION_000001103,CUSTOMER_000000103,2026-02-27T09:43:43,2026-02-27T11:24:43,MOBILE,SOCIAL
SESSION_000001104,CUSTOMER_000000104,2026-06-10T14:27:37,2026-06-10T15:10:37,MOBILE,SOCIAL
SESSION_000001105,CUSTOMER_000000105,2026-05-16T16:49:22,2026-05-16T18:00:22,MOBILE,PAID_SEARCH
SESSION_000001106,CUSTOMER_000000106,2026-06-14T17:14:08,2026-06-14T18:36:08,MOBILE,ORGANIC
SESSION_000001107,CUSTOMER_000000107,2026-05-26T19:51:41,2026-05-26T20:15:41,MOBILE,DIRECT
SESSION_000001108,CUSTOMER_000000108,2026-05-30T18:02:07,2026-05-30T19:17:07,DESKTOP,ORGANIC
SESSION_000001109,CUSTOMER_000000109,2026-11-11T22:57:52,2026-11-11T23:42:52,MOBILE,ORGANIC
SESSION_000001110,CUSTOMER_000000110,2026-06-05T02:46:52,2026-06-05T03:39:52,DESKTOP,PAID_SEARCH
SESSION_000001111,CUSTOMER_000000111,2026-11-19T09:55:37,2026-11-19T10:04:37,DESKTOP,ORGANIC
SESSION_000001112,CUSTOMER_000000112,2026-10-06T19:42:59,2026-10-06T19:58:59,MOBILE,PAID_SEARCH
SESSION_000001113,CUSTOMER_000000113,2026-05-04T22:05:41,2026-05-04T22:11:41,MOBILE,EMAIL
SESSION_000001114,CUSTOMER_000000114,2026-11-13T12:32:59,2026-11-13T12:59:59,MOBILE,EMAIL
SESSION_000001115,CUSTOMER_000000115,2026-06-14T04:40:09,2026-06-14T05:00:09,MOBILE,PAID_SEARCH
SESSION_000001116,CUSTOMER_000000116,2026-11-16T05:02:10,2026-11-16T06:51:10,MOBILE,PAID_SEARCH
SESSION_000001117,CUSTOMER_000000117,2026-03-21T14:33,2026-03-21T15:58,DESKTOP,EMAIL
SESSION_000001118,CUSTOMER_000000118,2026-11-03T13:14:43,2026-11-03T14:29:43,MOBILE,ORGANIC
SESSION_000001119,CUSTOMER_000000119,2026-07-10T20:22:50,2026-07-10T22:15:50,MOBILE,ORGANIC
SESSION_000001120,CUSTOMER_000000120,2026-04-02T03:19:20,2026-04-02T05:00:20,MOBILE,SOCIAL
SESSION_000001121,CUSTOMER_000000121,2026-03-24T09:49:52,2026-03-24T10:59:52,MOBILE,ORGANIC
SESSION_000001122,CUSTOMER_000000122,2026-03-16T19:59:30,2026-03-16T20:07:30,MOBILE,SOCIAL
SESSION_000001123,CUSTOMER_000000123,2026-09-28T07:56:49,2026-09-28T08:11:49,MOBILE,PAID_SEARCH
SESSION_000001124,CUSTOMER_000000124,2026-09-04T06:01:12,2026-09-04T08:01:12,DESKTOP,REFERRAL
SESSION_000001125,CUSTOMER_000000125,2026-01-21T09:31:24,2026-01-21T10:42:24,MOBILE,PAID_SEARCH
SESSION_000001126,CUSTOMER_000000126,2026-08-14T01:48:07,2026-08-14T02:44:07,MOBILE,ORGANIC
SESSION_000001127,CUSTOMER_000000127,2026-05-17T12:21,2026-05-17T13:11,MOBILE,SOCIAL
SESSION_000001128,CUSTOMER_000000128,2026-11-24T13:23:13,2026-11-24T14:33:13,MOBILE,ORGANIC
SESSION_000001129,CUSTOMER_000000129,2026-03-11T08:28:46,2026-03-11T09:43:46,DESKTOP,ORGANIC
SESSION_000001130,CUSTOMER_000000130,2026-12-24T03:01:18,2026-12-24T04:21:18,TABLET,SOCIAL
SESSION_000001131,CUSTOMER_000000131,2026-02-20T10:48:10,2026-02-20T12:31:10,DESKTOP,DIRECT
SESSION_000001132,CUSTOMER_000000132,2026-12-27T15:00:12,2026-12-27T16:40:12,MOBILE,DIRECT
SESSION_000001133,CUSTOMER_000000133,2026-11-27T10:03:39,2026-11-27T10:31:39,DESKTOP,PAID_SEARCH
SESSION_000001134,CUSTOMER_000000134,2026-10-10T09:07:50,2026-10-10T10:43:50,MOBILE,PAID_SEARCH
SESSION_000001135,CUSTOMER_000000135,2026-01-25T19:04:03,2026-01-25T19:06:03,MOBILE,REFERRAL
SESSION_000001136,CUSTOMER_000000136,2026-11-21T02:28:45,2026-11-21T03:11:45,DESKTOP,PAID_SEARCH
SESSION_000001137,CUSTOMER_000000137,2026-05-30T04:06:17,2026-05-30T04:11:17,MOBILE,ORGANIC
SESSION_000001138,CUSTOMER_000000138,2026-09-11T09:34:32,2026-09-11T11:01:32,MOBILE,ORGANIC
SESSION_000001139,CUSTOMER_000000139,2026-08-22T03:49:30,2026-08-22T04:38:30,MOBILE,PAID_SEARCH
SESSION_000001140,CUSTOMER_000000140,2026-03-02T15:51:52,2026-03-02T17:17:52,DESKTOP,PAID_SEARCH
SESSION_000001141,CUSTOMER_000000141,2026-04-23T04:23:52,2026-04-23T05:41:52,MOBILE,ORGANIC
SESSION_000001142,CUSTOMER_000000142,2026-11-08T16:18:28,2026-11-08T17:55:28,MOBILE,PAID_SEARCH
SESSION_000001143,CUSTOMER_000000143,2026-10-24T04:54:40,2026-10-24T05:46:40,DESKTOP,DIRECT
SESSION_000001144,CUSTOMER_000000144,2026-07-26T15:41:30,2026-07-26T16:36:30,DESKTOP,EMAIL
SESSION_000001145,CUSTOMER_000000145,2026-12-21T08:19:26,2026-12-21T09:26:26,DESKTOP,PAID_SEARCH
SESSION_000001146,CUSTOMER_000000146,2026-01-13T16:32:44,2026-01-13T18:27:44,MOBILE,ORGANIC
SESSION_000001147,CUSTOMER_000000147,2026-06-30T21:06:31,2026-06-30T22:10:31,MOBILE,PAID_SEARCH
SESSION_000001148,CUSTOMER_000000148,2026-10-10T02:11:03,2026-10-10T02:51:03,MOBILE,EMAIL
SESSION_000001149,CUSTOMER_000000149,2026-04-22T03:03:04,2026-04-22T03:21:04,MOBILE,ORGANIC
SESSION_000001150,CUSTOMER_000000150,2026-09-14T08:22:29,2026-09-14T08:43:29,MOBILE,SOCIAL
SESSION_000001151,CUSTOMER_000000151,2026-11-09T23:44:28,2026-11-10T01:14:28,MOBILE,ORGANIC
SESSION_000001152,CUSTOMER_000000152,2026-06-20T20:54:52,2026-06-20T22:08:52,MOBILE,SOCIAL
SESSION_000001153,CUSTOMER_000000153,2026-11-13T16:51:19,2026-11-13T18:30:19,TABLET,SOCIAL
SESSION_000001154,CUSTOMER_000000154,2026-10-29T12:30:07,2026-10-29T13:49:07,MOBILE,ORGANIC
SESSION_000001155,CUSTOMER_000000155,2026-08-31T21:41:48,2026-08-31T22:06:48,MOBILE,ORGANIC
SESSION_000001156,CUSTOMER_000000156,2026-05-30T17:30:05,2026-05-30T17:49:05,DESKTOP,PAID_SEARCH
SESSION_000001157,CUSTOMER_000000157,2026-08-19T02:56:10,2026-08-19T04:09:10,MOBILE,SOCIAL
SESSION_000001158,CUSTOMER_000000158,2026-10-19T12:21:40,2026-10-19T12:22:40,DESKTOP,SOCIAL
SESSION_000001159,CUSTOMER_000000159,2026-06-09T23:47:11,2026-06-10T01:33:11,DESKTOP,PAID_SEARCH
SESSION_000001160,CUSTOMER_000000160,2026-08-24T14:37:44,2026-08-24T16:32:44,DESKTOP,EMAIL
SESSION_000001161,CUSTOMER_000000161,2026-10-15T09:03:13,2026-10-15T09:22:13,MOBILE,PAID_SEARCH
SESSION_000001162,CUSTOMER_000000162,2026-03-16T23:42:15,2026-03-17T00:39:15,MOBILE,PAID_SEARCH
SESSION_000001163,CUSTOMER_000000163,2026-11-27T21:48:53,2026-11-27T23:05:53,MOBILE,PAID_SEARCH
SESSION_000001164,CUSTOMER_000000164,2026-06-23T10:07:15,2026-06-23T10:45:15,MOBILE,SOCIAL
SESSION_000001165,CUSTOMER_000000165,2026-12-12T18:08:28,2026-12-12T19:55:28,DESKTOP,ORGANIC
SESSION_000001166,CUSTOMER_000000166,2026-08-03T04:36:30,2026-08-03T06:10:30,MOBILE,SOCIAL
SESSION_000001167,CUSTOMER_000000167,2026-11-07T07:55:44,2026-11-07T08:15:44,MOBILE,PAID_SEARCH
SESSION_000001168,CUSTOMER_000000168,2026-09-03T23:24:49,2026-09-04T00:05:49,MOBILE,ORGANIC
SESSION_000001169,CUSTOMER_000000169,2026-12-03T16:09:57,2026-12-03T18:09:57,DESKTOP,EMAIL
SESSION_000001170,CUSTOMER_000000170,2026-10-16T17:51:29,2026-10-16T18:18:29,MOBILE,ORGANIC
SESSION_000001171,CUSTOMER_000000171,2026-06-29T11:37:46,2026-06-29T11:49:46,MOBILE,ORGANIC
SESSION_000001172,CUSTOMER_000000172,2026-03-09T14:54:16,2026-03-09T15:21:16,DESKTOP,ORGANIC
SESSION_000001173,CUSTOMER_000000173,2026-08-19T01:03:59,2026-08-19T02:34:59,TABLET,ORGANIC
SESSION_000001174,CUSTOMER_000000174,2026-08-30T08:05:45,2026-08-30T08:37:45,DESKTOP,PAID_SEARCH
SESSION_000001175,CUSTOMER_000000175,2026-02-25T18:50:10,2026-02-25T19:03:10,MOBILE,PAID_SEARCH
SESSION_000001176,CUSTOMER_000000176,2026-07-04T00:01:34,2026-07-04T01:37:34,MOBILE,EMAIL
SESSION_000001177,CUSTOMER_000000177,2026-04-19T13:05:53,2026-04-19T14:36:53,DESKTOP,SOCIAL
SESSION_000001178,CUSTOMER_000000178,2026-03-30T18:40:24,2026-03-30T20:10:24,DESKTOP,ORGANIC
SESSION_000001179,CUSTOMER_000000179,2026-03-27T22:37:10,2026-03-27T23:07:10,MOBILE,ORGANIC
SESSION_000001180,CUSTOMER_000000180,2026-12-07T19:16:55,2026-12-07T20:06:55,MOBILE,PAID_SEARCH
SESSION_000001181,CUSTOMER_000000181,2026-09-27T07:22:08,2026-09-27T09:02:08,MOBILE,ORGANIC
SESSION_000001182,CUSTOMER_000000182,2026-10-03T05:47:55,2026-10-03T06:00:55,DESKTOP,SOCIAL
SESSION_000001183,CUSTOMER_000000183,2026-03-17T22:33:25,2026-03-17T23:03:25,MOBILE,PAID_SEARCH
SESSION_000001184,CUSTOMER_000000184,2026-04-15T11:56:20,2026-04-15T12:59:20,MOBILE,PAID_SEARCH
SESSION_000001185,CUSTOMER_000000185,2026-07-27T00:02:35,2026-07-27T00:10:35,MOBILE,SOCIAL
SESSION_000001186,CUSTOMER_000000186,2026-04-28T17:13:17,2026-04-28T18:10:17,MOBILE,PAID_SEARCH
SESSION_000001187,CUSTOMER_000000187,2026-10-22T22:26:32,2026-10-22T23:08:32,MOBILE,ORGANIC
SESSION_000001188,CUSTOMER_000000188,2026-10-24T19:01:09,2026-10-24T19:24:09,DESKTOP,SOCIAL
SESSION_000001189,CUSTOMER_000000189,2026-11-19T03:18:58,2026-11-19T03:50:58,MOBILE,ORGANIC
SESSION_000001190,CUSTOMER_000000190,2026-05-11T20:50:38,2026-05-11T21:12:38,MOBILE,ORGANIC
SESSION_000001191,CUSTOMER_000000191,2026-06-07T06:30:31,2026-06-07T06:53:31,MOBILE,REFERRAL
SESSION_000001192,CUSTOMER_000000192,2026-04-01T01:41:36,2026-04-01T02:32:36,MOBILE,EMAIL
SESSION_000001193,CUSTOMER_000000193,2026-05-27T16:29:44,2026-05-27T17:48:44,MOBILE,ORGANIC
SESSION_000001194,CUSTOMER_000000194,2026-09-03T04:29:18,2026-09-03T05:15:18,MOBILE,ORGANIC
SESSION_000001195,CUSTOMER_000000195,2026-01-07T20:24:14,2026-01-07T20:59:14,MOBILE,ORGANIC
SESSION_000001196,CUSTOMER_000000196,2026-04-09T05:56:52,2026-04-09T07:07:52,DESKTOP,PAID_SEARCH
SESSION_000001197,CUSTOMER_000000197,2026-08-16T16:33:25,2026-08-16T18:09:25,DESKTOP,SOCIAL
SESSION_000001198,CUSTOMER_000000198,2026-03-27T08:28:29,2026-03-27T09:45:29,DESKTOP,PAID_SEARCH
SESSION_000001199,CUSTOMER_000000199,2026-12-03T14:59:49,2026-12-03T16:22:49,DESKTOP,SOCIAL
SESSION_000001200,CUSTOMER_000000200,2026-08-08T11:55:13,2026-08-08T13:20:13,DESKTOP,SOCIAL
SESSION_000001201,CUSTOMER_000000201,2026-04-16T13:35:27,2026-04-16T14:02:27,DESKTOP,PAID_SEARCH
SESSION_000001202,CUSTOMER_000000202,2026-01-09T23:22:22,2026-01-10T00:19:22,MOBILE,EMAIL
SESSION_000001203,CUSTOMER_000000203,2026-06-21T00:32:11,2026-06-21T01:43:11,DESKTOP,EMAIL
SESSION_000001204,CUSTOMER_000000204,2026-12-17T04:02:11,2026-12-17T04:42:11,MOBILE,EMAIL
SESSION_000001205,CUSTOMER_000000205,2026-03-14T01:45:58,2026-03-14T02:24:58,MOBILE,REFERRAL
SESSION_000001206,CUSTOMER_000000206,2026-09-10T21:49:11,2026-09-10T23:42:11,DESKTOP,DIRECT
SESSION_000001207,CUSTOMER_000000207,2026-01-21T01:04:57,2026-01-21T02:28:57,MOBILE,PAID_SEARCH
SESSION_000001208,CUSTOMER_000000208,2026-04-20T20:26:06,2026-04-20T20:46:06,MOBILE,DIRECT
SESSION_000001209,CUSTOMER_000000209,2026-10-09T02:39:33,2026-10-09T03:02:33,DESKTOP,DIRECT
SESSION_000001210,CUSTOMER_000000210,2026-12-17T08:30:06,2026-12-17T10:26:06,DESKTOP,PAID_SEARCH
SESSION_000001211,CUSTOMER_000000211,2026-04-14T12:41:59,2026-04-14T14:04:59,MOBILE,EMAIL
SESSION_000001212,CUSTOMER_000000212,2026-05-21T22:45:02,2026-05-22T00:24:02,MOBILE,PAID_SEARCH
SESSION_000001213,CUSTOMER_000000213,2026-03-12T14:16:16,2026-03-12T14:34:16,MOBILE,ORGANIC
SESSION_000001214,CUSTOMER_000000214,2026-08-24T08:58:15,2026-08-24T10:58:15,MOBILE,DIRECT
SESSION_000001215,CUSTOMER_000000215,2026-08-31T20:58:49,2026-08-31T22:48:49,DESKTOP,PAID_SEARCH
SESSION_000001216,CUSTOMER_000000216,2026-05-19T06:34:55,2026-05-19T07:05:55,MOBILE,PAID_SEARCH
SESSION_000001217,CUSTOMER_000000217,2026-09-19T04:05:03,2026-09-19T04:21:03,MOBILE,ORGANIC
SESSION_000001218,CUSTOMER_000000218,2026-02-16T21:28:46,2026-02-16T21:56:46,MOBILE,DIRECT
SESSION_000001219,CUSTOMER_000000219,2026-09-05T09:36:56,2026-09-05T09:57:56,MOBILE,DIRECT
SESSION_000001220,CUSTOMER_000000220,2026-12-14T02:45,2026-12-14T04:22,MOBILE,ORGANIC
SESSION_000001221,CUSTOMER_000000221,2026-03-22T08:23:15,2026-03-22T09:33:15,MOBILE,EMAIL
SESSION_000001222,CUSTOMER_000000222,2026-04-22T19:41:35,2026-04-22T21:34:35,MOBILE,ORGANIC
SESSION_000001223,CUSTOMER_000000223,2026-12-29T18:38:42,2026-12-29T18:45:42,DESKTOP,DIRECT
SESSION_000001224,CUSTOMER_000000224,2026-06-22T16:56:41,2026-06-22T18:26:41,DESKTOP,SOCIAL
SESSION_000001225,CUSTOMER_000000225,2026-10-10T05:07:10,2026-10-10T05:19:10,MOBILE,ORGANIC
SESSION_000001226,CUSTOMER_000000226,2026-12-13T21:55:56,2026-12-13T23:52:56,DESKTOP,ORGANIC
SESSION_000001227,CUSTOMER_000000227,2026-06-03T08:40:34,2026-06-03T10:29:34,DESKTOP,REFERRAL
SESSION_000001228,CUSTOMER_000000228,2026-07-31T13:00:16,2026-07-31T13:13:16,MOBILE,EMAIL
SESSION_000001229,CUSTOMER_000000229,2026-09-05T22:44:11,2026-09-05T23:57:11,MOBILE,ORGANIC
SESSION_000001230,CUSTOMER_000000230,2026-12-31T04:35:43,2026-12-31T05:48:43,MOBILE,SOCIAL
SESSION_000001231,CUSTOMER_000000231,2026-02-23T21:04:50,2026-02-23T21:38:50,MOBILE,ORGANIC
SESSION_000001232,CUSTOMER_000000232,2026-07-18T10:04:10,2026-07-18T11:23:10,MOBILE,ORGANIC
SESSION_000001233,CUSTOMER_000000233,2026-03-10T04:40:50,2026-03-10T05:58:50,MOBILE,PAID_SEARCH
SESSION_000001234,CUSTOMER_000000234,2026-01-24T18:35:29,2026-01-24T20:35:29,MOBILE,SOCIAL
SESSION_000001235,CUSTOMER_000000235,2026-08-14T01:47:12,2026-08-14T02:29:12,DESKTOP,ORGANIC
SESSION_000001236,CUSTOMER_000000236,2026-01-12T22:23:41,2026-01-12T22:26:41,MOBILE,EMAIL
SESSION_000001237,CUSTOMER_000000237,2026-02-22T23:16:36,2026-02-22T23:32:36,MOBILE,ORGANIC
SESSION_000001238,CUSTOMER_000000238,2026-09-08T11:41:10,2026-09-08T13:33:10,MOBILE,PAID_SEARCH
SESSION_000001239,CUSTOMER_000000239,2026-09-29T19:51:07,2026-09-29T20:31:07,MOBILE,ORGANIC
SESSION_000001240,CUSTOMER_000000240,2026-04-07T20:14:38,2026-04-07T21:20:38,DESKTOP,SOCIAL
SESSION_000001241,CUSTOMER_000000241,2026-10-01T04:09:54,2026-10-01T05:34:54,MOBILE,DIRECT
SESSION_000001242,CUSTOMER_000000242,2026-10-28T05:43:47,2026-10-28T05:45:47,MOBILE,ORGANIC
SESSION_000001243,CUSTOMER_000000243,2026-12-21T07:49:28,2026-12-21T09:19:28,TABLET,REFERRAL
SESSION_000001244,CUSTOMER_000000244,2026-08-11T06:12:03,2026-08-11T06:48:03,MOBILE,ORGANIC
SESSION_000001245,CUSTOMER_000000245,2026-04-06T21:34:31,2026-04-06T21:53:31,MOBILE,SOCIAL
SESSION_000001246,CUSTOMER_000000246,2026-09-25T14:42:28,2026-09-25T15:39:28,DESKTOP,PAID_SEARCH
SESSION_000001247,CUSTOMER_000000247,2026-09-22T19:24:22,2026-09-22T21:16:22,MOBILE,REFERRAL
SESSION_000001248,CUSTOMER_000000248,2026-06-06T14:15:33,2026-06-06T14:17:33,DESKTOP,SOCIAL
SESSION_000001249,CUSTOMER_000000249,2026-01-13T23:47:16,2026-01-14T01:36:16,MOBILE,ORGANIC
SESSION_000001250,CUSTOMER_000000250,2026-01-24T11:08:29,2026-01-24T11:40:29,DESKTOP,DIRECT
SESSION_000001251,CUSTOMER_000000251,2026-09-10T20:26:46,2026-09-10T20:46:46,DESKTOP,REFERRAL
SESSION_000001252,CUSTOMER_000000252,2026-06-01T02:28:36,2026-06-01T03:39:36,MOBILE,PAID_SEARCH
SESSION_000001253,CUSTOMER_000000253,2026-08-04T08:33:21,2026-08-04T09:39:21,DESKTOP,PAID_SEARCH
SESSION_000001254,CUSTOMER_000000254,2026-09-30T13:10:55,2026-09-30T14:46:55,TABLET,SOCIAL
SESSION_000001255,CUSTOMER_000000255,2026-12-07T22:56:10,2026-12-08T00:39:10,DESKTOP,PAID_SEARCH
SESSION_000001256,CUSTOMER_000000256,2026-09-04T00:44:20,2026-09-04T01:13:20,DESKTOP,DIRECT
SESSION_000001257,CUSTOMER_000000257,2026-02-27T18:14:35,2026-02-27T19:44:35,DESKTOP,ORGANIC
SESSION_000001258,CUSTOMER_000000258,2026-02-02T21:17:12,2026-02-02T23:00:12,DESKTOP,PAID_SEARCH
SESSION_000001259,CUSTOMER_000000259,2026-10-22T08:54:37,2026-10-22T10:12:37,DESKTOP,ORGANIC
SESSION_000001260,CUSTOMER_000000260,2026-12-29T00:23:03,2026-12-29T02:16:03,DESKTOP,DIRECT
SESSION_000001261,CUSTOMER_000000261,2026-04-29T08:21:43,2026-04-29T09:47:43,MOBILE,SOCIAL
SESSION_000001262,CUSTOMER_000000262,2026-08-03T11:47:15,2026-08-03T13:11:15,MOBILE,SOCIAL
SESSION_000001263,CUSTOMER_000000263,2026-05-08T20:04:46,2026-05-08T21:26:46,MOBILE,EMAIL
SESSION_000001264,CUSTOMER_000000264,2026-02-22T13:40:29,2026-02-22T15:27:29,MOBILE,SOCIAL
SESSION_000001265,CUSTOMER_000000265,2026-07-29T13:43:03,2026-07-29T15:40:03,TABLET,PAID_SEARCH
SESSION_000001266,CUSTOMER_000000266,2026-02-21T10:09:03,2026-02-21T11:22:03,MOBILE,ORGANIC
SESSION_000001267,CUSTOMER_000000267,2026-12-22T00:41:29,2026-12-22T01:45:29,MOBILE,ORGANIC
SESSION_000001268,CUSTOMER_000000268,2026-06-27T20:28:36,2026-06-27T22:07:36,MOBILE,SOCIAL
SESSION_000001269,CUSTOMER_000000269,2026-07-31T10:54:39,2026-07-31T11:46:39,MOBILE,EMAIL
SESSION_000001270,CUSTOMER_000000270,2026-05-07T22:45:24,2026-05-08T00:09:24,MOBILE,EMAIL
SESSION_000001271,CUSTOMER_000000271,2026-10-21T07:36,2026-10-21T08:59,MOBILE,ORGANIC
SESSION_000001272,CUSTOMER_000000272,2026-09-11T10:44:42,2026-09-11T12:06:42,MOBILE,ORGANIC
SESSION_000001273,CUSTOMER_000000273,2026-10-11T05:53:45,2026-10-11T07:07:45,MOBILE,EMAIL
SESSION_000001274,CUSTOMER_000000274,2026-03-26T21:27:21,2026-03-26T23:13:21,DESKTOP,ORGANIC
SESSION_000001275,CUSTOMER_000000275,2026-01-31T23:21:17,2026-02-01T00:11:17,DESKTOP,PAID_SEARCH
SESSION_000001276,CUSTOMER_000000276,2026-02-15T04:49:46,2026-02-15T06:38:46,MOBILE,ORGANIC
SESSION_000001277,CUSTOMER_000000277,2026-11-24T12:30:39,2026-11-24T12:48:39,MOBILE,DIRECT
SESSION_000001278,CUSTOMER_000000278,2026-08-19T11:06:43,2026-08-19T12:21:43,MOBILE,ORGANIC
SESSION_000001279,CUSTOMER_000000279,2026-01-27T15:09:34,2026-01-27T17:00:34,MOBILE,ORGANIC
SESSION_000001280,CUSTOMER_000000280,2026-08-07T22:58:04,2026-08-08T00:29:04,MOBILE,ORGANIC
SESSION_000001281,CUSTOMER_000000281,2026-08-04T04:26:18,2026-08-04T04:51:18,MOBILE,SOCIAL
SESSION_000001282,CUSTOMER_000000282,2026-09-12T08:35:52,2026-09-12T09:44:52,MOBILE,PAID_SEARCH
SESSION_000001283,CUSTOMER_000000283,2026-08-28T04:10:49,2026-08-28T05:23:49,TABLET,REFERRAL
SESSION_000001284,CUSTOMER_000000284,2026-03-24T01:23:11,2026-03-24T02:54:11,MOBILE,DIRECT
SESSION_000001285,CUSTOMER_000000285,2026-07-19T02:16:55,2026-07-19T02:27:55,MOBILE,EMAIL
SESSION_000001286,CUSTOMER_000000286,2026-12-13T22:27:30,2026-12-13T23:15:30,MOBILE,ORGANIC
SESSION_000001287,CUSTOMER_000000287,2026-02-18T00:15:22,2026-02-18T02:07:22,MOBILE,REFERRAL
SESSION_000001288,CUSTOMER_000000288,2026-10-24T17:46:12,2026-10-24T18:02:12,MOBILE,SOCIAL
SESSION_000001289,CUSTOMER_000000289,2026-06-30T05:04:03,2026-06-30T06:21:03,DESKTOP,DIRECT
SESSION_000001290,CUSTOMER_000000290,2026-05-15T13:57:47,2026-05-15T15:42:47,DESKTOP,SOCIAL
SESSION_000001291,CUSTOMER_000000291,2026-08-27T10:06:01,2026-08-27T11:37:01,DESKTOP,ORGANIC
SESSION_000001292,CUSTOMER_000000292,2026-01-31T14:42:01,2026-01-31T16:24:01,DESKTOP,ORGANIC
SESSION_000001293,CUSTOMER_000000293,2026-04-21T22:16:21,2026-04-21T22:31:21,DESKTOP,ORGANIC
SESSION_000001294,CUSTOMER_000000294,2026-06-30T20:53:01,2026-06-30T21:46:01,MOBILE,EMAIL
SESSION_000001295,CUSTOMER_000000295,2026-07-11T07:36:48,2026-07-11T09:21:48,DESKTOP,DIRECT
SESSION_000001296,CUSTOMER_000000296,2026-08-28T19:40:44,2026-08-28T19:53:44,MOBILE,SOCIAL
SESSION_000001297,CUSTOMER_000000297,2026-11-21T17:02:30,2026-11-21T18:08:30,MOBILE,DIRECT
SESSION_000001298,CUSTOMER_000000298,2026-04-17T15:05:36,2026-04-17T15:32:36,DESKTOP,ORGANIC
SESSION_000001299,CUSTOMER_000000299,2026-01-13T23:03:32,2026-01-13T23:53:32,MOBILE,PAID_SEARCH
SESSION_000001300,CUSTOMER_000000300,2026-04-30T11:15:54,2026-04-30T12:59:54,MOBILE,EMAIL
SESSION_000001301,CUSTOMER_000000301,2026-06-27T21:24:05,2026-06-27T22:33:05,DESKTOP,SOCIAL
SESSION_000001302,CUSTOMER_000000302,2026-01-03T04:04:15,2026-01-03T04:11:15,MOBILE,PAID_SEARCH
SESSION_000001303,CUSTOMER_000000303,2026-02-12T17:49:21,2026-02-12T18:33:21,MOBILE,PAID_SEARCH
SESSION_000001304,CUSTOMER_000000304,2026-04-05T21:28:32,2026-04-05T21:39:32,MOBILE,SOCIAL
SESSION_000001305,CUSTOMER_000000305,2026-09-19T08:30:23,2026-09-19T10:09:23,MOBILE,ORGANIC
SESSION_000001306,CUSTOMER_000000306,2026-02-03T01:40:14,2026-02-03T02:45:14,MOBILE,SOCIAL
SESSION_000001307,CUSTOMER_000000307,2026-06-18T07:50:23,2026-06-18T09:31:23,MOBILE,ORGANIC
SESSION_000001308,CUSTOMER_000000308,2026-08-15T22:56:31,2026-08-15T23:19:31,DESKTOP,ORGANIC
SESSION_000001309,CUSTOMER_000000309,2026-04-13T15:35:08,2026-04-13T15:56:08,MOBILE,ORGANIC
SESSION_000001310,CUSTOMER_000000310,2026-01-12T01:25:53,2026-01-12T01:37:53,MOBILE,ORGANIC
SESSION_000001311,CUSTOMER_000000311,2026-09-14T05:03:33,2026-09-14T05:16:33,MOBILE,PAID_SEARCH
SESSION_000001312,CUSTOMER_000000312,2026-04-09T07:38:48,2026-04-09T09:13:48,MOBILE,PAID_SEARCH
SESSION_000001313,CUSTOMER_000000313,2026-11-25T02:44:49,2026-11-25T04:04:49,MOBILE,DIRECT
SESSION_000001314,CUSTOMER_000000314,2026-01-10T15:05:54,2026-01-10T16:20:54,DESKTOP,ORGANIC
SESSION_000001315,CUSTOMER_000000315,2026-10-01T21:11:45,2026-10-01T21:34:45,DESKTOP,REFERRAL
SESSION_000001316,CUSTOMER_000000316,2026-01-09T20:55:24,2026-01-09T22:20:24,DESKTOP,SOCIAL
SESSION_000001317,CUSTOMER_000000317,2026-11-23T19:05:05,2026-11-23T19:40:05,MOBILE,SOCIAL
SESSION_000001318,CUSTOMER_000000318,2026-11-04T04:00:29,2026-11-04T05:42:29,MOBILE,REFERRAL
SESSION_000001319,CUSTOMER_000000319,2026-01-08T19:25:10,2026-01-08T21:13:10,MOBILE,ORGANIC
SESSION_000001320,CUSTOMER_000000320,2026-08-06T18:17:30,2026-08-06T19:16:30,MOBILE,PAID_SEARCH
SESSION_000001321,CUSTOMER_000000321,2026-05-29T21:25:52,2026-05-29T21:33:52,DESKTOP,ORGANIC
SESSION_000001322,CUSTOMER_000000322,2026-05-21T18:50:21,2026-05-21T19:25:21,MOBILE,DIRECT
SESSION_000001323,CUSTOMER_000000323,2026-02-05T23:41:08,2026-02-06T01:25:08,DESKTOP,EMAIL
SESSION_000001324,CUSTOMER_000000324,2026-08-06T21:52:45,2026-08-06T22:34:45,MOBILE,SOCIAL
SESSION_000001325,CUSTOMER_000000325,2026-08-01T19:36:52,2026-08-01T21:35:52,DESKTOP,ORGANIC
SESSION_000001326,CUSTOMER_000000326,2026-02-01T04:17:46,2026-02-01T04:54:46,MOBILE,EMAIL
SESSION_000001327,CUSTOMER_000000327,2026-09-18T01:15:33,2026-09-18T02:38:33,MOBILE,ORGANIC
SESSION_000001328,CUSTOMER_000000328,2026-08-01T06:59:28,2026-08-01T07:46:28,MOBILE,EMAIL
SESSION_000001329,CUSTOMER_000000329,2026-06-10T11:19:22,2026-06-10T12:21:22,DESKTOP,ORGANIC
SESSION_000001330,CUSTOMER_000000330,2026-07-30T07:00:15,2026-07-30T07:45:15,DESKTOP,DIRECT
SESSION_000001331,CUSTOMER_000000331,2026-01-14T06:52:22,2026-01-14T08:19:22,MOBILE,SOCIAL
SESSION_000001332,CUSTOMER_000000332,2026-05-03T10:13:57,2026-05-03T10:18:57,DESKTOP,ORGANIC
SESSION_000001333,CUSTOMER_000000333,2026-08-28T14:09:29,2026-08-28T14:21:29,DESKTOP,DIRECT
SESSION_000001334,CUSTOMER_000000334,2026-11-01T02:09:41,2026-11-01T03:17:41,MOBILE,ORGANIC
SESSION_000001335,CUSTOMER_000000335,2026-09-26T05:41:29,2026-09-26T06:20:29,MOBILE,DIRECT
SESSION_000001336,CUSTOMER_000000336,2026-01-11T13:02:58,2026-01-11T13:12:58,MOBILE,EMAIL
SESSION_000001337,CUSTOMER_000000337,2026-05-28T14:51:47,2026-05-28T15:41:47,MOBILE,PAID_SEARCH
SESSION_000001338,CUSTOMER_000000338,2026-08-26T13:00:34,2026-08-26T13:07:34,MOBILE,EMAIL
SESSION_000001339,CUSTOMER_000000339,2026-02-04T09:59:13,2026-02-04T10:20:13,MOBILE,ORGANIC
SESSION_000001340,CUSTOMER_000000340,2026-06-24T07:47:40,2026-06-24T08:11:40,MOBILE,DIRECT
SESSION_000001341,CUSTOMER_000000341,2026-04-13T07:48:13,2026-04-13T09:04:13,MOBILE,DIRECT
SESSION_000001342,CUSTOMER_000000342,2026-10-20T08:07:53,2026-10-20T09:06:53,MOBILE,DIRECT
SESSION_000001343,CUSTOMER_000000343,2026-12-12T00:45:28,2026-12-12T02:02:28,MOBILE,REFERRAL
SESSION_000001344,CUSTOMER_000000344,2026-01-29T05:49:12,2026-01-29T06:37:12,DESKTOP,PAID_SEARCH
SESSION_000001345,CUSTOMER_000000345,2026-08-19T17:24:56,2026-08-19T17:42:56,MOBILE,ORGANIC
SESSION_000001346,CUSTOMER_000000346,2026-01-14T02:52:53,2026-01-14T03:25:53,MOBILE,DIRECT
SESSION_000001347,CUSTOMER_000000347,2026-05-15T22:48:49,2026-05-15T23:47:49,MOBILE,PAID_SEARCH
SESSION_000001348,CUSTOMER_000000348,2026-12-18T04:39:57,2026-12-18T04:41:57,MOBILE,ORGANIC
SESSION_000001349,CUSTOMER_000000349,2026-09-03T08:01:41,2026-09-03T09:02:41,MOBILE,ORGANIC
SESSION_000001350,CUSTOMER_000000350,2026-03-23T06:03:19,2026-03-23T06:34:19,MOBILE,EMAIL
SESSION_000001351,CUSTOMER_000000351,2026-04-06T21:51:37,2026-04-06T23:44:37,DESKTOP,SOCIAL
SESSION_000001352,CUSTOMER_000000352,2026-03-15T14:08:11,2026-03-15T15:51:11,MOBILE,PAID_SEARCH
SESSION_000001353,CUSTOMER_000000353,2026-10-11T07:26:14,2026-10-11T08:03:14,MOBILE,SOCIAL
SESSION_000001354,CUSTOMER_000000354,2026-12-07T02:00:03,2026-12-07T02:24:03,MOBILE,EMAIL
SESSION_000001355,CUSTOMER_000000355,2026-06-23T17:03:07,2026-06-23T17:39:07,DESKTOP,PAID_SEARCH
SESSION_000001356,CUSTOMER_000000356,2026-02-08T11:59:44,2026-02-08T12:49:44,MOBILE,PAID_SEARCH
SESSION_000001357,CUSTOMER_000000357,2026-09-16T16:09:09,2026-09-16T17:12:09,MOBILE,REFERRAL
SESSION_000001358,CUSTOMER_000000358,2026-03-01T09:07:02,2026-03-01T09:46:02,DESKTOP,ORGANIC
SESSION_000001359,CUSTOMER_000000359,2026-12-10T15:07:52,2026-12-10T15:57:52,DESKTOP,SOCIAL
SESSION_000001360,CUSTOMER_000000360,2026-04-14T01:14:12,2026-04-14T02:59:12,MOBILE,SOCIAL
SESSION_000001361,CUSTOMER_000000361,2026-10-12T06:29:34,2026-10-12T07:31:34,MOBILE,ORGANIC
SESSION_000001362,CUSTOMER_000000362,2026-11-08T05:49:33,2026-11-08T05:52:33,MOBILE,PAID_SEARCH
SESSION_000001363,CUSTOMER_000000363,2026-11-27T20:56:59,2026-11-27T22:39:59,MOBILE,SOCIAL
SESSION_000001364,CUSTOMER_000000364,2026-02-10T17:20:59,2026-02-10T19:06:59,MOBILE,ORGANIC
SESSION_000001365,CUSTOMER_000000365,2026-06-19T11:37:18,2026-06-19T12:27:18,MOBILE,REFERRAL
SESSION_000001366,CUSTOMER_000000366,2026-02-06T03:34:51,2026-02-06T04:18:51,DESKTOP,ORGANIC
SESSION_000001367,CUSTOMER_000000367,2026-02-04T04:08:10,2026-02-04T04:39:10,MOBILE,ORGANIC
SESSION_000001368,CUSTOMER_000000368,2026-12-29T20:14:21,2026-12-29T21:05:21,MOBILE,PAID_SEARCH
SESSION_000001369,CUSTOMER_000000369,2026-10-27T01:03:57,2026-10-27T02:57:57,DESKTOP,DIRECT
SESSION_000001370,CUSTOMER_000000370,2026-06-11T10:23:07,2026-06-11T11:16:07,MOBILE,EMAIL
SESSION_000001371,CUSTOMER_000000371,2026-01-29T01:54:38,2026-01-29T03:42:38,MOBILE,ORGANIC
SESSION_000001372,CUSTOMER_000000372,2026-11-10T18:20:47,2026-11-10T18:28:47,MOBILE,ORGANIC
SESSION_000001373,CUSTOMER_000000373,2026-07-18T01:21:54,2026-07-18T02:42:54,MOBILE,REFERRAL
SESSION_000001374,CUSTOMER_000000374,2026-10-27T07:19:32,2026-10-27T08:07:32,DESKTOP,REFERRAL
SESSION_000001375,CUSTOMER_000000375,2026-02-21T11:32:40,2026-02-21T13:30:40,MOBILE,EMAIL
SESSION_000001376,CUSTOMER_000000376,2026-12-30T18:00:32,2026-12-30T19:31:32,MOBILE,SOCIAL
SESSION_000001377,CUSTOMER_000000377,2026-10-31T18:21:12,2026-10-31T19:00:12,DESKTOP,SOCIAL
SESSION_000001378,CUSTOMER_000000378,2026-06-22T08:20:22,2026-06-22T09:51:22,MOBILE,ORGANIC
SESSION_000001379,CUSTOMER_000000379,2026-09-05T19:40:45,2026-09-05T20:44:45,DESKTOP,PAID_SEARCH
SESSION_000001380,CUSTOMER_000000380,2026-03-06T20:41:11,2026-03-06T21:53:11,MOBILE,SOCIAL
SESSION_000001381,CUSTOMER_000000381,2026-08-26T03:45:16,2026-08-26T04:30:16,MOBILE,SOCIAL
SESSION_000001382,CUSTOMER_000000382,2026-05-27T21:44:52,2026-05-27T22:05:52,MOBILE,DIRECT
SESSION_000001383,CUSTOMER_000000383,2026-03-13T10:52:24,2026-03-13T11:10:24,MOBILE,EMAIL
SESSION_000001384,CUSTOMER_000000384,2026-01-04T01:21:11,2026-01-04T01:46:11,MOBILE,ORGANIC
SESSION_000001385,CUSTOMER_000000385,2026-04-08T04:41:10,2026-04-08T04:57:10,DESKTOP,PAID_SEARCH
SESSION_000001386,CUSTOMER_000000386,2026-10-16T06:38:49,2026-10-16T07:05:49,DESKTOP,REFERRAL
SESSION_000001387,CUSTOMER_000000387,2026-03-09T18:04:44,2026-03-09T19:37:44,MOBILE,SOCIAL
SESSION_000001388,CUSTOMER_000000388,2026-10-27T05:31:46,2026-10-27T06:34:46,MOBILE,ORGANIC
SESSION_000001389,CUSTOMER_000000389,2026-11-17T22:33:41,2026-11-17T23:56:41,MOBILE,DIRECT
SESSION_000001390,CUSTOMER_000000390,2026-07-20T19:56:56,2026-07-20T20:22:56,MOBILE,SOCIAL
SESSION_000001391,CUSTOMER_000000391,2026-05-12T13:12:25,2026-05-12T14:01:25,MOBILE,DIRECT
SESSION_000001392,CUSTOMER_000000392,2026-06-16T14:46:21,2026-06-16T15:48:21,MOBILE,PAID_SEARCH
SESSION_000001393,CUSTOMER_000000393,2026-01-31T09:44:06,2026-01-31T11:05:06,MOBILE,DIRECT
SESSION_000001394,CUSTOMER_000000394,2026-09-29T02:05:50,2026-09-29T02:36:50,DESKTOP,ORGANIC
SESSION_000001395,CUSTOMER_000000395,2026-11-24T19:23:10,2026-11-24T20:51:10,MOBILE,ORGANIC
SESSION_000001396,CUSTOMER_000000396,2026-12-19T13:25:48,2026-12-19T13:29:48,DESKTOP,ORGANIC
SESSION_000001397,CUSTOMER_000000397,2026-02-03T00:25:02,2026-02-03T00:55:02,DESKTOP,EMAIL
SESSION_000001398,CUSTOMER_000000398,2026-01-01T03:59:56,2026-01-01T04:14:56,DESKTOP,REFERRAL
SESSION_000001399,CUSTOMER_000000399,2026-08-03T21:31:39,2026-08-03T22:20:39,DESKTOP,REFERRAL
SESSION_000001400,CUSTOMER_000000400,2026-01-22T11:06:26,2026-01-22T11:26:26,MOBILE,ORGANIC
SESSION_000001401,CUSTOMER_000000401,2026-12-20T18:16:44,2026-12-20T19:35:44,MOBILE,DIRECT
SESSION_000001402,CUSTOMER_000000402,2026-09-08T00:23:38,2026-09-08T02:21:38,MOBILE,EMAIL
SESSION_000001403,CUSTOMER_000000403,2026-09-30T19:32:55,2026-09-30T20:08:55,MOBILE,ORGANIC
SESSION_000001404,CUSTOMER_000000404,2026-09-18T20:44:52,2026-09-18T22:41:52,DESKTOP,EMAIL
SESSION_000001405,CUSTOMER_000000405,2026-03-22T20:50:47,2026-03-22T22:18:47,MOBILE,SOCIAL
SESSION_000001406,CUSTOMER_000000406,2026-09-21T13:10:26,2026-09-21T13:19:26,DESKTOP,EMAIL
SESSION_000001407,CUSTOMER_000000407,2026-07-06T02:52:20,2026-07-06T03:16:20,MOBILE,ORGANIC
SESSION_000001408,CUSTOMER_000000408,2026-08-20T20:12:26,2026-08-20T20:25:26,MOBILE,DIRECT
SESSION_000001409,CUSTOMER_000000409,2026-04-15T09:29:29,2026-04-15T10:01:29,TABLET,SOCIAL
SESSION_000001410,CUSTOMER_000000410,2026-05-02T04:13:08,2026-05-02T05:11:08,TABLET,REFERRAL
SESSION_000001411,CUSTOMER_000000411,2026-06-29T22:49:57,2026-06-29T22:56:57,DESKTOP,PAID_SEARCH
SESSION_000001412,CUSTOMER_000000412,2026-12-17T22:38:05,2026-12-17T23:16:05,MOBILE,SOCIAL
SESSION_000001413,CUSTOMER_000000413,2026-03-29T11:51:27,2026-03-29T13:12:27,MOBILE,DIRECT
SESSION_000001414,CUSTOMER_000000414,2026-08-06T01:17:26,2026-08-06T03:05:26,MOBILE,PAID_SEARCH
SESSION_000001415,CUSTOMER_000000415,2026-09-02T03:13:04,2026-09-02T04:35:04,MOBILE,SOCIAL
SESSION_000001416,CUSTOMER_000000416,2026-03-17T10:26:15,2026-03-17T11:21:15,MOBILE,DIRECT
SESSION_000001417,CUSTOMER_000000417,2026-10-28T05:26:57,2026-10-28T06:09:57,DESKTOP,PAID_SEARCH
SESSION_000001418,CUSTOMER_000000418,2026-08-30T21:34:50,2026-08-30T23:05:50,DESKTOP,SOCIAL
SESSION_000001419,CUSTOMER_000000419,2026-10-12T16:38:40,2026-10-12T16:46:40,MOBILE,ORGANIC
SESSION_000001420,CUSTOMER_000000420,2026-04-22T15:49:37,2026-04-22T16:21:37,MOBILE,SOCIAL
SESSION_000001421,CUSTOMER_000000421,2026-07-07T22:06:35,2026-07-07T22:56:35,MOBILE,DIRECT
SESSION_000001422,CUSTOMER_000000422,2026-03-17T12:32:13,2026-03-17T14:29:13,MOBILE,ORGANIC
SESSION_000001423,CUSTOMER_000000423,2026-11-11T12:32:42,2026-11-11T14:24:42,MOBILE,EMAIL
SESSION_000001424,CUSTOMER_000000424,2026-06-04T17:07:22,2026-06-04T18:54:22,MOBILE,PAID_SEARCH
SESSION_000001425,CUSTOMER_000000425,2026-07-19T11:44:27,2026-07-19T12:57:27,DESKTOP,PAID_SEARCH
SESSION_000001426,CUSTOMER_000000426,2026-09-02T08:22:32,2026-09-02T09:16:32,MOBILE,ORGANIC
SESSION_000001427,CUSTOMER_000000427,2026-01-18T09:02:02,2026-01-18T10:47:02,MOBILE,PAID_SEARCH
SESSION_000001428,CUSTOMER_000000428,2026-03-26T12:55:36,2026-03-26T14:46:36,MOBILE,DIRECT
SESSION_000001429,CUSTOMER_000000429,2026-08-25T16:35:43,2026-08-25T17:32:43,MOBILE,SOCIAL
SESSION_000001430,CUSTOMER_000000430,2026-05-21T05:25:54,2026-05-21T05:50:54,DESKTOP,SOCIAL
SESSION_000001431,CUSTOMER_000000431,2026-05-26T14:28:03,2026-05-26T14:43:03,DESKTOP,SOCIAL
SESSION_000001432,CUSTOMER_000000432,2026-10-04T06:51:26,2026-10-04T07:46:26,DESKTOP,SOCIAL
SESSION_000001433,CUSTOMER_000000433,2026-05-20T23:51:04,2026-05-21T01:23:04,MOBILE,PAID_SEARCH
SESSION_000001434,CUSTOMER_000000434,2026-07-12T07:12:03,2026-07-12T08:47:03,MOBILE,SOCIAL
SESSION_000001435,CUSTOMER_000000435,2026-05-30T03:53:47,2026-05-30T03:54:47,DESKTOP,ORGANIC
SESSION_000001436,CUSTOMER_000000436,2026-01-10T09:32:45,2026-01-10T10:41:45,DESKTOP,REFERRAL
SESSION_000001437,CUSTOMER_000000437,2026-10-08T03:56:29,2026-10-08T05:25:29,MOBILE,REFERRAL
SESSION_000001438,CUSTOMER_000000438,2026-01-12T18:41:49,2026-01-12T18:43:49,MOBILE,REFERRAL
SESSION_000001439,CUSTOMER_000000439,2026-05-08T15:24:17,2026-05-08T15:53:17,MOBILE,EMAIL
SESSION_000001440,CUSTOMER_000000440,2026-07-29T15:27:36,2026-07-29T17:07:36,MOBILE,REFERRAL
SESSION_000001441,CUSTOMER_000000441,2026-08-11T03:23:15,2026-08-11T03:52:15,MOBILE,DIRECT
SESSION_000001442,CUSTOMER_000000442,2026-12-18T07:26:43,2026-12-18T07:35:43,DESKTOP,REFERRAL
SESSION_000001443,CUSTOMER_000000443,2026-08-09T09:03:31,2026-08-09T09:12:31,MOBILE,ORGANIC
SESSION_000001444,CUSTOMER_000000444,2026-02-15T06:34:52,2026-02-15T06:55:52,DESKTOP,SOCIAL
SESSION_000001445,CUSTOMER_000000445,2026-07-09T08:48:35,2026-07-09T10:33:35,MOBILE,ORGANIC
SESSION_000001446,CUSTOMER_000000446,2026-10-28T19:10:28,2026-10-28T20:15:28,MOBILE,EMAIL
SESSION_000001447,CUSTOMER_000000447,2026-12-01T15:00:49,2026-12-01T16:36:49,MOBILE,DIRECT
SESSION_000001448,CUSTOMER_000000448,2026-02-09T22:05:46,2026-02-09T23:59:46,MOBILE,EMAIL
SESSION_000001449,CUSTOMER_000000449,2026-06-02T21:21:45,2026-06-02T22:38:45,MOBILE,SOCIAL
SESSION_000001450,CUSTOMER_000000450,2026-06-13T21:54:26,2026-06-13T23:28:26,DESKTOP,ORGANIC
SESSION_000001451,CUSTOMER_000000451,2026-01-27T23:55:54,2026-01-28T00:33:54,MOBILE,PAID_SEARCH
SESSION_000001452,CUSTOMER_000000452,2026-05-07T07:04:57,2026-05-07T08:20:57,TABLET,SOCIAL
SESSION_000001453,CUSTOMER_000000453,2026-07-22T11:28:08,2026-07-22T12:15:08,MOBILE,ORGANIC
SESSION_000001454,CUSTOMER_000000454,2026-11-30T09:05:05,2026-11-30T10:52:05,DESKTOP,EMAIL
SESSION_000001455,CUSTOMER_000000455,2026-07-15T23:33:02,2026-07-16T01:19:02,MOBILE,ORGANIC
SESSION_000001456,CUSTOMER_000000456,2026-02-10T14:39:05,2026-02-10T15:59:05,DESKTOP,PAID_SEARCH
SESSION_000001457,CUSTOMER_000000457,2026-05-06T10:46:48,2026-05-06T10:53:48,MOBILE,PAID_SEARCH
SESSION_000001458,CUSTOMER_000000458,2026-04-18T09:28:28,2026-04-18T10:15:28,MOBILE,SOCIAL
SESSION_000001459,CUSTOMER_000000459,2026-06-26T08:24:31,2026-06-26T09:44:31,MOBILE,PAID_SEARCH
SESSION_000001460,CUSTOMER_000000460,2026-05-31T04:25:31,2026-05-31T05:18:31,MOBILE,ORGANIC
SESSION_000001461,CUSTOMER_000000461,2026-03-15T09:04:01,2026-03-15T09:26:01,DESKTOP,DIRECT
SESSION_000001462,CUSTOMER_000000462,2026-04-15T08:49:42,2026-04-15T08:50:42,DESKTOP,PAID_SEARCH
SESSION_000001463,CUSTOMER_000000463,2026-02-08T03:33:35,2026-02-08T03:35:35,DESKTOP,ORGANIC
SESSION_000001464,CUSTOMER_000000464,2026-04-28T08:21:44,2026-04-28T08:30:44,DESKTOP,EMAIL
SESSION_000001465,CUSTOMER_000000465,2026-09-14T22:35:29,2026-09-14T23:39:29,MOBILE,SOCIAL
SESSION_000001466,CUSTOMER_000000466,2026-10-07T18:03:18,2026-10-07T18:54:18,DESKTOP,PAID_SEARCH
SESSION_000001467,CUSTOMER_000000467,2026-01-07T19:15:31,2026-01-07T20:50:31,MOBILE,EMAIL
SESSION_000001468,CUSTOMER_000000468,2026-11-03T11:09:20,2026-11-03T12:13:20,MOBILE,PAID_SEARCH
SESSION_000001469,CUSTOMER_000000469,2026-02-15T11:33:57,2026-02-15T12:12:57,MOBILE,EMAIL
SESSION_000001470,CUSTOMER_000000470,2026-10-10T12:15:09,2026-10-10T12:36:09,MOBILE,ORGANIC
SESSION_000001471,CUSTOMER_000000471,2026-05-26T14:10:35,2026-05-26T16:00:35,DESKTOP,PAID_SEARCH
SESSION_000001472,CUSTOMER_000000472,2026-07-25T07:28:26,2026-07-25T08:31:26,MOBILE,ORGANIC
SESSION_000001473,CUSTOMER_000000473,2026-09-20T13:54:24,2026-09-20T15:44:24,MOBILE,EMAIL
SESSION_000001474,CUSTOMER_000000474,2026-03-15T19:50:37,2026-03-15T20:02:37,DESKTOP,EMAIL
SESSION_000001475,CUSTOMER_000000475,2026-04-07T07:45:36,2026-04-07T08:48:36,MOBILE,DIRECT
SESSION_000001476,CUSTOMER_000000476,2026-06-09T11:10:11,2026-06-09T11:37:11,MOBILE,ORGANIC
SESSION_000001477,CUSTOMER_000000477,2026-01-18T19:00:48,2026-01-18T19:11:48,DESKTOP,PAID_SEARCH
SESSION_000001478,CUSTOMER_000000478,2026-10-28T13:52:23,2026-10-28T15:13:23,DESKTOP,REFERRAL
SESSION_000001479,CUSTOMER_000000479,2026-10-30T05:39:21,2026-10-30T07:22:21,MOBILE,ORGANIC
SESSION_000001480,CUSTOMER_000000480,2026-05-04T06:11:18,2026-05-04T06:55:18,MOBILE,EMAIL
SESSION_000001481,CUSTOMER_000000481,2026-10-26T11:23:03,2026-10-26T12:16:03,MOBILE,PAID_SEARCH
SESSION_000001482,CUSTOMER_000000482,2026-12-15T16:25:39,2026-12-15T17:45:39,MOBILE,EMAIL
SESSION_000001483,CUSTOMER_000000483,2026-01-26T17:50:48,2026-01-26T19:23:48,MOBILE,EMAIL
SESSION_000001484,CUSTOMER_000000484,2026-08-06T06:14:51,2026-08-06T07:40:51,MOBILE,ORGANIC
SESSION_000001485,CUSTOMER_000000485,2026-03-17T18:22:02,2026-03-17T19:49:02,MOBILE,ORGANIC
SESSION_000001486,CUSTOMER_000000486,2026-08-21T16:25:07,2026-08-21T18:03:07,TABLET,ORGANIC
SESSION_000001487,CUSTOMER_000000487,2026-02-28T10:20:15,2026-02-28T11:30:15,MOBILE,ORGANIC
SESSION_000001488,CUSTOMER_000000488,2026-04-25T22:12:54,2026-04-25T22:14:54,MOBILE,DIRECT
SESSION_000001489,CUSTOMER_000000489,2026-05-15T11:49:03,2026-05-15T13:16:03,TABLET,DIRECT
SESSION_000001490,CUSTOMER_000000490,2026-02-27T08:48:48,2026-02-27T10:41:48,MOBILE,PAID_SEARCH
SESSION_000001491,CUSTOMER_000000491,2026-11-27T07:17:50,2026-11-27T08:39:50,MOBILE,PAID_SEARCH
SESSION_000001492,CUSTOMER_000000492,2026-09-23T00:18:58,2026-09-23T01:18:58,MOBILE,PAID_SEARCH
SESSION_000001493,CUSTOMER_000000493,2026-06-04T09:50:51,2026-06-04T11:21:51,DESKTOP,ORGANIC
SESSION_000001494,CUSTOMER_000000494,2026-03-12T23:14:29,2026-03-13T00:08:29,DESKTOP,PAID_SEARCH
SESSION_000001495,CUSTOMER_000000495,2026-05-07T04:53:11,2026-05-07T06:04:11,MOBILE,DIRECT
SESSION_000001496,CUSTOMER_000000496,2026-08-04T20:45:41,2026-08-04T20:51:41,TABLET,PAID_SEARCH
SESSION_000001497,CUSTOMER_000000497,2026-10-28T10:44:54,2026-10-28T12:35:54,DESKTOP,PAID_SEARCH
SESSION_000001498,CUSTOMER_000000498,2026-10-19T12:42:50,2026-10-19T14:00:50,MOBILE,ORGANIC
SESSION_000001499,CUSTOMER_000000499,2026-10-06T21:20:42,2026-10-06T21:50:42,MOBILE,DIRECT
SESSION_000001500,CUSTOMER_000000500,2026-09-10T08:14:53,2026-09-10T10:03:53,DESKTOP,PAID_SEARCH
SESSION_000001501,CUSTOMER_000000501,2026-11-28T21:55:15,2026-11-28T23:10:15,DESKTOP,ORGANIC
SESSION_000001502,CUSTOMER_000000502,2026-12-01T15:43:09,2026-12-01T16:19:09,MOBILE,DIRECT
SESSION_000001503,CUSTOMER_000000503,2026-11-10T22:27:48,2026-11-10T23:28:48,TABLET,PAID_SEARCH
SESSION_000001504,CUSTOMER_000000504,2026-03-04T02:07:46,2026-03-04T03:16:46,MOBILE,ORGANIC
SESSION_000001505,CUSTOMER_000000505,2026-02-02T20:28:08,2026-02-02T22:06:08,MOBILE,DIRECT
SESSION_000001506,CUSTOMER_000000506,2026-06-17T03:23:52,2026-06-17T04:43:52,DESKTOP,PAID_SEARCH
SESSION_000001507,CUSTOMER_000000507,2026-04-21T01:32:04,2026-04-21T02:22:04,MOBILE,REFERRAL
SESSION_000001508,CUSTOMER_000000508,2026-02-08T18:20:22,2026-02-08T20:10:22,MOBILE,ORGANIC
SESSION_000001509,CUSTOMER_000000509,2026-10-17T23:23:18,2026-10-18T00:31:18,MOBILE,DIRECT
SESSION_000001510,CUSTOMER_000000510,2026-10-11T08:46:33,2026-10-11T09:04:33,MOBILE,PAID_SEARCH
SESSION_000001511,CUSTOMER_000000511,2026-02-03T20:30:37,2026-02-03T21:51:37,MOBILE,EMAIL
SESSION_000001512,CUSTOMER_000000512,2026-10-01T02:59:01,2026-10-01T04:43:01,MOBILE,ORGANIC
SESSION_000001513,CUSTOMER_000000513,2026-07-29T16:10:52,2026-07-29T18:04:52,MOBILE,DIRECT
SESSION_000001514,CUSTOMER_000000514,2026-11-13T13:31:57,2026-11-13T14:17:57,MOBILE,PAID_SEARCH
SESSION_000001515,CUSTOMER_000000515,2026-05-26T00:03:20,2026-05-26T00:52:20,MOBILE,SOCIAL
SESSION_000001516,CUSTOMER_000000516,2026-03-03T06:45:19,2026-03-03T06:58:19,MOBILE,EMAIL
SESSION_000001517,CUSTOMER_000000517,2026-11-16T16:07:37,2026-11-16T17:03:37,DESKTOP,ORGANIC
SESSION_000001518,CUSTOMER_000000518,2026-09-17T08:14:07,2026-09-17T09:37:07,MOBILE,ORGANIC
SESSION_000001519,CUSTOMER_000000519,2026-10-07T15:58:55,2026-10-07T17:54:55,MOBILE,PAID_SEARCH
SESSION_000001520,CUSTOMER_000000520,2026-12-05T09:21:52,2026-12-05T11:07:52,DESKTOP,SOCIAL
SESSION_000001521,CUSTOMER_000000521,2026-01-08T16:42:50,2026-01-08T18:07:50,MOBILE,ORGANIC
SESSION_000001522,CUSTOMER_000000522,2026-05-28T07:57:05,2026-05-28T09:15:05,MOBILE,SOCIAL
SESSION_000001523,CUSTOMER_000000523,2026-02-02T20:19:12,2026-02-02T20:49:12,DESKTOP,EMAIL
SESSION_000001524,CUSTOMER_000000524,2026-01-24T08:42:50,2026-01-24T09:58:50,DESKTOP,ORGANIC
SESSION_000001525,CUSTOMER_000000525,2026-08-23T17:34:27,2026-08-23T19:09:27,DESKTOP,ORGANIC
SESSION_000001526,CUSTOMER_000000526,2026-06-17T23:46:48,2026-06-18T01:02:48,MOBILE,REFERRAL
SESSION_000001527,CUSTOMER_000000527,2026-06-18T11:31:16,2026-06-18T11:51:16,MOBILE,ORGANIC
SESSION_000001528,CUSTOMER_000000528,2026-09-16T22:14:57,2026-09-16T23:41:57,MOBILE,PAID_SEARCH
SESSION_000001529,CUSTOMER_000000529,2026-08-11T13:03:10,2026-08-11T13:50:10,MOBILE,ORGANIC
SESSION_000001530,CUSTOMER_000000530,2026-05-22T18:34:23,2026-05-22T20:34:23,DESKTOP,SOCIAL
SESSION_000001531,CUSTOMER_000000531,2026-06-11T23:57:05,2026-06-12T00:12:05,MOBILE,PAID_SEARCH
SESSION_000001532,CUSTOMER_000000532,2026-02-10T09:25:16,2026-02-10T11:25:16,MOBILE,ORGANIC
SESSION_000001533,CUSTOMER_000000533,2026-10-29T12:49:58,2026-10-29T13:53:58,MOBILE,PAID_SEARCH
SESSION_000001534,CUSTOMER_000000534,2026-07-31T21:18:48,2026-07-31T22:04:48,DESKTOP,ORGANIC
SESSION_000001535,CUSTOMER_000000535,2026-07-28T22:45:57,2026-07-28T23:49:57,DESKTOP,EMAIL
SESSION_000001536,CUSTOMER_000000536,2026-12-17T02:16:32,2026-12-17T02:46:32,MOBILE,ORGANIC
SESSION_000001537,CUSTOMER_000000537,2026-02-15T01:52:04,2026-02-15T02:09:04,MOBILE,ORGANIC
SESSION_000001538,CUSTOMER_000000538,2026-02-25T06:16:50,2026-02-25T07:00:50,MOBILE,ORGANIC
SESSION_000001539,CUSTOMER_000000539,2026-12-30T03:38:59,2026-12-30T05:08:59,MOBILE,PAID_SEARCH
SESSION_000001540,CUSTOMER_000000540,2026-09-23T16:22:39,2026-09-23T17:54:39,MOBILE,EMAIL
SESSION_000001541,CUSTOMER_000000541,2026-10-04T00:43:34,2026-10-04T02:34:34,MOBILE,PAID_SEARCH
SESSION_000001542,CUSTOMER_000000542,2026-04-30T03:30:47,2026-04-30T03:50:47,MOBILE,REFERRAL
SESSION_000001543,CUSTOMER_000000543,2026-08-02T19:13:06,2026-08-02T20:03:06,MOBILE,ORGANIC
SESSION_000001544,CUSTOMER_000000544,2026-05-03T00:39:01,2026-05-03T01:03:01,MOBILE,DIRECT
SESSION_000001545,CUSTOMER_000000545,2026-01-30T06:29:46,2026-01-30T06:36:46,TABLET,PAID_SEARCH
SESSION_000001546,CUSTOMER_000000546,2026-08-10T18:32:55,2026-08-10T19:36:55,DESKTOP,SOCIAL
SESSION_000001547,CUSTOMER_000000547,2026-11-15T12:49:34,2026-11-15T14:45:34,MOBILE,ORGANIC
SESSION_000001548,CUSTOMER_000000548,2026-10-14T12:56:47,2026-10-14T13:02:47,DESKTOP,DIRECT
SESSION_000001549,CUSTOMER_000000549,2026-03-17T16:20:27,2026-03-17T17:24:27,DESKTOP,DIRECT
SESSION_000001550,CUSTOMER_000000550,2026-03-27T13:34:30,2026-03-27T15:21:30,MOBILE,EMAIL
SESSION_000001551,CUSTOMER_000000551,2026-02-21T21:25:55,2026-02-21T22:02:55,MOBILE,REFERRAL
SESSION_000001552,CUSTOMER_000000552,2026-12-09T05:53:45,2026-12-09T07:25:45,DESKTOP,ORGANIC
SESSION_000001553,CUSTOMER_000000553,2026-09-01T16:45:56,2026-09-01T18:01:56,MOBILE,SOCIAL
SESSION_000001554,CUSTOMER_000000554,2026-07-23T07:33:57,2026-07-23T07:46:57,MOBILE,SOCIAL
SESSION_000001555,CUSTOMER_000000555,2026-01-07T09:57:03,2026-01-07T10:53:03,TABLET,EMAIL
SESSION_000001556,CUSTOMER_000000556,2026-03-08T23:00:55,2026-03-09T00:55:55,MOBILE,PAID_SEARCH
SESSION_000001557,CUSTOMER_000000557,2026-02-21T00:00:55,2026-02-21T01:12:55,DESKTOP,PAID_SEARCH
SESSION_000001558,CUSTOMER_000000558,2026-10-30T17:17:04,2026-10-30T17:18:04,MOBILE,PAID_SEARCH
SESSION_000001559,CUSTOMER_000000559,2026-02-15T13:17:12,2026-02-15T15:16:12,MOBILE,PAID_SEARCH
SESSION_000001560,CUSTOMER_000000560,2026-08-12T23:53:56,2026-08-13T00:35:56,MOBILE,ORGANIC
SESSION_000001561,CUSTOMER_000000561,2026-01-31T08:00:36,2026-01-31T08:27:36,MOBILE,ORGANIC
SESSION_000001562,CUSTOMER_000000562,2026-03-18T08:47:23,2026-03-18T08:52:23,MOBILE,SOCIAL
SESSION_000001563,CUSTOMER_000000563,2026-05-01T04:45:26,2026-05-01T05:11:26,MOBILE,ORGANIC
SESSION_000001564,CUSTOMER_000000564,2026-10-10T22:17:02,2026-10-10T22:51:02,MOBILE,PAID_SEARCH
SESSION_000001565,CUSTOMER_000000565,2026-07-07T11:12:48,2026-07-07T12:28:48,TABLET,SOCIAL
SESSION_000001566,CUSTOMER_000000566,2026-10-12T08:37:13,2026-10-12T10:33:13,DESKTOP,SOCIAL
SESSION_000001567,CUSTOMER_000000567,2026-02-02T15:37:14,2026-02-02T16:52:14,MOBILE,ORGANIC
SESSION_000001568,CUSTOMER_000000568,2026-04-08T00:32:07,2026-04-08T02:14:07,DESKTOP,SOCIAL
SESSION_000001569,CUSTOMER_000000569,2026-03-10T22:27:27,2026-03-11T00:20:27,MOBILE,DIRECT
SESSION_000001570,CUSTOMER_000000570,2026-06-09T17:24:01,2026-06-09T18:04:01,MOBILE,EMAIL
SESSION_000001571,CUSTOMER_000000571,2026-10-04T10:16:50,2026-10-04T11:28:50,MOBILE,SOCIAL
SESSION_000001572,CUSTOMER_000000572,2026-07-13T00:13:16,2026-07-13T01:37:16,MOBILE,DIRECT
SESSION_000001573,CUSTOMER_000000573,2026-04-09T21:49:36,2026-04-09T22:13:36,MOBILE,SOCIAL
SESSION_000001574,CUSTOMER_000000574,2026-12-31T10:07:41,2026-12-31T10:11:41,DESKTOP,EMAIL
SESSION_000001575,CUSTOMER_000000575,2026-07-05T21:09:13,2026-07-05T21:24:13,MOBILE,PAID_SEARCH
SESSION_000001576,CUSTOMER_000000576,2026-02-09T05:15:51,2026-02-09T05:25:51,MOBILE,SOCIAL
SESSION_000001577,CUSTOMER_000000577,2026-05-23T20:27:13,2026-05-23T20:41:13,TABLET,DIRECT
SESSION_000001578,CUSTOMER_000000578,2026-04-26T08:42:03,2026-04-26T09:00:03,MOBILE,DIRECT
SESSION_000001579,CUSTOMER_000000579,2026-09-05T10:29:16,2026-09-05T12:29:16,MOBILE,PAID_SEARCH
SESSION_000001580,CUSTOMER_000000580,2026-09-08T23:11:23,2026-09-09T00:52:23,DESKTOP,ORGANIC
SESSION_000001581,CUSTOMER_000000581,2026-04-03T10:43:54,2026-04-03T11:14:54,TABLET,DIRECT
SESSION_000001582,CUSTOMER_000000582,2026-04-23T13:33:33,2026-04-23T15:27:33,MOBILE,SOCIAL
SESSION_000001583,CUSTOMER_000000583,2026-12-07T06:37:25,2026-12-07T06:47:25,MOBILE,DIRECT
SESSION_000001584,CUSTOMER_000000584,2026-08-02T17:57:34,2026-08-02T18:20:34,MOBILE,EMAIL
SESSION_000001585,CUSTOMER_000000585,2026-09-18T07:53:36,2026-09-18T09:16:36,MOBILE,PAID_SEARCH
SESSION_000001586,CUSTOMER_000000586,2026-09-28T16:15:44,2026-09-28T18:04:44,MOBILE,REFERRAL
SESSION_000001587,CUSTOMER_000000587,2026-06-12T00:22:04,2026-06-12T00:52:04,MOBILE,REFERRAL
SESSION_000001588,CUSTOMER_000000588,2026-07-01T10:36:01,2026-07-01T10:39:01,MOBILE,PAID_SEARCH
SESSION_000001589,CUSTOMER_000000589,2026-03-08T20:50:05,2026-03-08T21:47:05,DESKTOP,PAID_SEARCH
SESSION_000001590,CUSTOMER_000000590,2026-08-31T13:37:50,2026-08-31T14:41:50,MOBILE,SOCIAL
SESSION_000001591,CUSTOMER_000000591,2026-04-10T18:04:56,2026-04-10T18:33:56,MOBILE,EMAIL
SESSION_000001592,CUSTOMER_000000592,2026-05-15T04:05:24,2026-05-15T05:37:24,MOBILE,PAID_SEARCH
SESSION_000001593,CUSTOMER_000000593,2026-09-12T12:32:59,2026-09-12T13:38:59,MOBILE,SOCIAL
SESSION_000001594,CUSTOMER_000000594,2026-05-06T04:02:11,2026-05-06T04:31:11,MOBILE,ORGANIC
SESSION_000001595,CUSTOMER_000000595,2026-11-16T15:50:17,2026-11-16T16:16:17,DESKTOP,SOCIAL
SESSION_000001596,CUSTOMER_000000596,2026-08-21T03:26:52,2026-08-21T04:24:52,DESKTOP,DIRECT
SESSION_000001597,CUSTOMER_000000597,2026-07-19T14:36:43,2026-07-19T16:29:43,MOBILE,SOCIAL
SESSION_000001598,CUSTOMER_000000598,2026-12-22T04:02:11,2026-12-22T04:48:11,MOBILE,ORGANIC
SESSION_000001599,CUSTOMER_000000599,2026-10-13T03:12:50,2026-10-13T03:57:50,MOBILE,PAID_SEARCH
SESSION_000001600,CUSTOMER_000000600,2026-01-10T15:14:46,2026-01-10T15:32:46,DESKTOP,EMAIL
SESSION_000001601,CUSTOMER_000000601,2026-05-05T01:55:33,2026-05-05T03:05:33,DESKTOP,SOCIAL
SESSION_000001602,CUSTOMER_000000602,2026-03-30T07:07,2026-03-30T08:29,DESKTOP,PAID_SEARCH
SESSION_000001603,CUSTOMER_000000603,2026-01-04T01:19:07,2026-01-04T03:01:07,MOBILE,SOCIAL
SESSION_000001604,CUSTOMER_000000604,2026-07-27T07:27:59,2026-07-27T09:23:59,MOBILE,SOCIAL
SESSION_000001605,CUSTOMER_000000605,2026-01-31T06:09:02,2026-01-31T07:22:02,DESKTOP,SOCIAL
SESSION_000001606,CUSTOMER_000000606,2026-11-23T09:58:56,2026-11-23T10:20:56,MOBILE,PAID_SEARCH
SESSION_000001607,CUSTOMER_000000607,2026-06-18T22:12:08,2026-06-18T22:28:08,MOBILE,REFERRAL
SESSION_000001608,CUSTOMER_000000608,2026-07-31T05:51:36,2026-07-31T07:23:36,MOBILE,DIRECT
SESSION_000001609,CUSTOMER_000000609,2026-08-28T01:52:54,2026-08-28T02:09:54,DESKTOP,SOCIAL
SESSION_000001610,CUSTOMER_000000610,2026-05-21T07:13:33,2026-05-21T08:49:33,DESKTOP,PAID_SEARCH
SESSION_000001611,CUSTOMER_000000611,2026-05-06T07:53:40,2026-05-06T08:11:40,MOBILE,DIRECT
SESSION_000001612,CUSTOMER_000000612,2026-03-07T18:15:30,2026-03-07T19:51:30,MOBILE,ORGANIC
SESSION_000001613,CUSTOMER_000000613,2026-07-16T11:03:12,2026-07-16T12:52:12,DESKTOP,DIRECT
SESSION_000001614,CUSTOMER_000000614,2026-01-29T07:22:49,2026-01-29T07:33:49,MOBILE,ORGANIC
SESSION_000001615,CUSTOMER_000000615,2026-11-24T22:06:06,2026-11-24T22:11:06,MOBILE,ORGANIC
SESSION_000001616,CUSTOMER_000000616,2026-02-23T23:00:43,2026-02-24T00:21:43,MOBILE,SOCIAL
SESSION_000001617,CUSTOMER_000000617,2026-04-26T23:01:37,2026-04-27T00:50:37,MOBILE,ORGANIC
SESSION_000001618,CUSTOMER_000000618,2026-07-22T21:28:10,2026-07-22T21:35:10,MOBILE,DIRECT
SESSION_000001619,CUSTOMER_000000619,2026-06-18T17:35:53,2026-06-18T18:32:53,MOBILE,EMAIL
SESSION_000001620,CUSTOMER_000000620,2026-01-17T20:28:17,2026-01-17T20:48:17,DESKTOP,PAID_SEARCH
SESSION_000001621,CUSTOMER_000000621,2026-02-20T09:46:39,2026-02-20T10:01:39,MOBILE,SOCIAL
SESSION_000001622,CUSTOMER_000000622,2026-10-22T13:01:38,2026-10-22T13:02:38,MOBILE,ORGANIC
SESSION_000001623,CUSTOMER_000000623,2026-07-27T03:43:35,2026-07-27T04:13:35,MOBILE,PAID_SEARCH
SESSION_000001624,CUSTOMER_000000624,2026-01-14T21:31:47,2026-01-14T22:38:47,MOBILE,ORGANIC
SESSION_000001625,CUSTOMER_000000625,2026-06-15T19:38:09,2026-06-15T20:36:09,MOBILE,SOCIAL
SESSION_000001626,CUSTOMER_000000626,2026-08-18T14:23:58,2026-08-18T14:29:58,DESKTOP,ORGANIC
SESSION_000001627,CUSTOMER_000000627,2026-11-01T10:21:21,2026-11-01T11:03:21,MOBILE,DIRECT
SESSION_000001628,CUSTOMER_000000628,2026-08-28T17:31:03,2026-08-28T17:54:03,MOBILE,REFERRAL
SESSION_000001629,CUSTOMER_000000629,2026-12-12T08:13:40,2026-12-12T09:50:40,MOBILE,DIRECT
SESSION_000001630,CUSTOMER_000000630,2026-04-10T23:55:20,2026-04-11T00:48:20,TABLET,PAID_SEARCH
SESSION_000001631,CUSTOMER_000000631,2026-07-16T01:18:44,2026-07-16T01:45:44,MOBILE,SOCIAL
SESSION_000001632,CUSTOMER_000000632,2026-06-12T05:50:22,2026-06-12T07:47:22,MOBILE,SOCIAL
SESSION_000001633,CUSTOMER_000000633,2026-02-24T20:32:40,2026-02-24T22:12:40,MOBILE,ORGANIC
SESSION_000001634,CUSTOMER_000000634,2026-04-24T03:06:20,2026-04-24T04:57:20,MOBILE,REFERRAL
SESSION_000001635,CUSTOMER_000000635,2026-11-18T16:35:42,2026-11-18T18:13:42,DESKTOP,PAID_SEARCH
SESSION_000001636,CUSTOMER_000000636,2026-03-29T14:08:34,2026-03-29T16:02:34,MOBILE,SOCIAL
SESSION_000001637,CUSTOMER_000000637,2026-10-22T16:09:24,2026-10-22T16:44:24,MOBILE,ORGANIC
SESSION_000001638,CUSTOMER_000000638,2026-08-16T04:52:52,2026-08-16T06:30:52,MOBILE,SOCIAL
SESSION_000001639,CUSTOMER_000000639,2026-08-25T18:56:42,2026-08-25T20:54:42,MOBILE,PAID_SEARCH
SESSION_000001640,CUSTOMER_000000640,2026-04-01T02:25:56,2026-04-01T03:10:56,DESKTOP,REFERRAL
SESSION_000001641,CUSTOMER_000000641,2026-05-12T05:12:41,2026-05-12T06:44:41,TABLET,DIRECT
SESSION_000001642,CUSTOMER_000000642,2026-03-06T10:23:22,2026-03-06T11:52:22,MOBILE,EMAIL
SESSION_000001643,CUSTOMER_000000643,2026-07-14T07:46:24,2026-07-14T08:28:24,MOBILE,ORGANIC
SESSION_000001644,CUSTOMER_000000644,2026-02-06T11:49:45,2026-02-06T12:23:45,MOBILE,EMAIL
SESSION_000001645,CUSTOMER_000000645,2026-01-27T14:57:13,2026-01-27T15:21:13,MOBILE,DIRECT
SESSION_000001646,CUSTOMER_000000646,2026-08-12T03:34:48,2026-08-12T03:57:48,MOBILE,DIRECT
SESSION_000001647,CUSTOMER_000000647,2026-07-09T20:26:42,2026-07-09T21:39:42,DESKTOP,DIRECT
SESSION_000001648,CUSTOMER_000000648,2026-01-28T15:09:47,2026-01-28T16:54:47,MOBILE,SOCIAL
SESSION_000001649,CUSTOMER_000000649,2026-04-23T03:40:27,2026-04-23T04:23:27,DESKTOP,ORGANIC
SESSION_000001650,CUSTOMER_000000650,2026-08-22T11:51:05,2026-08-22T13:41:05,MOBILE,PAID_SEARCH
SESSION_000001651,CUSTOMER_000000651,2026-02-12T22:53:31,2026-02-12T23:39:31,MOBILE,ORGANIC
SESSION_000001652,CUSTOMER_000000652,2026-11-19T01:22:55,2026-11-19T02:50:55,MOBILE,DIRECT
SESSION_000001653,CUSTOMER_000000653,2026-02-09T12:52:53,2026-02-09T14:18:53,DESKTOP,DIRECT
SESSION_000001654,CUSTOMER_000000654,2026-06-29T09:14:15,2026-06-29T10:41:15,MOBILE,PAID_SEARCH
SESSION_000001655,CUSTOMER_000000655,2026-06-29T02:41:56,2026-06-29T04:33:56,MOBILE,ORGANIC
SESSION_000001656,CUSTOMER_000000656,2026-06-02T05:17:06,2026-06-02T06:29:06,MOBILE,EMAIL
SESSION_000001657,CUSTOMER_000000657,2026-11-27T08:38:55,2026-11-27T09:43:55,DESKTOP,EMAIL
SESSION_000001658,CUSTOMER_000000658,2026-06-06T16:32:51,2026-06-06T18:28:51,MOBILE,ORGANIC
SESSION_000001659,CUSTOMER_000000659,2026-11-01T19:39:38,2026-11-01T19:40:38,DESKTOP,ORGANIC
SESSION_000001660,CUSTOMER_000000660,2026-02-28T11:02:33,2026-02-28T11:11:33,MOBILE,ORGANIC
SESSION_000001661,CUSTOMER_000000661,2026-04-29T22:31:48,2026-04-29T23:30:48,MOBILE,ORGANIC
SESSION_000001662,CUSTOMER_000000662,2026-01-25T22:14:34,2026-01-25T23:05:34,DESKTOP,DIRECT
SESSION_000001663,CUSTOMER_000000663,2026-01-02T09:42:24,2026-01-02T11:14:24,DESKTOP,SOCIAL
SESSION_000001664,CUSTOMER_000000664,2026-07-15T05:59:42,2026-07-15T06:17:42,MOBILE,ORGANIC
SESSION_000001665,CUSTOMER_000000665,2026-02-12T05:25:35,2026-02-12T07:12:35,MOBILE,ORGANIC
SESSION_000001666,CUSTOMER_000000666,2026-09-23T00:36:44,2026-09-23T00:57:44,MOBILE,PAID_SEARCH
SESSION_000001667,CUSTOMER_000000667,2026-02-20T08:25:24,2026-02-20T10:01:24,MOBILE,PAID_SEARCH
SESSION_000001668,CUSTOMER_000000668,2026-09-11T16:28:24,2026-09-11T16:34:24,MOBILE,ORGANIC
SESSION_000001669,CUSTOMER_000000669,2026-05-11T01:30:31,2026-05-11T02:06:31,MOBILE,SOCIAL
SESSION_000001670,CUSTOMER_000000670,2026-03-02T05:11:11,2026-03-02T06:13:11,DESKTOP,EMAIL
SESSION_000001671,CUSTOMER_000000671,2026-01-14T13:03:28,2026-01-14T15:00:28,MOBILE,PAID_SEARCH
SESSION_000001672,CUSTOMER_000000672,2026-10-18T11:16:16,2026-10-18T13:10:16,MOBILE,SOCIAL
SESSION_000001673,CUSTOMER_000000673,2026-12-17T06:10:53,2026-12-17T07:20:53,MOBILE,SOCIAL
SESSION_000001674,CUSTOMER_000000674,2026-02-07T13:23:10,2026-02-07T15:04:10,MOBILE,SOCIAL
SESSION_000001675,CUSTOMER_000000675,2026-02-27T15:47:08,2026-02-27T17:08:08,TABLET,ORGANIC
SESSION_000001676,CUSTOMER_000000676,2026-12-10T17:48:55,2026-12-10T17:50:55,MOBILE,PAID_SEARCH
SESSION_000001677,CUSTOMER_000000677,2026-07-20T04:27:37,2026-07-20T04:46:37,DESKTOP,SOCIAL
SESSION_000001678,CUSTOMER_000000678,2026-11-22T07:00:49,2026-11-22T08:06:49,MOBILE,SOCIAL
SESSION_000001679,CUSTOMER_000000679,2026-08-13T13:24:09,2026-08-13T14:36:09,TABLET,PAID_SEARCH
SESSION_000001680,CUSTOMER_000000680,2026-12-27T02:14:41,2026-12-27T02:22:41,MOBILE,ORGANIC
SESSION_000001681,CUSTOMER_000000681,2026-06-05T02:15:53,2026-06-05T02:37:53,MOBILE,SOCIAL
SESSION_000001682,CUSTOMER_000000682,2026-11-15T13:41:43,2026-11-15T15:39:43,MOBILE,DIRECT
SESSION_000001683,CUSTOMER_000000683,2026-12-28T07:07:16,2026-12-28T07:56:16,MOBILE,PAID_SEARCH
SESSION_000001684,CUSTOMER_000000684,2026-06-16T06:22:55,2026-06-16T07:52:55,MOBILE,SOCIAL
SESSION_000001685,CUSTOMER_000000685,2026-02-23T07:07:56,2026-02-23T08:16:56,DESKTOP,SOCIAL
SESSION_000001686,CUSTOMER_000000686,2026-04-12T17:22:20,2026-04-12T17:32:20,DESKTOP,DIRECT
SESSION_000001687,CUSTOMER_000000687,2026-01-29T12:50:50,2026-01-29T13:57:50,MOBILE,ORGANIC
SESSION_000001688,CUSTOMER_000000688,2026-11-26T18:02:23,2026-11-26T19:35:23,DESKTOP,ORGANIC
SESSION_000001689,CUSTOMER_000000689,2026-10-17T23:59:52,2026-10-18T00:36:52,DESKTOP,EMAIL
SESSION_000001690,CUSTOMER_000000690,2026-10-09T13:17:52,2026-10-09T13:20:52,MOBILE,DIRECT
SESSION_000001691,CUSTOMER_000000691,2026-12-21T03:42:30,2026-12-21T04:20:30,MOBILE,EMAIL
SESSION_000001692,CUSTOMER_000000692,2026-01-20T10:36:44,2026-01-20T11:14:44,MOBILE,DIRECT
SESSION_000001693,CUSTOMER_000000693,2026-11-05T08:32:48,2026-11-05T09:52:48,MOBILE,PAID_SEARCH
SESSION_000001694,CUSTOMER_000000694,2026-11-29T13:45:27,2026-11-29T14:04:27,MOBILE,DIRECT
SESSION_000001695,CUSTOMER_000000695,2026-11-11T11:08:09,2026-11-11T12:52:09,MOBILE,ORGANIC
SESSION_000001696,CUSTOMER_000000696,2026-03-03T12:42:40,2026-03-03T13:37:40,MOBILE,DIRECT
SESSION_000001697,CUSTOMER_000000697,2026-10-14T06:26:22,2026-10-14T07:46:22,DESKTOP,EMAIL
SESSION_000001698,CUSTOMER_000000698,2026-07-20T17:29:55,2026-07-20T18:46:55,MOBILE,EMAIL
SESSION_000001699,CUSTOMER_000000699,2026-07-05T15:59:58,2026-07-05T17:32:58,MOBILE,SOCIAL
SESSION_000001700,CUSTOMER_000000700,2026-09-08T06:12:25,2026-09-08T08:01:25,MOBILE,PAID_SEARCH
SESSION_000001701,CUSTOMER_000000701,2026-08-10T23:18:36,2026-08-11T00:41:36,MOBILE,ORGANIC
SESSION_000001702,CUSTOMER_000000702,2026-05-09T17:22:14,2026-05-09T17:32:14,MOBILE,PAID_SEARCH
SESSION_000001703,CUSTOMER_000000703,2026-03-10T05:57:47,2026-03-10T06:07:47,MOBILE,SOCIAL
SESSION_000001704,CUSTOMER_000000704,2026-11-04T13:18:32,2026-11-04T13:26:32,TABLET,PAID_SEARCH
SESSION_000001705,CUSTOMER_000000705,2026-01-26T10:48:40,2026-01-26T12:30:40,MOBILE,PAID_SEARCH
SESSION_000001706,CUSTOMER_000000706,2026-07-07T12:35:31,2026-07-07T12:49:31,MOBILE,PAID_SEARCH
SESSION_000001707,CUSTOMER_000000707,2026-06-11T10:43:17,2026-06-11T11:07:17,MOBILE,PAID_SEARCH
SESSION_000001708,CUSTOMER_000000708,2026-12-14T21:08:23,2026-12-14T22:09:23,DESKTOP,DIRECT
SESSION_000001709,CUSTOMER_000000709,2026-09-28T11:59:12,2026-09-28T13:40:12,MOBILE,DIRECT
SESSION_000001710,CUSTOMER_000000710,2026-07-14T12:49:16,2026-07-14T14:38:16,DESKTOP,SOCIAL
SESSION_000001711,CUSTOMER_000000711,2026-02-11T06:46:21,2026-02-11T07:05:21,MOBILE,PAID_SEARCH
SESSION_000001712,CUSTOMER_000000712,2026-01-31T19:16:34,2026-01-31T20:02:34,MOBILE,SOCIAL
SESSION_000001713,CUSTOMER_000000713,2026-07-15T00:39:57,2026-07-15T01:42:57,TABLET,REFERRAL
SESSION_000001714,CUSTOMER_000000714,2026-10-29T07:03:06,2026-10-29T07:35:06,MOBILE,PAID_SEARCH
SESSION_000001715,CUSTOMER_000000715,2026-07-20T03:38:35,2026-07-20T04:15:35,DESKTOP,DIRECT
SESSION_000001716,CUSTOMER_000000716,2026-01-14T20:52:15,2026-01-14T21:56:15,MOBILE,ORGANIC
SESSION_000001717,CUSTOMER_000000717,2026-05-29T23:09,2026-05-29T23:31,MOBILE,PAID_SEARCH
SESSION_000001718,CUSTOMER_000000718,2026-11-12T21:29:38,2026-11-12T22:40:38,MOBILE,ORGANIC
SESSION_000001719,CUSTOMER_000000719,2026-11-08T12:29:03,2026-11-08T13:38:03,MOBILE,PAID_SEARCH
SESSION_000001720,CUSTOMER_000000720,2026-10-17T19:32:48,2026-10-17T21:02:48,MOBILE,SOCIAL
SESSION_000001721,CUSTOMER_000000721,2026-03-05T10:23:19,2026-03-05T10:48:19,MOBILE,ORGANIC
SESSION_000001722,CUSTOMER_000000722,2026-11-17T21:15:20,2026-11-17T22:57:20,MOBILE,EMAIL
SESSION_000001723,CUSTOMER_000000723,2026-08-02T15:21:36,2026-08-02T15:56:36,MOBILE,ORGANIC
SESSION_000001724,CUSTOMER_000000724,2026-05-08T11:08:51,2026-05-08T12:09:51,MOBILE,EMAIL
SESSION_000001725,CUSTOMER_000000725,2026-04-26T12:48:47,2026-04-26T13:17:47,MOBILE,PAID_SEARCH
SESSION_000001726,CUSTOMER_000000726,2026-08-15T23:44:22,2026-08-16T01:34:22,DESKTOP,PAID_SEARCH
SESSION_000001727,CUSTOMER_000000727,2026-03-16T02:28:02,2026-03-16T04:19:02,MOBILE,REFERRAL
SESSION_000001728,CUSTOMER_000000728,2026-02-25T04:34:54,2026-02-25T06:12:54,DESKTOP,ORGANIC
SESSION_000001729,CUSTOMER_000000729,2026-08-13T22:11:46,2026-08-13T22:16:46,MOBILE,ORGANIC
SESSION_000001730,CUSTOMER_000000730,2026-09-23T15:18:21,2026-09-23T16:59:21,DESKTOP,PAID_SEARCH
SESSION_000001731,CUSTOMER_000000731,2026-11-01T19:17:39,2026-11-01T21:15:39,MOBILE,REFERRAL
SESSION_000001732,CUSTOMER_000000732,2026-06-07T08:35:57,2026-06-07T10:09:57,DESKTOP,EMAIL
SESSION_000001733,CUSTOMER_000000733,2026-11-26T21:22:46,2026-11-26T23:05:46,MOBILE,PAID_SEARCH
SESSION_000001734,CUSTOMER_000000734,2026-11-28T21:01:28,2026-11-28T22:56:28,MOBILE,ORGANIC
SESSION_000001735,CUSTOMER_000000735,2026-07-22T10:52:59,2026-07-22T12:26:59,MOBILE,DIRECT
SESSION_000001736,CUSTOMER_000000736,2026-09-04T10:59:49,2026-09-04T12:27:49,MOBILE,ORGANIC
SESSION_000001737,CUSTOMER_000000737,2026-03-15T18:01:23,2026-03-15T18:18:23,TABLET,ORGANIC
SESSION_000001738,CUSTOMER_000000738,2026-09-19T18:03:59,2026-09-19T18:59:59,MOBILE,ORGANIC
SESSION_000001739,CUSTOMER_000000739,2026-05-03T23:23:07,2026-05-04T01:19:07,MOBILE,SOCIAL
SESSION_000001740,CUSTOMER_000000740,2026-12-30T21:25:52,2026-12-30T22:39:52,MOBILE,ORGANIC
SESSION_000001741,CUSTOMER_000000741,2026-06-21T14:15:35,2026-06-21T15:38:35,DESKTOP,EMAIL
SESSION_000001742,CUSTOMER_000000742,2026-08-28T13:45:26,2026-08-28T15:05:26,MOBILE,PAID_SEARCH
SESSION_000001743,CUSTOMER_000000743,2026-11-06T01:41:27,2026-11-06T03:09:27,MOBILE,ORGANIC
SESSION_000001744,CUSTOMER_000000744,2026-09-23T03:11:19,2026-09-23T04:39:19,TABLET,REFERRAL
SESSION_000001745,CUSTOMER_000000745,2026-12-06T19:06:31,2026-12-06T19:31:31,MOBILE,EMAIL
SESSION_000001746,CUSTOMER_000000746,2026-01-31T06:43:33,2026-01-31T08:26:33,MOBILE,DIRECT
SESSION_000001747,CUSTOMER_000000747,2026-01-29T00:22:12,2026-01-29T01:06:12,MOBILE,SOCIAL
SESSION_000001748,CUSTOMER_000000748,2026-01-23T01:38:50,2026-01-23T01:57:50,MOBILE,DIRECT
SESSION_000001749,CUSTOMER_000000749,2026-02-14T12:49:34,2026-02-14T14:34:34,MOBILE,EMAIL
SESSION_000001750,CUSTOMER_000000750,2026-03-24T02:27:16,2026-03-24T03:32:16,MOBILE,ORGANIC
SESSION_000001751,CUSTOMER_000000751,2026-08-16T22:52:20,2026-08-16T23:42:20,DESKTOP,EMAIL
SESSION_000001752,CUSTOMER_000000752,2026-03-29T01:20:18,2026-03-29T01:27:18,TABLET,ORGANIC
SESSION_000001753,CUSTOMER_000000753,2026-01-01T16:23:30,2026-01-01T16:24:30,DESKTOP,DIRECT
SESSION_000001754,CUSTOMER_000000754,2026-07-03T18:50:26,2026-07-03T20:27:26,MOBILE,ORGANIC
SESSION_000001755,CUSTOMER_000000755,2026-01-23T20:27:29,2026-01-23T21:27:29,MOBILE,DIRECT
SESSION_000001756,CUSTOMER_000000756,2026-01-10T20:56:06,2026-01-10T21:15:06,MOBILE,REFERRAL
SESSION_000001757,CUSTOMER_000000757,2026-01-12T12:49:17,2026-01-12T13:43:17,DESKTOP,ORGANIC
SESSION_000001758,CUSTOMER_000000758,2026-05-18T00:12:40,2026-05-18T00:27:40,MOBILE,ORGANIC
SESSION_000001759,CUSTOMER_000000759,2026-09-16T19:56:19,2026-09-16T21:07:19,MOBILE,ORGANIC
SESSION_000001760,CUSTOMER_000000760,2026-04-01T05:45:20,2026-04-01T07:21:20,MOBILE,EMAIL
SESSION_000001761,CUSTOMER_000000761,2026-11-19T14:07:52,2026-11-19T15:06:52,DESKTOP,PAID_SEARCH
SESSION_000001762,CUSTOMER_000000762,2026-01-08T05:27:17,2026-01-08T05:57:17,DESKTOP,SOCIAL
SESSION_000001763,CUSTOMER_000000763,2026-09-29T20:36:21,2026-09-29T22:22:21,MOBILE,SOCIAL
SESSION_000001764,CUSTOMER_000000764,2026-07-13T16:54:49,2026-07-13T17:29:49,DESKTOP,PAID_SEARCH
SESSION_000001765,CUSTOMER_000000765,2026-11-11T07:21:52,2026-11-11T08:22:52,MOBILE,PAID_SEARCH
SESSION_000001766,CUSTOMER_000000766,2026-03-15T17:19:10,2026-03-15T18:42:10,MOBILE,DIRECT
SESSION_000001767,CUSTOMER_000000767,2026-10-26T01:29:49,2026-10-26T02:14:49,MOBILE,ORGANIC
SESSION_000001768,CUSTOMER_000000768,2026-08-03T04:53:44,2026-08-03T06:22:44,DESKTOP,PAID_SEARCH
SESSION_000001769,CUSTOMER_000000769,2026-09-13T19:29:59,2026-09-13T20:43:59,MOBILE,DIRECT
SESSION_000001770,CUSTOMER_000000770,2026-08-12T11:47:12,2026-08-12T12:44:12,MOBILE,DIRECT
SESSION_000001771,CUSTOMER_000000771,2026-10-12T13:05:15,2026-10-12T15:03:15,DESKTOP,EMAIL
SESSION_000001772,CUSTOMER_000000772,2026-04-27T23:06:23,2026-04-27T23:16:23,MOBILE,DIRECT
SESSION_000001773,CUSTOMER_000000773,2026-05-22T23:16:41,2026-05-23T00:50:41,MOBILE,DIRECT
SESSION_000001774,CUSTOMER_000000774,2026-06-01T17:56:47,2026-06-01T19:05:47,MOBILE,ORGANIC
SESSION_000001775,CUSTOMER_000000775,2026-11-19T19:54:51,2026-11-19T21:17:51,MOBILE,SOCIAL
SESSION_000001776,CUSTOMER_000000776,2026-01-14T16:42:32,2026-01-14T18:41:32,DESKTOP,PAID_SEARCH
SESSION_000001777,CUSTOMER_000000777,2026-01-30T16:52:51,2026-01-30T18:32:51,MOBILE,ORGANIC
SESSION_000001778,CUSTOMER_000000778,2026-01-12T18:45:45,2026-01-12T18:46:45,MOBILE,ORGANIC
SESSION_000001779,CUSTOMER_000000779,2026-11-17T21:49:13,2026-11-17T23:03:13,MOBILE,ORGANIC
SESSION_000001780,CUSTOMER_000000780,2026-03-10T13:23:40,2026-03-10T15:15:40,MOBILE,DIRECT
SESSION_000001781,CUSTOMER_000000781,2026-04-29T13:07:58,2026-04-29T13:24:58,DESKTOP,EMAIL
SESSION_000001782,CUSTOMER_000000782,2026-06-29T01:07:47,2026-06-29T01:32:47,DESKTOP,SOCIAL
SESSION_000001783,CUSTOMER_000000783,2026-08-19T17:31:12,2026-08-19T19:20:12,MOBILE,DIRECT
SESSION_000001784,CUSTOMER_000000784,2026-10-30T03:07:48,2026-10-30T04:56:48,MOBILE,ORGANIC
SESSION_000001785,CUSTOMER_000000785,2026-07-28T03:05:44,2026-07-28T03:15:44,MOBILE,PAID_SEARCH
SESSION_000001786,CUSTOMER_000000786,2026-10-09T01:29:15,2026-10-09T02:28:15,MOBILE,ORGANIC
SESSION_000001787,CUSTOMER_000000787,2026-04-01T22:24:24,2026-04-01T22:40:24,MOBILE,REFERRAL
SESSION_000001788,CUSTOMER_000000788,2026-07-27T02:10:18,2026-07-27T03:54:18,MOBILE,SOCIAL
SESSION_000001789,CUSTOMER_000000789,2026-04-23T18:22:32,2026-04-23T18:33:32,MOBILE,PAID_SEARCH
SESSION_000001790,CUSTOMER_000000790,2026-12-27T13:47:07,2026-12-27T14:25:07,DESKTOP,DIRECT
SESSION_000001791,CUSTOMER_000000791,2026-09-03T09:17:31,2026-09-03T11:01:31,MOBILE,ORGANIC
SESSION_000001792,CUSTOMER_000000792,2026-03-03T14:38:34,2026-03-03T15:36:34,MOBILE,ORGANIC
SESSION_000001793,CUSTOMER_000000793,2026-10-25T05:36:36,2026-10-25T07:35:36,MOBILE,ORGANIC
SESSION_000001794,CUSTOMER_000000794,2026-06-09T15:43:42,2026-06-09T16:17:42,DESKTOP,DIRECT
SESSION_000001795,CUSTOMER_000000795,2026-04-08T19:09:24,2026-04-08T21:07:24,MOBILE,EMAIL
SESSION_000001796,CUSTOMER_000000796,2026-04-12T19:15:11,2026-04-12T19:42:11,MOBILE,REFERRAL
SESSION_000001797,CUSTOMER_000000797,2026-11-14T18:43:46,2026-11-14T19:34:46,MOBILE,ORGANIC
SESSION_000001798,CUSTOMER_000000798,2026-01-26T06:41:06,2026-01-26T07:49:06,MOBILE,ORGANIC
SESSION_000001799,CUSTOMER_000000799,2026-03-27T05:46:15,2026-03-27T07:37:15,MOBILE,PAID_SEARCH
SESSION_000001800,CUSTOMER_000000800,2026-05-31T23:14:43,2026-06-01T00:39:43,DESKTOP,PAID_SEARCH
SESSION_000001801,CUSTOMER_000000801,2026-12-03T21:53:24,2026-12-03T23:40:24,MOBILE,DIRECT
SESSION_000001802,CUSTOMER_000000802,2026-11-02T06:12:32,2026-11-02T06:19:32,MOBILE,SOCIAL
SESSION_000001803,CUSTOMER_000000803,2026-07-19T03:27:27,2026-07-19T04:05:27,MOBILE,SOCIAL
SESSION_000001804,CUSTOMER_000000804,2026-06-21T18:10:59,2026-06-21T18:55:59,DESKTOP,REFERRAL
SESSION_000001805,CUSTOMER_000000805,2026-01-12T23:40:57,2026-01-13T00:20:57,DESKTOP,EMAIL
SESSION_000001806,CUSTOMER_000000806,2026-10-18T12:59:58,2026-10-18T13:01:58,MOBILE,DIRECT
SESSION_000001807,CUSTOMER_000000807,2026-02-13T02:25:36,2026-02-13T02:43:36,DESKTOP,PAID_SEARCH
SESSION_000001808,CUSTOMER_000000808,2026-10-14T09:33:40,2026-10-14T09:56:40,DESKTOP,PAID_SEARCH
SESSION_000001809,CUSTOMER_000000809,2026-10-23T17:39:22,2026-10-23T19:26:22,MOBILE,PAID_SEARCH
SESSION_000001810,CUSTOMER_000000810,2026-01-26T14:51:05,2026-01-26T15:02:05,DESKTOP,EMAIL
SESSION_000001811,CUSTOMER_000000811,2026-04-23T18:42:34,2026-04-23T18:50:34,MOBILE,SOCIAL
SESSION_000001812,CUSTOMER_000000812,2026-02-25T14:31:17,2026-02-25T14:40:17,DESKTOP,ORGANIC
SESSION_000001813,CUSTOMER_000000813,2026-03-26T23:18:31,2026-03-27T00:42:31,MOBILE,ORGANIC
SESSION_000001814,CUSTOMER_000000814,2026-05-17T04:49:05,2026-05-17T06:39:05,MOBILE,PAID_SEARCH
SESSION_000001815,CUSTOMER_000000815,2026-12-11T07:22:49,2026-12-11T08:32:49,MOBILE,ORGANIC
SESSION_000001816,CUSTOMER_000000816,2026-01-12T18:52:45,2026-01-12T20:04:45,MOBILE,EMAIL
SESSION_000001817,CUSTOMER_000000817,2026-04-21T23:09:22,2026-04-22T00:47:22,MOBILE,PAID_SEARCH
SESSION_000001818,CUSTOMER_000000818,2026-12-09T10:05:21,2026-12-09T11:27:21,MOBILE,REFERRAL
SESSION_000001819,CUSTOMER_000000819,2026-10-02T20:32:01,2026-10-02T22:03:01,MOBILE,ORGANIC
SESSION_000001820,CUSTOMER_000000820,2026-02-11T17:16:06,2026-02-11T17:51:06,MOBILE,PAID_SEARCH
SESSION_000001821,CUSTOMER_000000821,2026-03-16T20:36:17,2026-03-16T22:05:17,MOBILE,DIRECT
SESSION_000001822,CUSTOMER_000000822,2026-03-04T01:48:53,2026-03-04T03:03:53,MOBILE,DIRECT
SESSION_000001823,CUSTOMER_000000823,2026-11-29T22:17:40,2026-11-29T22:38:40,MOBILE,SOCIAL
SESSION_000001824,CUSTOMER_000000824,2026-05-11T02:58:41,2026-05-11T04:30:41,MOBILE,EMAIL
SESSION_000001825,CUSTOMER_000000825,2026-05-11T00:40:07,2026-05-11T02:30:07,MOBILE,PAID_SEARCH
SESSION_000001826,CUSTOMER_000000826,2026-02-17T19:12:08,2026-02-17T20:06:08,MOBILE,SOCIAL
SESSION_000001827,CUSTOMER_000000827,2026-10-23T13:50:59,2026-10-23T14:28:59,MOBILE,PAID_SEARCH
SESSION_000001828,CUSTOMER_000000828,2026-03-02T02:41:42,2026-03-02T04:40:42,MOBILE,PAID_SEARCH
SESSION_000001829,CUSTOMER_000000829,2026-08-03T21:21:37,2026-08-03T21:24:37,MOBILE,ORGANIC
SESSION_000001830,CUSTOMER_000000830,2026-01-05T20:52:13,2026-01-05T22:22:13,MOBILE,SOCIAL
SESSION_000001831,CUSTOMER_000000831,2026-04-07T18:23:28,2026-04-07T20:08:28,MOBILE,PAID_SEARCH
SESSION_000001832,CUSTOMER_000000832,2026-12-16T22:02:16,2026-12-16T22:15:16,MOBILE,SOCIAL
SESSION_000001833,CUSTOMER_000000833,2026-05-25T10:19:51,2026-05-25T12:08:51,TABLET,EMAIL
SESSION_000001834,CUSTOMER_000000834,2026-01-09T05:24:52,2026-01-09T05:33:52,MOBILE,PAID_SEARCH
SESSION_000001835,CUSTOMER_000000835,2026-06-21T03:12:35,2026-06-21T04:14:35,MOBILE,EMAIL
SESSION_000001836,CUSTOMER_000000836,2026-03-17T18:53:02,2026-03-17T20:20:02,MOBILE,ORGANIC
SESSION_000001837,CUSTOMER_000000837,2026-11-25T14:25:38,2026-11-25T15:50:38,MOBILE,DIRECT
SESSION_000001838,CUSTOMER_000000838,2026-03-28T18:00:29,2026-03-28T18:50:29,MOBILE,SOCIAL
SESSION_000001839,CUSTOMER_000000839,2026-05-10T07:05:03,2026-05-10T08:02:03,MOBILE,SOCIAL
SESSION_000001840,CUSTOMER_000000840,2026-12-27T18:18:52,2026-12-27T18:51:52,DESKTOP,DIRECT
SESSION_000001841,CUSTOMER_000000841,2026-11-08T01:51:08,2026-11-08T03:42:08,MOBILE,PAID_SEARCH
SESSION_000001842,CUSTOMER_000000842,2026-09-15T22:17:07,2026-09-15T23:02:07,MOBILE,EMAIL
SESSION_000001843,CUSTOMER_000000843,2026-06-15T22:13:13,2026-06-16T00:07:13,DESKTOP,DIRECT
SESSION_000001844,CUSTOMER_000000844,2026-10-18T11:20:07,2026-10-18T12:19:07,MOBILE,ORGANIC
SESSION_000001845,CUSTOMER_000000845,2026-05-16T19:02:07,2026-05-16T19:21:07,DESKTOP,DIRECT
SESSION_000001846,CUSTOMER_000000846,2026-02-12T17:18,2026-02-12T18:18,MOBILE,DIRECT
SESSION_000001847,CUSTOMER_000000847,2026-05-31T11:57:08,2026-05-31T13:32:08,MOBILE,SOCIAL
SESSION_000001848,CUSTOMER_000000848,2026-01-11T09:14:24,2026-01-11T09:34:24,TABLET,ORGANIC
SESSION_000001849,CUSTOMER_000000849,2026-09-12T10:35:58,2026-09-12T11:45:58,DESKTOP,PAID_SEARCH
SESSION_000001850,CUSTOMER_000000850,2026-10-08T13:43:29,2026-10-08T14:16:29,DESKTOP,DIRECT
SESSION_000001851,CUSTOMER_000000851,2026-05-11T15:49:17,2026-05-11T16:51:17,DESKTOP,PAID_SEARCH
SESSION_000001852,CUSTOMER_000000852,2026-07-23T17:28:51,2026-07-23T17:34:51,MOBILE,DIRECT
SESSION_000001853,CUSTOMER_000000853,2026-07-02T20:09:29,2026-07-02T20:45:29,MOBILE,ORGANIC
SESSION_000001854,CUSTOMER_000000854,2026-06-07T14:22:58,2026-06-07T16:14:58,MOBILE,ORGANIC
SESSION_000001855,CUSTOMER_000000855,2026-05-05T07:21:27,2026-05-05T08:14:27,MOBILE,ORGANIC
SESSION_000001856,CUSTOMER_000000856,2026-04-03T22:39:38,2026-04-03T23:26:38,MOBILE,DIRECT
SESSION_000001857,CUSTOMER_000000857,2026-12-16T16:11:28,2026-12-16T18:04:28,MOBILE,PAID_SEARCH
SESSION_000001858,CUSTOMER_000000858,2026-03-25T20:07:20,2026-03-25T20:40:20,MOBILE,SOCIAL
SESSION_000001859,CUSTOMER_000000859,2026-11-20T18:02:22,2026-11-20T19:25:22,MOBILE,ORGANIC
SESSION_000001860,CUSTOMER_000000860,2026-08-09T22:22:01,2026-08-09T23:59:01,MOBILE,ORGANIC
SESSION_000001861,CUSTOMER_000000861,2026-04-23T09:45:51,2026-04-23T10:25:51,MOBILE,SOCIAL
SESSION_000001862,CUSTOMER_000000862,2026-01-20T04:01:24,2026-01-20T04:11:24,MOBILE,ORGANIC
SESSION_000001863,CUSTOMER_000000863,2026-04-28T09:53:34,2026-04-28T10:20:34,MOBILE,PAID_SEARCH
SESSION_000001864,CUSTOMER_000000864,2026-10-14T16:48:29,2026-10-14T17:12:29,DESKTOP,REFERRAL
SESSION_000001865,CUSTOMER_000000865,2026-12-29T12:12:55,2026-12-29T12:42:55,MOBILE,PAID_SEARCH
SESSION_000001866,CUSTOMER_000000866,2026-06-25T11:15:05,2026-06-25T11:25:05,MOBILE,EMAIL
SESSION_000001867,CUSTOMER_000000867,2026-07-24T13:21:19,2026-07-24T14:25:19,DESKTOP,ORGANIC
SESSION_000001868,CUSTOMER_000000868,2026-12-25T00:08:30,2026-12-25T00:52:30,DESKTOP,EMAIL
SESSION_000001869,CUSTOMER_000000869,2026-05-22T13:39:48,2026-05-22T15:09:48,MOBILE,ORGANIC
SESSION_000001870,CUSTOMER_000000870,2026-10-25T21:58:11,2026-10-25T23:20:11,MOBILE,ORGANIC
SESSION_000001871,CUSTOMER_000000871,2026-12-09T09:49:20,2026-12-09T11:42:20,DESKTOP,SOCIAL
SESSION_000001872,CUSTOMER_000000872,2026-10-29T07:21:54,2026-10-29T09:15:54,MOBILE,ORGANIC
SESSION_000001873,CUSTOMER_000000873,2026-10-02T23:30:09,2026-10-02T23:42:09,TABLET,PAID_SEARCH
SESSION_000001874,CUSTOMER_000000874,2026-01-29T08:29:14,2026-01-29T08:51:14,MOBILE,SOCIAL
SESSION_000001875,CUSTOMER_000000875,2026-07-10T17:29:44,2026-07-10T18:14:44,MOBILE,ORGANIC
SESSION_000001876,CUSTOMER_000000876,2026-07-14T09:43:39,2026-07-14T10:45:39,MOBILE,DIRECT
SESSION_000001877,CUSTOMER_000000877,2026-09-19T02:25:36,2026-09-19T03:42:36,MOBILE,REFERRAL
SESSION_000001878,CUSTOMER_000000878,2026-02-21T22:13:56,2026-02-21T23:41:56,DESKTOP,ORGANIC
SESSION_000001879,CUSTOMER_000000879,2026-04-04T08:19:52,2026-04-04T10:01:52,MOBILE,ORGANIC
SESSION_000001880,CUSTOMER_000000880,2026-11-18T12:45:01,2026-11-18T14:22:01,MOBILE,ORGANIC
SESSION_000001881,CUSTOMER_000000881,2026-08-20T13:38:18,2026-08-20T15:06:18,MOBILE,EMAIL
SESSION_000001882,CUSTOMER_000000882,2026-04-16T13:35:29,2026-04-16T13:52:29,MOBILE,ORGANIC
SESSION_000001883,CUSTOMER_000000883,2026-11-20T16:57:47,2026-11-20T18:35:47,MOBILE,SOCIAL
SESSION_000001884,CUSTOMER_000000884,2026-01-02T01:01:02,2026-01-02T02:31:02,MOBILE,SOCIAL
SESSION_000001885,CUSTOMER_000000885,2026-05-11T06:26:35,2026-05-11T07:42:35,MOBILE,ORGANIC
SESSION_000001886,CUSTOMER_000000886,2026-11-15T20:29:12,2026-11-15T21:39:12,MOBILE,ORGANIC
SESSION_000001887,CUSTOMER_000000887,2026-03-12T09:23:46,2026-03-12T10:42:46,DESKTOP,ORGANIC
SESSION_000001888,CUSTOMER_000000888,2026-03-07T20:37:19,2026-03-07T22:18:19,MOBILE,ORGANIC
SESSION_000001889,CUSTOMER_000000889,2026-12-14T00:11:22,2026-12-14T00:31:22,MOBILE,ORGANIC
SESSION_000001890,CUSTOMER_000000890,2026-05-09T11:47:34,2026-05-09T12:08:34,MOBILE,PAID_SEARCH
SESSION_000001891,CUSTOMER_000000891,2026-04-21T02:28:38,2026-04-21T03:53:38,TABLET,ORGANIC
SESSION_000001892,CUSTOMER_000000892,2026-08-21T06:22:39,2026-08-21T08:15:39,MOBILE,SOCIAL
SESSION_000001893,CUSTOMER_000000893,2026-03-25T11:41:31,2026-03-25T12:53:31,MOBILE,SOCIAL
SESSION_000001894,CUSTOMER_000000894,2026-07-08T08:27:24,2026-07-08T10:12:24,MOBILE,SOCIAL
SESSION_000001895,CUSTOMER_000000895,2026-05-07T00:53:52,2026-05-07T02:17:52,DESKTOP,PAID_SEARCH
SESSION_000001896,CUSTOMER_000000896,2026-05-07T18:02:22,2026-05-07T19:17:22,MOBILE,EMAIL
SESSION_000001897,CUSTOMER_000000897,2026-02-25T01:03:42,2026-02-25T02:45:42,MOBILE,EMAIL
SESSION_000001898,CUSTOMER_000000898,2026-02-16T10:13:03,2026-02-16T11:41:03,DESKTOP,PAID_SEARCH
SESSION_000001899,CUSTOMER_000000899,2026-09-22T05:59:51,2026-09-22T06:41:51,MOBILE,ORGANIC
SESSION_000001900,CUSTOMER_000000900,2026-06-08T11:00:49,2026-06-08T11:21:49,DESKTOP,ORGANIC
SESSION_000001901,CUSTOMER_000000901,2026-08-17T17:10:42,2026-08-17T18:52:42,MOBILE,ORGANIC
SESSION_000001902,CUSTOMER_000000902,2026-05-08T02:06:48,2026-05-08T02:58:48,MOBILE,DIRECT
SESSION_000001903,CUSTOMER_000000903,2026-09-10T04:24:32,2026-09-10T04:57:32,MOBILE,EMAIL
SESSION_000001904,CUSTOMER_000000904,2026-07-03T21:53:25,2026-07-03T22:02:25,MOBILE,ORGANIC
SESSION_000001905,CUSTOMER_000000905,2026-11-08T10:17:25,2026-11-08T11:21:25,MOBILE,SOCIAL
SESSION_000001906,CUSTOMER_000000906,2026-01-11T17:02:06,2026-01-11T18:13:06,TABLET,ORGANIC
SESSION_000001907,CUSTOMER_000000907,2026-05-14T05:56,2026-05-14T07:54,TABLET,EMAIL
SESSION_000001908,CUSTOMER_000000908,2026-08-26T17:19:54,2026-08-26T18:57:54,MOBILE,REFERRAL
SESSION_000001909,CUSTOMER_000000909,2026-01-05T05:06:10,2026-01-05T06:27:10,MOBILE,ORGANIC
SESSION_000001910,CUSTOMER_000000910,2026-09-09T17:18:44,2026-09-09T18:42:44,TABLET,ORGANIC
SESSION_000001911,CUSTOMER_000000911,2026-12-07T00:42:37,2026-12-07T01:07:37,MOBILE,DIRECT
SESSION_000001912,CUSTOMER_000000912,2026-10-22T00:57:21,2026-10-22T01:53:21,DESKTOP,EMAIL
SESSION_000001913,CUSTOMER_000000913,2026-05-22T19:05:21,2026-05-22T20:34:21,MOBILE,SOCIAL
SESSION_000001914,CUSTOMER_000000914,2026-03-06T13:28:56,2026-03-06T15:00:56,MOBILE,ORGANIC
SESSION_000001915,CUSTOMER_000000915,2026-03-06T18:56:52,2026-03-06T20:14:52,DESKTOP,PAID_SEARCH
SESSION_000001916,CUSTOMER_000000916,2026-07-10T13:48:59,2026-07-10T14:49:59,DESKTOP,ORGANIC
SESSION_000001917,CUSTOMER_000000917,2026-11-17T07:02:17,2026-11-17T08:47:17,MOBILE,PAID_SEARCH
SESSION_000001918,CUSTOMER_000000918,2026-06-02T20:03:47,2026-06-02T20:57:47,MOBILE,EMAIL
SESSION_000001919,CUSTOMER_000000919,2026-03-18T07:12:16,2026-03-18T08:45:16,DESKTOP,REFERRAL
SESSION_000001920,CUSTOMER_000000920,2026-11-29T01:09:27,2026-11-29T01:53:27,MOBILE,ORGANIC
SESSION_000001921,CUSTOMER_000000921,2026-03-10T09:31:47,2026-03-10T11:21:47,MOBILE,DIRECT
SESSION_000001922,CUSTOMER_000000922,2026-08-20T06:34:54,2026-08-20T07:04:54,DESKTOP,SOCIAL
SESSION_000001923,CUSTOMER_000000923,2026-05-19T11:51:42,2026-05-19T12:51:42,DESKTOP,PAID_SEARCH
SESSION_000001924,CUSTOMER_000000924,2026-04-17T11:17:05,2026-04-17T12:56:05,MOBILE,ORGANIC
SESSION_000001925,CUSTOMER_000000925,2026-02-12T00:09:32,2026-02-12T01:58:32,MOBILE,REFERRAL
SESSION_000001926,CUSTOMER_000000926,2026-05-19T14:40:53,2026-05-19T16:16:53,MOBILE,SOCIAL
SESSION_000001927,CUSTOMER_000000927,2026-08-21T16:03:39,2026-08-21T17:13:39,MOBILE,EMAIL
SESSION_000001928,CUSTOMER_000000928,2026-03-09T20:39:32,2026-03-09T22:28:32,DESKTOP,ORGANIC
SESSION_000001929,CUSTOMER_000000929,2026-03-08T09:52:13,2026-03-08T10:11:13,MOBILE,ORGANIC
SESSION_000001930,CUSTOMER_000000930,2026-12-21T19:20:15,2026-12-21T21:17:15,MOBILE,PAID_SEARCH
SESSION_000001931,CUSTOMER_000000931,2026-02-24T21:43:02,2026-02-24T22:28:02,MOBILE,SOCIAL
SESSION_000001932,CUSTOMER_000000932,2026-04-22T01:43:27,2026-04-22T03:06:27,MOBILE,SOCIAL
SESSION_000001933,CUSTOMER_000000933,2026-08-11T15:09:10,2026-08-11T16:07:10,MOBILE,ORGANIC
SESSION_000001934,CUSTOMER_000000934,2026-12-23T12:57:24,2026-12-23T14:36:24,MOBILE,REFERRAL
SESSION_000001935,CUSTOMER_000000935,2026-04-21T15:15:24,2026-04-21T17:15:24,TABLET,SOCIAL
SESSION_000001936,CUSTOMER_000000936,2026-06-13T09:54:46,2026-06-13T11:40:46,MOBILE,ORGANIC
SESSION_000001937,CUSTOMER_000000937,2026-12-07T14:22:09,2026-12-07T15:37:09,DESKTOP,EMAIL
SESSION_000001938,CUSTOMER_000000938,2026-10-06T05:20:55,2026-10-06T07:20:55,MOBILE,ORGANIC
SESSION_000001939,CUSTOMER_000000939,2026-10-13T01:11:53,2026-10-13T01:31:53,MOBILE,ORGANIC
SESSION_000001940,CUSTOMER_000000940,2026-06-19T18:44:20,2026-06-19T20:09:20,MOBILE,ORGANIC
SESSION_000001941,CUSTOMER_000000941,2026-10-27T00:17:01,2026-10-27T00:59:01,MOBILE,SOCIAL
SESSION_000001942,CUSTOMER_000000942,2026-03-16T17:11:11,2026-03-16T18:24:11,MOBILE,ORGANIC
SESSION_000001943,CUSTOMER_000000943,2026-02-05T01:03:08,2026-02-05T02:03:08,MOBILE,EMAIL
SESSION_000001944,CUSTOMER_000000944,2026-04-03T22:48:56,2026-04-03T23:57:56,MOBILE,SOCIAL
SESSION_000001945,CUSTOMER_000000945,2026-07-30T03:36:25,2026-07-30T05:34:25,DESKTOP,DIRECT
SESSION_000001946,CUSTOMER_000000946,2026-04-19T00:44:06,2026-04-19T02:16:06,DESKTOP,PAID_SEARCH
SESSION_000001947,CUSTOMER_000000947,2026-05-01T01:44:02,2026-05-01T03:38:02,DESKTOP,ORGANIC
SESSION_000001948,CUSTOMER_000000948,2026-07-02T23:14:18,2026-07-03T00:40:18,DESKTOP,ORGANIC
SESSION_000001949,CUSTOMER_000000949,2026-10-05T09:39:57,2026-10-05T09:45:57,MOBILE,EMAIL
SESSION_000001950,CUSTOMER_000000950,2026-08-23T08:27:52,2026-08-23T08:37:52,MOBILE,DIRECT
SESSION_000001951,CUSTOMER_000000951,2026-08-02T19:31:48,2026-08-02T20:44:48,MOBILE,SOCIAL
SESSION_000001952,CUSTOMER_000000952,2026-08-25T01:38:42,2026-08-25T02:42:42,MOBILE,EMAIL
SESSION_000001953,CUSTOMER_000000953,2026-07-24T07:45:40,2026-07-24T07:50:40,DESKTOP,DIRECT
SESSION_000001954,CUSTOMER_000000954,2026-11-09T18:38:40,2026-11-09T18:42:40,MOBILE,ORGANIC
SESSION_000001955,CUSTOMER_000000955,2026-08-31T09:31:11,2026-08-31T09:42:11,MOBILE,ORGANIC
SESSION_000001956,CUSTOMER_000000956,2026-06-16T16:35:53,2026-06-16T17:52:53,TABLET,ORGANIC
SESSION_000001957,CUSTOMER_000000957,2026-09-27T08:23:52,2026-09-27T10:11:52,MOBILE,EMAIL
SESSION_000001958,CUSTOMER_000000958,2026-05-08T19:27:38,2026-05-08T19:43:38,MOBILE,DIRECT
SESSION_000001959,CUSTOMER_000000959,2026-06-10T02:11:55,2026-06-10T04:06:55,MOBILE,ORGANIC
SESSION_000001960,CUSTOMER_000000960,2026-12-18T21:52:27,2026-12-18T22:46:27,MOBILE,EMAIL
SESSION_000001961,CUSTOMER_000000961,2026-12-07T01:40:10,2026-12-07T02:43:10,MOBILE,SOCIAL
SESSION_000001962,CUSTOMER_000000962,2026-05-18T12:10:08,2026-05-18T12:27:08,DESKTOP,ORGANIC
SESSION_000001963,CUSTOMER_000000963,2026-01-14T13:54:23,2026-01-14T14:20:23,MOBILE,ORGANIC
SESSION_000001964,CUSTOMER_000000964,2026-10-25T13:05:45,2026-10-25T14:03:45,MOBILE,ORGANIC
SESSION_000001965,CUSTOMER_000000965,2026-07-30T09:10:44,2026-07-30T10:23:44,DESKTOP,SOCIAL
SESSION_000001966,CUSTOMER_000000966,2026-04-26T07:17:01,2026-04-26T07:32:01,MOBILE,SOCIAL
SESSION_000001967,CUSTOMER_000000967,2026-09-22T23:38:40,2026-09-23T00:18:40,MOBILE,EMAIL
SESSION_000001968,CUSTOMER_000000968,2026-06-14T12:19:10,2026-06-14T12:38:10,MOBILE,ORGANIC
SESSION_000001969,CUSTOMER_000000969,2026-07-22T05:33:06,2026-07-22T06:26:06,MOBILE,PAID_SEARCH
SESSION_000001970,CUSTOMER_000000970,2026-08-20T16:24:48,2026-08-20T18:09:48,MOBILE,PAID_SEARCH
SESSION_000001971,CUSTOMER_000000971,2026-09-11T08:07:21,2026-09-11T08:50:21,MOBILE,PAID_SEARCH
SESSION_000001972,CUSTOMER_000000972,2026-05-08T05:24:07,2026-05-08T05:59:07,MOBILE,ORGANIC
SESSION_000001973,CUSTOMER_000000973,2026-02-19T07:29:15,2026-02-19T07:59:15,MOBILE,PAID_SEARCH
SESSION_000001974,CUSTOMER_000000974,2026-04-03T07:38:39,2026-04-03T08:34:39,MOBILE,EMAIL
SESSION_000001975,CUSTOMER_000000975,2026-02-19T17:12:26,2026-02-19T17:39:26,DESKTOP,DIRECT
SESSION_000001976,CUSTOMER_000000976,2026-11-07T16:33:23,2026-11-07T18:00:23,MOBILE,ORGANIC
SESSION_000001977,CUSTOMER_000000977,2026-07-23T03:09:10,2026-07-23T04:54:10,MOBILE,PAID_SEARCH
SESSION_000001978,CUSTOMER_000000978,2026-09-11T16:02:27,2026-09-11T17:30:27,DESKTOP,REFERRAL
SESSION_000001979,CUSTOMER_000000979,2026-08-10T11:10:02,2026-08-10T11:56:02,MOBILE,PAID_SEARCH
SESSION_000001980,CUSTOMER_000000980,2026-03-12T09:32:17,2026-03-12T10:25:17,MOBILE,ORGANIC
SESSION_000001981,CUSTOMER_000000981,2026-04-30T03:48:44,2026-04-30T05:20:44,MOBILE,PAID_SEARCH
SESSION_000001982,CUSTOMER_000000982,2026-06-16T04:05:03,2026-06-16T05:47:03,DESKTOP,ORGANIC
SESSION_000001983,CUSTOMER_000000983,2026-01-16T00:40:12,2026-01-16T02:29:12,MOBILE,DIRECT
SESSION_000001984,CUSTOMER_000000984,2026-07-10T13:12:31,2026-07-10T13:47:31,MOBILE,EMAIL
SESSION_000001985,CUSTOMER_000000985,2026-02-23T20:02:45,2026-02-23T20:14:45,MOBILE,PAID_SEARCH
SESSION_000001986,CUSTOMER_000000986,2026-03-24T12:39:15,2026-03-24T14:20:15,MOBILE,ORGANIC
SESSION_000001987,CUSTOMER_000000987,2026-02-09T14:50,2026-02-09T16:26,MOBILE,EMAIL
SESSION_000001988,CUSTOMER_000000988,2026-09-17T11:49:59,2026-09-17T13:40:59,DESKTOP,SOCIAL
SESSION_000001989,CUSTOMER_000000989,2026-01-23T02:18:32,2026-01-23T04:01:32,MOBILE,DIRECT
SESSION_000001990,CUSTOMER_000000990,2026-04-12T10:52:54,2026-04-12T11:50:54,DESKTOP,PAID_SEARCH
SESSION_000001991,CUSTOMER_000000991,2026-01-22T01:39:01,2026-01-22T01:46:01,MOBILE,DIRECT
SESSION_000001992,CUSTOMER_000000992,2026-07-13T14:16:19,2026-07-13T14:49:19,MOBILE,REFERRAL
SESSION_000001993,CUSTOMER_000000993,2026-11-04T03:35:01,2026-11-04T03:39:01,MOBILE,ORGANIC
SESSION_000001994,CUSTOMER_000000994,2026-11-22T19:11:57,2026-11-22T20:43:57,MOBILE,ORGANIC
SESSION_000001995,CUSTOMER_000000995,2026-09-10T15:02:41,2026-09-10T15:07:41,MOBILE,EMAIL
SESSION_000001996,CUSTOMER_000000996,2026-03-17T13:25:07,2026-03-17T14:49:07,MOBILE,SOCIAL
SESSION_000001997,CUSTOMER_000000997,2026-10-14T04:02:16,2026-10-14T04:56:16,MOBILE,ORGANIC
SESSION_000001998,CUSTOMER_000000998,2026-01-11T21:57:16,2026-01-11T22:47:16,DESKTOP,PAID_SEARCH
SESSION_000001999,CUSTOMER_000000999,2026-12-02T22:18:56,2026-12-02T23:32:56,MOBILE,SOCIAL
SESSION_000002000,CUSTOMER_000001000,2026-11-30T20:17:20,2026-11-30T21:53:20,MOBILE,ORGANIC
SESSION_000002001,CUSTOMER_000000001,2026-10-07T13:21:30,2026-10-07T14:27:30,DESKTOP,EMAIL
SESSION_000002002,CUSTOMER_000000002,2026-07-29T07:44:41,2026-07-29T09:06:41,MOBILE,ORGANIC
SESSION_000002003,CUSTOMER_000000003,2026-08-04T19:41:58,2026-08-04T20:40:58,DESKTOP,PAID_SEARCH
SESSION_000002004,CUSTOMER_000000004,2026-03-02T11:55:51,2026-03-02T12:18:51,MOBILE,PAID_SEARCH
SESSION_000002005,CUSTOMER_000000005,2026-06-20T06:15:11,2026-06-20T07:05:11,MOBILE,ORGANIC
SESSION_000002006,CUSTOMER_000000006,2026-05-02T07:24:29,2026-05-02T07:47:29,MOBILE,SOCIAL
SESSION_000002007,CUSTOMER_000000007,2026-04-10T17:36:51,2026-04-10T18:53:51,MOBILE,DIRECT
SESSION_000002008,CUSTOMER_000000008,2026-03-16T23:26:39,2026-03-16T23:31:39,MOBILE,REFERRAL
SESSION_000002009,CUSTOMER_000000009,2026-10-17T22:05:26,2026-10-17T22:57:26,MOBILE,ORGANIC
SESSION_000002010,CUSTOMER_000000010,2026-10-23T22:13:08,2026-10-23T22:37:08,MOBILE,ORGANIC
SESSION_000002011,CUSTOMER_000000011,2026-08-28T05:28,2026-08-28T05:45,DESKTOP,PAID_SEARCH
SESSION_000002012,CUSTOMER_000000012,2026-03-31T09:41:23,2026-03-31T11:08:23,MOBILE,DIRECT
SESSION_000002013,CUSTOMER_000000013,2026-06-03T20:07:06,2026-06-03T21:59:06,MOBILE,ORGANIC
SESSION_000002014,CUSTOMER_000000014,2026-08-15T22:18:17,2026-08-15T22:51:17,MOBILE,ORGANIC
SESSION_000002015,CUSTOMER_000000015,2026-01-30T00:57:13,2026-01-30T02:40:13,MOBILE,EMAIL
SESSION_000002016,CUSTOMER_000000016,2026-08-13T05:17:09,2026-08-13T05:21:09,MOBILE,PAID_SEARCH
SESSION_000002017,CUSTOMER_000000017,2026-10-03T23:16:06,2026-10-03T23:43:06,MOBILE,PAID_SEARCH
SESSION_000002018,CUSTOMER_000000018,2026-09-04T14:05:29,2026-09-04T15:41:29,DESKTOP,DIRECT
SESSION_000002019,CUSTOMER_000000019,2026-04-09T03:20:20,2026-04-09T05:08:20,MOBILE,PAID_SEARCH
SESSION_000002020,CUSTOMER_000000020,2026-11-29T07:44:10,2026-11-29T09:00:10,TABLET,REFERRAL
SESSION_000002021,CUSTOMER_000000021,2026-11-11T02:54:47,2026-11-11T03:37:47,MOBILE,ORGANIC
SESSION_000002022,CUSTOMER_000000022,2026-04-08T13:01:03,2026-04-08T14:14:03,MOBILE,ORGANIC
SESSION_000002023,CUSTOMER_000000023,2026-02-13T13:50:46,2026-02-13T14:15:46,MOBILE,ORGANIC
SESSION_000002024,CUSTOMER_000000024,2026-05-27T13:17:24,2026-05-27T13:58:24,MOBILE,DIRECT
SESSION_000002025,CUSTOMER_000000025,2026-07-02T00:36:59,2026-07-02T01:59:59,MOBILE,PAID_SEARCH
SESSION_000002026,CUSTOMER_000000026,2026-02-27T11:06:19,2026-02-27T12:23:19,MOBILE,DIRECT
SESSION_000002027,CUSTOMER_000000027,2026-04-25T11:29:06,2026-04-25T12:58:06,DESKTOP,ORGANIC
SESSION_000002028,CUSTOMER_000000028,2026-03-28T07:50:19,2026-03-28T09:07:19,MOBILE,SOCIAL
SESSION_000002029,CUSTOMER_000000029,2026-04-08T14:13:22,2026-04-08T14:29:22,MOBILE,DIRECT
SESSION_000002030,CUSTOMER_000000030,2026-12-27T08:16:03,2026-12-27T08:56:03,MOBILE,REFERRAL
SESSION_000002031,CUSTOMER_000000031,2026-10-03T14:44:03,2026-10-03T14:54:03,MOBILE,ORGANIC
SESSION_000002032,CUSTOMER_000000032,2026-05-30T19:15:27,2026-05-30T19:18:27,DESKTOP,ORGANIC
SESSION_000002033,CUSTOMER_000000033,2026-12-10T00:56:39,2026-12-10T01:47:39,MOBILE,SOCIAL
SESSION_000002034,CUSTOMER_000000034,2026-03-19T15:07:47,2026-03-19T16:45:47,MOBILE,PAID_SEARCH
SESSION_000002035,CUSTOMER_000000035,2026-03-09T17:16:08,2026-03-09T19:08:08,TABLET,REFERRAL
SESSION_000002036,CUSTOMER_000000036,2026-05-20T00:10:10,2026-05-20T01:47:10,MOBILE,ORGANIC
SESSION_000002037,CUSTOMER_000000037,2026-12-03T05:12:56,2026-12-03T06:39:56,MOBILE,ORGANIC
SESSION_000002038,CUSTOMER_000000038,2026-06-19T06:03:06,2026-06-19T07:14:06,MOBILE,SOCIAL
SESSION_000002039,CUSTOMER_000000039,2026-01-27T18:24:25,2026-01-27T19:38:25,MOBILE,PAID_SEARCH
SESSION_000002040,CUSTOMER_000000040,2026-01-11T21:49:55,2026-01-11T23:47:55,TABLET,PAID_SEARCH
SESSION_000002041,CUSTOMER_000000041,2026-04-20T15:27:35,2026-04-20T15:31:35,DESKTOP,PAID_SEARCH
SESSION_000002042,CUSTOMER_000000042,2026-01-28T08:28:11,2026-01-28T09:35:11,DESKTOP,EMAIL
SESSION_000002043,CUSTOMER_000000043,2026-03-30T05:04:39,2026-03-30T05:42:39,MOBILE,ORGANIC
SESSION_000002044,CUSTOMER_000000044,2026-10-08T19:50:34,2026-10-08T19:56:34,MOBILE,DIRECT
SESSION_000002045,CUSTOMER_000000045,2026-10-13T09:31:34,2026-10-13T10:09:34,DESKTOP,DIRECT
SESSION_000002046,CUSTOMER_000000046,2026-02-03T22:28:05,2026-02-03T23:53:05,MOBILE,ORGANIC
SESSION_000002047,CUSTOMER_000000047,2026-01-29T12:11:34,2026-01-29T13:06:34,MOBILE,ORGANIC
SESSION_000002048,CUSTOMER_000000048,2026-01-26T13:08:47,2026-01-26T13:55:47,DESKTOP,ORGANIC
SESSION_000002049,CUSTOMER_000000049,2026-04-26T12:43:44,2026-04-26T14:19:44,MOBILE,ORGANIC
SESSION_000002050,CUSTOMER_000000050,2026-01-09T21:04:29,2026-01-09T21:49:29,MOBILE,SOCIAL
SESSION_000002051,CUSTOMER_000000051,2026-05-12T22:32:19,2026-05-12T23:34:19,MOBILE,EMAIL
SESSION_000002052,CUSTOMER_000000052,2026-02-06T23:58:35,2026-02-07T00:31:35,MOBILE,ORGANIC
SESSION_000002053,CUSTOMER_000000053,2026-07-02T03:34:56,2026-07-02T05:15:56,DESKTOP,ORGANIC
SESSION_000002054,CUSTOMER_000000054,2026-07-09T23:15:47,2026-07-09T23:20:47,DESKTOP,PAID_SEARCH
SESSION_000002055,CUSTOMER_000000055,2026-02-09T05:28:55,2026-02-09T06:50:55,MOBILE,PAID_SEARCH
SESSION_000002056,CUSTOMER_000000056,2026-06-02T08:52:53,2026-06-02T09:13:53,DESKTOP,ORGANIC
SESSION_000002057,CUSTOMER_000000057,2026-01-17T17:41:25,2026-01-17T17:57:25,MOBILE,REFERRAL
SESSION_000002058,CUSTOMER_000000058,2026-12-21T19:45:14,2026-12-21T20:24:14,MOBILE,ORGANIC
SESSION_000002059,CUSTOMER_000000059,2026-03-18T01:52:31,2026-03-18T03:26:31,MOBILE,REFERRAL
SESSION_000002060,CUSTOMER_000000060,2026-10-22T14:10:38,2026-10-22T14:47:38,MOBILE,SOCIAL
SESSION_000002061,CUSTOMER_000000061,2026-07-24T03:43:05,2026-07-24T04:54:05,MOBILE,EMAIL
SESSION_000002062,CUSTOMER_000000062,2026-08-13T02:46:40,2026-08-13T03:50:40,MOBILE,DIRECT
SESSION_000002063,CUSTOMER_000000063,2026-11-27T09:16:22,2026-11-27T09:51:22,DESKTOP,REFERRAL
SESSION_000002064,CUSTOMER_000000064,2026-03-30T02:55:03,2026-03-30T03:10:03,MOBILE,ORGANIC
SESSION_000002065,CUSTOMER_000000065,2026-02-09T21:38:19,2026-02-09T22:07:19,DESKTOP,DIRECT
SESSION_000002066,CUSTOMER_000000066,2026-12-30T09:12:49,2026-12-30T10:04:49,MOBILE,REFERRAL
SESSION_000002067,CUSTOMER_000000067,2026-07-08T22:42:51,2026-07-08T23:45:51,MOBILE,EMAIL
SESSION_000002068,CUSTOMER_000000068,2026-03-01T07:34:40,2026-03-01T09:00:40,MOBILE,SOCIAL
SESSION_000002069,CUSTOMER_000000069,2026-09-08T20:59:56,2026-09-08T22:19:56,DESKTOP,ORGANIC
SESSION_000002070,CUSTOMER_000000070,2026-06-11T01:31:17,2026-06-11T02:19:17,DESKTOP,ORGANIC
SESSION_000002071,CUSTOMER_000000071,2026-11-20T06:11:09,2026-11-20T06:44:09,MOBILE,SOCIAL
SESSION_000002072,CUSTOMER_000000072,2026-08-07T11:09:54,2026-08-07T11:34:54,MOBILE,REFERRAL
SESSION_000002073,CUSTOMER_000000073,2026-11-11T22:57:25,2026-11-12T00:06:25,DESKTOP,ORGANIC
SESSION_000002074,CUSTOMER_000000074,2026-01-17T17:29:09,2026-01-17T19:03:09,MOBILE,DIRECT
SESSION_000002075,CUSTOMER_000000075,2026-01-11T06:27:15,2026-01-11T07:40:15,DESKTOP,ORGANIC
SESSION_000002076,CUSTOMER_000000076,2026-10-29T02:35:23,2026-10-29T03:09:23,MOBILE,ORGANIC
SESSION_000002077,CUSTOMER_000000077,2026-12-13T21:21:11,2026-12-13T22:07:11,MOBILE,EMAIL
SESSION_000002078,CUSTOMER_000000078,2026-05-27T21:04:59,2026-05-27T21:19:59,MOBILE,ORGANIC
SESSION_000002079,CUSTOMER_000000079,2026-05-18T16:42:17,2026-05-18T17:36:17,MOBILE,PAID_SEARCH
SESSION_000002080,CUSTOMER_000000080,2026-08-19T02:13:05,2026-08-19T02:15:05,MOBILE,ORGANIC
SESSION_000002081,CUSTOMER_000000081,2026-05-27T02:56:52,2026-05-27T03:04:52,MOBILE,EMAIL
SESSION_000002082,CUSTOMER_000000082,2026-02-04T14:38:20,2026-02-04T14:43:20,MOBILE,PAID_SEARCH
SESSION_000002083,CUSTOMER_000000083,2026-04-03T15:10:20,2026-04-03T16:54:20,MOBILE,SOCIAL
SESSION_000002084,CUSTOMER_000000084,2026-03-11T19:46:25,2026-03-11T20:20:25,MOBILE,DIRECT
SESSION_000002085,CUSTOMER_000000085,2026-07-15T20:28:09,2026-07-15T20:43:09,TABLET,ORGANIC
SESSION_000002086,CUSTOMER_000000086,2026-01-30T21:27:24,2026-01-30T22:55:24,DESKTOP,SOCIAL
SESSION_000002087,CUSTOMER_000000087,2026-09-02T18:07:27,2026-09-02T18:36:27,MOBILE,DIRECT
SESSION_000002088,CUSTOMER_000000088,2026-01-09T12:01:14,2026-01-09T12:37:14,DESKTOP,DIRECT
SESSION_000002089,CUSTOMER_000000089,2026-02-28T19:54:53,2026-02-28T20:31:53,MOBILE,DIRECT
SESSION_000002090,CUSTOMER_000000090,2026-10-11T14:03:11,2026-10-11T15:01:11,MOBILE,PAID_SEARCH
SESSION_000002091,CUSTOMER_000000091,2026-01-08T21:20:46,2026-01-08T21:24:46,TABLET,ORGANIC
SESSION_000002092,CUSTOMER_000000092,2026-11-03T03:10:59,2026-11-03T04:19:59,MOBILE,ORGANIC
SESSION_000002093,CUSTOMER_000000093,2026-02-25T21:40:44,2026-02-25T22:17:44,MOBILE,DIRECT
SESSION_000002094,CUSTOMER_000000094,2026-11-21T14:56:44,2026-11-21T15:03:44,MOBILE,ORGANIC
SESSION_000002095,CUSTOMER_000000095,2026-10-03T19:13:45,2026-10-03T20:37:45,MOBILE,ORGANIC
SESSION_000002096,CUSTOMER_000000096,2026-02-01T08:56:22,2026-02-01T10:50:22,DESKTOP,ORGANIC
SESSION_000002097,CUSTOMER_000000097,2026-02-27T07:46:25,2026-02-27T08:10:25,MOBILE,ORGANIC
SESSION_000002098,CUSTOMER_000000098,2026-08-21T01:40:30,2026-08-21T01:58:30,MOBILE,PAID_SEARCH
SESSION_000002099,CUSTOMER_000000099,2026-03-10T02:33:42,2026-03-10T03:23:42,MOBILE,DIRECT
SESSION_000002100,CUSTOMER_000000100,2026-08-25T07:07:57,2026-08-25T07:33:57,MOBILE,ORGANIC
SESSION_000002101,CUSTOMER_000000101,2026-07-08T00:27:58,2026-07-08T00:56:58,MOBILE,DIRECT
SESSION_000002102,CUSTOMER_000000102,2026-02-05T00:30:23,2026-02-05T01:15:23,MOBILE,SOCIAL
SESSION_000002103,CUSTOMER_000000103,2026-10-12T03:25:22,2026-10-12T04:38:22,MOBILE,REFERRAL
SESSION_000002104,CUSTOMER_000000104,2026-01-16T06:19:06,2026-01-16T06:44:06,MOBILE,SOCIAL
SESSION_000002105,CUSTOMER_000000105,2026-12-18T19:07:08,2026-12-18T21:07:08,MOBILE,ORGANIC
SESSION_000002106,CUSTOMER_000000106,2026-07-20T05:03:35,2026-07-20T07:01:35,DESKTOP,ORGANIC
SESSION_000002107,CUSTOMER_000000107,2026-08-07T12:25:55,2026-08-07T12:59:55,MOBILE,ORGANIC
SESSION_000002108,CUSTOMER_000000108,2026-01-16T11:02:18,2026-01-16T12:11:18,MOBILE,PAID_SEARCH
SESSION_000002109,CUSTOMER_000000109,2026-06-27T05:48:20,2026-06-27T07:15:20,MOBILE,DIRECT
SESSION_000002110,CUSTOMER_000000110,2026-06-22T17:01:37,2026-06-22T18:11:37,TABLET,REFERRAL
SESSION_000002111,CUSTOMER_000000111,2026-08-16T20:47:18,2026-08-16T22:31:18,MOBILE,EMAIL
SESSION_000002112,CUSTOMER_000000112,2026-06-01T18:13:43,2026-06-01T19:18:43,MOBILE,ORGANIC
SESSION_000002113,CUSTOMER_000000113,2026-07-13T03:43:04,2026-07-13T05:25:04,MOBILE,ORGANIC
SESSION_000002114,CUSTOMER_000000114,2026-04-18T19:37:21,2026-04-18T21:04:21,MOBILE,EMAIL
SESSION_000002115,CUSTOMER_000000115,2026-02-05T08:31:54,2026-02-05T09:33:54,MOBILE,EMAIL
SESSION_000002116,CUSTOMER_000000116,2026-12-23T11:36:50,2026-12-23T13:22:50,MOBILE,PAID_SEARCH
SESSION_000002117,CUSTOMER_000000117,2026-09-21T15:12:34,2026-09-21T16:06:34,MOBILE,PAID_SEARCH
SESSION_000002118,CUSTOMER_000000118,2026-07-30T16:34:47,2026-07-30T17:57:47,MOBILE,DIRECT
SESSION_000002119,CUSTOMER_000000119,2026-02-05T10:49:08,2026-02-05T11:16:08,MOBILE,PAID_SEARCH
SESSION_000002120,CUSTOMER_000000120,2026-03-14T03:20:53,2026-03-14T03:39:53,MOBILE,PAID_SEARCH
SESSION_000002121,CUSTOMER_000000121,2026-11-03T00:33:06,2026-11-03T02:18:06,MOBILE,PAID_SEARCH
SESSION_000002122,CUSTOMER_000000122,2026-05-03T09:44:23,2026-05-03T10:15:23,MOBILE,PAID_SEARCH
SESSION_000002123,CUSTOMER_000000123,2026-06-17T21:45:16,2026-06-17T22:12:16,MOBILE,DIRECT
SESSION_000002124,CUSTOMER_000000124,2026-02-17T22:46:28,2026-02-17T23:36:28,MOBILE,SOCIAL
SESSION_000002125,CUSTOMER_000000125,2026-02-10T21:26:07,2026-02-10T22:54:07,MOBILE,ORGANIC
SESSION_000002126,CUSTOMER_000000126,2026-09-20T22:50:07,2026-09-21T00:43:07,DESKTOP,ORGANIC
SESSION_000002127,CUSTOMER_000000127,2026-01-22T23:02:06,2026-01-23T00:03:06,MOBILE,SOCIAL
SESSION_000002128,CUSTOMER_000000128,2026-02-17T09:45:55,2026-02-17T11:04:55,MOBILE,ORGANIC
SESSION_000002129,CUSTOMER_000000129,2026-01-28T21:13:34,2026-01-28T22:57:34,MOBILE,DIRECT
SESSION_000002130,CUSTOMER_000000130,2026-07-24T00:08:30,2026-07-24T00:40:30,MOBILE,DIRECT
SESSION_000002131,CUSTOMER_000000131,2026-11-07T10:19:53,2026-11-07T11:39:53,DESKTOP,EMAIL
SESSION_000002132,CUSTOMER_000000132,2026-09-10T02:27:22,2026-09-10T03:13:22,MOBILE,ORGANIC
SESSION_000002133,CUSTOMER_000000133,2026-03-31T17:49:10,2026-03-31T19:12:10,MOBILE,EMAIL
SESSION_000002134,CUSTOMER_000000134,2026-02-06T06:16:25,2026-02-06T07:34:25,MOBILE,ORGANIC
SESSION_000002135,CUSTOMER_000000135,2026-12-24T12:54:26,2026-12-24T14:16:26,MOBILE,PAID_SEARCH
SESSION_000002136,CUSTOMER_000000136,2026-08-11T14:54:49,2026-08-11T16:18:49,MOBILE,PAID_SEARCH
SESSION_000002137,CUSTOMER_000000137,2026-12-22T23:40:48,2026-12-23T00:33:48,MOBILE,PAID_SEARCH
SESSION_000002138,CUSTOMER_000000138,2026-06-14T12:45:04,2026-06-14T12:47:04,MOBILE,SOCIAL
SESSION_000002139,CUSTOMER_000000139,2026-11-14T06:05:30,2026-11-14T07:12:30,MOBILE,ORGANIC
SESSION_000002140,CUSTOMER_000000140,2026-05-27T05:04:37,2026-05-27T06:03:37,DESKTOP,ORGANIC
SESSION_000002141,CUSTOMER_000000141,2026-02-12T12:52:43,2026-02-12T13:11:43,MOBILE,ORGANIC
SESSION_000002142,CUSTOMER_000000142,2026-08-12T08:58:10,2026-08-12T10:19:10,MOBILE,ORGANIC
SESSION_000002143,CUSTOMER_000000143,2026-10-27T19:21:08,2026-10-27T19:44:08,MOBILE,ORGANIC
SESSION_000002144,CUSTOMER_000000144,2026-12-13T19:45:17,2026-12-13T21:09:17,MOBILE,SOCIAL
SESSION_000002145,CUSTOMER_000000145,2026-04-22T23:10:39,2026-04-23T00:46:39,MOBILE,SOCIAL
SESSION_000002146,CUSTOMER_000000146,2026-03-11T10:10:54,2026-03-11T10:46:54,MOBILE,SOCIAL
SESSION_000002147,CUSTOMER_000000147,2026-09-15T16:00:50,2026-09-15T17:09:50,MOBILE,DIRECT
SESSION_000002148,CUSTOMER_000000148,2026-12-26T16:11:28,2026-12-26T17:33:28,MOBILE,PAID_SEARCH
SESSION_000002149,CUSTOMER_000000149,2026-08-24T03:07:14,2026-08-24T04:29:14,MOBILE,SOCIAL
SESSION_000002150,CUSTOMER_000000150,2026-08-27T10:09:51,2026-08-27T10:27:51,DESKTOP,SOCIAL
SESSION_000002151,CUSTOMER_000000151,2026-08-26T20:52:23,2026-08-26T21:14:23,MOBILE,SOCIAL
SESSION_000002152,CUSTOMER_000000152,2026-03-22T19:30:04,2026-03-22T20:53:04,MOBILE,SOCIAL
SESSION_000002153,CUSTOMER_000000153,2026-08-16T02:51:51,2026-08-16T03:03:51,DESKTOP,PAID_SEARCH
SESSION_000002154,CUSTOMER_000000154,2026-01-22T15:31:32,2026-01-22T17:23:32,MOBILE,DIRECT
SESSION_000002155,CUSTOMER_000000155,2026-03-21T19:25:58,2026-03-21T20:53:58,DESKTOP,SOCIAL
SESSION_000002156,CUSTOMER_000000156,2026-07-30T14:12:37,2026-07-30T14:22:37,MOBILE,PAID_SEARCH
SESSION_000002157,CUSTOMER_000000157,2026-05-14T16:29:34,2026-05-14T18:19:34,MOBILE,SOCIAL
SESSION_000002158,CUSTOMER_000000158,2026-02-26T21:52:50,2026-02-26T23:20:50,MOBILE,SOCIAL
SESSION_000002159,CUSTOMER_000000159,2026-05-27T07:02:01,2026-05-27T08:21:01,MOBILE,ORGANIC
SESSION_000002160,CUSTOMER_000000160,2026-12-06T14:31:56,2026-12-06T15:47:56,MOBILE,REFERRAL
SESSION_000002161,CUSTOMER_000000161,2026-03-18T01:36:02,2026-03-18T03:03:02,DESKTOP,REFERRAL
SESSION_000002162,CUSTOMER_000000162,2026-06-19T04:15:03,2026-06-19T04:38:03,DESKTOP,DIRECT
SESSION_000002163,CUSTOMER_000000163,2026-01-17T14:58:07,2026-01-17T15:20:07,MOBILE,ORGANIC
SESSION_000002164,CUSTOMER_000000164,2026-08-13T02:20:30,2026-08-13T03:52:30,MOBILE,PAID_SEARCH
SESSION_000002165,CUSTOMER_000000165,2026-04-27T16:00:32,2026-04-27T16:37:32,MOBILE,PAID_SEARCH
SESSION_000002166,CUSTOMER_000000166,2026-09-29T05:14:58,2026-09-29T06:39:58,MOBILE,ORGANIC
SESSION_000002167,CUSTOMER_000000167,2026-03-01T05:51:22,2026-03-01T07:41:22,MOBILE,ORGANIC
SESSION_000002168,CUSTOMER_000000168,2026-04-14T13:02:22,2026-04-14T13:56:22,MOBILE,SOCIAL
SESSION_000002169,CUSTOMER_000000169,2026-02-16T11:35:53,2026-02-16T12:37:53,MOBILE,SOCIAL
SESSION_000002170,CUSTOMER_000000170,2026-04-14T22:28:58,2026-04-14T23:20:58,MOBILE,ORGANIC
SESSION_000002171,CUSTOMER_000000171,2026-06-22T03:45:34,2026-06-22T04:15:34,MOBILE,ORGANIC
SESSION_000002172,CUSTOMER_000000172,2026-06-10T12:58:33,2026-06-10T14:26:33,DESKTOP,DIRECT
SESSION_000002173,CUSTOMER_000000173,2026-11-19T19:01:41,2026-11-19T20:53:41,DESKTOP,PAID_SEARCH
SESSION_000002174,CUSTOMER_000000174,2026-07-29T12:24:53,2026-07-29T13:04:53,DESKTOP,ORGANIC
SESSION_000002175,CUSTOMER_000000175,2026-05-02T17:33:01,2026-05-02T19:29:01,MOBILE,ORGANIC
SESSION_000002176,CUSTOMER_000000176,2026-11-25T11:41:23,2026-11-25T13:13:23,MOBILE,ORGANIC
SESSION_000002177,CUSTOMER_000000177,2026-11-23T01:57:15,2026-11-23T02:30:15,MOBILE,ORGANIC
SESSION_000002178,CUSTOMER_000000178,2026-09-22T18:53:34,2026-09-22T20:33:34,MOBILE,DIRECT
SESSION_000002179,CUSTOMER_000000179,2026-05-05T17:40:41,2026-05-05T17:47:41,TABLET,ORGANIC
SESSION_000002180,CUSTOMER_000000180,2026-10-28T22:57:34,2026-10-29T00:39:34,MOBILE,ORGANIC
SESSION_000002181,CUSTOMER_000000181,2026-03-27T10:10:16,2026-03-27T10:57:16,MOBILE,ORGANIC
SESSION_000002182,CUSTOMER_000000182,2026-08-24T09:31:48,2026-08-24T11:29:48,MOBILE,SOCIAL
SESSION_000002183,CUSTOMER_000000183,2026-10-21T06:32:26,2026-10-21T06:44:26,DESKTOP,EMAIL
SESSION_000002184,CUSTOMER_000000184,2026-04-01T20:56:04,2026-04-01T21:24:04,DESKTOP,DIRECT
SESSION_000002185,CUSTOMER_000000185,2026-06-25T07:03:16,2026-06-25T08:01:16,MOBILE,PAID_SEARCH
SESSION_000002186,CUSTOMER_000000186,2026-10-23T07:18:38,2026-10-23T08:39:38,MOBILE,SOCIAL
SESSION_000002187,CUSTOMER_000000187,2026-02-17T04:15:36,2026-02-17T06:01:36,MOBILE,DIRECT
SESSION_000002188,CUSTOMER_000000188,2026-11-26T19:14:49,2026-11-26T20:19:49,TABLET,DIRECT
SESSION_000002189,CUSTOMER_000000189,2026-04-27T07:11:33,2026-04-27T07:44:33,MOBILE,PAID_SEARCH
SESSION_000002190,CUSTOMER_000000190,2026-08-29T19:21:38,2026-08-29T19:47:38,DESKTOP,DIRECT
SESSION_000002191,CUSTOMER_000000191,2026-08-26T20:49:42,2026-08-26T22:15:42,MOBILE,PAID_SEARCH
SESSION_000002192,CUSTOMER_000000192,2026-02-15T07:15:12,2026-02-15T07:34:12,MOBILE,SOCIAL
SESSION_000002193,CUSTOMER_000000193,2026-11-20T12:29:14,2026-11-20T12:49:14,DESKTOP,DIRECT
SESSION_000002194,CUSTOMER_000000194,2026-05-27T20:13:08,2026-05-27T20:36:08,MOBILE,SOCIAL
SESSION_000002195,CUSTOMER_000000195,2026-07-02T04:02:16,2026-07-02T06:00:16,DESKTOP,DIRECT
SESSION_000002196,CUSTOMER_000000196,2026-10-10T22:29:42,2026-10-11T00:27:42,DESKTOP,ORGANIC
SESSION_000002197,CUSTOMER_000000197,2026-06-27T00:29,2026-06-27T01:43,TABLET,SOCIAL
SESSION_000002198,CUSTOMER_000000198,2026-05-04T13:48:33,2026-05-04T14:55:33,MOBILE,ORGANIC
SESSION_000002199,CUSTOMER_000000199,2026-11-12T18:25:55,2026-11-12T19:18:55,MOBILE,REFERRAL
SESSION_000002200,CUSTOMER_000000200,2026-01-13T14:36,2026-01-13T15:01,DESKTOP,EMAIL
SESSION_000002201,CUSTOMER_000000201,2026-12-05T08:04:28,2026-12-05T09:04:28,MOBILE,EMAIL
SESSION_000002202,CUSTOMER_000000202,2026-12-06T16:43:35,2026-12-06T16:51:35,DESKTOP,ORGANIC
SESSION_000002203,CUSTOMER_000000203,2026-08-30T05:22:36,2026-08-30T05:54:36,DESKTOP,ORGANIC
SESSION_000002204,CUSTOMER_000000204,2026-07-25T16:46:48,2026-07-25T18:09:48,MOBILE,DIRECT
SESSION_000002205,CUSTOMER_000000205,2026-09-21T19:37:58,2026-09-21T21:28:58,DESKTOP,REFERRAL
SESSION_000002206,CUSTOMER_000000206,2026-04-22T09:14:08,2026-04-22T09:28:08,MOBILE,DIRECT
SESSION_000002207,CUSTOMER_000000207,2026-09-01T13:57:51,2026-09-01T15:33:51,MOBILE,EMAIL
SESSION_000002208,CUSTOMER_000000208,2026-05-12T01:09:46,2026-05-12T02:04:46,MOBILE,ORGANIC
SESSION_000002209,CUSTOMER_000000209,2026-11-19T15:18:01,2026-11-19T15:40:01,MOBILE,EMAIL
SESSION_000002210,CUSTOMER_000000210,2026-11-29T16:29:33,2026-11-29T16:50:33,TABLET,ORGANIC
SESSION_000002211,CUSTOMER_000000211,2026-11-20T19:42:07,2026-11-20T19:52:07,MOBILE,DIRECT
SESSION_000002212,CUSTOMER_000000212,2026-12-21T06:50:14,2026-12-21T08:11:14,MOBILE,ORGANIC
SESSION_000002213,CUSTOMER_000000213,2026-08-23T04:53:18,2026-08-23T05:27:18,MOBILE,ORGANIC
SESSION_000002214,CUSTOMER_000000214,2026-06-22T23:16:03,2026-06-23T00:48:03,MOBILE,ORGANIC
SESSION_000002215,CUSTOMER_000000215,2026-07-08T20:51:09,2026-07-08T22:29:09,DESKTOP,REFERRAL
SESSION_000002216,CUSTOMER_000000216,2026-07-14T06:13:08,2026-07-14T07:02:08,MOBILE,DIRECT
SESSION_000002217,CUSTOMER_000000217,2026-05-01T07:55:52,2026-05-01T09:05:52,MOBILE,DIRECT
SESSION_000002218,CUSTOMER_000000218,2026-03-19T13:18:05,2026-03-19T14:54:05,MOBILE,DIRECT
SESSION_000002219,CUSTOMER_000000219,2026-08-01T00:12:12,2026-08-01T00:44:12,MOBILE,ORGANIC
SESSION_000002220,CUSTOMER_000000220,2026-08-24T12:59:41,2026-08-24T13:20:41,MOBILE,PAID_SEARCH
SESSION_000002221,CUSTOMER_000000221,2026-05-19T11:05:47,2026-05-19T11:53:47,MOBILE,ORGANIC
SESSION_000002222,CUSTOMER_000000222,2026-11-10T08:15:56,2026-11-10T08:22:56,DESKTOP,DIRECT
SESSION_000002223,CUSTOMER_000000223,2026-05-31T19:32:33,2026-05-31T21:23:33,MOBILE,ORGANIC
SESSION_000002224,CUSTOMER_000000224,2026-05-25T05:33:51,2026-05-25T07:23:51,MOBILE,SOCIAL
SESSION_000002225,CUSTOMER_000000225,2026-09-18T19:54:24,2026-09-18T19:57:24,MOBILE,SOCIAL
SESSION_000002226,CUSTOMER_000000226,2026-08-15T19:15:12,2026-08-15T21:14:12,MOBILE,ORGANIC
SESSION_000002227,CUSTOMER_000000227,2026-06-03T02:31:39,2026-06-03T04:21:39,MOBILE,ORGANIC
SESSION_000002228,CUSTOMER_000000228,2026-09-11T02:05,2026-09-11T02:06,MOBILE,DIRECT
SESSION_000002229,CUSTOMER_000000229,2026-06-11T02:36:33,2026-06-11T04:14:33,DESKTOP,DIRECT
SESSION_000002230,CUSTOMER_000000230,2026-01-07T20:24,2026-01-07T20:43,DESKTOP,ORGANIC
SESSION_000002231,CUSTOMER_000000231,2026-02-08T06:21:21,2026-02-08T06:24:21,MOBILE,DIRECT
SESSION_000002232,CUSTOMER_000000232,2026-08-29T06:50,2026-08-29T07:00,MOBILE,EMAIL
SESSION_000002233,CUSTOMER_000000233,2026-03-11T17:11:43,2026-03-11T18:28:43,TABLET,ORGANIC
SESSION_000002234,CUSTOMER_000000234,2026-05-17T10:32:12,2026-05-17T12:10:12,MOBILE,ORGANIC
SESSION_000002235,CUSTOMER_000000235,2026-07-26T21:22:51,2026-07-26T21:46:51,MOBILE,ORGANIC
SESSION_000002236,CUSTOMER_000000236,2026-05-08T11:56:23,2026-05-08T13:45:23,MOBILE,REFERRAL
SESSION_000002237,CUSTOMER_000000237,2026-01-17T22:42:57,2026-01-17T23:28:57,DESKTOP,EMAIL
SESSION_000002238,CUSTOMER_000000238,2026-08-05T22:21:17,2026-08-05T22:50:17,DESKTOP,SOCIAL
SESSION_000002239,CUSTOMER_000000239,2026-06-05T01:20:11,2026-06-05T03:11:11,MOBILE,PAID_SEARCH
SESSION_000002240,CUSTOMER_000000240,2026-06-11T08:32:26,2026-06-11T10:01:26,DESKTOP,SOCIAL
SESSION_000002241,CUSTOMER_000000241,2026-06-18T21:38:01,2026-06-18T23:06:01,DESKTOP,PAID_SEARCH
SESSION_000002242,CUSTOMER_000000242,2026-07-31T07:15:46,2026-07-31T08:32:46,DESKTOP,ORGANIC
SESSION_000002243,CUSTOMER_000000243,2026-05-23T23:42:43,2026-05-24T00:25:43,MOBILE,ORGANIC
SESSION_000002244,CUSTOMER_000000244,2026-10-25T13:23:43,2026-10-25T14:18:43,MOBILE,ORGANIC
SESSION_000002245,CUSTOMER_000000245,2026-05-27T09:36:43,2026-05-27T10:39:43,MOBILE,PAID_SEARCH
SESSION_000002246,CUSTOMER_000000246,2026-03-11T18:04:18,2026-03-11T18:48:18,MOBILE,ORGANIC
SESSION_000002247,CUSTOMER_000000247,2026-06-10T10:17:52,2026-06-10T11:55:52,DESKTOP,ORGANIC
SESSION_000002248,CUSTOMER_000000248,2026-09-16T01:14:59,2026-09-16T02:03:59,MOBILE,DIRECT
SESSION_000002249,CUSTOMER_000000249,2026-10-02T17:32:28,2026-10-02T18:05:28,MOBILE,PAID_SEARCH
SESSION_000002250,CUSTOMER_000000250,2026-07-15T20:49:19,2026-07-15T22:14:19,MOBILE,DIRECT
SESSION_000002251,CUSTOMER_000000251,2026-03-26T22:09:44,2026-03-26T22:54:44,MOBILE,SOCIAL
SESSION_000002252,CUSTOMER_000000252,2026-10-02T22:05:12,2026-10-02T23:46:12,MOBILE,PAID_SEARCH
SESSION_000002253,CUSTOMER_000000253,2026-09-12T14:39:08,2026-09-12T16:14:08,MOBILE,PAID_SEARCH
SESSION_000002254,CUSTOMER_000000254,2026-04-15T23:53,2026-04-16T00:25,MOBILE,ORGANIC
SESSION_000002255,CUSTOMER_000000255,2026-02-02T16:52:44,2026-02-02T17:26:44,DESKTOP,PAID_SEARCH
SESSION_000002256,CUSTOMER_000000256,2026-10-16T22:18:08,2026-10-16T23:56:08,DESKTOP,DIRECT
SESSION_000002257,CUSTOMER_000000257,2026-01-05T01:37:21,2026-01-05T02:16:21,TABLET,DIRECT
SESSION_000002258,CUSTOMER_000000258,2026-08-30T16:37:34,2026-08-30T17:41:34,MOBILE,ORGANIC
SESSION_000002259,CUSTOMER_000000259,2026-03-31T12:42:36,2026-03-31T13:03:36,MOBILE,DIRECT
SESSION_000002260,CUSTOMER_000000260,2026-01-19T04:21:17,2026-01-19T05:26:17,MOBILE,PAID_SEARCH
SESSION_000002261,CUSTOMER_000000261,2026-04-19T02:22:34,2026-04-19T03:10:34,DESKTOP,PAID_SEARCH
SESSION_000002262,CUSTOMER_000000262,2026-08-10T21:50:32,2026-08-10T21:54:32,MOBILE,ORGANIC
SESSION_000002263,CUSTOMER_000000263,2026-09-06T19:08:28,2026-09-06T20:33:28,DESKTOP,REFERRAL
SESSION_000002264,CUSTOMER_000000264,2026-09-06T09:03:08,2026-09-06T10:04:08,MOBILE,SOCIAL
SESSION_000002265,CUSTOMER_000000265,2026-11-09T19:50:35,2026-11-09T20:14:35,MOBILE,SOCIAL
SESSION_000002266,CUSTOMER_000000266,2026-04-17T16:00:07,2026-04-17T16:32:07,MOBILE,DIRECT
SESSION_000002267,CUSTOMER_000000267,2026-03-06T07:01:03,2026-03-06T07:35:03,MOBILE,SOCIAL
SESSION_000002268,CUSTOMER_000000268,2026-04-30T08:29:15,2026-04-30T09:26:15,MOBILE,DIRECT
SESSION_000002269,CUSTOMER_000000269,2026-06-23T23:28:53,2026-06-24T00:36:53,TABLET,PAID_SEARCH
SESSION_000002270,CUSTOMER_000000270,2026-05-19T19:55:31,2026-05-19T21:47:31,DESKTOP,ORGANIC
SESSION_000002271,CUSTOMER_000000271,2026-04-24T02:11:20,2026-04-24T02:41:20,MOBILE,ORGANIC
SESSION_000002272,CUSTOMER_000000272,2026-11-19T11:56:06,2026-11-19T12:40:06,MOBILE,DIRECT
SESSION_000002273,CUSTOMER_000000273,2026-02-11T14:42:19,2026-02-11T16:33:19,MOBILE,PAID_SEARCH
SESSION_000002274,CUSTOMER_000000274,2026-11-04T23:24:15,2026-11-04T23:47:15,TABLET,ORGANIC
SESSION_000002275,CUSTOMER_000000275,2026-08-28T10:13:10,2026-08-28T10:47:10,MOBILE,ORGANIC
SESSION_000002276,CUSTOMER_000000276,2026-12-10T13:55:07,2026-12-10T15:35:07,MOBILE,DIRECT
SESSION_000002277,CUSTOMER_000000277,2026-06-15T04:57:03,2026-06-15T05:16:03,DESKTOP,DIRECT
SESSION_000002278,CUSTOMER_000000278,2026-04-19T12:39:09,2026-04-19T14:29:09,DESKTOP,SOCIAL
SESSION_000002279,CUSTOMER_000000279,2026-11-13T20:19:11,2026-11-13T21:44:11,MOBILE,PAID_SEARCH
SESSION_000002280,CUSTOMER_000000280,2026-08-26T16:24:39,2026-08-26T17:54:39,MOBILE,ORGANIC
SESSION_000002281,CUSTOMER_000000281,2026-01-04T23:55:04,2026-01-05T00:43:04,DESKTOP,SOCIAL
SESSION_000002282,CUSTOMER_000000282,2026-08-07T17:43:02,2026-08-07T18:41:02,MOBILE,SOCIAL
SESSION_000002283,CUSTOMER_000000283,2026-07-23T01:43:07,2026-07-23T01:49:07,MOBILE,PAID_SEARCH
SESSION_000002284,CUSTOMER_000000284,2026-12-03T05:56:51,2026-12-03T07:49:51,MOBILE,PAID_SEARCH
SESSION_000002285,CUSTOMER_000000285,2026-07-23T03:54:53,2026-07-23T05:18:53,MOBILE,ORGANIC
SESSION_000002286,CUSTOMER_000000286,2026-01-04T15:07:48,2026-01-04T15:38:48,MOBILE,SOCIAL
SESSION_000002287,CUSTOMER_000000287,2026-05-12T08:41:29,2026-05-12T10:09:29,MOBILE,ORGANIC
SESSION_000002288,CUSTOMER_000000288,2026-02-11T19:07:19,2026-02-11T20:35:19,MOBILE,PAID_SEARCH
SESSION_000002289,CUSTOMER_000000289,2026-06-02T16:05:24,2026-06-02T17:00:24,DESKTOP,PAID_SEARCH
SESSION_000002290,CUSTOMER_000000290,2026-09-28T12:58:35,2026-09-28T14:04:35,DESKTOP,PAID_SEARCH
SESSION_000002291,CUSTOMER_000000291,2026-08-14T23:45:16,2026-08-15T00:10:16,DESKTOP,SOCIAL
SESSION_000002292,CUSTOMER_000000292,2026-11-29T19:26:46,2026-11-29T20:11:46,DESKTOP,PAID_SEARCH
SESSION_000002293,CUSTOMER_000000293,2026-04-02T06:09:41,2026-04-02T06:19:41,MOBILE,PAID_SEARCH
SESSION_000002294,CUSTOMER_000000294,2026-08-28T13:02:18,2026-08-28T13:06:18,MOBILE,EMAIL
SESSION_000002295,CUSTOMER_000000295,2026-12-16T09:46:18,2026-12-16T11:08:18,MOBILE,REFERRAL
SESSION_000002296,CUSTOMER_000000296,2026-09-10T14:47:30,2026-09-10T14:57:30,DESKTOP,ORGANIC
SESSION_000002297,CUSTOMER_000000297,2026-11-25T23:05:13,2026-11-26T00:38:13,MOBILE,ORGANIC
SESSION_000002298,CUSTOMER_000000298,2026-04-26T04:19:07,2026-04-26T04:40:07,MOBILE,ORGANIC
SESSION_000002299,CUSTOMER_000000299,2026-11-28T12:11:21,2026-11-28T12:36:21,TABLET,PAID_SEARCH
SESSION_000002300,CUSTOMER_000000300,2026-11-30T02:01:43,2026-11-30T03:05:43,MOBILE,SOCIAL
SESSION_000002301,CUSTOMER_000000301,2026-11-27T17:07:34,2026-11-27T18:57:34,MOBILE,PAID_SEARCH
SESSION_000002302,CUSTOMER_000000302,2026-02-14T21:32:27,2026-02-14T23:08:27,MOBILE,ORGANIC
SESSION_000002303,CUSTOMER_000000303,2026-02-23T09:22:15,2026-02-23T10:46:15,DESKTOP,SOCIAL
SESSION_000002304,CUSTOMER_000000304,2026-01-12T17:17:37,2026-01-12T19:03:37,MOBILE,EMAIL
SESSION_000002305,CUSTOMER_000000305,2026-10-11T11:34:51,2026-10-11T12:19:51,MOBILE,ORGANIC
SESSION_000002306,CUSTOMER_000000306,2026-10-13T15:19:54,2026-10-13T15:56:54,MOBILE,ORGANIC
SESSION_000002307,CUSTOMER_000000307,2026-11-26T23:01:52,2026-11-26T23:53:52,DESKTOP,SOCIAL
SESSION_000002308,CUSTOMER_000000308,2026-03-06T12:20:18,2026-03-06T12:22:18,DESKTOP,PAID_SEARCH
SESSION_000002309,CUSTOMER_000000309,2026-11-29T08:13:19,2026-11-29T08:43:19,TABLET,ORGANIC
SESSION_000002310,CUSTOMER_000000310,2026-05-13T22:16:38,2026-05-14T00:10:38,MOBILE,EMAIL
SESSION_000002311,CUSTOMER_000000311,2026-02-12T22:45:23,2026-02-13T00:26:23,MOBILE,ORGANIC
SESSION_000002312,CUSTOMER_000000312,2026-09-11T06:56:15,2026-09-11T08:33:15,DESKTOP,SOCIAL
SESSION_000002313,CUSTOMER_000000313,2026-10-22T06:59,2026-10-22T08:09,MOBILE,ORGANIC
SESSION_000002314,CUSTOMER_000000314,2026-09-16T23:46:29,2026-09-17T00:54:29,MOBILE,ORGANIC
SESSION_000002315,CUSTOMER_000000315,2026-08-26T17:07:02,2026-08-26T17:57:02,MOBILE,REFERRAL
SESSION_000002316,CUSTOMER_000000316,2026-05-11T19:25:09,2026-05-11T20:08:09,MOBILE,DIRECT
SESSION_000002317,CUSTOMER_000000317,2026-02-09T15:20:49,2026-02-09T15:31:49,MOBILE,DIRECT
SESSION_000002318,CUSTOMER_000000318,2026-08-18T09:08:11,2026-08-18T09:34:11,MOBILE,DIRECT
SESSION_000002319,CUSTOMER_000000319,2026-11-11T18:20:24,2026-11-11T19:56:24,MOBILE,DIRECT
SESSION_000002320,CUSTOMER_000000320,2026-01-18T14:08:16,2026-01-18T15:16:16,MOBILE,PAID_SEARCH
SESSION_000002321,CUSTOMER_000000321,2026-10-13T01:11:40,2026-10-13T03:03:40,MOBILE,PAID_SEARCH
SESSION_000002322,CUSTOMER_000000322,2026-04-30T06:30:03,2026-04-30T07:36:03,MOBILE,SOCIAL
SESSION_000002323,CUSTOMER_000000323,2026-04-17T06:31:45,2026-04-17T07:11:45,DESKTOP,ORGANIC
SESSION_000002324,CUSTOMER_000000324,2026-04-29T10:10:33,2026-04-29T10:59:33,DESKTOP,ORGANIC
SESSION_000002325,CUSTOMER_000000325,2026-12-14T07:52:25,2026-12-14T08:21:25,MOBILE,ORGANIC
SESSION_000002326,CUSTOMER_000000326,2026-12-21T01:19:55,2026-12-21T02:16:55,MOBILE,DIRECT
SESSION_000002327,CUSTOMER_000000327,2026-05-12T02:19:35,2026-05-12T02:45:35,DESKTOP,SOCIAL
SESSION_000002328,CUSTOMER_000000328,2026-08-30T17:49:03,2026-08-30T19:41:03,MOBILE,ORGANIC
SESSION_000002329,CUSTOMER_000000329,2026-03-13T11:56:29,2026-03-13T12:43:29,MOBILE,SOCIAL
SESSION_000002330,CUSTOMER_000000330,2026-11-15T13:36:27,2026-11-15T14:32:27,DESKTOP,PAID_SEARCH
SESSION_000002331,CUSTOMER_000000331,2026-11-05T04:30:14,2026-11-05T05:24:14,MOBILE,PAID_SEARCH
SESSION_000002332,CUSTOMER_000000332,2026-09-01T10:15:18,2026-09-01T11:57:18,MOBILE,ORGANIC
SESSION_000002333,CUSTOMER_000000333,2026-04-21T23:32:18,2026-04-22T00:55:18,MOBILE,DIRECT
SESSION_000002334,CUSTOMER_000000334,2026-05-17T02:29:59,2026-05-17T04:13:59,DESKTOP,ORGANIC
SESSION_000002335,CUSTOMER_000000335,2026-09-09T09:59:57,2026-09-09T11:42:57,TABLET,REFERRAL
SESSION_000002336,CUSTOMER_000000336,2026-05-29T21:39:52,2026-05-29T23:12:52,MOBILE,ORGANIC
SESSION_000002337,CUSTOMER_000000337,2026-08-31T02:44:34,2026-08-31T04:30:34,MOBILE,EMAIL
SESSION_000002338,CUSTOMER_000000338,2026-08-11T10:04:27,2026-08-11T10:57:27,MOBILE,PAID_SEARCH
SESSION_000002339,CUSTOMER_000000339,2026-06-17T21:31:39,2026-06-17T22:33:39,MOBILE,ORGANIC
SESSION_000002340,CUSTOMER_000000340,2026-09-30T13:42:35,2026-09-30T14:50:35,MOBILE,SOCIAL
SESSION_000002341,CUSTOMER_000000341,2026-07-18T09:06:31,2026-07-18T10:44:31,DESKTOP,PAID_SEARCH
SESSION_000002342,CUSTOMER_000000342,2026-09-15T05:48:41,2026-09-15T07:04:41,DESKTOP,DIRECT
SESSION_000002343,CUSTOMER_000000343,2026-12-26T22:14:36,2026-12-26T23:49:36,MOBILE,ORGANIC
SESSION_000002344,CUSTOMER_000000344,2026-07-14T12:59:20,2026-07-14T13:44:20,MOBILE,SOCIAL
SESSION_000002345,CUSTOMER_000000345,2026-07-14T14:40:56,2026-07-14T15:04:56,DESKTOP,SOCIAL
SESSION_000002346,CUSTOMER_000000346,2026-07-20T17:13:25,2026-07-20T18:23:25,MOBILE,PAID_SEARCH
SESSION_000002347,CUSTOMER_000000347,2026-05-17T03:49:35,2026-05-17T05:23:35,MOBILE,ORGANIC
SESSION_000002348,CUSTOMER_000000348,2026-08-10T10:07:48,2026-08-10T11:08:48,MOBILE,EMAIL
SESSION_000002349,CUSTOMER_000000349,2026-07-22T19:18:49,2026-07-22T19:33:49,DESKTOP,ORGANIC
SESSION_000002350,CUSTOMER_000000350,2026-01-27T23:12:13,2026-01-28T00:26:13,MOBILE,ORGANIC
SESSION_000002351,CUSTOMER_000000351,2026-04-03T13:10:09,2026-04-03T14:01:09,DESKTOP,DIRECT
SESSION_000002352,CUSTOMER_000000352,2026-06-03T09:02:27,2026-06-03T10:40:27,MOBILE,EMAIL
SESSION_000002353,CUSTOMER_000000353,2026-05-04T03:14:41,2026-05-04T03:25:41,MOBILE,ORGANIC
SESSION_000002354,CUSTOMER_000000354,2026-01-27T01:48:11,2026-01-27T02:04:11,DESKTOP,EMAIL
SESSION_000002355,CUSTOMER_000000355,2026-06-06T11:41:49,2026-06-06T12:31:49,DESKTOP,PAID_SEARCH
SESSION_000002356,CUSTOMER_000000356,2026-07-20T18:45:33,2026-07-20T20:42:33,MOBILE,PAID_SEARCH
SESSION_000002357,CUSTOMER_000000357,2026-01-01T23:00:24,2026-01-02T00:56:24,MOBILE,PAID_SEARCH
SESSION_000002358,CUSTOMER_000000358,2026-09-12T19:06:47,2026-09-12T19:09:47,MOBILE,ORGANIC
SESSION_000002359,CUSTOMER_000000359,2026-11-07T11:59:57,2026-11-07T12:52:57,MOBILE,SOCIAL
SESSION_000002360,CUSTOMER_000000360,2026-07-22T00:54:01,2026-07-22T01:09:01,MOBILE,SOCIAL
SESSION_000002361,CUSTOMER_000000361,2026-05-06T23:18:08,2026-05-06T23:31:08,MOBILE,ORGANIC
SESSION_000002362,CUSTOMER_000000362,2026-07-11T02:52:13,2026-07-11T03:34:13,MOBILE,DIRECT
SESSION_000002363,CUSTOMER_000000363,2026-07-06T10:20,2026-07-06T11:26,DESKTOP,ORGANIC
SESSION_000002364,CUSTOMER_000000364,2026-10-01T14:23:28,2026-10-01T15:49:28,DESKTOP,SOCIAL
SESSION_000002365,CUSTOMER_000000365,2026-08-07T07:57:40,2026-08-07T09:06:40,MOBILE,SOCIAL
SESSION_000002366,CUSTOMER_000000366,2026-01-03T06:33:50,2026-01-03T07:26:50,MOBILE,EMAIL
SESSION_000002367,CUSTOMER_000000367,2026-04-20T07:33:33,2026-04-20T08:33:33,MOBILE,SOCIAL
SESSION_000002368,CUSTOMER_000000368,2026-07-18T10:16:03,2026-07-18T10:24:03,MOBILE,SOCIAL
SESSION_000002369,CUSTOMER_000000369,2026-02-23T03:18:06,2026-02-23T03:44:06,MOBILE,SOCIAL
SESSION_000002370,CUSTOMER_000000370,2026-11-28T02:32:17,2026-11-28T03:35:17,MOBILE,SOCIAL
SESSION_000002371,CUSTOMER_000000371,2026-04-01T03:55:53,2026-04-01T04:30:53,MOBILE,ORGANIC
SESSION_000002372,CUSTOMER_000000372,2026-07-04T07:28:22,2026-07-04T09:21:22,MOBILE,PAID_SEARCH
SESSION_000002373,CUSTOMER_000000373,2026-06-22T11:12:48,2026-06-22T11:34:48,MOBILE,PAID_SEARCH
SESSION_000002374,CUSTOMER_000000374,2026-08-28T00:04:31,2026-08-28T01:36:31,DESKTOP,ORGANIC
SESSION_000002375,CUSTOMER_000000375,2026-08-28T15:22:57,2026-08-28T17:17:57,MOBILE,ORGANIC
SESSION_000002376,CUSTOMER_000000376,2026-03-18T12:25:36,2026-03-18T13:47:36,MOBILE,SOCIAL
SESSION_000002377,CUSTOMER_000000377,2026-05-30T17:24:30,2026-05-30T18:40:30,DESKTOP,ORGANIC
SESSION_000002378,CUSTOMER_000000378,2026-09-14T00:04:52,2026-09-14T00:58:52,TABLET,ORGANIC
SESSION_000002379,CUSTOMER_000000379,2026-01-05T05:36:16,2026-01-05T06:57:16,MOBILE,PAID_SEARCH
SESSION_000002380,CUSTOMER_000000380,2026-03-19T20:18:18,2026-03-19T20:27:18,DESKTOP,SOCIAL
SESSION_000002381,CUSTOMER_000000381,2026-08-30T11:08:33,2026-08-30T12:08:33,MOBILE,DIRECT
SESSION_000002382,CUSTOMER_000000382,2026-08-19T11:35:36,2026-08-19T11:43:36,MOBILE,DIRECT
SESSION_000002383,CUSTOMER_000000383,2026-11-14T15:44:47,2026-11-14T15:46:47,DESKTOP,ORGANIC
SESSION_000002384,CUSTOMER_000000384,2026-11-12T06:21:24,2026-11-12T07:54:24,MOBILE,ORGANIC
SESSION_000002385,CUSTOMER_000000385,2026-12-31T03:28:17,2026-12-31T03:39:17,MOBILE,DIRECT
SESSION_000002386,CUSTOMER_000000386,2026-04-27T02:02:16,2026-04-27T03:25:16,DESKTOP,PAID_SEARCH
SESSION_000002387,CUSTOMER_000000387,2026-04-06T19:09:29,2026-04-06T20:11:29,MOBILE,PAID_SEARCH
SESSION_000002388,CUSTOMER_000000388,2026-06-29T02:17:24,2026-06-29T04:07:24,MOBILE,ORGANIC
SESSION_000002389,CUSTOMER_000000389,2026-11-04T14:27:35,2026-11-04T14:53:35,MOBILE,ORGANIC
SESSION_000002390,CUSTOMER_000000390,2026-06-06T01:44:30,2026-06-06T02:56:30,MOBILE,PAID_SEARCH
SESSION_000002391,CUSTOMER_000000391,2026-10-06T04:01:41,2026-10-06T05:16:41,MOBILE,PAID_SEARCH
SESSION_000002392,CUSTOMER_000000392,2026-05-28T20:41:39,2026-05-28T22:30:39,MOBILE,ORGANIC
SESSION_000002393,CUSTOMER_000000393,2026-05-30T23:33:35,2026-05-31T00:22:35,TABLET,ORGANIC
SESSION_000002394,CUSTOMER_000000394,2026-05-22T16:43:10,2026-05-22T18:33:10,DESKTOP,ORGANIC
SESSION_000002395,CUSTOMER_000000395,2026-05-17T05:38:11,2026-05-17T06:38:11,DESKTOP,ORGANIC
SESSION_000002396,CUSTOMER_000000396,2026-06-18T16:05:35,2026-06-18T17:58:35,MOBILE,REFERRAL
SESSION_000002397,CUSTOMER_000000397,2026-06-14T09:05:03,2026-06-14T10:30:03,MOBILE,EMAIL
SESSION_000002398,CUSTOMER_000000398,2026-08-13T22:20:57,2026-08-13T22:49:57,DESKTOP,ORGANIC
SESSION_000002399,CUSTOMER_000000399,2026-02-24T07:51:48,2026-02-24T08:23:48,MOBILE,ORGANIC
SESSION_000002400,CUSTOMER_000000400,2026-07-29T03:28:11,2026-07-29T04:23:11,DESKTOP,DIRECT
SESSION_000002401,CUSTOMER_000000401,2026-05-12T22:09:17,2026-05-12T22:16:17,MOBILE,PAID_SEARCH
SESSION_000002402,CUSTOMER_000000402,2026-07-01T22:10:41,2026-07-01T22:17:41,MOBILE,ORGANIC
SESSION_000002403,CUSTOMER_000000403,2026-02-09T17:16:38,2026-02-09T17:44:38,DESKTOP,EMAIL
SESSION_000002404,CUSTOMER_000000404,2026-08-27T16:24:56,2026-08-27T17:28:56,MOBILE,SOCIAL
SESSION_000002405,CUSTOMER_000000405,2026-08-29T20:05:26,2026-08-29T21:32:26,MOBILE,PAID_SEARCH
SESSION_000002406,CUSTOMER_000000406,2026-06-26T04:52:31,2026-06-26T05:03:31,MOBILE,PAID_SEARCH
SESSION_000002407,CUSTOMER_000000407,2026-01-14T07:50:52,2026-01-14T07:59:52,MOBILE,ORGANIC
SESSION_000002408,CUSTOMER_000000408,2026-05-29T06:52:21,2026-05-29T08:09:21,DESKTOP,SOCIAL
SESSION_000002409,CUSTOMER_000000409,2026-08-05T16:43:14,2026-08-05T16:45:14,MOBILE,ORGANIC
SESSION_000002410,CUSTOMER_000000410,2026-11-20T16:35:42,2026-11-20T17:22:42,MOBILE,PAID_SEARCH
SESSION_000002411,CUSTOMER_000000411,2026-02-07T05:01:02,2026-02-07T05:56:02,DESKTOP,ORGANIC
SESSION_000002412,CUSTOMER_000000412,2026-08-08T11:39:41,2026-08-08T12:07:41,MOBILE,SOCIAL
SESSION_000002413,CUSTOMER_000000413,2026-07-07T08:39:50,2026-07-07T09:16:50,TABLET,PAID_SEARCH
SESSION_000002414,CUSTOMER_000000414,2026-11-04T09:16:29,2026-11-04T10:20:29,DESKTOP,ORGANIC
SESSION_000002415,CUSTOMER_000000415,2026-03-11T00:40:37,2026-03-11T01:28:37,MOBILE,ORGANIC
SESSION_000002416,CUSTOMER_000000416,2026-01-14T08:42:45,2026-01-14T09:24:45,MOBILE,PAID_SEARCH
SESSION_000002417,CUSTOMER_000000417,2026-10-01T06:28:33,2026-10-01T08:23:33,DESKTOP,ORGANIC
SESSION_000002418,CUSTOMER_000000418,2026-03-08T19:10:46,2026-03-08T20:41:46,DESKTOP,ORGANIC
SESSION_000002419,CUSTOMER_000000419,2026-12-31T00:16:17,2026-12-31T01:23:17,DESKTOP,SOCIAL
SESSION_000002420,CUSTOMER_000000420,2026-11-20T06:19:04,2026-11-20T08:12:04,MOBILE,ORGANIC
SESSION_000002421,CUSTOMER_000000421,2026-10-13T11:31:38,2026-10-13T12:38:38,MOBILE,DIRECT
SESSION_000002422,CUSTOMER_000000422,2026-08-18T12:53:19,2026-08-18T14:37:19,DESKTOP,REFERRAL
SESSION_000002423,CUSTOMER_000000423,2026-02-05T01:35:25,2026-02-05T02:01:25,MOBILE,DIRECT
SESSION_000002424,CUSTOMER_000000424,2026-02-28T14:14:07,2026-02-28T15:46:07,MOBILE,ORGANIC
SESSION_000002425,CUSTOMER_000000425,2026-11-21T20:00:51,2026-11-21T20:11:51,DESKTOP,ORGANIC
SESSION_000002426,CUSTOMER_000000426,2026-07-04T23:21:13,2026-07-05T00:42:13,MOBILE,DIRECT
SESSION_000002427,CUSTOMER_000000427,2026-05-12T14:39:51,2026-05-12T14:53:51,DESKTOP,ORGANIC
SESSION_000002428,CUSTOMER_000000428,2026-05-05T01:16:25,2026-05-05T01:23:25,DESKTOP,PAID_SEARCH
SESSION_000002429,CUSTOMER_000000429,2026-06-01T23:08:20,2026-06-01T23:55:20,MOBILE,SOCIAL
SESSION_000002430,CUSTOMER_000000430,2026-11-12T15:40:53,2026-11-12T16:49:53,MOBILE,DIRECT
SESSION_000002431,CUSTOMER_000000431,2026-04-29T10:59:04,2026-04-29T11:22:04,MOBILE,SOCIAL
SESSION_000002432,CUSTOMER_000000432,2026-05-16T01:20:23,2026-05-16T03:18:23,DESKTOP,DIRECT
SESSION_000002433,CUSTOMER_000000433,2026-12-27T20:35:28,2026-12-27T21:48:28,MOBILE,DIRECT
SESSION_000002434,CUSTOMER_000000434,2026-03-30T21:28:09,2026-03-30T23:23:09,MOBILE,ORGANIC
SESSION_000002435,CUSTOMER_000000435,2026-12-13T12:58:30,2026-12-13T13:35:30,MOBILE,ORGANIC
SESSION_000002436,CUSTOMER_000000436,2026-06-12T12:08:34,2026-06-12T13:21:34,DESKTOP,EMAIL
SESSION_000002437,CUSTOMER_000000437,2026-09-29T01:48:01,2026-09-29T03:12:01,MOBILE,PAID_SEARCH
SESSION_000002438,CUSTOMER_000000438,2026-02-09T05:18:19,2026-02-09T05:27:19,MOBILE,SOCIAL
SESSION_000002439,CUSTOMER_000000439,2026-07-28T12:24:45,2026-07-28T13:37:45,DESKTOP,ORGANIC
SESSION_000002440,CUSTOMER_000000440,2026-12-07T13:44:17,2026-12-07T15:05:17,MOBILE,ORGANIC
SESSION_000002441,CUSTOMER_000000441,2026-07-26T12:42:55,2026-07-26T12:47:55,TABLET,ORGANIC
SESSION_000002442,CUSTOMER_000000442,2026-03-21T11:13:52,2026-03-21T11:58:52,MOBILE,PAID_SEARCH
SESSION_000002443,CUSTOMER_000000443,2026-03-02T00:32:54,2026-03-02T00:44:54,MOBILE,DIRECT
SESSION_000002444,CUSTOMER_000000444,2026-10-29T21:00:27,2026-10-29T21:45:27,MOBILE,EMAIL
SESSION_000002445,CUSTOMER_000000445,2026-07-24T19:46:55,2026-07-24T19:59:55,MOBILE,DIRECT
SESSION_000002446,CUSTOMER_000000446,2026-02-03T04:36:56,2026-02-03T05:07:56,MOBILE,EMAIL
SESSION_000002447,CUSTOMER_000000447,2026-10-12T12:38:46,2026-10-12T14:06:46,MOBILE,ORGANIC
SESSION_000002448,CUSTOMER_000000448,2026-05-09T17:11:38,2026-05-09T18:27:38,DESKTOP,PAID_SEARCH
SESSION_000002449,CUSTOMER_000000449,2026-02-20T19:49:53,2026-02-20T20:34:53,MOBILE,PAID_SEARCH
SESSION_000002450,CUSTOMER_000000450,2026-05-31T14:42:21,2026-05-31T16:17:21,DESKTOP,DIRECT
SESSION_000002451,CUSTOMER_000000451,2026-07-19T05:26:48,2026-07-19T07:13:48,MOBILE,SOCIAL
SESSION_000002452,CUSTOMER_000000452,2026-01-31T01:48:42,2026-01-31T02:41:42,MOBILE,SOCIAL
SESSION_000002453,CUSTOMER_000000453,2026-11-27T08:44:25,2026-11-27T10:02:25,MOBILE,ORGANIC
SESSION_000002454,CUSTOMER_000000454,2026-07-04T13:11:24,2026-07-04T13:46:24,DESKTOP,SOCIAL
SESSION_000002455,CUSTOMER_000000455,2026-08-03T04:28:32,2026-08-03T05:13:32,MOBILE,EMAIL
SESSION_000002456,CUSTOMER_000000456,2026-08-11T12:43:15,2026-08-11T14:40:15,MOBILE,DIRECT
SESSION_000002457,CUSTOMER_000000457,2026-02-06T13:51:53,2026-02-06T14:22:53,MOBILE,ORGANIC
SESSION_000002458,CUSTOMER_000000458,2026-07-19T01:59:33,2026-07-19T02:26:33,DESKTOP,PAID_SEARCH
SESSION_000002459,CUSTOMER_000000459,2026-10-25T11:33:08,2026-10-25T11:34:08,MOBILE,PAID_SEARCH
SESSION_000002460,CUSTOMER_000000460,2026-07-19T13:22:20,2026-07-19T14:29:20,DESKTOP,EMAIL
SESSION_000002461,CUSTOMER_000000461,2026-04-25T11:09:42,2026-04-25T11:44:42,TABLET,EMAIL
SESSION_000002462,CUSTOMER_000000462,2026-10-24T17:52:24,2026-10-24T18:58:24,MOBILE,ORGANIC
SESSION_000002463,CUSTOMER_000000463,2026-08-25T20:52:38,2026-08-25T22:23:38,MOBILE,EMAIL
SESSION_000002464,CUSTOMER_000000464,2026-05-23T20:23:57,2026-05-23T20:55:57,MOBILE,DIRECT
SESSION_000002465,CUSTOMER_000000465,2026-03-12T12:37:17,2026-03-12T14:20:17,MOBILE,DIRECT
SESSION_000002466,CUSTOMER_000000466,2026-07-15T08:39:28,2026-07-15T10:38:28,MOBILE,SOCIAL
SESSION_000002467,CUSTOMER_000000467,2026-11-11T16:41:28,2026-11-11T17:07:28,MOBILE,ORGANIC
SESSION_000002468,CUSTOMER_000000468,2026-04-28T12:16:22,2026-04-28T13:40:22,MOBILE,DIRECT
SESSION_000002469,CUSTOMER_000000469,2026-05-26T18:35:07,2026-05-26T19:57:07,MOBILE,DIRECT
SESSION_000002470,CUSTOMER_000000470,2026-12-27T10:02:36,2026-12-27T10:16:36,DESKTOP,ORGANIC
SESSION_000002471,CUSTOMER_000000471,2026-08-20T21:42:39,2026-08-20T23:01:39,MOBILE,ORGANIC
SESSION_000002472,CUSTOMER_000000472,2026-11-27T15:43:40,2026-11-27T16:08:40,DESKTOP,ORGANIC
SESSION_000002473,CUSTOMER_000000473,2026-07-10T18:28:15,2026-07-10T20:17:15,MOBILE,DIRECT
SESSION_000002474,CUSTOMER_000000474,2026-02-12T16:44:17,2026-02-12T18:22:17,MOBILE,ORGANIC
SESSION_000002475,CUSTOMER_000000475,2026-08-29T12:22:02,2026-08-29T13:32:02,MOBILE,SOCIAL
SESSION_000002476,CUSTOMER_000000476,2026-07-27T17:31:04,2026-07-27T18:59:04,DESKTOP,ORGANIC
SESSION_000002477,CUSTOMER_000000477,2026-06-30T16:04:18,2026-06-30T16:20:18,MOBILE,EMAIL
SESSION_000002478,CUSTOMER_000000478,2026-01-11T10:24:06,2026-01-11T10:51:06,MOBILE,ORGANIC
SESSION_000002479,CUSTOMER_000000479,2026-02-12T18:30:01,2026-02-12T18:43:01,DESKTOP,ORGANIC
SESSION_000002480,CUSTOMER_000000480,2026-09-27T07:21:52,2026-09-27T09:02:52,MOBILE,PAID_SEARCH
SESSION_000002481,CUSTOMER_000000481,2026-08-20T11:23:52,2026-08-20T13:12:52,DESKTOP,PAID_SEARCH
SESSION_000002482,CUSTOMER_000000482,2026-10-23T20:13:29,2026-10-23T20:41:29,MOBILE,DIRECT
SESSION_000002483,CUSTOMER_000000483,2026-10-28T15:22:02,2026-10-28T16:43:02,DESKTOP,ORGANIC
SESSION_000002484,CUSTOMER_000000484,2026-08-28T17:14:30,2026-08-28T17:40:30,MOBILE,ORGANIC
SESSION_000002485,CUSTOMER_000000485,2026-07-12T02:19:35,2026-07-12T02:45:35,DESKTOP,ORGANIC
SESSION_000002486,CUSTOMER_000000486,2026-09-08T00:12:32,2026-09-08T01:29:32,MOBILE,EMAIL
SESSION_000002487,CUSTOMER_000000487,2026-06-21T17:10:51,2026-06-21T18:08:51,MOBILE,ORGANIC
SESSION_000002488,CUSTOMER_000000488,2026-11-23T00:18:45,2026-11-23T00:54:45,MOBILE,DIRECT
SESSION_000002489,CUSTOMER_000000489,2026-07-25T12:06:09,2026-07-25T13:17:09,MOBILE,DIRECT
SESSION_000002490,CUSTOMER_000000490,2026-07-29T16:07:02,2026-07-29T16:44:02,MOBILE,DIRECT
SESSION_000002491,CUSTOMER_000000491,2026-09-13T23:40:36,2026-09-14T00:15:36,MOBILE,ORGANIC
SESSION_000002492,CUSTOMER_000000492,2026-10-28T05:06:35,2026-10-28T06:25:35,MOBILE,ORGANIC
SESSION_000002493,CUSTOMER_000000493,2026-03-04T23:42:43,2026-03-05T00:17:43,MOBILE,DIRECT
SESSION_000002494,CUSTOMER_000000494,2026-09-21T15:54:32,2026-09-21T16:30:32,MOBILE,SOCIAL
SESSION_000002495,CUSTOMER_000000495,2026-01-22T22:24:26,2026-01-22T22:48:26,MOBILE,DIRECT
SESSION_000002496,CUSTOMER_000000496,2026-09-26T16:09:57,2026-09-26T17:15:57,MOBILE,ORGANIC
SESSION_000002497,CUSTOMER_000000497,2026-07-15T21:11:56,2026-07-15T21:32:56,MOBILE,EMAIL
SESSION_000002498,CUSTOMER_000000498,2026-07-12T23:18:26,2026-07-13T00:45:26,TABLET,ORGANIC
SESSION_000002499,CUSTOMER_000000499,2026-09-28T03:59:57,2026-09-28T05:02:57,MOBILE,ORGANIC
SESSION_000002500,CUSTOMER_000000500,2026-06-21T23:27:19,2026-06-22T01:10:19,DESKTOP,ORGANIC
SESSION_000002501,CUSTOMER_000000501,2026-09-20T00:57:33,2026-09-20T01:40:33,MOBILE,ORGANIC
SESSION_000002502,CUSTOMER_000000502,2026-11-03T16:48:48,2026-11-03T17:47:48,MOBILE,ORGANIC
SESSION_000002503,CUSTOMER_000000503,2026-10-13T11:44:44,2026-10-13T13:08:44,DESKTOP,ORGANIC
SESSION_000002504,CUSTOMER_000000504,2026-03-02T04:41:51,2026-03-02T05:28:51,MOBILE,ORGANIC
SESSION_000002505,CUSTOMER_000000505,2026-07-15T19:56:53,2026-07-15T20:52:53,MOBILE,SOCIAL
SESSION_000002506,CUSTOMER_000000506,2026-05-15T07:44:24,2026-05-15T07:48:24,DESKTOP,PAID_SEARCH
SESSION_000002507,CUSTOMER_000000507,2026-01-13T09:53:28,2026-01-13T10:45:28,MOBILE,PAID_SEARCH
SESSION_000002508,CUSTOMER_000000508,2026-04-13T23:52:02,2026-04-14T00:57:02,MOBILE,ORGANIC
SESSION_000002509,CUSTOMER_000000509,2026-02-05T08:33:01,2026-02-05T09:30:01,MOBILE,EMAIL
SESSION_000002510,CUSTOMER_000000510,2026-05-05T18:44:49,2026-05-05T20:30:49,MOBILE,DIRECT
SESSION_000002511,CUSTOMER_000000511,2026-12-17T03:27:30,2026-12-17T03:58:30,MOBILE,PAID_SEARCH
SESSION_000002512,CUSTOMER_000000512,2026-01-11T22:33:56,2026-01-12T00:06:56,DESKTOP,DIRECT
SESSION_000002513,CUSTOMER_000000513,2026-07-16T09:37:02,2026-07-16T11:13:02,MOBILE,DIRECT
SESSION_000002514,CUSTOMER_000000514,2026-02-06T02:59:11,2026-02-06T03:46:11,MOBILE,ORGANIC
SESSION_000002515,CUSTOMER_000000515,2026-12-09T16:55,2026-12-09T17:36,MOBILE,SOCIAL
SESSION_000002516,CUSTOMER_000000516,2026-06-27T15:45:52,2026-06-27T17:28:52,MOBILE,ORGANIC
SESSION_000002517,CUSTOMER_000000517,2026-12-23T08:53:48,2026-12-23T10:35:48,MOBILE,EMAIL
SESSION_000002518,CUSTOMER_000000518,2026-12-12T20:35:25,2026-12-12T22:32:25,DESKTOP,ORGANIC
SESSION_000002519,CUSTOMER_000000519,2026-10-12T02:37:52,2026-10-12T04:07:52,DESKTOP,SOCIAL
SESSION_000002520,CUSTOMER_000000520,2026-03-21T14:03:21,2026-03-21T14:30:21,DESKTOP,EMAIL
SESSION_000002521,CUSTOMER_000000521,2026-09-28T17:16:35,2026-09-28T18:01:35,MOBILE,PAID_SEARCH
SESSION_000002522,CUSTOMER_000000522,2026-12-07T13:40:41,2026-12-07T14:36:41,MOBILE,ORGANIC
SESSION_000002523,CUSTOMER_000000523,2026-05-08T17:49:33,2026-05-08T19:35:33,DESKTOP,ORGANIC
SESSION_000002524,CUSTOMER_000000524,2026-06-26T10:40:38,2026-06-26T11:54:38,MOBILE,DIRECT
SESSION_000002525,CUSTOMER_000000525,2026-07-15T19:41:56,2026-07-15T20:09:56,MOBILE,PAID_SEARCH
SESSION_000002526,CUSTOMER_000000526,2026-03-29T22:48:31,2026-03-29T23:13:31,MOBILE,ORGANIC
SESSION_000002527,CUSTOMER_000000527,2026-01-09T19:19:59,2026-01-09T19:58:59,DESKTOP,ORGANIC
SESSION_000002528,CUSTOMER_000000528,2026-11-12T05:15:31,2026-11-12T05:51:31,MOBILE,DIRECT
SESSION_000002529,CUSTOMER_000000529,2026-11-20T22:49:43,2026-11-20T22:53:43,MOBILE,PAID_SEARCH
SESSION_000002530,CUSTOMER_000000530,2026-03-09T21:53:18,2026-03-09T22:33:18,MOBILE,ORGANIC
SESSION_000002531,CUSTOMER_000000531,2026-04-17T12:30:08,2026-04-17T13:29:08,MOBILE,SOCIAL
SESSION_000002532,CUSTOMER_000000532,2026-12-16T22:00:13,2026-12-16T23:11:13,DESKTOP,DIRECT
SESSION_000002533,CUSTOMER_000000533,2026-01-08T00:33:32,2026-01-08T01:57:32,MOBILE,DIRECT
SESSION_000002534,CUSTOMER_000000534,2026-05-07T17:21:54,2026-05-07T18:54:54,DESKTOP,PAID_SEARCH
SESSION_000002535,CUSTOMER_000000535,2026-01-07T17:25:13,2026-01-07T19:20:13,MOBILE,ORGANIC
SESSION_000002536,CUSTOMER_000000536,2026-12-07T04:04:38,2026-12-07T05:13:38,MOBILE,ORGANIC
SESSION_000002537,CUSTOMER_000000537,2026-05-02T20:47:30,2026-05-02T21:50:30,MOBILE,ORGANIC
SESSION_000002538,CUSTOMER_000000538,2026-04-17T05:52:42,2026-04-17T06:12:42,MOBILE,SOCIAL
SESSION_000002539,CUSTOMER_000000539,2026-10-10T19:00:33,2026-10-10T20:14:33,MOBILE,DIRECT
SESSION_000002540,CUSTOMER_000000540,2026-05-11T10:21:20,2026-05-11T10:49:20,DESKTOP,SOCIAL
SESSION_000002541,CUSTOMER_000000541,2026-03-19T10:53:53,2026-03-19T11:53:53,MOBILE,SOCIAL
SESSION_000002542,CUSTOMER_000000542,2026-05-04T05:38:59,2026-05-04T06:49:59,MOBILE,SOCIAL
SESSION_000002543,CUSTOMER_000000543,2026-03-08T00:35:56,2026-03-08T00:51:56,MOBILE,ORGANIC
SESSION_000002544,CUSTOMER_000000544,2026-11-19T11:25:50,2026-11-19T13:14:50,MOBILE,ORGANIC
SESSION_000002545,CUSTOMER_000000545,2026-04-16T17:10:38,2026-04-16T18:45:38,DESKTOP,ORGANIC
SESSION_000002546,CUSTOMER_000000546,2026-05-15T14:20:24,2026-05-15T15:55:24,DESKTOP,SOCIAL
SESSION_000002547,CUSTOMER_000000547,2026-05-21T13:57:13,2026-05-21T15:39:13,MOBILE,PAID_SEARCH
SESSION_000002548,CUSTOMER_000000548,2026-09-17T17:12:19,2026-09-17T17:42:19,MOBILE,ORGANIC
SESSION_000002549,CUSTOMER_000000549,2026-04-04T07:25:20,2026-04-04T08:45:20,TABLET,SOCIAL
SESSION_000002550,CUSTOMER_000000550,2026-06-13T03:50:57,2026-06-13T04:51:57,MOBILE,SOCIAL
SESSION_000002551,CUSTOMER_000000551,2026-09-22T15:23:21,2026-09-22T16:00:21,MOBILE,ORGANIC
SESSION_000002552,CUSTOMER_000000552,2026-01-02T03:36:47,2026-01-02T05:09:47,MOBILE,ORGANIC
SESSION_000002553,CUSTOMER_000000553,2026-02-25T22:20:41,2026-02-26T00:12:41,TABLET,PAID_SEARCH
SESSION_000002554,CUSTOMER_000000554,2026-05-20T18:10:14,2026-05-20T18:37:14,MOBILE,SOCIAL
SESSION_000002555,CUSTOMER_000000555,2026-11-16T23:35:07,2026-11-16T23:51:07,MOBILE,ORGANIC
SESSION_000002556,CUSTOMER_000000556,2026-06-10T13:32:22,2026-06-10T13:53:22,MOBILE,EMAIL
SESSION_000002557,CUSTOMER_000000557,2026-12-20T03:12:22,2026-12-20T04:17:22,MOBILE,EMAIL
SESSION_000002558,CUSTOMER_000000558,2026-09-20T07:52:43,2026-09-20T08:22:43,MOBILE,DIRECT
SESSION_000002559,CUSTOMER_000000559,2026-10-23T07:58:01,2026-10-23T08:23:01,MOBILE,DIRECT
SESSION_000002560,CUSTOMER_000000560,2026-09-14T14:37:48,2026-09-14T15:08:48,MOBILE,SOCIAL
SESSION_000002561,CUSTOMER_000000561,2026-09-09T23:12:16,2026-09-10T00:01:16,MOBILE,PAID_SEARCH
SESSION_000002562,CUSTOMER_000000562,2026-06-12T11:08:55,2026-06-12T13:00:55,DESKTOP,PAID_SEARCH
SESSION_000002563,CUSTOMER_000000563,2026-03-28T11:11:26,2026-03-28T11:49:26,MOBILE,SOCIAL
SESSION_000002564,CUSTOMER_000000564,2026-07-19T20:12:20,2026-07-19T21:06:20,MOBILE,PAID_SEARCH
SESSION_000002565,CUSTOMER_000000565,2026-01-05T17:27:06,2026-01-05T18:32:06,DESKTOP,ORGANIC
SESSION_000002566,CUSTOMER_000000566,2026-07-27T00:56:07,2026-07-27T02:26:07,MOBILE,ORGANIC
SESSION_000002567,CUSTOMER_000000567,2026-02-27T10:41:56,2026-02-27T10:48:56,MOBILE,ORGANIC
SESSION_000002568,CUSTOMER_000000568,2026-12-28T16:57:32,2026-12-28T18:53:32,MOBILE,ORGANIC
SESSION_000002569,CUSTOMER_000000569,2026-07-17T12:51:15,2026-07-17T13:01:15,MOBILE,DIRECT
SESSION_000002570,CUSTOMER_000000570,2026-03-30T11:08:13,2026-03-30T11:37:13,MOBILE,ORGANIC
SESSION_000002571,CUSTOMER_000000571,2026-11-17T06:55:45,2026-11-17T07:43:45,MOBILE,ORGANIC
SESSION_000002572,CUSTOMER_000000572,2026-04-17T07:29,2026-04-17T09:09,MOBILE,PAID_SEARCH
SESSION_000002573,CUSTOMER_000000573,2026-12-10T00:07:25,2026-12-10T01:05:25,DESKTOP,DIRECT
SESSION_000002574,CUSTOMER_000000574,2026-08-14T08:28:06,2026-08-14T09:58:06,MOBILE,ORGANIC
SESSION_000002575,CUSTOMER_000000575,2026-12-17T20:46:58,2026-12-17T21:38:58,MOBILE,ORGANIC
SESSION_000002576,CUSTOMER_000000576,2026-11-08T18:51:09,2026-11-08T19:16:09,MOBILE,ORGANIC
SESSION_000002577,CUSTOMER_000000577,2026-05-02T23:04:06,2026-05-03T00:37:06,MOBILE,PAID_SEARCH
SESSION_000002578,CUSTOMER_000000578,2026-05-08T07:25:46,2026-05-08T08:48:46,MOBILE,PAID_SEARCH
SESSION_000002579,CUSTOMER_000000579,2026-08-02T00:36:46,2026-08-02T00:47:46,MOBILE,DIRECT
SESSION_000002580,CUSTOMER_000000580,2026-03-20T06:32:20,2026-03-20T07:28:20,DESKTOP,DIRECT
SESSION_000002581,CUSTOMER_000000581,2026-04-22T01:34:24,2026-04-22T02:04:24,MOBILE,REFERRAL
SESSION_000002582,CUSTOMER_000000582,2026-05-07T09:20:25,2026-05-07T10:42:25,DESKTOP,PAID_SEARCH
SESSION_000002583,CUSTOMER_000000583,2026-05-22T11:05:55,2026-05-22T11:20:55,DESKTOP,SOCIAL
SESSION_000002584,CUSTOMER_000000584,2026-08-13T08:55:24,2026-08-13T10:16:24,DESKTOP,SOCIAL
SESSION_000002585,CUSTOMER_000000585,2026-08-31T10:43:17,2026-08-31T12:36:17,DESKTOP,EMAIL
SESSION_000002586,CUSTOMER_000000586,2026-08-27T18:50:55,2026-08-27T20:06:55,MOBILE,EMAIL
SESSION_000002587,CUSTOMER_000000587,2026-10-09T11:26:16,2026-10-09T12:03:16,MOBILE,PAID_SEARCH
SESSION_000002588,CUSTOMER_000000588,2026-11-18T23:18:22,2026-11-18T23:31:22,MOBILE,EMAIL
SESSION_000002589,CUSTOMER_000000589,2026-08-11T22:47:51,2026-08-11T23:00:51,DESKTOP,SOCIAL
SESSION_000002590,CUSTOMER_000000590,2026-07-29T09:03:27,2026-07-29T10:05:27,TABLET,EMAIL
SESSION_000002591,CUSTOMER_000000591,2026-07-25T17:00:18,2026-07-25T17:38:18,MOBILE,ORGANIC
SESSION_000002592,CUSTOMER_000000592,2026-11-11T13:25:35,2026-11-11T14:25:35,MOBILE,DIRECT
SESSION_000002593,CUSTOMER_000000593,2026-10-11T10:56:44,2026-10-11T11:16:44,MOBILE,SOCIAL
SESSION_000002594,CUSTOMER_000000594,2026-01-24T13:09:52,2026-01-24T14:51:52,DESKTOP,SOCIAL
SESSION_000002595,CUSTOMER_000000595,2026-12-01T10:49:08,2026-12-01T12:32:08,MOBILE,SOCIAL
SESSION_000002596,CUSTOMER_000000596,2026-04-30T17:51:07,2026-04-30T19:51:07,MOBILE,SOCIAL
SESSION_000002597,CUSTOMER_000000597,2026-08-18T07:33:11,2026-08-18T08:55:11,DESKTOP,EMAIL
SESSION_000002598,CUSTOMER_000000598,2026-07-27T00:41:25,2026-07-27T01:13:25,DESKTOP,EMAIL
SESSION_000002599,CUSTOMER_000000599,2026-07-04T21:30:53,2026-07-04T22:52:53,MOBILE,PAID_SEARCH
SESSION_000002600,CUSTOMER_000000600,2026-09-29T02:14:31,2026-09-29T02:28:31,MOBILE,ORGANIC
SESSION_000002601,CUSTOMER_000000601,2026-03-09T06:29:08,2026-03-09T08:22:08,MOBILE,EMAIL
SESSION_000002602,CUSTOMER_000000602,2026-02-21T09:30:31,2026-02-21T10:55:31,MOBILE,ORGANIC
SESSION_000002603,CUSTOMER_000000603,2026-12-24T17:36:40,2026-12-24T17:39:40,MOBILE,EMAIL
SESSION_000002604,CUSTOMER_000000604,2026-05-13T07:30:23,2026-05-13T08:38:23,MOBILE,ORGANIC
SESSION_000002605,CUSTOMER_000000605,2026-11-09T21:35:37,2026-11-09T23:16:37,MOBILE,PAID_SEARCH
SESSION_000002606,CUSTOMER_000000606,2026-09-14T09:31:46,2026-09-14T11:15:46,MOBILE,ORGANIC
SESSION_000002607,CUSTOMER_000000607,2026-12-09T07:18:49,2026-12-09T09:05:49,DESKTOP,DIRECT
SESSION_000002608,CUSTOMER_000000608,2026-06-18T18:21:50,2026-06-18T19:38:50,MOBILE,PAID_SEARCH
SESSION_000002609,CUSTOMER_000000609,2026-06-20T03:36:16,2026-06-20T05:23:16,TABLET,EMAIL
SESSION_000002610,CUSTOMER_000000610,2026-12-15T01:37:03,2026-12-15T03:03:03,DESKTOP,ORGANIC
SESSION_000002611,CUSTOMER_000000611,2026-06-16T16:12:37,2026-06-16T17:15:37,MOBILE,DIRECT
SESSION_000002612,CUSTOMER_000000612,2026-10-23T18:50:52,2026-10-23T19:03:52,DESKTOP,ORGANIC
SESSION_000002613,CUSTOMER_000000613,2026-11-14T04:03:20,2026-11-14T04:16:20,MOBILE,DIRECT
SESSION_000002614,CUSTOMER_000000614,2026-06-01T10:09:23,2026-06-01T11:57:23,TABLET,SOCIAL
SESSION_000002615,CUSTOMER_000000615,2026-08-05T06:11:08,2026-08-05T07:39:08,DESKTOP,PAID_SEARCH
SESSION_000002616,CUSTOMER_000000616,2026-05-23T16:29:33,2026-05-23T17:14:33,TABLET,SOCIAL
SESSION_000002617,CUSTOMER_000000617,2026-07-08T00:25:31,2026-07-08T01:53:31,MOBILE,DIRECT
SESSION_000002618,CUSTOMER_000000618,2026-06-25T03:25:11,2026-06-25T04:36:11,TABLET,ORGANIC
SESSION_000002619,CUSTOMER_000000619,2026-09-21T19:52:51,2026-09-21T21:25:51,TABLET,ORGANIC
SESSION_000002620,CUSTOMER_000000620,2026-07-25T01:03:26,2026-07-25T03:02:26,MOBILE,SOCIAL
SESSION_000002621,CUSTOMER_000000621,2026-02-19T12:07:14,2026-02-19T13:39:14,MOBILE,PAID_SEARCH
SESSION_000002622,CUSTOMER_000000622,2026-07-27T05:59:55,2026-07-27T06:37:55,MOBILE,SOCIAL
SESSION_000002623,CUSTOMER_000000623,2026-02-17T08:06:43,2026-02-17T09:14:43,TABLET,ORGANIC
SESSION_000002624,CUSTOMER_000000624,2026-01-04T01:06:07,2026-01-04T02:25:07,MOBILE,SOCIAL
SESSION_000002625,CUSTOMER_000000625,2026-10-21T21:48:10,2026-10-21T21:51:10,TABLET,DIRECT
SESSION_000002626,CUSTOMER_000000626,2026-05-24T11:34:34,2026-05-24T13:05:34,DESKTOP,REFERRAL
SESSION_000002627,CUSTOMER_000000627,2026-01-19T03:45:19,2026-01-19T05:05:19,MOBILE,SOCIAL
SESSION_000002628,CUSTOMER_000000628,2026-12-03T10:57:22,2026-12-03T12:23:22,MOBILE,ORGANIC
SESSION_000002629,CUSTOMER_000000629,2026-03-31T12:42:49,2026-03-31T14:34:49,MOBILE,PAID_SEARCH
SESSION_000002630,CUSTOMER_000000630,2026-12-16T00:57:51,2026-12-16T01:15:51,MOBILE,PAID_SEARCH
SESSION_000002631,CUSTOMER_000000631,2026-09-21T04:46:21,2026-09-21T06:29:21,MOBILE,PAID_SEARCH
SESSION_000002632,CUSTOMER_000000632,2026-03-03T18:21:21,2026-03-03T20:21:21,DESKTOP,ORGANIC
SESSION_000002633,CUSTOMER_000000633,2026-06-28T03:58:42,2026-06-28T05:18:42,MOBILE,EMAIL
SESSION_000002634,CUSTOMER_000000634,2026-06-04T00:07:29,2026-06-04T01:06:29,MOBILE,DIRECT
SESSION_000002635,CUSTOMER_000000635,2026-04-08T07:02:49,2026-04-08T09:00:49,DESKTOP,PAID_SEARCH
SESSION_000002636,CUSTOMER_000000636,2026-09-10T09:15:47,2026-09-10T09:32:47,MOBILE,ORGANIC
SESSION_000002637,CUSTOMER_000000637,2026-03-26T19:05:18,2026-03-26T19:34:18,MOBILE,DIRECT
SESSION_000002638,CUSTOMER_000000638,2026-04-04T07:19:34,2026-04-04T08:57:34,MOBILE,ORGANIC
SESSION_000002639,CUSTOMER_000000639,2026-01-15T14:16:34,2026-01-15T14:39:34,DESKTOP,ORGANIC
SESSION_000002640,CUSTOMER_000000640,2026-01-04T04:05:26,2026-01-04T05:49:26,DESKTOP,SOCIAL
SESSION_000002641,CUSTOMER_000000641,2026-10-07T16:37:52,2026-10-07T18:25:52,MOBILE,SOCIAL
SESSION_000002642,CUSTOMER_000000642,2026-03-06T00:56:49,2026-03-06T02:11:49,MOBILE,ORGANIC
SESSION_000002643,CUSTOMER_000000643,2026-07-26T10:49:04,2026-07-26T11:59:04,MOBILE,PAID_SEARCH
SESSION_000002644,CUSTOMER_000000644,2026-05-26T11:25:42,2026-05-26T12:30:42,MOBILE,ORGANIC
SESSION_000002645,CUSTOMER_000000645,2026-10-03T07:15:22,2026-10-03T08:20:22,DESKTOP,PAID_SEARCH
SESSION_000002646,CUSTOMER_000000646,2026-08-21T15:01:32,2026-08-21T16:41:32,DESKTOP,DIRECT
SESSION_000002647,CUSTOMER_000000647,2026-04-22T19:49:36,2026-04-22T21:18:36,MOBILE,PAID_SEARCH
SESSION_000002648,CUSTOMER_000000648,2026-03-22T19:48:20,2026-03-22T21:36:20,MOBILE,DIRECT
SESSION_000002649,CUSTOMER_000000649,2026-06-27T09:51:01,2026-06-27T10:59:01,MOBILE,ORGANIC
SESSION_000002650,CUSTOMER_000000650,2026-09-24T02:04:38,2026-09-24T04:01:38,TABLET,SOCIAL
SESSION_000002651,CUSTOMER_000000651,2026-06-26T22:29:17,2026-06-27T00:08:17,MOBILE,SOCIAL
SESSION_000002652,CUSTOMER_000000652,2026-03-06T05:41:34,2026-03-06T06:14:34,DESKTOP,PAID_SEARCH
SESSION_000002653,CUSTOMER_000000653,2026-11-07T03:23,2026-11-07T05:07,MOBILE,ORGANIC
SESSION_000002654,CUSTOMER_000000654,2026-11-26T21:43:25,2026-11-26T22:43:25,DESKTOP,SOCIAL
SESSION_000002655,CUSTOMER_000000655,2026-01-12T06:51:31,2026-01-12T07:30:31,MOBILE,DIRECT
SESSION_000002656,CUSTOMER_000000656,2026-05-02T14:27:35,2026-05-02T14:56:35,TABLET,SOCIAL
SESSION_000002657,CUSTOMER_000000657,2026-03-26T13:58:14,2026-03-26T15:15:14,MOBILE,ORGANIC
SESSION_000002658,CUSTOMER_000000658,2026-11-25T05:11:57,2026-11-25T06:41:57,DESKTOP,ORGANIC
SESSION_000002659,CUSTOMER_000000659,2026-03-20T03:08:15,2026-03-20T03:40:15,DESKTOP,ORGANIC
SESSION_000002660,CUSTOMER_000000660,2026-02-13T13:34:13,2026-02-13T15:28:13,DESKTOP,SOCIAL
SESSION_000002661,CUSTOMER_000000661,2026-01-13T21:18:23,2026-01-13T22:29:23,MOBILE,ORGANIC
SESSION_000002662,CUSTOMER_000000662,2026-05-07T17:44:52,2026-05-07T18:39:52,MOBILE,ORGANIC
SESSION_000002663,CUSTOMER_000000663,2026-05-21T14:32:30,2026-05-21T16:16:30,MOBILE,ORGANIC
SESSION_000002664,CUSTOMER_000000664,2026-03-04T00:57:43,2026-03-04T02:57:43,DESKTOP,SOCIAL
SESSION_000002665,CUSTOMER_000000665,2026-03-28T09:27:38,2026-03-28T11:12:38,DESKTOP,ORGANIC
SESSION_000002666,CUSTOMER_000000666,2026-06-27T20:41:50,2026-06-27T21:30:50,MOBILE,ORGANIC
SESSION_000002667,CUSTOMER_000000667,2026-09-29T19:32:22,2026-09-29T19:46:22,DESKTOP,SOCIAL
SESSION_000002668,CUSTOMER_000000668,2026-10-10T11:45:25,2026-10-10T12:19:25,DESKTOP,SOCIAL
SESSION_000002669,CUSTOMER_000000669,2026-12-08T02:29:57,2026-12-08T02:33:57,MOBILE,SOCIAL
SESSION_000002670,CUSTOMER_000000670,2026-07-31T00:43:50,2026-07-31T01:00:50,MOBILE,PAID_SEARCH
SESSION_000002671,CUSTOMER_000000671,2026-08-26T18:52:07,2026-08-26T20:39:07,MOBILE,REFERRAL
SESSION_000002672,CUSTOMER_000000672,2026-03-18T11:45:45,2026-03-18T13:19:45,DESKTOP,SOCIAL
SESSION_000002673,CUSTOMER_000000673,2026-10-07T12:23:10,2026-10-07T14:05:10,MOBILE,EMAIL
SESSION_000002674,CUSTOMER_000000674,2026-07-23T09:38:05,2026-07-23T11:37:05,DESKTOP,SOCIAL
SESSION_000002675,CUSTOMER_000000675,2026-12-24T10:30:50,2026-12-24T12:07:50,DESKTOP,ORGANIC
SESSION_000002676,CUSTOMER_000000676,2026-01-13T13:42:19,2026-01-13T14:31:19,MOBILE,SOCIAL
SESSION_000002677,CUSTOMER_000000677,2026-04-14T11:45:44,2026-04-14T13:24:44,MOBILE,SOCIAL
SESSION_000002678,CUSTOMER_000000678,2026-03-23T01:13:58,2026-03-23T02:16:58,MOBILE,ORGANIC
SESSION_000002679,CUSTOMER_000000679,2026-03-03T17:12:25,2026-03-03T17:53:25,MOBILE,PAID_SEARCH
SESSION_000002680,CUSTOMER_000000680,2026-04-01T13:55:50,2026-04-01T15:25:50,DESKTOP,PAID_SEARCH
SESSION_000002681,CUSTOMER_000000681,2026-04-24T18:13:30,2026-04-24T18:31:30,MOBILE,PAID_SEARCH
SESSION_000002682,CUSTOMER_000000682,2026-02-24T09:02:52,2026-02-24T10:51:52,MOBILE,REFERRAL
SESSION_000002683,CUSTOMER_000000683,2026-12-01T21:41:31,2026-12-01T23:20:31,DESKTOP,SOCIAL
SESSION_000002684,CUSTOMER_000000684,2026-12-31T06:55:42,2026-12-31T08:53:42,DESKTOP,ORGANIC
SESSION_000002685,CUSTOMER_000000685,2026-08-22T02:37:07,2026-08-22T02:55:07,MOBILE,DIRECT
SESSION_000002686,CUSTOMER_000000686,2026-09-15T15:30:22,2026-09-15T16:44:22,MOBILE,ORGANIC
SESSION_000002687,CUSTOMER_000000687,2026-10-06T19:55:26,2026-10-06T21:22:26,MOBILE,ORGANIC
SESSION_000002688,CUSTOMER_000000688,2026-09-02T15:06:39,2026-09-02T15:41:39,DESKTOP,ORGANIC
SESSION_000002689,CUSTOMER_000000689,2026-11-05T14:48:09,2026-11-05T15:54:09,MOBILE,ORGANIC
SESSION_000002690,CUSTOMER_000000690,2026-04-12T21:57:55,2026-04-12T22:07:55,DESKTOP,ORGANIC
SESSION_000002691,CUSTOMER_000000691,2026-06-09T16:31:26,2026-06-09T18:11:26,MOBILE,REFERRAL
SESSION_000002692,CUSTOMER_000000692,2026-10-28T15:44:36,2026-10-28T15:56:36,MOBILE,ORGANIC
SESSION_000002693,CUSTOMER_000000693,2026-09-05T17:54:28,2026-09-05T18:44:28,DESKTOP,PAID_SEARCH
SESSION_000002694,CUSTOMER_000000694,2026-09-13T06:35:19,2026-09-13T08:27:19,MOBILE,PAID_SEARCH
SESSION_000002695,CUSTOMER_000000695,2026-12-26T19:50:15,2026-12-26T20:18:15,DESKTOP,ORGANIC
SESSION_000002696,CUSTOMER_000000696,2026-09-30T07:47:52,2026-09-30T08:22:52,MOBILE,ORGANIC
SESSION_000002697,CUSTOMER_000000697,2026-06-02T00:30:06,2026-06-02T00:56:06,MOBILE,PAID_SEARCH
SESSION_000002698,CUSTOMER_000000698,2026-04-25T19:51:02,2026-04-25T20:55:02,MOBILE,ORGANIC
SESSION_000002699,CUSTOMER_000000699,2026-07-08T17:29:13,2026-07-08T18:14:13,TABLET,PAID_SEARCH
SESSION_000002700,CUSTOMER_000000700,2026-10-17T00:23:51,2026-10-17T01:03:51,MOBILE,EMAIL
SESSION_000002701,CUSTOMER_000000701,2026-03-28T17:14:45,2026-03-28T19:12:45,DESKTOP,ORGANIC
SESSION_000002702,CUSTOMER_000000702,2026-10-16T01:30:55,2026-10-16T02:53:55,MOBILE,DIRECT
SESSION_000002703,CUSTOMER_000000703,2026-07-17T10:50:29,2026-07-17T11:44:29,MOBILE,PAID_SEARCH
SESSION_000002704,CUSTOMER_000000704,2026-06-16T06:57:59,2026-06-16T07:02:59,MOBILE,SOCIAL
SESSION_000002705,CUSTOMER_000000705,2026-01-28T02:26:53,2026-01-28T03:35:53,MOBILE,ORGANIC
SESSION_000002706,CUSTOMER_000000706,2026-08-12T20:10,2026-08-12T21:50,MOBILE,ORGANIC
SESSION_000002707,CUSTOMER_000000707,2026-06-17T14:08:13,2026-06-17T15:59:13,MOBILE,EMAIL
SESSION_000002708,CUSTOMER_000000708,2026-01-27T05:53:45,2026-01-27T07:19:45,MOBILE,SOCIAL
SESSION_000002709,CUSTOMER_000000709,2026-05-11T00:45:10,2026-05-11T02:44:10,DESKTOP,EMAIL
SESSION_000002710,CUSTOMER_000000710,2026-08-20T23:12:57,2026-08-20T23:55:57,DESKTOP,PAID_SEARCH
SESSION_000002711,CUSTOMER_000000711,2026-01-04T08:47:38,2026-01-04T10:24:38,MOBILE,PAID_SEARCH
SESSION_000002712,CUSTOMER_000000712,2026-05-10T21:33:04,2026-05-10T21:56:04,TABLET,EMAIL
SESSION_000002713,CUSTOMER_000000713,2026-10-12T19:21:31,2026-10-12T20:02:31,DESKTOP,EMAIL
SESSION_000002714,CUSTOMER_000000714,2026-01-03T02:35:23,2026-01-03T02:39:23,MOBILE,PAID_SEARCH
SESSION_000002715,CUSTOMER_000000715,2026-03-05T08:03:36,2026-03-05T09:44:36,MOBILE,DIRECT
SESSION_000002716,CUSTOMER_000000716,2026-11-29T19:30:18,2026-11-29T20:05:18,DESKTOP,ORGANIC
SESSION_000002717,CUSTOMER_000000717,2026-05-13T09:09:43,2026-05-13T09:27:43,MOBILE,SOCIAL
SESSION_000002718,CUSTOMER_000000718,2026-06-08T21:12:54,2026-06-08T23:11:54,MOBILE,ORGANIC
SESSION_000002719,CUSTOMER_000000719,2026-05-08T05:49:06,2026-05-08T06:58:06,TABLET,ORGANIC
SESSION_000002720,CUSTOMER_000000720,2026-12-08T05:21:54,2026-12-08T06:57:54,MOBILE,ORGANIC
SESSION_000002721,CUSTOMER_000000721,2026-03-20T05:15:33,2026-03-20T06:08:33,DESKTOP,SOCIAL
SESSION_000002722,CUSTOMER_000000722,2026-05-30T18:39:30,2026-05-30T19:53:30,MOBILE,EMAIL
SESSION_000002723,CUSTOMER_000000723,2026-04-17T21:33:44,2026-04-17T22:35:44,MOBILE,ORGANIC
SESSION_000002724,CUSTOMER_000000724,2026-04-23T08:30:10,2026-04-23T09:33:10,MOBILE,SOCIAL
SESSION_000002725,CUSTOMER_000000725,2026-01-12T02:51:47,2026-01-12T04:50:47,MOBILE,PAID_SEARCH
SESSION_000002726,CUSTOMER_000000726,2026-01-29T19:01:33,2026-01-29T19:46:33,MOBILE,PAID_SEARCH
SESSION_000002727,CUSTOMER_000000727,2026-05-29T13:30:19,2026-05-29T14:04:19,MOBILE,ORGANIC
SESSION_000002728,CUSTOMER_000000728,2026-02-06T14:16:13,2026-02-06T14:53:13,MOBILE,PAID_SEARCH
SESSION_000002729,CUSTOMER_000000729,2026-12-21T12:54:15,2026-12-21T14:20:15,MOBILE,REFERRAL
SESSION_000002730,CUSTOMER_000000730,2026-04-26T23:01:04,2026-04-27T01:01:04,MOBILE,ORGANIC
SESSION_000002731,CUSTOMER_000000731,2026-08-08T15:05:56,2026-08-08T16:16:56,MOBILE,ORGANIC
SESSION_000002732,CUSTOMER_000000732,2026-08-23T04:53:47,2026-08-23T05:37:47,DESKTOP,ORGANIC
SESSION_000002733,CUSTOMER_000000733,2026-06-17T05:29:51,2026-06-17T06:40:51,MOBILE,PAID_SEARCH
SESSION_000002734,CUSTOMER_000000734,2026-08-10T21:17:42,2026-08-10T21:28:42,MOBILE,SOCIAL
SESSION_000002735,CUSTOMER_000000735,2026-05-03T06:45:30,2026-05-03T07:03:30,MOBILE,SOCIAL
SESSION_000002736,CUSTOMER_000000736,2026-03-04T00:21:33,2026-03-04T01:26:33,MOBILE,PAID_SEARCH
SESSION_000002737,CUSTOMER_000000737,2026-04-22T08:00:15,2026-04-22T10:00:15,MOBILE,DIRECT
SESSION_000002738,CUSTOMER_000000738,2026-03-06T14:57:16,2026-03-06T15:11:16,TABLET,EMAIL
SESSION_000002739,CUSTOMER_000000739,2026-02-02T13:52:46,2026-02-02T14:09:46,MOBILE,SOCIAL
SESSION_000002740,CUSTOMER_000000740,2026-02-17T15:54:16,2026-02-17T17:13:16,TABLET,DIRECT
SESSION_000002741,CUSTOMER_000000741,2026-11-08T21:24:22,2026-11-08T21:36:22,MOBILE,ORGANIC
SESSION_000002742,CUSTOMER_000000742,2026-04-10T09:17:05,2026-04-10T09:53:05,MOBILE,ORGANIC
SESSION_000002743,CUSTOMER_000000743,2026-11-14T16:46:32,2026-11-14T17:25:32,MOBILE,SOCIAL
SESSION_000002744,CUSTOMER_000000744,2026-05-16T12:01:49,2026-05-16T12:59:49,MOBILE,ORGANIC
SESSION_000002745,CUSTOMER_000000745,2026-03-22T17:56:09,2026-03-22T19:19:09,MOBILE,EMAIL
SESSION_000002746,CUSTOMER_000000746,2026-07-26T11:03:02,2026-07-26T12:45:02,DESKTOP,ORGANIC
SESSION_000002747,CUSTOMER_000000747,2026-02-01T23:14:12,2026-02-02T00:28:12,DESKTOP,ORGANIC
SESSION_000002748,CUSTOMER_000000748,2026-06-29T04:38:19,2026-06-29T06:02:19,MOBILE,PAID_SEARCH
SESSION_000002749,CUSTOMER_000000749,2026-05-20T20:37:30,2026-05-20T21:12:30,MOBILE,ORGANIC
SESSION_000002750,CUSTOMER_000000750,2026-07-01T03:33:31,2026-07-01T04:13:31,MOBILE,DIRECT
SESSION_000002751,CUSTOMER_000000751,2026-08-20T04:35:01,2026-08-20T05:19:01,MOBILE,EMAIL
SESSION_000002752,CUSTOMER_000000752,2026-05-06T04:58:55,2026-05-06T05:47:55,MOBILE,PAID_SEARCH
SESSION_000002753,CUSTOMER_000000753,2026-11-15T04:37:08,2026-11-15T06:32:08,DESKTOP,EMAIL
SESSION_000002754,CUSTOMER_000000754,2026-10-01T22:06:46,2026-10-01T23:36:46,MOBILE,PAID_SEARCH
SESSION_000002755,CUSTOMER_000000755,2026-12-13T08:25:41,2026-12-13T08:29:41,MOBILE,PAID_SEARCH
SESSION_000002756,CUSTOMER_000000756,2026-07-04T19:42:50,2026-07-04T20:06:50,MOBILE,DIRECT
SESSION_000002757,CUSTOMER_000000757,2026-08-02T23:03:29,2026-08-02T23:05:29,MOBILE,EMAIL
SESSION_000002758,CUSTOMER_000000758,2026-01-22T18:38:02,2026-01-22T19:05:02,MOBILE,EMAIL
SESSION_000002759,CUSTOMER_000000759,2026-02-20T09:45:11,2026-02-20T11:00:11,MOBILE,ORGANIC
SESSION_000002760,CUSTOMER_000000760,2026-07-14T14:01:06,2026-07-14T14:42:06,MOBILE,PAID_SEARCH
SESSION_000002761,CUSTOMER_000000761,2026-12-14T11:16:01,2026-12-14T12:17:01,DESKTOP,REFERRAL
SESSION_000002762,CUSTOMER_000000762,2026-08-13T11:21:03,2026-08-13T12:30:03,DESKTOP,ORGANIC
SESSION_000002763,CUSTOMER_000000763,2026-01-06T09:29:06,2026-01-06T09:30:06,DESKTOP,REFERRAL
SESSION_000002764,CUSTOMER_000000764,2026-09-13T01:52:36,2026-09-13T03:24:36,MOBILE,ORGANIC
SESSION_000002765,CUSTOMER_000000765,2026-01-26T15:08:57,2026-01-26T16:27:57,MOBILE,PAID_SEARCH
SESSION_000002766,CUSTOMER_000000766,2026-08-10T14:44:48,2026-08-10T15:56:48,MOBILE,ORGANIC
SESSION_000002767,CUSTOMER_000000767,2026-07-25T17:42:52,2026-07-25T19:35:52,MOBILE,ORGANIC
SESSION_000002768,CUSTOMER_000000768,2026-11-05T09:29:18,2026-11-05T10:07:18,DESKTOP,DIRECT
SESSION_000002769,CUSTOMER_000000769,2026-09-08T03:09:10,2026-09-08T04:40:10,MOBILE,PAID_SEARCH
SESSION_000002770,CUSTOMER_000000770,2026-01-24T19:01:18,2026-01-24T20:24:18,MOBILE,EMAIL
SESSION_000002771,CUSTOMER_000000771,2026-01-19T01:25:31,2026-01-19T03:11:31,DESKTOP,DIRECT
SESSION_000002772,CUSTOMER_000000772,2026-04-26T22:15:27,2026-04-26T23:08:27,MOBILE,SOCIAL
SESSION_000002773,CUSTOMER_000000773,2026-04-25T16:38:54,2026-04-25T17:42:54,DESKTOP,EMAIL
SESSION_000002774,CUSTOMER_000000774,2026-05-23T05:41:32,2026-05-23T06:21:32,MOBILE,EMAIL
SESSION_000002775,CUSTOMER_000000775,2026-01-13T04:32:38,2026-01-13T04:34:38,DESKTOP,SOCIAL
SESSION_000002776,CUSTOMER_000000776,2026-05-15T18:50:03,2026-05-15T19:30:03,MOBILE,PAID_SEARCH
SESSION_000002777,CUSTOMER_000000777,2026-01-26T01:14:50,2026-01-26T01:19:50,MOBILE,EMAIL
SESSION_000002778,CUSTOMER_000000778,2026-05-22T12:20:56,2026-05-22T13:47:56,MOBILE,DIRECT
SESSION_000002779,CUSTOMER_000000779,2026-03-08T03:32:58,2026-03-08T04:39:58,DESKTOP,ORGANIC
SESSION_000002780,CUSTOMER_000000780,2026-06-22T06:40:37,2026-06-22T08:27:37,MOBILE,PAID_SEARCH
SESSION_000002781,CUSTOMER_000000781,2026-07-06T09:36:14,2026-07-06T10:21:14,MOBILE,ORGANIC
SESSION_000002782,CUSTOMER_000000782,2026-03-19T21:15:54,2026-03-19T23:01:54,MOBILE,ORGANIC
SESSION_000002783,CUSTOMER_000000783,2026-08-28T05:29:39,2026-08-28T05:39:39,MOBILE,REFERRAL
SESSION_000002784,CUSTOMER_000000784,2026-04-24T02:37:19,2026-04-24T03:10:19,MOBILE,PAID_SEARCH
SESSION_000002785,CUSTOMER_000000785,2026-10-01T15:33:44,2026-10-01T17:28:44,DESKTOP,EMAIL
SESSION_000002786,CUSTOMER_000000786,2026-09-02T03:58:42,2026-09-02T04:19:42,DESKTOP,ORGANIC
SESSION_000002787,CUSTOMER_000000787,2026-06-22T19:17:25,2026-06-22T21:16:25,MOBILE,SOCIAL
SESSION_000002788,CUSTOMER_000000788,2026-02-11T14:49:47,2026-02-11T15:53:47,MOBILE,EMAIL
SESSION_000002789,CUSTOMER_000000789,2026-03-15T01:51:36,2026-03-15T03:12:36,MOBILE,SOCIAL
SESSION_000002790,CUSTOMER_000000790,2026-06-15T12:17:19,2026-06-15T12:30:19,MOBILE,EMAIL
SESSION_000002791,CUSTOMER_000000791,2026-01-30T10:01:33,2026-01-30T11:44:33,MOBILE,ORGANIC
SESSION_000002792,CUSTOMER_000000792,2026-02-04T21:40:14,2026-02-04T23:34:14,MOBILE,PAID_SEARCH
SESSION_000002793,CUSTOMER_000000793,2026-01-29T23:26:14,2026-01-29T23:55:14,MOBILE,ORGANIC
SESSION_000002794,CUSTOMER_000000794,2026-11-09T07:36:26,2026-11-09T08:34:26,MOBILE,PAID_SEARCH
SESSION_000002795,CUSTOMER_000000795,2026-08-29T03:11:38,2026-08-29T04:52:38,MOBILE,ORGANIC
SESSION_000002796,CUSTOMER_000000796,2026-06-30T23:48:13,2026-07-01T01:03:13,DESKTOP,PAID_SEARCH
SESSION_000002797,CUSTOMER_000000797,2026-09-13T04:32:53,2026-09-13T06:02:53,DESKTOP,ORGANIC
SESSION_000002798,CUSTOMER_000000798,2026-11-25T17:34:18,2026-11-25T18:18:18,MOBILE,DIRECT
SESSION_000002799,CUSTOMER_000000799,2026-07-15T23:03:32,2026-07-16T00:49:32,MOBILE,ORGANIC
SESSION_000002800,CUSTOMER_000000800,2026-09-10T21:31:17,2026-09-10T21:49:17,DESKTOP,SOCIAL
SESSION_000002801,CUSTOMER_000000801,2026-10-14T11:58:29,2026-10-14T13:41:29,MOBILE,EMAIL
SESSION_000002802,CUSTOMER_000000802,2026-07-31T23:34:34,2026-08-01T00:27:34,DESKTOP,ORGANIC
SESSION_000002803,CUSTOMER_000000803,2026-12-05T14:15:27,2026-12-05T14:54:27,MOBILE,ORGANIC
SESSION_000002804,CUSTOMER_000000804,2026-09-17T08:50:06,2026-09-17T10:25:06,MOBILE,DIRECT
SESSION_000002805,CUSTOMER_000000805,2026-02-21T20:07:19,2026-02-21T20:33:19,TABLET,SOCIAL
SESSION_000002806,CUSTOMER_000000806,2026-04-30T03:34:56,2026-04-30T04:06:56,MOBILE,PAID_SEARCH
SESSION_000002807,CUSTOMER_000000807,2026-11-05T21:23:58,2026-11-05T23:10:58,MOBILE,PAID_SEARCH
SESSION_000002808,CUSTOMER_000000808,2026-12-29T19:14:17,2026-12-29T20:20:17,MOBILE,DIRECT
SESSION_000002809,CUSTOMER_000000809,2026-08-05T06:01:18,2026-08-05T06:34:18,MOBILE,ORGANIC
SESSION_000002810,CUSTOMER_000000810,2026-05-08T14:16:03,2026-05-08T14:18:03,DESKTOP,EMAIL
SESSION_000002811,CUSTOMER_000000811,2026-11-14T21:49:55,2026-11-14T23:12:55,MOBILE,SOCIAL
SESSION_000002812,CUSTOMER_000000812,2026-12-08T01:22:18,2026-12-08T01:42:18,MOBILE,DIRECT
SESSION_000002813,CUSTOMER_000000813,2026-12-22T15:58:14,2026-12-22T17:39:14,MOBILE,PAID_SEARCH
SESSION_000002814,CUSTOMER_000000814,2026-03-01T22:59:23,2026-03-01T23:54:23,MOBILE,DIRECT
SESSION_000002815,CUSTOMER_000000815,2026-05-17T09:43:56,2026-05-17T11:24:56,TABLET,SOCIAL
SESSION_000002816,CUSTOMER_000000816,2026-11-10T19:36:47,2026-11-10T20:31:47,MOBILE,PAID_SEARCH
SESSION_000002817,CUSTOMER_000000817,2026-04-12T08:12:04,2026-04-12T10:07:04,MOBILE,PAID_SEARCH
SESSION_000002818,CUSTOMER_000000818,2026-04-03T23:37:38,2026-04-04T01:17:38,DESKTOP,SOCIAL
SESSION_000002819,CUSTOMER_000000819,2026-07-21T14:32,2026-07-21T14:51,TABLET,ORGANIC
SESSION_000002820,CUSTOMER_000000820,2026-10-14T18:48:27,2026-10-14T19:18:27,MOBILE,ORGANIC
SESSION_000002821,CUSTOMER_000000821,2026-02-12T10:13:08,2026-02-12T11:32:08,DESKTOP,ORGANIC
SESSION_000002822,CUSTOMER_000000822,2026-03-15T22:19:04,2026-03-15T23:46:04,MOBILE,ORGANIC
SESSION_000002823,CUSTOMER_000000823,2026-01-25T08:46:21,2026-01-25T09:45:21,MOBILE,SOCIAL
SESSION_000002824,CUSTOMER_000000824,2026-05-11T21:45:23,2026-05-11T22:44:23,DESKTOP,EMAIL
SESSION_000002825,CUSTOMER_000000825,2026-08-17T16:14:56,2026-08-17T16:49:56,MOBILE,ORGANIC
SESSION_000002826,CUSTOMER_000000826,2026-04-22T11:38:01,2026-04-22T13:25:01,MOBILE,EMAIL
SESSION_000002827,CUSTOMER_000000827,2026-04-11T00:14:27,2026-04-11T01:12:27,MOBILE,EMAIL
SESSION_000002828,CUSTOMER_000000828,2026-08-26T23:25:08,2026-08-27T00:54:08,DESKTOP,PAID_SEARCH
SESSION_000002829,CUSTOMER_000000829,2026-06-03T04:18:26,2026-06-03T04:53:26,MOBILE,SOCIAL
SESSION_000002830,CUSTOMER_000000830,2026-10-09T00:03:52,2026-10-09T01:08:52,TABLET,PAID_SEARCH
SESSION_000002831,CUSTOMER_000000831,2026-06-30T16:37:34,2026-06-30T16:38:34,MOBILE,SOCIAL
SESSION_000002832,CUSTOMER_000000832,2026-03-19T12:31:01,2026-03-19T14:19:01,MOBILE,REFERRAL
SESSION_000002833,CUSTOMER_000000833,2026-12-20T22:58:45,2026-12-20T23:30:45,MOBILE,EMAIL
SESSION_000002834,CUSTOMER_000000834,2026-11-24T09:25:33,2026-11-24T11:01:33,TABLET,PAID_SEARCH
SESSION_000002835,CUSTOMER_000000835,2026-12-05T00:52:03,2026-12-05T01:34:03,MOBILE,SOCIAL
SESSION_000002836,CUSTOMER_000000836,2026-11-21T14:49:19,2026-11-21T15:52:19,DESKTOP,DIRECT
SESSION_000002837,CUSTOMER_000000837,2026-03-09T23:08:54,2026-03-09T23:50:54,MOBILE,DIRECT
SESSION_000002838,CUSTOMER_000000838,2026-04-08T15:17:28,2026-04-08T16:14:28,MOBILE,PAID_SEARCH
SESSION_000002839,CUSTOMER_000000839,2026-09-13T05:12:58,2026-09-13T05:45:58,MOBILE,PAID_SEARCH
SESSION_000002840,CUSTOMER_000000840,2026-01-25T23:00:47,2026-01-25T23:27:47,MOBILE,PAID_SEARCH
SESSION_000002841,CUSTOMER_000000841,2026-03-13T22:40:21,2026-03-13T23:21:21,MOBILE,EMAIL
SESSION_000002842,CUSTOMER_000000842,2026-02-17T23:05:02,2026-02-18T00:48:02,MOBILE,SOCIAL
SESSION_000002843,CUSTOMER_000000843,2026-10-06T10:10:45,2026-10-06T10:17:45,MOBILE,PAID_SEARCH
SESSION_000002844,CUSTOMER_000000844,2026-11-02T17:52:43,2026-11-02T18:28:43,DESKTOP,DIRECT
SESSION_000002845,CUSTOMER_000000845,2026-08-21T20:35:42,2026-08-21T20:41:42,DESKTOP,PAID_SEARCH
SESSION_000002846,CUSTOMER_000000846,2026-10-10T23:49:54,2026-10-11T01:01:54,MOBILE,ORGANIC
SESSION_000002847,CUSTOMER_000000847,2026-08-01T06:35:44,2026-08-01T06:58:44,MOBILE,PAID_SEARCH
SESSION_000002848,CUSTOMER_000000848,2026-12-03T18:46:26,2026-12-03T19:30:26,MOBILE,SOCIAL
SESSION_000002849,CUSTOMER_000000849,2026-10-24T20:49:09,2026-10-24T21:38:09,MOBILE,SOCIAL
SESSION_000002850,CUSTOMER_000000850,2026-04-01T03:03:54,2026-04-01T03:20:54,MOBILE,ORGANIC
SESSION_000002851,CUSTOMER_000000851,2026-09-10T15:18:50,2026-09-10T16:24:50,MOBILE,ORGANIC
SESSION_000002852,CUSTOMER_000000852,2026-03-13T15:17:19,2026-03-13T15:35:19,MOBILE,ORGANIC
SESSION_000002853,CUSTOMER_000000853,2026-02-17T09:30:34,2026-02-17T09:49:34,TABLET,EMAIL
SESSION_000002854,CUSTOMER_000000854,2026-11-03T22:24:19,2026-11-03T22:58:19,MOBILE,ORGANIC
SESSION_000002855,CUSTOMER_000000855,2026-02-11T17:45:02,2026-02-11T19:27:02,MOBILE,ORGANIC
SESSION_000002856,CUSTOMER_000000856,2026-01-13T20:36:49,2026-01-13T21:37:49,MOBILE,ORGANIC
SESSION_000002857,CUSTOMER_000000857,2026-09-06T21:52:46,2026-09-06T23:31:46,MOBILE,ORGANIC
SESSION_000002858,CUSTOMER_000000858,2026-06-29T04:21:40,2026-06-29T04:27:40,MOBILE,REFERRAL
SESSION_000002859,CUSTOMER_000000859,2026-05-02T07:38:31,2026-05-02T08:48:31,MOBILE,DIRECT
SESSION_000002860,CUSTOMER_000000860,2026-05-24T03:04:40,2026-05-24T03:49:40,MOBILE,REFERRAL
SESSION_000002861,CUSTOMER_000000861,2026-01-08T08:38:54,2026-01-08T09:38:54,MOBILE,SOCIAL
SESSION_000002862,CUSTOMER_000000862,2026-10-08T17:58:33,2026-10-08T19:08:33,MOBILE,ORGANIC
SESSION_000002863,CUSTOMER_000000863,2026-07-21T13:02:52,2026-07-21T14:47:52,MOBILE,ORGANIC
SESSION_000002864,CUSTOMER_000000864,2026-07-11T19:22:51,2026-07-11T20:55:51,MOBILE,ORGANIC
SESSION_000002865,CUSTOMER_000000865,2026-07-29T13:25:09,2026-07-29T14:39:09,DESKTOP,ORGANIC
SESSION_000002866,CUSTOMER_000000866,2026-03-26T18:00:10,2026-03-26T18:52:10,MOBILE,PAID_SEARCH
SESSION_000002867,CUSTOMER_000000867,2026-09-27T03:08:14,2026-09-27T04:49:14,MOBILE,SOCIAL
SESSION_000002868,CUSTOMER_000000868,2026-07-07T09:39:18,2026-07-07T10:49:18,MOBILE,DIRECT
SESSION_000002869,CUSTOMER_000000869,2026-09-21T01:29:46,2026-09-21T02:34:46,MOBILE,DIRECT
SESSION_000002870,CUSTOMER_000000870,2026-08-09T17:11:10,2026-08-09T17:56:10,MOBILE,PAID_SEARCH
SESSION_000002871,CUSTOMER_000000871,2026-01-27T01:03:19,2026-01-27T01:15:19,MOBILE,SOCIAL
SESSION_000002872,CUSTOMER_000000872,2026-01-21T05:40:15,2026-01-21T07:31:15,TABLET,DIRECT
SESSION_000002873,CUSTOMER_000000873,2026-12-08T07:13:53,2026-12-08T08:50:53,MOBILE,ORGANIC
SESSION_000002874,CUSTOMER_000000874,2026-03-05T19:32:49,2026-03-05T20:13:49,MOBILE,EMAIL
SESSION_000002875,CUSTOMER_000000875,2026-08-01T08:43:31,2026-08-01T10:23:31,MOBILE,DIRECT
SESSION_000002876,CUSTOMER_000000876,2026-05-23T23:40:05,2026-05-24T00:25:05,MOBILE,ORGANIC
SESSION_000002877,CUSTOMER_000000877,2026-03-24T07:10:15,2026-03-24T07:46:15,MOBILE,SOCIAL
SESSION_000002878,CUSTOMER_000000878,2026-04-03T12:39:38,2026-04-03T14:19:38,TABLET,ORGANIC
SESSION_000002879,CUSTOMER_000000879,2026-10-27T00:55:58,2026-10-27T02:30:58,MOBILE,ORGANIC
SESSION_000002880,CUSTOMER_000000880,2026-03-21T23:25:29,2026-03-21T23:59:29,MOBILE,ORGANIC
SESSION_000002881,CUSTOMER_000000881,2026-07-28T18:11:46,2026-07-28T19:23:46,DESKTOP,DIRECT
SESSION_000002882,CUSTOMER_000000882,2026-11-10T03:58:19,2026-11-10T05:24:19,MOBILE,ORGANIC
SESSION_000002883,CUSTOMER_000000883,2026-08-24T10:42:44,2026-08-24T11:12:44,DESKTOP,SOCIAL
SESSION_000002884,CUSTOMER_000000884,2026-01-09T06:07:16,2026-01-09T07:08:16,MOBILE,DIRECT
SESSION_000002885,CUSTOMER_000000885,2026-01-31T13:42:43,2026-01-31T14:42:43,DESKTOP,ORGANIC
SESSION_000002886,CUSTOMER_000000886,2026-04-12T10:57:47,2026-04-12T11:51:47,MOBILE,PAID_SEARCH
SESSION_000002887,CUSTOMER_000000887,2026-01-07T17:44:03,2026-01-07T17:59:03,MOBILE,EMAIL
SESSION_000002888,CUSTOMER_000000888,2026-11-15T22:43:05,2026-11-15T23:21:05,MOBILE,ORGANIC
SESSION_000002889,CUSTOMER_000000889,2026-09-07T07:51:59,2026-09-07T07:59:59,MOBILE,ORGANIC
SESSION_000002890,CUSTOMER_000000890,2026-11-28T17:42:43,2026-11-28T18:46:43,MOBILE,PAID_SEARCH
SESSION_000002891,CUSTOMER_000000891,2026-02-01T04:03:18,2026-02-01T05:22:18,MOBILE,ORGANIC
SESSION_000002892,CUSTOMER_000000892,2026-10-06T12:30,2026-10-06T13:30,MOBILE,DIRECT
SESSION_000002893,CUSTOMER_000000893,2026-06-14T20:23:06,2026-06-14T22:01:06,MOBILE,PAID_SEARCH
SESSION_000002894,CUSTOMER_000000894,2026-12-29T23:17:45,2026-12-30T00:41:45,MOBILE,ORGANIC
SESSION_000002895,CUSTOMER_000000895,2026-02-11T22:23:34,2026-02-11T23:27:34,MOBILE,DIRECT
SESSION_000002896,CUSTOMER_000000896,2026-03-22T05:20:52,2026-03-22T05:46:52,TABLET,SOCIAL
SESSION_000002897,CUSTOMER_000000897,2026-05-02T11:49:27,2026-05-02T13:05:27,MOBILE,EMAIL
SESSION_000002898,CUSTOMER_000000898,2026-09-04T20:08:52,2026-09-04T20:44:52,MOBILE,PAID_SEARCH
SESSION_000002899,CUSTOMER_000000899,2026-08-28T14:47:56,2026-08-28T15:04:56,MOBILE,SOCIAL
SESSION_000002900,CUSTOMER_000000900,2026-10-24T17:35:19,2026-10-24T18:56:19,MOBILE,PAID_SEARCH
SESSION_000002901,CUSTOMER_000000901,2026-09-13T23:55:18,2026-09-14T01:19:18,MOBILE,REFERRAL
SESSION_000002902,CUSTOMER_000000902,2026-11-17T16:07:34,2026-11-17T16:56:34,MOBILE,DIRECT
SESSION_000002903,CUSTOMER_000000903,2026-08-25T07:52:32,2026-08-25T09:21:32,MOBILE,PAID_SEARCH
SESSION_000002904,CUSTOMER_000000904,2026-04-01T11:55:33,2026-04-01T12:13:33,MOBILE,REFERRAL
SESSION_000002905,CUSTOMER_000000905,2026-08-01T19:59:14,2026-08-01T21:14:14,MOBILE,ORGANIC
SESSION_000002906,CUSTOMER_000000906,2026-08-18T23:04:08,2026-08-19T00:44:08,MOBILE,ORGANIC
SESSION_000002907,CUSTOMER_000000907,2026-06-30T19:56:32,2026-06-30T21:28:32,MOBILE,SOCIAL
SESSION_000002908,CUSTOMER_000000908,2026-07-01T13:45:32,2026-07-01T13:55:32,DESKTOP,DIRECT
SESSION_000002909,CUSTOMER_000000909,2026-02-06T02:41:04,2026-02-06T04:39:04,MOBILE,SOCIAL
SESSION_000002910,CUSTOMER_000000910,2026-04-14T13:58:53,2026-04-14T15:12:53,MOBILE,PAID_SEARCH
SESSION_000002911,CUSTOMER_000000911,2026-09-15T06:36:28,2026-09-15T07:49:28,MOBILE,DIRECT
SESSION_000002912,CUSTOMER_000000912,2026-08-31T19:19:39,2026-08-31T19:22:39,MOBILE,ORGANIC
SESSION_000002913,CUSTOMER_000000913,2026-07-19T03:09:11,2026-07-19T03:50:11,DESKTOP,ORGANIC
SESSION_000002914,CUSTOMER_000000914,2026-02-11T05:57:16,2026-02-11T06:32:16,MOBILE,ORGANIC
SESSION_000002915,CUSTOMER_000000915,2026-02-25T01:58:26,2026-02-25T03:45:26,DESKTOP,PAID_SEARCH
SESSION_000002916,CUSTOMER_000000916,2026-06-24T23:55:49,2026-06-25T00:17:49,MOBILE,PAID_SEARCH
SESSION_000002917,CUSTOMER_000000917,2026-01-13T13:15:30,2026-01-13T13:21:30,DESKTOP,DIRECT
SESSION_000002918,CUSTOMER_000000918,2026-06-09T19:45:55,2026-06-09T21:37:55,DESKTOP,DIRECT
SESSION_000002919,CUSTOMER_000000919,2026-02-03T01:43:23,2026-02-03T02:55:23,MOBILE,PAID_SEARCH
SESSION_000002920,CUSTOMER_000000920,2026-06-28T01:56:20,2026-06-28T02:57:20,MOBILE,DIRECT
SESSION_000002921,CUSTOMER_000000921,2026-06-05T17:57:43,2026-06-05T19:45:43,MOBILE,SOCIAL
SESSION_000002922,CUSTOMER_000000922,2026-12-25T00:59:07,2026-12-25T02:35:07,MOBILE,ORGANIC
SESSION_000002923,CUSTOMER_000000923,2026-10-21T22:40:56,2026-10-22T00:39:56,DESKTOP,EMAIL
SESSION_000002924,CUSTOMER_000000924,2026-06-28T17:15:22,2026-06-28T17:24:22,TABLET,SOCIAL
SESSION_000002925,CUSTOMER_000000925,2026-05-17T23:30:53,2026-05-18T00:01:53,MOBILE,ORGANIC
SESSION_000002926,CUSTOMER_000000926,2026-07-15T17:12:17,2026-07-15T17:46:17,MOBILE,SOCIAL
SESSION_000002927,CUSTOMER_000000927,2026-01-07T19:22:02,2026-01-07T19:39:02,DESKTOP,DIRECT
SESSION_000002928,CUSTOMER_000000928,2026-10-10T09:38:23,2026-10-10T10:54:23,MOBILE,REFERRAL
SESSION_000002929,CUSTOMER_000000929,2026-05-07T23:06,2026-05-07T23:11,MOBILE,PAID_SEARCH
SESSION_000002930,CUSTOMER_000000930,2026-11-02T15:08:50,2026-11-02T15:23:50,DESKTOP,DIRECT
SESSION_000002931,CUSTOMER_000000931,2026-02-13T21:04:01,2026-02-13T22:44:01,MOBILE,PAID_SEARCH
SESSION_000002932,CUSTOMER_000000932,2026-07-31T10:27:16,2026-07-31T10:39:16,MOBILE,SOCIAL
SESSION_000002933,CUSTOMER_000000933,2026-11-07T02:07:10,2026-11-07T03:32:10,MOBILE,ORGANIC
SESSION_000002934,CUSTOMER_000000934,2026-02-10T04:09:13,2026-02-10T05:32:13,TABLET,ORGANIC
SESSION_000002935,CUSTOMER_000000935,2026-06-06T19:29:31,2026-06-06T20:38:31,MOBILE,ORGANIC
SESSION_000002936,CUSTOMER_000000936,2026-05-21T13:00:21,2026-05-21T13:30:21,MOBILE,ORGANIC
SESSION_000002937,CUSTOMER_000000937,2026-02-10T18:50:04,2026-02-10T19:05:04,MOBILE,PAID_SEARCH
SESSION_000002938,CUSTOMER_000000938,2026-11-05T04:24:08,2026-11-05T05:16:08,TABLET,ORGANIC
SESSION_000002939,CUSTOMER_000000939,2026-09-28T23:13:55,2026-09-29T00:19:55,MOBILE,SOCIAL
SESSION_000002940,CUSTOMER_000000940,2026-06-22T16:23:04,2026-06-22T16:31:04,MOBILE,PAID_SEARCH
SESSION_000002941,CUSTOMER_000000941,2026-06-14T08:24:11,2026-06-14T09:48:11,MOBILE,DIRECT
SESSION_000002942,CUSTOMER_000000942,2026-11-27T05:07:37,2026-11-27T05:47:37,MOBILE,REFERRAL
SESSION_000002943,CUSTOMER_000000943,2026-09-13T23:00:18,2026-09-13T23:21:18,MOBILE,ORGANIC
SESSION_000002944,CUSTOMER_000000944,2026-12-21T22:51:24,2026-12-22T00:41:24,MOBILE,ORGANIC
SESSION_000002945,CUSTOMER_000000945,2026-11-20T02:56:16,2026-11-20T03:25:16,MOBILE,DIRECT
SESSION_000002946,CUSTOMER_000000946,2026-09-03T01:47:12,2026-09-03T02:06:12,MOBILE,DIRECT
SESSION_000002947,CUSTOMER_000000947,2026-07-08T15:05:50,2026-07-08T16:22:50,MOBILE,ORGANIC
SESSION_000002948,CUSTOMER_000000948,2026-06-07T11:49:08,2026-06-07T12:47:08,DESKTOP,DIRECT
SESSION_000002949,CUSTOMER_000000949,2026-09-14T21:13:35,2026-09-14T22:04:35,MOBILE,ORGANIC
SESSION_000002950,CUSTOMER_000000950,2026-01-17T23:10:33,2026-01-18T00:05:33,MOBILE,PAID_SEARCH
SESSION_000002951,CUSTOMER_000000951,2026-12-06T02:14:52,2026-12-06T04:05:52,MOBILE,SOCIAL
SESSION_000002952,CUSTOMER_000000952,2026-10-13T12:00:14,2026-10-13T12:25:14,MOBILE,PAID_SEARCH
SESSION_000002953,CUSTOMER_000000953,2026-08-07T03:47:29,2026-08-07T04:22:29,MOBILE,ORGANIC
SESSION_000002954,CUSTOMER_000000954,2026-08-31T21:05:02,2026-08-31T21:27:02,TABLET,EMAIL
SESSION_000002955,CUSTOMER_000000955,2026-10-29T19:24:19,2026-10-29T20:27:19,MOBILE,PAID_SEARCH
SESSION_000002956,CUSTOMER_000000956,2026-03-09T01:44,2026-03-09T02:47,MOBILE,ORGANIC
SESSION_000002957,CUSTOMER_000000957,2026-06-03T18:54:37,2026-06-03T20:35:37,MOBILE,SOCIAL
SESSION_000002958,CUSTOMER_000000958,2026-01-13T06:15:19,2026-01-13T06:47:19,MOBILE,PAID_SEARCH
SESSION_000002959,CUSTOMER_000000959,2026-09-28T03:50:21,2026-09-28T04:48:21,MOBILE,EMAIL
SESSION_000002960,CUSTOMER_000000960,2026-05-17T16:34:12,2026-05-17T18:34:12,DESKTOP,PAID_SEARCH
SESSION_000002961,CUSTOMER_000000961,2026-10-12T03:47:11,2026-10-12T05:35:11,MOBILE,ORGANIC
SESSION_000002962,CUSTOMER_000000962,2026-03-09T19:35:44,2026-03-09T20:31:44,MOBILE,DIRECT
SESSION_000002963,CUSTOMER_000000963,2026-08-21T01:35:08,2026-08-21T02:47:08,MOBILE,EMAIL
SESSION_000002964,CUSTOMER_000000964,2026-06-30T21:14:46,2026-06-30T22:39:46,MOBILE,ORGANIC
SESSION_000002965,CUSTOMER_000000965,2026-04-30T06:46:15,2026-04-30T08:32:15,MOBILE,ORGANIC
SESSION_000002966,CUSTOMER_000000966,2026-05-11T14:55:23,2026-05-11T15:50:23,DESKTOP,DIRECT
SESSION_000002967,CUSTOMER_000000967,2026-01-31T10:39:50,2026-01-31T11:00:50,MOBILE,REFERRAL
SESSION_000002968,CUSTOMER_000000968,2026-03-03T11:50:08,2026-03-03T13:36:08,MOBILE,PAID_SEARCH
SESSION_000002969,CUSTOMER_000000969,2026-02-06T06:14:37,2026-02-06T07:53:37,MOBILE,ORGANIC
SESSION_000002970,CUSTOMER_000000970,2026-11-16T07:56:23,2026-11-16T08:56:23,DESKTOP,PAID_SEARCH
SESSION_000002971,CUSTOMER_000000971,2026-04-26T22:10:31,2026-04-26T22:17:31,MOBILE,EMAIL
SESSION_000002972,CUSTOMER_000000972,2026-09-04T05:06:19,2026-09-04T06:53:19,DESKTOP,SOCIAL
SESSION_000002973,CUSTOMER_000000973,2026-10-08T20:10:49,2026-10-08T20:15:49,MOBILE,DIRECT
SESSION_000002974,CUSTOMER_000000974,2026-04-05T13:21:14,2026-04-05T14:00:14,MOBILE,ORGANIC
SESSION_000002975,CUSTOMER_000000975,2026-01-06T19:23:07,2026-01-06T19:32:07,DESKTOP,ORGANIC
SESSION_000002976,CUSTOMER_000000976,2026-07-31T11:16:34,2026-07-31T12:06:34,MOBILE,EMAIL
SESSION_000002977,CUSTOMER_000000977,2026-03-22T18:15:42,2026-03-22T19:20:42,DESKTOP,DIRECT
SESSION_000002978,CUSTOMER_000000978,2026-02-17T08:10:16,2026-02-17T08:17:16,TABLET,SOCIAL
SESSION_000002979,CUSTOMER_000000979,2026-11-02T16:36:43,2026-11-02T16:42:43,MOBILE,ORGANIC
SESSION_000002980,CUSTOMER_000000980,2026-07-16T19:00:53,2026-07-16T19:39:53,MOBILE,ORGANIC
SESSION_000002981,CUSTOMER_000000981,2026-02-28T16:28:14,2026-02-28T17:33:14,MOBILE,ORGANIC
SESSION_000002982,CUSTOMER_000000982,2026-12-12T06:12:24,2026-12-12T07:00:24,DESKTOP,SOCIAL
SESSION_000002983,CUSTOMER_000000983,2026-07-11T06:05:31,2026-07-11T08:03:31,MOBILE,REFERRAL
SESSION_000002984,CUSTOMER_000000984,2026-03-31T02:33:30,2026-03-31T04:28:30,DESKTOP,PAID_SEARCH
SESSION_000002985,CUSTOMER_000000985,2026-10-16T15:58:32,2026-10-16T17:36:32,MOBILE,ORGANIC
SESSION_000002986,CUSTOMER_000000986,2026-11-17T05:37:51,2026-11-17T06:11:51,MOBILE,DIRECT
SESSION_000002987,CUSTOMER_000000987,2026-01-31T04:21:09,2026-01-31T06:19:09,MOBILE,ORGANIC
SESSION_000002988,CUSTOMER_000000988,2026-03-11T11:48:12,2026-03-11T12:48:12,MOBILE,EMAIL
SESSION_000002989,CUSTOMER_000000989,2026-10-06T07:54:34,2026-10-06T08:10:34,MOBILE,SOCIAL
SESSION_000002990,CUSTOMER_000000990,2026-02-08T16:56:29,2026-02-08T17:49:29,MOBILE,ORGANIC
SESSION_000002991,CUSTOMER_000000991,2026-11-25T13:34:30,2026-11-25T14:47:30,MOBILE,EMAIL
SESSION_000002992,CUSTOMER_000000992,2026-11-14T16:42:05,2026-11-14T17:44:05,MOBILE,EMAIL
SESSION_000002993,CUSTOMER_000000993,2026-06-06T02:32:20,2026-06-06T03:26:20,DESKTOP,DIRECT
SESSION_000002994,CUSTOMER_000000994,2026-08-26T15:15:47,2026-08-26T15:58:47,MOBILE,DIRECT
SESSION_000002995,CUSTOMER_000000995,2026-03-30T16:44:52,2026-03-30T17:42:52,DESKTOP,PAID_SEARCH
SESSION_000002996,CUSTOMER_000000996,2026-07-04T15:01:32,2026-07-04T15:38:32,MOBILE,ORGANIC
SESSION_000002997,CUSTOMER_000000997,2026-02-26T14:37:23,2026-02-26T14:48:23,MOBILE,ORGANIC
SESSION_000002998,CUSTOMER_000000998,2026-11-28T20:18:14,2026-11-28T21:35:14,DESKTOP,REFERRAL
SESSION_000002999,CUSTOMER_000000999,2026-07-17T03:34:34,2026-07-17T03:51:34,MOBILE,ORGANIC
SESSION_000003000,CUSTOMER_000001000,2026-03-11T11:28:33,2026-03-11T13:06:33,MOBILE,DIRECT
