id,order_id,shipment_status,shipped_date,delivered_date
ORDER_000000001_SHIPMENT,ORDER_000000001,IN_TRANSIT,2026-12-05T16:44:30,
ORDER_000000002_SHIPMENT,ORDER_000000002,DELIVERED,2026-01-29T19:27:22,2026-01-31T15:27:22
ORDER_000000003_SHIPMENT,ORDER_000000003,DELIVERED,2026-11-29T20:24:03,2026-12-03T21:24:03
ORDER_000000004_SHIPMENT,ORDER_000000004,PROCESSING,,
ORDER_000000005_SHIPMENT,ORDER_000000005,DELIVERED,2026-10-09T20:18,2026-10-13T22:18
ORDER_000000006_SHIPMENT,ORDER_000000006,PROCESSING,,
ORDER_000000007_SHIPMENT,ORDER_000000007,DELIVERED,2026-08-20T03:43:04,2026-08-25T10:43:04
ORDER_000000008_SHIPMENT,ORDER_000000008,DELIVERED,2026-12-09T13:01:47,2026-12-10T20:01:47
ORDER_000000009_SHIPMENT,ORDER_000000009,DELIVERED,2026-08-01T22:26:32,2026-08-08T20:26:32
ORDER_000000010_SHIPMENT,ORDER_000000010,DELIVERED,2026-04-10T12:14:30,2026-04-12T13:14:30
ORDER_000000011_SHIPMENT,ORDER_000000011,DELIVERED,2026-07-25T12:57:34,2026-07-26T00:57:34
ORDER_000000012_SHIPMENT,ORDER_000000012,DELIVERED,2026-10-27T02:37:04,2026-10-30T12:37:04
ORDER_000000013_SHIPMENT,ORDER_000000013,PROCESSING,,
ORDER_000000014_SHIPMENT,ORDER_000000014,PROCESSING,,
ORDER_000000015_SHIPMENT,ORDER_000000015,PROCESSING,,
ORDER_000000016_SHIPMENT,ORDER_000000016,DELIVERED,2026-04-01T05:05:37,2026-04-06T22:05:37
ORDER_000000017_SHIPMENT,ORDER_000000017,DELIVERED,2026-06-13T05:03:31,2026-06-19T09:03:31
ORDER_000000018_SHIPMENT,ORDER_000000018,DELIVERED,2026-02-09T17:55:59,2026-02-12T04:55:59
ORDER_000000019_SHIPMENT,ORDER_000000019,PROCESSING,,
ORDER_000000020_SHIPMENT,ORDER_000000020,IN_TRANSIT,2026-06-26T02:59:44,
ORDER_000000021_SHIPMENT,ORDER_000000021,PROCESSING,,
ORDER_000000022_SHIPMENT,ORDER_000000022,IN_TRANSIT,2026-06-14T15:58:13,
ORDER_000000023_SHIPMENT,ORDER_000000023,PROCESSING,,
ORDER_000000024_SHIPMENT,ORDER_000000024,DELIVERED,2026-08-25T22:34:26,2026-08-31T07:34:26
ORDER_000000025_SHIPMENT,ORDER_000000025,PROCESSING,,
ORDER_000000026_SHIPMENT,ORDER_000000026,DELIVERED,2026-05-08T18:13:09,2026-05-15T11:13:09
ORDER_000000027_SHIPMENT,ORDER_000000027,IN_TRANSIT,2026-05-19T03:10:38,
ORDER_000000028_SHIPMENT,ORDER_000000028,IN_TRANSIT,2026-01-17T03:45:23,
ORDER_000000029_SHIPMENT,ORDER_000000029,DELIVERED,2026-06-06T18:29:15,2026-06-12T02:29:15
ORDER_000000030_SHIPMENT,ORDER_000000030,IN_TRANSIT,2026-02-23T18:39:51,
ORDER_000000031_SHIPMENT,ORDER_000000031,DELIVERED,2026-09-10T14:45:46,2026-09-14T03:45:46
ORDER_000000032_SHIPMENT,ORDER_000000032,DELIVERED,2026-05-11T07:52:35,2026-05-12T21:52:35
ORDER_000000033_SHIPMENT,ORDER_000000033,IN_TRANSIT,2026-08-12T13:20:11,
ORDER_000000034_SHIPMENT,ORDER_000000034,PROCESSING,,
ORDER_000000035_SHIPMENT,ORDER_000000035,DELIVERED,2026-06-16T10:51:28,2026-06-23T00:51:28
ORDER_000000036_SHIPMENT,ORDER_000000036,DELIVERED,2026-04-15T18:32:03,2026-04-19T04:32:03
ORDER_000000037_SHIPMENT,ORDER_000000037,DELIVERED,2026-03-03T16:10:49,2026-03-09T01:10:49
ORDER_000000038_SHIPMENT,ORDER_000000038,DELIVERED,2026-05-07T22:31:28,2026-05-14T14:31:28
ORDER_000000039_SHIPMENT,ORDER_000000039,DELIVERED,2026-04-03T12:53:01,2026-04-08T14:53:01
ORDER_000000040_SHIPMENT,ORDER_000000040,DELIVERED,2026-06-01T16:33:10,2026-06-03T13:33:10
ORDER_000000041_SHIPMENT,ORDER_000000041,DELIVERED,2026-03-26T11:16:54,2026-03-29T22:16:54
ORDER_000000042_SHIPMENT,ORDER_000000042,PROCESSING,,
ORDER_000000043_SHIPMENT,ORDER_000000043,DELIVERED,2026-07-10T18:49:09,2026-07-16T10:49:09
ORDER_000000044_SHIPMENT,ORDER_000000044,DELIVERED,2026-05-02T01:27:04,2026-05-04T06:27:04
ORDER_000000045_SHIPMENT,ORDER_000000045,DELIVERED,2026-02-05T00:40:40,2026-02-11T16:40:40
ORDER_000000046_SHIPMENT,ORDER_000000046,DELIVERED,2026-07-17T06:48:11,2026-07-18T09:48:11
ORDER_000000047_SHIPMENT,ORDER_000000047,DELIVERED,2026-10-10T08:45:08,2026-10-13T13:45:08
ORDER_000000048_SHIPMENT,ORDER_000000048,PROCESSING,,
ORDER_000000049_SHIPMENT,ORDER_000000049,DELIVERED,2026-09-27T23:09:36,2026-09-29T04:09:36
ORDER_000000050_SHIPMENT,ORDER_000000050,IN_TRANSIT,2026-09-22T09:36:33,
ORDER_000000051_SHIPMENT,ORDER_000000051,DELIVERED,2026-01-13T11:40:53,2026-01-19T03:40:53
ORDER_000000052_SHIPMENT,ORDER_000000052,DELIVERED,2026-12-14T13:49:25,2026-12-17T09:49:25
ORDER_000000053_SHIPMENT,ORDER_000000053,DELIVERED,2026-07-07T15:49:29,2026-07-11T17:49:29
ORDER_000000054_SHIPMENT,ORDER_000000054,IN_TRANSIT,2026-06-18T09:09:34,
ORDER_000000055_SHIPMENT,ORDER_000000055,PROCESSING,,
ORDER_000000056_SHIPMENT,ORDER_000000056,DELIVERED,2026-04-14T13:09:57,2026-04-18T01:09:57
ORDER_000000057_SHIPMENT,ORDER_000000057,DELIVERED,2026-01-17T07:24:59,2026-01-21T03:24:59
ORDER_000000058_SHIPMENT,ORDER_000000058,DELIVERED,2026-03-22T21:48:55,2026-03-24T02:48:55
ORDER_000000059_SHIPMENT,ORDER_000000059,PROCESSING,,
ORDER_000000060_SHIPMENT,ORDER_000000060,PROCESSING,,
ORDER_000000061_SHIPMENT,ORDER_000000061,DELIVERED,2026-03-08T19:40:42,2026-03-10T03:40:42
ORDER_000000062_SHIPMENT,ORDER_000000062,DELIVERED,2026-02-09T07:41:52,2026-02-13T12:41:52
ORDER_000000063_SHIPMENT,ORDER_000000063,DELIVERED,2026-06-25T14:50:54,2026-06-26T09:50:54
ORDER_000000064_SHIPMENT,ORDER_000000064,IN_TRANSIT,2026-11-28T01:42:53,
ORDER_000000065_SHIPMENT,ORDER_000000065,DELIVERED,2026-07-20T07:15:30,2026-07-21T05:15:30
ORDER_000000066_SHIPMENT,ORDER_000000066,DELIVERED,2026-08-10T22:16:44,2026-08-16T19:16:44
ORDER_000000067_SHIPMENT,ORDER_000000067,DELIVERED,2026-11-06T14:07:27,2026-11-08T00:07:27
ORDER_000000068_SHIPMENT,ORDER_000000068,IN_TRANSIT,2026-11-14T08:28:37,
ORDER_000000069_SHIPMENT,ORDER_000000069,DELIVERED,2026-04-05T21:07:37,2026-04-08T20:07:37
ORDER_000000070_SHIPMENT,ORDER_000000070,IN_TRANSIT,2026-08-26T16:23:50,
ORDER_000000071_SHIPMENT,ORDER_000000071,IN_TRANSIT,2026-09-30T05:33:05,
ORDER_000000072_SHIPMENT,ORDER_000000072,DELIVERED,2026-02-16T23:56:51,2026-02-22T09:56:51
ORDER_000000073_SHIPMENT,ORDER_000000073,IN_TRANSIT,2026-03-23T14:52:31,
ORDER_000000074_SHIPMENT,ORDER_000000074,PROCESSING,,
ORDER_000000075_SHIPMENT,ORDER_000000075,DELIVERED,2026-10-08T21:33:40,2026-10-12T08:33:40
ORDER_000000076_SHIPMENT,ORDER_000000076,DELIVERED,2026-08-01T00:31:10,2026-08-06T21:31:10
ORDER_000000077_SHIPMENT,ORDER_000000077,IN_TRANSIT,2026-03-12T20:10:53,
ORDER_000000078_SHIPMENT,ORDER_000000078,DELIVERED,2026-01-19T23:41:30,2026-01-21T08:41:30
ORDER_000000079_SHIPMENT,ORDER_000000079,IN_TRANSIT,2026-10-23T09:46:30,
ORDER_000000080_SHIPMENT,ORDER_000000080,DELIVERED,2026-08-05T18:50:40,2026-08-07T23:50:40
ORDER_000000081_SHIPMENT,ORDER_000000081,DELIVERED,2026-10-03T01:18:57,2026-10-09T19:18:57
ORDER_000000082_SHIPMENT,ORDER_000000082,PROCESSING,,
ORDER_000000083_SHIPMENT,ORDER_000000083,PROCESSING,,
ORDER_000000084_SHIPMENT,ORDER_000000084,DELIVERED,2026-09-23T20:40:25,2026-09-28T08:40:25
ORDER_000000085_SHIPMENT,ORDER_000000085,PROCESSING,,
ORDER_000000086_SHIPMENT,ORDER_000000086,PROCESSING,,
ORDER_000000087_SHIPMENT,ORDER_000000087,IN_TRANSIT,2026-12-05T13:43:34,
ORDER_000000088_SHIPMENT,ORDER_000000088,DELIVERED,2026-04-10T23:01:19,2026-04-11T15:01:19
ORDER_000000089_SHIPMENT,ORDER_000000089,PROCESSING,,
ORDER_000000090_SHIPMENT,ORDER_000000090,DELIVERED,2026-05-15T16:31:07,2026-05-22T02:31:07
ORDER_000000091_SHIPMENT,ORDER_000000091,DELIVERED,2026-04-04T11:11:01,2026-04-05T11:11:01
ORDER_000000092_SHIPMENT,ORDER_000000092,DELIVERED,2026-06-29T00:32:13,2026-07-02T08:32:13
ORDER_000000093_SHIPMENT,ORDER_000000093,DELIVERED,2026-11-22T02:06:48,2026-11-28T16:06:48
ORDER_000000094_SHIPMENT,ORDER_000000094,DELIVERED,2026-11-22T14:48:48,2026-11-27T05:48:48
ORDER_000000095_SHIPMENT,ORDER_000000095,DELIVERED,2026-02-10T20:43:47,2026-02-13T09:43:47
ORDER_000000096_SHIPMENT,ORDER_000000096,DELIVERED,2026-12-18T05:12:38,2026-12-19T06:12:38
ORDER_000000097_SHIPMENT,ORDER_000000097,DELIVERED,2026-05-15T21:39:56,2026-05-18T20:39:56
ORDER_000000098_SHIPMENT,ORDER_000000098,PROCESSING,,
ORDER_000000099_SHIPMENT,ORDER_000000099,DELIVERED,2026-03-02T07:09:22,2026-03-05T20:09:22
ORDER_000000100_SHIPMENT,ORDER_000000100,PROCESSING,,
ORDER_000000101_SHIPMENT,ORDER_000000101,IN_TRANSIT,2026-11-23T20:07:12,
ORDER_000000102_SHIPMENT,ORDER_000000102,IN_TRANSIT,2026-06-14T07:44:47,
ORDER_000000103_SHIPMENT,ORDER_000000103,DELIVERED,2026-06-20T12:56:15,2026-06-21T19:56:15
ORDER_000000104_SHIPMENT,ORDER_000000104,DELIVERED,2026-09-06T13:55:54,2026-09-10T06:55:54
ORDER_000000105_SHIPMENT,ORDER_000000105,DELIVERED,2026-03-08T03:25:20,2026-03-13T20:25:20
ORDER_000000106_SHIPMENT,ORDER_000000106,PROCESSING,,
ORDER_000000107_SHIPMENT,ORDER_000000107,IN_TRANSIT,2026-06-16T03:59:29,
ORDER_000000108_SHIPMENT,ORDER_000000108,DELIVERED,2026-03-17T00:41:42,2026-03-23T22:41:42
ORDER_000000109_SHIPMENT,ORDER_000000109,PROCESSING,,
ORDER_000000110_SHIPMENT,ORDER_000000110,DELIVERED,2026-05-19T05:50:05,2026-05-20T05:50:05
ORDER_000000111_SHIPMENT,ORDER_000000111,DELIVERED,2026-03-14T03:49:32,2026-03-16T23:49:32
ORDER_000000112_SHIPMENT,ORDER_000000112,DELIVERED,2026-01-24T14:23:16,2026-01-27T05:23:16
ORDER_000000113_SHIPMENT,ORDER_000000113,DELIVERED,2026-08-13T20:27:25,2026-08-18T15:27:25
ORDER_000000114_SHIPMENT,ORDER_000000114,PROCESSING,,
ORDER_000000115_SHIPMENT,ORDER_000000115,PROCESSING,,
ORDER_000000116_SHIPMENT,ORDER_000000116,DELIVERED,2026-08-19T02:19:09,2026-08-21T14:19:09
ORDER_000000117_SHIPMENT,ORDER_000000117,DELIVERED,2026-01-12T13:01:33,2026-01-15T02:01:33
ORDER_000000118_SHIPMENT,ORDER_000000118,DELIVERED,2026-04-05T16:37:12,2026-04-08T23:37:12
ORDER_000000119_SHIPMENT,ORDER_000000119,DELIVERED,2026-06-27T05:49:40,2026-07-03T23:49:40
ORDER_000000120_SHIPMENT,ORDER_000000120,DELIVERED,2026-06-17T16:14:34,2026-06-20T11:14:34
ORDER_000000121_SHIPMENT,ORDER_000000121,IN_TRANSIT,2026-08-21T18:53:26,
ORDER_000000122_SHIPMENT,ORDER_000000122,DELIVERED,2026-09-22T03:24:25,2026-09-26T07:24:25
ORDER_000000123_SHIPMENT,ORDER_000000123,IN_TRANSIT,2026-08-04T02:25:40,
ORDER_000000124_SHIPMENT,ORDER_000000124,IN_TRANSIT,2026-08-24T10:59:50,
ORDER_000000125_SHIPMENT,ORDER_000000125,IN_TRANSIT,2026-07-06T17:14:59,
ORDER_000000126_SHIPMENT,ORDER_000000126,DELIVERED,2026-11-26T13:08:15,2026-11-27T08:08:15
ORDER_000000127_SHIPMENT,ORDER_000000127,DELIVERED,2026-08-05T16:41:14,2026-08-07T20:41:14
ORDER_000000128_SHIPMENT,ORDER_000000128,DELIVERED,2026-01-07T15:24:06,2026-01-13T11:24:06
ORDER_000000129_SHIPMENT,ORDER_000000129,IN_TRANSIT,2026-07-14T06:32:48,
ORDER_000000130_SHIPMENT,ORDER_000000130,DELIVERED,2026-07-27T08:19:01,2026-08-02T01:19:01
ORDER_000000131_SHIPMENT,ORDER_000000131,DELIVERED,2026-08-17T09:48:03,2026-08-18T19:48:03
ORDER_000000132_SHIPMENT,ORDER_000000132,DELIVERED,2026-04-16T05:24:21,2026-04-17T04:24:21
ORDER_000000133_SHIPMENT,ORDER_000000133,PROCESSING,,
ORDER_000000134_SHIPMENT,ORDER_000000134,DELIVERED,2026-05-12T15:07:57,2026-05-18T17:07:57
ORDER_000000135_SHIPMENT,ORDER_000000135,PROCESSING,,
ORDER_000000136_SHIPMENT,ORDER_000000136,IN_TRANSIT,2026-05-16T19:31:53,
ORDER_000000137_SHIPMENT,ORDER_000000137,PROCESSING,,
ORDER_000000138_SHIPMENT,ORDER_000000138,IN_TRANSIT,2026-08-19T19:35:40,
ORDER_000000139_SHIPMENT,ORDER_000000139,DELIVERED,2026-06-12T06:24:58,2026-06-18T15:24:58
ORDER_000000140_SHIPMENT,ORDER_000000140,DELIVERED,2027-01-03T16:12:27,2027-01-08T09:12:27
ORDER_000000141_SHIPMENT,ORDER_000000141,IN_TRANSIT,2026-02-15T03:49:36,
ORDER_000000142_SHIPMENT,ORDER_000000142,DELIVERED,2026-09-01T18:30:42,2026-09-07T11:30:42
ORDER_000000143_SHIPMENT,ORDER_000000143,DELIVERED,2026-06-22T01:59:36,2026-06-28T13:59:36
ORDER_000000144_SHIPMENT,ORDER_000000144,DELIVERED,2026-07-25T16:39:32,2026-07-26T21:39:32
ORDER_000000145_SHIPMENT,ORDER_000000145,PROCESSING,,
ORDER_000000146_SHIPMENT,ORDER_000000146,DELIVERED,2026-09-13T10:14:35,2026-09-17T05:14:35
ORDER_000000147_SHIPMENT,ORDER_000000147,DELIVERED,2026-08-05T22:23:57,2026-08-10T10:23:57
ORDER_000000148_SHIPMENT,ORDER_000000148,PROCESSING,,
ORDER_000000149_SHIPMENT,ORDER_000000149,DELIVERED,2026-01-05T13:14:35,2026-01-07T14:14:35
ORDER_000000150_SHIPMENT,ORDER_000000150,DELIVERED,2026-08-10T10:44:20,2026-08-16T10:44:20
ORDER_000000151_SHIPMENT,ORDER_000000151,PROCESSING,,
ORDER_000000152_SHIPMENT,ORDER_000000152,PROCESSING,,
ORDER_000000153_SHIPMENT,ORDER_000000153,PROCESSING,,
ORDER_000000154_SHIPMENT,ORDER_000000154,DELIVERED,2026-04-27T22:17:51,2026-05-02T19:17:51
ORDER_000000155_SHIPMENT,ORDER_000000155,DELIVERED,2026-01-31T09:23:10,2026-02-05T06:23:10
ORDER_000000156_SHIPMENT,ORDER_000000156,IN_TRANSIT,2026-05-13T21:47:53,
ORDER_000000157_SHIPMENT,ORDER_000000157,IN_TRANSIT,2026-08-12T01:16:56,
ORDER_000000158_SHIPMENT,ORDER_000000158,DELIVERED,2026-10-01T07:55:16,2026-10-05T11:55:16
ORDER_000000159_SHIPMENT,ORDER_000000159,DELIVERED,2026-09-05T05:06:10,2026-09-10T11:06:10
ORDER_000000160_SHIPMENT,ORDER_000000160,DELIVERED,2026-10-23T17:58:07,2026-10-27T22:58:07
ORDER_000000161_SHIPMENT,ORDER_000000161,PROCESSING,,
ORDER_000000162_SHIPMENT,ORDER_000000162,DELIVERED,2026-12-12T07:01:46,2026-12-15T22:01:46
ORDER_000000163_SHIPMENT,ORDER_000000163,DELIVERED,2026-09-21T04:05:58,2026-09-27T05:05:58
ORDER_000000164_SHIPMENT,ORDER_000000164,IN_TRANSIT,2026-08-24T22:59:28,
ORDER_000000165_SHIPMENT,ORDER_000000165,DELIVERED,2026-01-05T05:10:06,2026-01-11T02:10:06
ORDER_000000166_SHIPMENT,ORDER_000000166,DELIVERED,2026-09-19T15:11:40,2026-09-23T16:11:40
ORDER_000000167_SHIPMENT,ORDER_000000167,IN_TRANSIT,2026-09-09T17:07:11,
ORDER_000000168_SHIPMENT,ORDER_000000168,IN_TRANSIT,2026-07-14T22:29:34,
ORDER_000000169_SHIPMENT,ORDER_000000169,DELIVERED,2026-01-06T13:21:23,2026-01-13T11:21:23
ORDER_000000170_SHIPMENT,ORDER_000000170,DELIVERED,2026-10-07T17:17:06,2026-10-11T13:17:06
ORDER_000000171_SHIPMENT,ORDER_000000171,PROCESSING,,
ORDER_000000172_SHIPMENT,ORDER_000000172,PROCESSING,,
ORDER_000000173_SHIPMENT,ORDER_000000173,DELIVERED,2026-04-07T18:49:49,2026-04-09T07:49:49
ORDER_000000174_SHIPMENT,ORDER_000000174,DELIVERED,2026-10-17T03:39:35,2026-10-19T08:39:35
ORDER_000000175_SHIPMENT,ORDER_000000175,DELIVERED,2026-04-29T13:16:15,2026-05-05T17:16:15
ORDER_000000176_SHIPMENT,ORDER_000000176,DELIVERED,2026-06-23T15:45:36,2026-06-29T16:45:36
ORDER_000000177_SHIPMENT,ORDER_000000177,DELIVERED,2026-11-21T06:00:49,2026-11-26T06:00:49
ORDER_000000178_SHIPMENT,ORDER_000000178,DELIVERED,2026-08-01T19:09:20,2026-08-06T06:09:20
ORDER_000000179_SHIPMENT,ORDER_000000179,DELIVERED,2026-05-16T19:05:18,2026-05-19T08:05:18
ORDER_000000180_SHIPMENT,ORDER_000000180,PROCESSING,,
ORDER_000000181_SHIPMENT,ORDER_000000181,PROCESSING,,
ORDER_000000182_SHIPMENT,ORDER_000000182,DELIVERED,2026-01-29T12:31:51,2026-02-02T16:31:51
ORDER_000000183_SHIPMENT,ORDER_000000183,DELIVERED,2026-05-12T18:11:59,2026-05-17T01:11:59
ORDER_000000184_SHIPMENT,ORDER_000000184,PROCESSING,,
ORDER_000000185_SHIPMENT,ORDER_000000185,PROCESSING,,
ORDER_000000186_SHIPMENT,ORDER_000000186,IN_TRANSIT,2026-01-15T22:47:11,
ORDER_000000187_SHIPMENT,ORDER_000000187,DELIVERED,2026-01-12T17:48:20,2026-01-13T17:48:20
ORDER_000000188_SHIPMENT,ORDER_000000188,DELIVERED,2026-02-01T12:44:51,2026-02-04T15:44:51
ORDER_000000189_SHIPMENT,ORDER_000000189,DELIVERED,2026-09-15T22:06:51,2026-09-16T14:06:51
ORDER_000000190_SHIPMENT,ORDER_000000190,DELIVERED,2026-12-23T22:30:10,2026-12-29T12:30:10
ORDER_000000191_SHIPMENT,ORDER_000000191,IN_TRANSIT,2026-12-31T18:16:10,
ORDER_000000192_SHIPMENT,ORDER_000000192,DELIVERED,2026-08-20T18:01:13,2026-08-26T06:01:13
ORDER_000000193_SHIPMENT,ORDER_000000193,DELIVERED,2026-11-03T19:10:17,2026-11-10T07:10:17
ORDER_000000194_SHIPMENT,ORDER_000000194,DELIVERED,2026-07-03T06:19:38,2026-07-04T00:19:38
ORDER_000000195_SHIPMENT,ORDER_000000195,DELIVERED,2026-08-08T23:16:20,2026-08-11T10:16:20
ORDER_000000196_SHIPMENT,ORDER_000000196,PROCESSING,,
ORDER_000000197_SHIPMENT,ORDER_000000197,DELIVERED,2026-11-18T00:17:46,2026-11-21T01:17:46
ORDER_000000198_SHIPMENT,ORDER_000000198,DELIVERED,2026-05-13T03:10:34,2026-05-19T13:10:34
ORDER_000000199_SHIPMENT,ORDER_000000199,DELIVERED,2026-11-10T10:29:24,2026-11-16T16:29:24
ORDER_000000200_SHIPMENT,ORDER_000000200,IN_TRANSIT,2026-07-24T18:09:24,
ORDER_000000201_SHIPMENT,ORDER_000000201,PROCESSING,,
ORDER_000000202_SHIPMENT,ORDER_000000202,DELIVERED,2026-10-20T18:37:41,2026-10-24T18:37:41
ORDER_000000203_SHIPMENT,ORDER_000000203,DELIVERED,2026-04-27T19:25:15,2026-05-01T01:25:15
ORDER_000000204_SHIPMENT,ORDER_000000204,PROCESSING,,
ORDER_000000205_SHIPMENT,ORDER_000000205,PROCESSING,,
ORDER_000000206_SHIPMENT,ORDER_000000206,DELIVERED,2026-03-16T03:01:27,2026-03-18T08:01:27
ORDER_000000207_SHIPMENT,ORDER_000000207,PROCESSING,,
ORDER_000000208_SHIPMENT,ORDER_000000208,DELIVERED,2026-05-18T10:17:42,2026-05-19T08:17:42
ORDER_000000209_SHIPMENT,ORDER_000000209,DELIVERED,2026-02-22T11:24:55,2026-02-24T16:24:55
ORDER_000000210_SHIPMENT,ORDER_000000210,DELIVERED,2026-01-17T06:17:10,2026-01-19T10:17:10
ORDER_000000211_SHIPMENT,ORDER_000000211,PROCESSING,,
ORDER_000000212_SHIPMENT,ORDER_000000212,PROCESSING,,
ORDER_000000213_SHIPMENT,ORDER_000000213,DELIVERED,2026-05-16T23:23:51,2026-05-22T14:23:51
ORDER_000000214_SHIPMENT,ORDER_000000214,DELIVERED,2026-09-17T08:19:53,2026-09-23T21:19:53
ORDER_000000215_SHIPMENT,ORDER_000000215,DELIVERED,2026-10-14T13:02:37,2026-10-18T03:02:37
ORDER_000000216_SHIPMENT,ORDER_000000216,DELIVERED,2027-01-03T09:42:08,2027-01-06T06:42:08
ORDER_000000217_SHIPMENT,ORDER_000000217,DELIVERED,2026-10-14T16:44:09,2026-10-19T19:44:09
ORDER_000000218_SHIPMENT,ORDER_000000218,DELIVERED,2026-01-24T17:16:06,2026-01-28T11:16:06
ORDER_000000219_SHIPMENT,ORDER_000000219,IN_TRANSIT,2026-09-15T11:12:23,
ORDER_000000220_SHIPMENT,ORDER_000000220,DELIVERED,2026-11-11T20:01:08,2026-11-15T23:01:08
ORDER_000000221_SHIPMENT,ORDER_000000221,DELIVERED,2026-12-17T19:35:09,2026-12-22T06:35:09
ORDER_000000222_SHIPMENT,ORDER_000000222,DELIVERED,2026-11-11T05:10:42,2026-11-13T12:10:42
ORDER_000000223_SHIPMENT,ORDER_000000223,DELIVERED,2026-07-31T00:42:53,2026-08-04T22:42:53
ORDER_000000224_SHIPMENT,ORDER_000000224,DELIVERED,2026-05-13T18:00:23,2026-05-19T11:00:23
ORDER_000000225_SHIPMENT,ORDER_000000225,DELIVERED,2026-08-27T14:12:36,2026-08-28T16:12:36
ORDER_000000226_SHIPMENT,ORDER_000000226,PROCESSING,,
ORDER_000000227_SHIPMENT,ORDER_000000227,DELIVERED,2026-08-17T12:44:03,2026-08-18T23:44:03
ORDER_000000228_SHIPMENT,ORDER_000000228,DELIVERED,2026-08-19T22:46:27,2026-08-21T21:46:27
ORDER_000000229_SHIPMENT,ORDER_000000229,IN_TRANSIT,2026-07-17T16:10:45,
ORDER_000000230_SHIPMENT,ORDER_000000230,DELIVERED,2026-07-13T07:49:08,2026-07-15T14:49:08
ORDER_000000231_SHIPMENT,ORDER_000000231,DELIVERED,2026-12-09T13:08:39,2026-12-16T03:08:39
ORDER_000000232_SHIPMENT,ORDER_000000232,DELIVERED,2026-06-30T19:49:01,2026-07-06T15:49:01
ORDER_000000233_SHIPMENT,ORDER_000000233,DELIVERED,2026-07-16T02:04:03,2026-07-19T15:04:03
ORDER_000000234_SHIPMENT,ORDER_000000234,IN_TRANSIT,2026-10-02T17:58:23,
ORDER_000000235_SHIPMENT,ORDER_000000235,DELIVERED,2026-06-20T19:44:25,2026-06-27T08:44:25
ORDER_000000236_SHIPMENT,ORDER_000000236,DELIVERED,2026-05-22T07:36:17,2026-05-25T14:36:17
ORDER_000000237_SHIPMENT,ORDER_000000237,DELIVERED,2026-04-06T13:34:47,2026-04-08T21:34:47
ORDER_000000238_SHIPMENT,ORDER_000000238,PROCESSING,,
ORDER_000000239_SHIPMENT,ORDER_000000239,DELIVERED,2026-07-31T01:28:37,2026-08-02T05:28:37
ORDER_000000240_SHIPMENT,ORDER_000000240,DELIVERED,2026-09-23T03:32:09,2026-09-25T23:32:09
ORDER_000000241_SHIPMENT,ORDER_000000241,PROCESSING,,
ORDER_000000242_SHIPMENT,ORDER_000000242,DELIVERED,2026-12-31T07:13:39,2027-01-03T21:13:39
ORDER_000000243_SHIPMENT,ORDER_000000243,IN_TRANSIT,2026-04-05T18:54:01,
ORDER_000000244_SHIPMENT,ORDER_000000244,PROCESSING,,
ORDER_000000245_SHIPMENT,ORDER_000000245,DELIVERED,2026-07-14T06:44:40,2026-07-18T15:44:40
ORDER_000000246_SHIPMENT,ORDER_000000246,DELIVERED,2026-11-25T06:11:06,2026-11-26T17:11:06
ORDER_000000247_SHIPMENT,ORDER_000000247,PROCESSING,,
ORDER_000000248_SHIPMENT,ORDER_000000248,DELIVERED,2026-12-19T12:41:28,2026-12-25T18:41:28
ORDER_000000249_SHIPMENT,ORDER_000000249,PROCESSING,,
ORDER_000000250_SHIPMENT,ORDER_000000250,PROCESSING,,
ORDER_000000251_SHIPMENT,ORDER_000000251,DELIVERED,2026-04-04T04:58:04,2026-04-06T22:58:04
ORDER_000000252_SHIPMENT,ORDER_000000252,PROCESSING,,
ORDER_000000253_SHIPMENT,ORDER_000000253,DELIVERED,2026-08-05T23:58:43,2026-08-10T15:58:43
ORDER_000000254_SHIPMENT,ORDER_000000254,DELIVERED,2026-09-26T22:24:23,2026-09-28T08:24:23
ORDER_000000255_SHIPMENT,ORDER_000000255,DELIVERED,2026-04-12T02:58:43,2026-04-15T04:58:43
ORDER_000000256_SHIPMENT,ORDER_000000256,DELIVERED,2026-04-22T14:54:27,2026-04-24T06:54:27
ORDER_000000257_SHIPMENT,ORDER_000000257,DELIVERED,2026-07-05T13:39:28,2026-07-08T02:39:28
ORDER_000000258_SHIPMENT,ORDER_000000258,DELIVERED,2026-08-05T04:32:15,2026-08-11T22:32:15
ORDER_000000259_SHIPMENT,ORDER_000000259,DELIVERED,2026-10-04T01:18:12,2026-10-05T12:18:12
ORDER_000000260_SHIPMENT,ORDER_000000260,IN_TRANSIT,2026-06-27T20:10:19,
ORDER_000000261_SHIPMENT,ORDER_000000261,DELIVERED,2026-06-13T12:08:01,2026-06-18T00:08:01
ORDER_000000262_SHIPMENT,ORDER_000000262,DELIVERED,2026-11-15T06:28:03,2026-11-18T19:28:03
ORDER_000000263_SHIPMENT,ORDER_000000263,IN_TRANSIT,2026-03-19T13:22:11,
ORDER_000000264_SHIPMENT,ORDER_000000264,IN_TRANSIT,2026-10-24T21:47:52,
ORDER_000000265_SHIPMENT,ORDER_000000265,DELIVERED,2026-02-24T14:47:47,2026-02-25T19:47:47
ORDER_000000266_SHIPMENT,ORDER_000000266,IN_TRANSIT,2026-05-31T15:12:36,
ORDER_000000267_SHIPMENT,ORDER_000000267,DELIVERED,2026-08-26T17:19:15,2026-08-31T21:19:15
ORDER_000000268_SHIPMENT,ORDER_000000268,DELIVERED,2026-09-01T23:57:04,2026-09-03T21:57:04
ORDER_000000269_SHIPMENT,ORDER_000000269,DELIVERED,2026-04-18T04:23:50,2026-04-20T12:23:50
ORDER_000000270_SHIPMENT,ORDER_000000270,DELIVERED,2026-09-23T08:10:33,2026-09-27T22:10:33
ORDER_000000271_SHIPMENT,ORDER_000000271,IN_TRANSIT,2026-05-10T08:35:52,
ORDER_000000272_SHIPMENT,ORDER_000000272,DELIVERED,2026-04-11T18:32:42,2026-04-13T18:32:42
ORDER_000000273_SHIPMENT,ORDER_000000273,PROCESSING,,
ORDER_000000274_SHIPMENT,ORDER_000000274,DELIVERED,2026-01-20T12:48:44,2026-01-24T02:48:44
ORDER_000000275_SHIPMENT,ORDER_000000275,PROCESSING,,
ORDER_000000276_SHIPMENT,ORDER_000000276,DELIVERED,2026-09-10T04:28:27,2026-09-16T18:28:27
ORDER_000000277_SHIPMENT,ORDER_000000277,DELIVERED,2026-01-11T06:15:32,2026-01-12T07:15:32
ORDER_000000278_SHIPMENT,ORDER_000000278,PROCESSING,,
ORDER_000000279_SHIPMENT,ORDER_000000279,PROCESSING,,
ORDER_000000280_SHIPMENT,ORDER_000000280,DELIVERED,2026-04-16T06:54:42,2026-04-22T07:54:42
ORDER_000000281_SHIPMENT,ORDER_000000281,DELIVERED,2026-09-11T19:03:03,2026-09-13T12:03:03
ORDER_000000282_SHIPMENT,ORDER_000000282,IN_TRANSIT,2026-01-31T11:58:07,
ORDER_000000283_SHIPMENT,ORDER_000000283,DELIVERED,2026-07-11T10:43:34,2026-07-15T20:43:34
ORDER_000000284_SHIPMENT,ORDER_000000284,DELIVERED,2026-11-23T12:49:44,2026-11-24T12:49:44
ORDER_000000285_SHIPMENT,ORDER_000000285,DELIVERED,2026-07-06T20:21:11,2026-07-08T19:21:11
ORDER_000000286_SHIPMENT,ORDER_000000286,DELIVERED,2026-01-23T09:44:38,2026-01-29T01:44:38
ORDER_000000287_SHIPMENT,ORDER_000000287,DELIVERED,2026-02-08T14:34:02,2026-02-13T14:34:02
ORDER_000000288_SHIPMENT,ORDER_000000288,PROCESSING,,
ORDER_000000289_SHIPMENT,ORDER_000000289,PROCESSING,,
ORDER_000000290_SHIPMENT,ORDER_000000290,IN_TRANSIT,2026-09-14T13:37:39,
ORDER_000000291_SHIPMENT,ORDER_000000291,DELIVERED,2026-06-19T14:46:27,2026-06-24T19:46:27
ORDER_000000292_SHIPMENT,ORDER_000000292,DELIVERED,2026-11-21T05:30:12,2026-11-25T11:30:12
ORDER_000000293_SHIPMENT,ORDER_000000293,DELIVERED,2026-08-09T01:45:45,2026-08-15T20:45:45
ORDER_000000294_SHIPMENT,ORDER_000000294,DELIVERED,2026-12-24T17:20:39,2026-12-25T11:20:39
ORDER_000000295_SHIPMENT,ORDER_000000295,IN_TRANSIT,2026-11-30T05:08:23,
ORDER_000000296_SHIPMENT,ORDER_000000296,DELIVERED,2026-09-26T07:03:22,2026-09-28T07:03:22
ORDER_000000297_SHIPMENT,ORDER_000000297,PROCESSING,,
ORDER_000000298_SHIPMENT,ORDER_000000298,PROCESSING,,
ORDER_000000299_SHIPMENT,ORDER_000000299,DELIVERED,2026-06-04T10:55:52,2026-06-09T13:55:52
ORDER_000000300_SHIPMENT,ORDER_000000300,DELIVERED,2026-05-13T09:42:17,2026-05-14T02:42:17
ORDER_000000301_SHIPMENT,ORDER_000000301,PROCESSING,,
ORDER_000000302_SHIPMENT,ORDER_000000302,IN_TRANSIT,2026-03-06T13:40:22,
ORDER_000000303_SHIPMENT,ORDER_000000303,DELIVERED,2026-05-08T10:15:45,2026-05-10T13:15:45
ORDER_000000304_SHIPMENT,ORDER_000000304,IN_TRANSIT,2026-03-13T09:45:08,
ORDER_000000305_SHIPMENT,ORDER_000000305,DELIVERED,2026-10-04T19:29:27,2026-10-11T19:29:27
ORDER_000000306_SHIPMENT,ORDER_000000306,DELIVERED,2026-04-04T12:24:34,2026-04-11T09:24:34
ORDER_000000307_SHIPMENT,ORDER_000000307,DELIVERED,2026-09-18T20:20:49,2026-09-20T10:20:49
ORDER_000000308_SHIPMENT,ORDER_000000308,DELIVERED,2026-06-12T06:19:26,2026-06-19T05:19:26
ORDER_000000309_SHIPMENT,ORDER_000000309,DELIVERED,2026-11-15T13:25:12,2026-11-16T22:25:12
ORDER_000000310_SHIPMENT,ORDER_000000310,IN_TRANSIT,2026-03-06T21:16,
ORDER_000000311_SHIPMENT,ORDER_000000311,DELIVERED,2026-09-05T16:10:26,2026-09-09T02:10:26
ORDER_000000312_SHIPMENT,ORDER_000000312,DELIVERED,2026-08-13T17:12:32,2026-08-18T07:12:32
ORDER_000000313_SHIPMENT,ORDER_000000313,DELIVERED,2026-08-13T02:55:52,2026-08-18T12:55:52
ORDER_000000314_SHIPMENT,ORDER_000000314,DELIVERED,2026-02-19T04:50:01,2026-02-22T21:50:01
ORDER_000000315_SHIPMENT,ORDER_000000315,DELIVERED,2026-12-21T21:41:58,2026-12-24T23:41:58
ORDER_000000316_SHIPMENT,ORDER_000000316,DELIVERED,2026-10-31T14:03:15,2026-11-03T15:03:15
ORDER_000000317_SHIPMENT,ORDER_000000317,DELIVERED,2026-05-14T12:21:43,2026-05-15T02:21:43
ORDER_000000318_SHIPMENT,ORDER_000000318,DELIVERED,2026-09-09T04:30:20,2026-09-15T20:30:20
ORDER_000000319_SHIPMENT,ORDER_000000319,DELIVERED,2026-05-16T13:04:23,2026-05-18T14:04:23
ORDER_000000320_SHIPMENT,ORDER_000000320,IN_TRANSIT,2026-06-10T00:44:39,
ORDER_000000321_SHIPMENT,ORDER_000000321,IN_TRANSIT,2026-09-20T19:50:32,
ORDER_000000322_SHIPMENT,ORDER_000000322,DELIVERED,2026-08-27T15:09:21,2026-09-01T02:09:21
ORDER_000000323_SHIPMENT,ORDER_000000323,DELIVERED,2026-02-08T23:35:32,2026-02-14T17:35:32
ORDER_000000324_SHIPMENT,ORDER_000000324,DELIVERED,2026-04-29T09:10:59,2026-05-03T10:10:59
ORDER_000000325_SHIPMENT,ORDER_000000325,PROCESSING,,
ORDER_000000326_SHIPMENT,ORDER_000000326,DELIVERED,2026-01-04T12:43:46,2026-01-07T04:43:46
ORDER_000000327_SHIPMENT,ORDER_000000327,PROCESSING,,
ORDER_000000328_SHIPMENT,ORDER_000000328,DELIVERED,2026-04-09T19:09:39,2026-04-12T16:09:39
ORDER_000000329_SHIPMENT,ORDER_000000329,DELIVERED,2026-04-11T13:38:14,2026-04-14T14:38:14
ORDER_000000330_SHIPMENT,ORDER_000000330,IN_TRANSIT,2026-10-17T23:24:32,
ORDER_000000331_SHIPMENT,ORDER_000000331,DELIVERED,2026-02-14T08:50:55,2026-02-19T05:50:55
ORDER_000000332_SHIPMENT,ORDER_000000332,PROCESSING,,
ORDER_000000333_SHIPMENT,ORDER_000000333,DELIVERED,2026-03-20T04:59:51,2026-03-26T01:59:51
ORDER_000000334_SHIPMENT,ORDER_000000334,PROCESSING,,
ORDER_000000335_SHIPMENT,ORDER_000000335,IN_TRANSIT,2026-08-14T21:29:37,
ORDER_000000336_SHIPMENT,ORDER_000000336,DELIVERED,2026-09-09T04:16:04,2026-09-11T11:16:04
ORDER_000000337_SHIPMENT,ORDER_000000337,DELIVERED,2026-01-22T06:56:13,2026-01-24T21:56:13
ORDER_000000338_SHIPMENT,ORDER_000000338,IN_TRANSIT,2026-11-25T03:14:09,
ORDER_000000339_SHIPMENT,ORDER_000000339,DELIVERED,2026-01-21T06:50:36,2026-01-24T09:50:36
ORDER_000000340_SHIPMENT,ORDER_000000340,PROCESSING,,
ORDER_000000341_SHIPMENT,ORDER_000000341,IN_TRANSIT,2026-05-17T04:20:44,
ORDER_000000342_SHIPMENT,ORDER_000000342,DELIVERED,2026-01-12T18:11:03,2026-01-18T02:11:03
ORDER_000000343_SHIPMENT,ORDER_000000343,DELIVERED,2026-07-16T20:09:10,2026-07-17T16:09:10
ORDER_000000344_SHIPMENT,ORDER_000000344,PROCESSING,,
ORDER_000000345_SHIPMENT,ORDER_000000345,DELIVERED,2026-08-15T08:40:22,2026-08-17T16:40:22
ORDER_000000346_SHIPMENT,ORDER_000000346,DELIVERED,2026-10-22T04:28:13,2026-10-28T03:28:13
ORDER_000000347_SHIPMENT,ORDER_000000347,PROCESSING,,
ORDER_000000348_SHIPMENT,ORDER_000000348,IN_TRANSIT,2026-01-26T06:09:23,
ORDER_000000349_SHIPMENT,ORDER_000000349,DELIVERED,2026-01-16T17:51:02,2026-01-22T02:51:02
ORDER_000000350_SHIPMENT,ORDER_000000350,IN_TRANSIT,2026-09-10T17:40,
ORDER_000000351_SHIPMENT,ORDER_000000351,DELIVERED,2026-06-18T19:04:28,2026-06-23T18:04:28
ORDER_000000352_SHIPMENT,ORDER_000000352,IN_TRANSIT,2026-03-09T21:51:11,
ORDER_000000353_SHIPMENT,ORDER_000000353,DELIVERED,2026-04-18T02:51:58,2026-04-18T18:51:58
ORDER_000000354_SHIPMENT,ORDER_000000354,PROCESSING,,
ORDER_000000355_SHIPMENT,ORDER_000000355,IN_TRANSIT,2026-12-11T13:25:12,
ORDER_000000356_SHIPMENT,ORDER_000000356,DELIVERED,2026-10-08T08:28:09,2026-10-10T05:28:09
ORDER_000000357_SHIPMENT,ORDER_000000357,IN_TRANSIT,2026-10-20T00:35:02,
ORDER_000000358_SHIPMENT,ORDER_000000358,PROCESSING,,
ORDER_000000359_SHIPMENT,ORDER_000000359,DELIVERED,2026-04-28T15:54:50,2026-05-01T22:54:50
ORDER_000000360_SHIPMENT,ORDER_000000360,IN_TRANSIT,2026-08-12T18:58:11,
ORDER_000000361_SHIPMENT,ORDER_000000361,DELIVERED,2026-02-12T05:08:12,2026-02-18T10:08:12
ORDER_000000362_SHIPMENT,ORDER_000000362,PROCESSING,,
ORDER_000000363_SHIPMENT,ORDER_000000363,DELIVERED,2026-03-20T19:29:36,2026-03-21T07:29:36
ORDER_000000364_SHIPMENT,ORDER_000000364,DELIVERED,2026-11-15T15:07:07,2026-11-22T10:07:07
ORDER_000000365_SHIPMENT,ORDER_000000365,DELIVERED,2026-05-19T20:52:05,2026-05-26T03:52:05
ORDER_000000366_SHIPMENT,ORDER_000000366,PROCESSING,,
ORDER_000000367_SHIPMENT,ORDER_000000367,PROCESSING,,
ORDER_000000368_SHIPMENT,ORDER_000000368,DELIVERED,2026-09-27T01:52:33,2026-09-30T06:52:33
ORDER_000000369_SHIPMENT,ORDER_000000369,DELIVERED,2026-04-12T02:31:51,2026-04-17T18:31:51
ORDER_000000370_SHIPMENT,ORDER_000000370,PROCESSING,,
ORDER_000000371_SHIPMENT,ORDER_000000371,IN_TRANSIT,2026-09-17T10:39:22,
ORDER_000000372_SHIPMENT,ORDER_000000372,DELIVERED,2026-01-16T17:16:08,2026-01-21T02:16:08
ORDER_000000373_SHIPMENT,ORDER_000000373,DELIVERED,2026-04-14T07:22:05,2026-04-18T01:22:05
ORDER_000000374_SHIPMENT,ORDER_000000374,PROCESSING,,
ORDER_000000375_SHIPMENT,ORDER_000000375,PROCESSING,,
ORDER_000000376_SHIPMENT,ORDER_000000376,DELIVERED,2026-11-24T09:34:59,2026-11-26T23:34:59
ORDER_000000377_SHIPMENT,ORDER_000000377,IN_TRANSIT,2026-01-22T13:52:59,
ORDER_000000378_SHIPMENT,ORDER_000000378,PROCESSING,,
ORDER_000000379_SHIPMENT,ORDER_000000379,DELIVERED,2026-09-23T19:10:05,2026-09-27T04:10:05
ORDER_000000380_SHIPMENT,ORDER_000000380,IN_TRANSIT,2026-07-15T14:54:25,
ORDER_000000381_SHIPMENT,ORDER_000000381,PROCESSING,,
ORDER_000000382_SHIPMENT,ORDER_000000382,DELIVERED,2026-06-05T17:39:04,2026-06-08T10:39:04
ORDER_000000383_SHIPMENT,ORDER_000000383,PROCESSING,,
ORDER_000000384_SHIPMENT,ORDER_000000384,DELIVERED,2026-07-12T09:01:22,2026-07-17T12:01:22
ORDER_000000385_SHIPMENT,ORDER_000000385,IN_TRANSIT,2026-05-08T17:35:40,
ORDER_000000386_SHIPMENT,ORDER_000000386,DELIVERED,2026-10-08T15:29:29,2026-10-13T00:29:29
ORDER_000000387_SHIPMENT,ORDER_000000387,PROCESSING,,
ORDER_000000388_SHIPMENT,ORDER_000000388,PROCESSING,,
ORDER_000000389_SHIPMENT,ORDER_000000389,DELIVERED,2026-07-23T19:52:22,2026-07-29T14:52:22
ORDER_000000390_SHIPMENT,ORDER_000000390,PROCESSING,,
ORDER_000000391_SHIPMENT,ORDER_000000391,IN_TRANSIT,2026-06-20T13:24,
ORDER_000000392_SHIPMENT,ORDER_000000392,DELIVERED,2026-12-29T11:47:01,2027-01-04T01:47:01
ORDER_000000393_SHIPMENT,ORDER_000000393,DELIVERED,2026-11-24T15:36:49,2026-11-29T12:36:49
ORDER_000000394_SHIPMENT,ORDER_000000394,DELIVERED,2026-10-02T15:03:27,2026-10-06T01:03:27
ORDER_000000395_SHIPMENT,ORDER_000000395,DELIVERED,2026-11-29T23:31:34,2026-12-02T13:31:34
ORDER_000000396_SHIPMENT,ORDER_000000396,DELIVERED,2026-12-09T01:06:18,2026-12-12T20:06:18
ORDER_000000397_SHIPMENT,ORDER_000000397,DELIVERED,2026-11-12T15:47:40,2026-11-17T10:47:40
ORDER_000000398_SHIPMENT,ORDER_000000398,PROCESSING,,
ORDER_000000399_SHIPMENT,ORDER_000000399,PROCESSING,,
ORDER_000000400_SHIPMENT,ORDER_000000400,DELIVERED,2026-09-27T00:04:49,2026-10-01T04:04:49
ORDER_000000401_SHIPMENT,ORDER_000000401,DELIVERED,2026-09-17T21:45:48,2026-09-20T12:45:48
ORDER_000000402_SHIPMENT,ORDER_000000402,DELIVERED,2026-06-06T10:01:43,2026-06-09T06:01:43
ORDER_000000403_SHIPMENT,ORDER_000000403,DELIVERED,2026-06-23T03:26:08,2026-06-24T18:26:08
ORDER_000000404_SHIPMENT,ORDER_000000404,DELIVERED,2026-03-03T03:01:57,2026-03-06T12:01:57
ORDER_000000405_SHIPMENT,ORDER_000000405,DELIVERED,2026-12-26T18:46:45,2027-01-01T20:46:45
ORDER_000000406_SHIPMENT,ORDER_000000406,DELIVERED,2026-09-15T21:41,2026-09-21T02:41
ORDER_000000407_SHIPMENT,ORDER_000000407,DELIVERED,2026-08-22T12:39:29,2026-08-29T08:39:29
ORDER_000000408_SHIPMENT,ORDER_000000408,DELIVERED,2026-08-22T13:44:13,2026-08-25T04:44:13
ORDER_000000409_SHIPMENT,ORDER_000000409,PROCESSING,,
ORDER_000000410_SHIPMENT,ORDER_000000410,PROCESSING,,
ORDER_000000411_SHIPMENT,ORDER_000000411,DELIVERED,2026-03-11T19:40:30,2026-03-14T08:40:30
ORDER_000000412_SHIPMENT,ORDER_000000412,DELIVERED,2026-08-20T21:36:07,2026-08-25T15:36:07
ORDER_000000413_SHIPMENT,ORDER_000000413,PROCESSING,,
ORDER_000000414_SHIPMENT,ORDER_000000414,DELIVERED,2026-05-24T20:46:25,2026-05-30T18:46:25
ORDER_000000415_SHIPMENT,ORDER_000000415,DELIVERED,2026-08-30T18:16:43,2026-09-02T09:16:43
ORDER_000000416_SHIPMENT,ORDER_000000416,DELIVERED,2026-10-24T22:59:02,2026-10-28T23:59:02
ORDER_000000417_SHIPMENT,ORDER_000000417,DELIVERED,2026-03-12T20:52:20,2026-03-16T09:52:20
ORDER_000000418_SHIPMENT,ORDER_000000418,DELIVERED,2026-04-15T15:54:01,2026-04-21T03:54:01
ORDER_000000419_SHIPMENT,ORDER_000000419,DELIVERED,2026-09-02T07:10:18,2026-09-05T01:10:18
ORDER_000000420_SHIPMENT,ORDER_000000420,DELIVERED,2026-02-06T17:46:20,2026-02-13T16:46:20
ORDER_000000421_SHIPMENT,ORDER_000000421,DELIVERED,2026-04-04T22:19:25,2026-04-10T07:19:25
ORDER_000000422_SHIPMENT,ORDER_000000422,DELIVERED,2026-02-27T05:25:25,2026-03-03T02:25:25
ORDER_000000423_SHIPMENT,ORDER_000000423,DELIVERED,2026-11-13T12:36:23,2026-11-15T16:36:23
ORDER_000000424_SHIPMENT,ORDER_000000424,DELIVERED,2026-01-20T10:09:06,2026-01-25T14:09:06
ORDER_000000425_SHIPMENT,ORDER_000000425,PROCESSING,,
ORDER_000000426_SHIPMENT,ORDER_000000426,DELIVERED,2026-03-20T16:12:32,2026-03-24T05:12:32
ORDER_000000427_SHIPMENT,ORDER_000000427,IN_TRANSIT,2026-12-02T08:45:21,
ORDER_000000428_SHIPMENT,ORDER_000000428,DELIVERED,2026-10-12T08:42:28,2026-10-14T23:42:28
ORDER_000000429_SHIPMENT,ORDER_000000429,DELIVERED,2026-05-13T04:04:48,2026-05-15T16:04:48
ORDER_000000430_SHIPMENT,ORDER_000000430,DELIVERED,2026-09-20T09:53:01,2026-09-26T21:53:01
ORDER_000000431_SHIPMENT,ORDER_000000431,PROCESSING,,
ORDER_000000432_SHIPMENT,ORDER_000000432,DELIVERED,2026-08-30T19:41:43,2026-09-05T07:41:43
ORDER_000000433_SHIPMENT,ORDER_000000433,DELIVERED,2026-01-06T04:22:14,2026-01-07T13:22:14
ORDER_000000434_SHIPMENT,ORDER_000000434,IN_TRANSIT,2026-04-19T23:08:18,
ORDER_000000435_SHIPMENT,ORDER_000000435,DELIVERED,2026-08-23T10:51:45,2026-08-29T17:51:45
ORDER_000000436_SHIPMENT,ORDER_000000436,DELIVERED,2026-07-29T18:38:26,2026-08-05T04:38:26
ORDER_000000437_SHIPMENT,ORDER_000000437,PROCESSING,,
ORDER_000000438_SHIPMENT,ORDER_000000438,DELIVERED,2026-06-05T06:09:24,2026-06-11T22:09:24
ORDER_000000439_SHIPMENT,ORDER_000000439,IN_TRANSIT,2026-10-21T00:13:58,
ORDER_000000440_SHIPMENT,ORDER_000000440,PROCESSING,,
ORDER_000000441_SHIPMENT,ORDER_000000441,DELIVERED,2026-01-09T21:00:12,2026-01-14T17:00:12
ORDER_000000442_SHIPMENT,ORDER_000000442,DELIVERED,2026-06-08T23:24:48,2026-06-11T03:24:48
ORDER_000000443_SHIPMENT,ORDER_000000443,DELIVERED,2026-10-07T08:16:59,2026-10-09T08:16:59
ORDER_000000444_SHIPMENT,ORDER_000000444,DELIVERED,2026-07-11T04:32,2026-07-13T01:32
ORDER_000000445_SHIPMENT,ORDER_000000445,IN_TRANSIT,2026-02-04T23:00:29,
ORDER_000000446_SHIPMENT,ORDER_000000446,DELIVERED,2026-12-29T09:28:04,2027-01-01T12:28:04
ORDER_000000447_SHIPMENT,ORDER_000000447,DELIVERED,2026-12-02T20:44:43,2026-12-08T03:44:43
ORDER_000000448_SHIPMENT,ORDER_000000448,DELIVERED,2026-12-17T02:00:19,2026-12-20T10:00:19
ORDER_000000449_SHIPMENT,ORDER_000000449,DELIVERED,2026-04-04T02:20:37,2026-04-04T19:20:37
ORDER_000000450_SHIPMENT,ORDER_000000450,DELIVERED,2026-12-11T11:49:14,2026-12-14T09:49:14
ORDER_000000451_SHIPMENT,ORDER_000000451,IN_TRANSIT,2026-11-10T19:01:52,
ORDER_000000452_SHIPMENT,ORDER_000000452,DELIVERED,2026-05-21T11:41:39,2026-05-26T20:41:39
ORDER_000000453_SHIPMENT,ORDER_000000453,PROCESSING,,
ORDER_000000454_SHIPMENT,ORDER_000000454,PROCESSING,,
ORDER_000000455_SHIPMENT,ORDER_000000455,DELIVERED,2026-06-02T18:22:37,2026-06-06T21:22:37
ORDER_000000456_SHIPMENT,ORDER_000000456,PROCESSING,,
ORDER_000000457_SHIPMENT,ORDER_000000457,DELIVERED,2026-12-26T02:29:24,2027-01-02T02:29:24
ORDER_000000458_SHIPMENT,ORDER_000000458,DELIVERED,2026-12-18T21:28:39,2026-12-23T08:28:39
ORDER_000000459_SHIPMENT,ORDER_000000459,DELIVERED,2026-07-27T03:13,2026-08-01T18:13
ORDER_000000460_SHIPMENT,ORDER_000000460,PROCESSING,,
ORDER_000000461_SHIPMENT,ORDER_000000461,DELIVERED,2026-12-12T18:27:03,2026-12-18T09:27:03
ORDER_000000462_SHIPMENT,ORDER_000000462,IN_TRANSIT,2026-08-27T08:52:11,
ORDER_000000463_SHIPMENT,ORDER_000000463,PROCESSING,,
ORDER_000000464_SHIPMENT,ORDER_000000464,IN_TRANSIT,2026-07-26T14:38:20,
ORDER_000000465_SHIPMENT,ORDER_000000465,IN_TRANSIT,2026-03-22T14:40:33,
ORDER_000000466_SHIPMENT,ORDER_000000466,DELIVERED,2026-03-12T01:42:19,2026-03-14T07:42:19
ORDER_000000467_SHIPMENT,ORDER_000000467,DELIVERED,2026-03-12T23:43:52,2026-03-14T18:43:52
ORDER_000000468_SHIPMENT,ORDER_000000468,IN_TRANSIT,2027-01-02T14:29:59,
ORDER_000000469_SHIPMENT,ORDER_000000469,IN_TRANSIT,2026-06-10T22:46:59,
ORDER_000000470_SHIPMENT,ORDER_000000470,PROCESSING,,
ORDER_000000471_SHIPMENT,ORDER_000000471,DELIVERED,2026-02-10T16:55:08,2026-02-12T07:55:08
ORDER_000000472_SHIPMENT,ORDER_000000472,IN_TRANSIT,2026-04-02T06:49,
ORDER_000000473_SHIPMENT,ORDER_000000473,PROCESSING,,
ORDER_000000474_SHIPMENT,ORDER_000000474,PROCESSING,,
ORDER_000000475_SHIPMENT,ORDER_000000475,PROCESSING,,
ORDER_000000476_SHIPMENT,ORDER_000000476,IN_TRANSIT,2026-08-08T18:16:37,
ORDER_000000477_SHIPMENT,ORDER_000000477,PROCESSING,,
ORDER_000000478_SHIPMENT,ORDER_000000478,DELIVERED,2026-03-22T18:05:12,2026-03-25T07:05:12
ORDER_000000479_SHIPMENT,ORDER_000000479,DELIVERED,2026-12-12T01:36:37,2026-12-17T12:36:37
ORDER_000000480_SHIPMENT,ORDER_000000480,DELIVERED,2026-09-03T01:31:24,2026-09-04T06:31:24
ORDER_000000481_SHIPMENT,ORDER_000000481,PROCESSING,,
ORDER_000000482_SHIPMENT,ORDER_000000482,DELIVERED,2026-07-08T08:08:32,2026-07-13T03:08:32
ORDER_000000483_SHIPMENT,ORDER_000000483,DELIVERED,2026-02-16T01:09:12,2026-02-18T04:09:12
ORDER_000000484_SHIPMENT,ORDER_000000484,DELIVERED,2026-01-07T06:30:30,2026-01-13T14:30:30
ORDER_000000485_SHIPMENT,ORDER_000000485,DELIVERED,2026-12-07T02:32:34,2026-12-09T21:32:34
ORDER_000000486_SHIPMENT,ORDER_000000486,DELIVERED,2026-02-28T00:06:23,2026-03-06T18:06:23
ORDER_000000487_SHIPMENT,ORDER_000000487,PROCESSING,,
ORDER_000000488_SHIPMENT,ORDER_000000488,DELIVERED,2026-10-17T07:22:49,2026-10-20T17:22:49
ORDER_000000489_SHIPMENT,ORDER_000000489,DELIVERED,2026-01-30T06:19:14,2026-02-06T01:19:14
ORDER_000000490_SHIPMENT,ORDER_000000490,DELIVERED,2026-08-04T06:10:57,2026-08-06T22:10:57
ORDER_000000491_SHIPMENT,ORDER_000000491,DELIVERED,2026-06-21T09:30:15,2026-06-26T21:30:15
ORDER_000000492_SHIPMENT,ORDER_000000492,DELIVERED,2026-07-11T21:53:44,2026-07-13T11:53:44
ORDER_000000493_SHIPMENT,ORDER_000000493,PROCESSING,,
ORDER_000000494_SHIPMENT,ORDER_000000494,DELIVERED,2026-05-12T02:04:27,2026-05-16T06:04:27
ORDER_000000495_SHIPMENT,ORDER_000000495,DELIVERED,2026-07-20T00:10:28,2026-07-24T16:10:28
ORDER_000000496_SHIPMENT,ORDER_000000496,PROCESSING,,
ORDER_000000497_SHIPMENT,ORDER_000000497,DELIVERED,2026-03-13T14:21:59,2026-03-14T07:21:59
ORDER_000000498_SHIPMENT,ORDER_000000498,PROCESSING,,
ORDER_000000499_SHIPMENT,ORDER_000000499,PROCESSING,,
ORDER_000000500_SHIPMENT,ORDER_000000500,DELIVERED,2026-02-17T18:08:24,2026-02-19T08:08:24
ORDER_000000501_SHIPMENT,ORDER_000000501,IN_TRANSIT,2026-02-20T08:57:17,
ORDER_000000502_SHIPMENT,ORDER_000000502,DELIVERED,2026-04-16T02:38:50,2026-04-22T10:38:50
ORDER_000000503_SHIPMENT,ORDER_000000503,PROCESSING,,
ORDER_000000504_SHIPMENT,ORDER_000000504,DELIVERED,2026-09-27T14:10:33,2026-10-03T15:10:33
ORDER_000000505_SHIPMENT,ORDER_000000505,IN_TRANSIT,2026-06-09T23:28:05,
ORDER_000000506_SHIPMENT,ORDER_000000506,DELIVERED,2026-02-23T15:14:25,2026-03-01T06:14:25
ORDER_000000507_SHIPMENT,ORDER_000000507,DELIVERED,2026-08-21T20:45:48,2026-08-22T16:45:48
ORDER_000000508_SHIPMENT,ORDER_000000508,IN_TRANSIT,2026-03-07T16:37:15,
ORDER_000000509_SHIPMENT,ORDER_000000509,DELIVERED,2026-06-23T16:58:12,2026-06-25T19:58:12
ORDER_000000510_SHIPMENT,ORDER_000000510,IN_TRANSIT,2026-08-27T15:14:34,
ORDER_000000511_SHIPMENT,ORDER_000000511,DELIVERED,2026-03-30T02:22:32,2026-04-02T10:22:32
ORDER_000000512_SHIPMENT,ORDER_000000512,DELIVERED,2026-09-06T11:11:27,2026-09-13T00:11:27
ORDER_000000513_SHIPMENT,ORDER_000000513,IN_TRANSIT,2026-06-28T23:41:51,
ORDER_000000514_SHIPMENT,ORDER_000000514,IN_TRANSIT,2026-03-25T14:13:18,
ORDER_000000515_SHIPMENT,ORDER_000000515,DELIVERED,2026-07-24T05:55:33,2026-07-29T03:55:33
ORDER_000000516_SHIPMENT,ORDER_000000516,PROCESSING,,
ORDER_000000517_SHIPMENT,ORDER_000000517,PROCESSING,,
ORDER_000000518_SHIPMENT,ORDER_000000518,DELIVERED,2026-06-22T07:49:23,2026-06-24T13:49:23
ORDER_000000519_SHIPMENT,ORDER_000000519,DELIVERED,2026-01-20T02:31:29,2026-01-21T03:31:29
ORDER_000000520_SHIPMENT,ORDER_000000520,PROCESSING,,
ORDER_000000521_SHIPMENT,ORDER_000000521,DELIVERED,2026-11-17T15:28:05,2026-11-21T00:28:05
ORDER_000000522_SHIPMENT,ORDER_000000522,IN_TRANSIT,2026-03-12T15:18:02,
ORDER_000000523_SHIPMENT,ORDER_000000523,DELIVERED,2026-03-27T22:50:18,2026-04-01T06:50:18
ORDER_000000524_SHIPMENT,ORDER_000000524,DELIVERED,2026-06-04T17:38,2026-06-06T23:38
ORDER_000000525_SHIPMENT,ORDER_000000525,DELIVERED,2026-05-22T18:59:57,2026-05-24T14:59:57
ORDER_000000526_SHIPMENT,ORDER_000000526,DELIVERED,2026-01-25T20:57:46,2026-01-31T20:57:46
ORDER_000000527_SHIPMENT,ORDER_000000527,DELIVERED,2026-05-16T15:38:14,2026-05-22T01:38:14
ORDER_000000528_SHIPMENT,ORDER_000000528,PROCESSING,,
ORDER_000000529_SHIPMENT,ORDER_000000529,DELIVERED,2026-12-17T06:10:25,2026-12-20T09:10:25
ORDER_000000530_SHIPMENT,ORDER_000000530,DELIVERED,2026-04-07T12:38:10,2026-04-12T08:38:10
ORDER_000000531_SHIPMENT,ORDER_000000531,DELIVERED,2026-09-04T09:39:25,2026-09-06T01:39:25
ORDER_000000532_SHIPMENT,ORDER_000000532,IN_TRANSIT,2026-11-06T17:53:15,
ORDER_000000533_SHIPMENT,ORDER_000000533,DELIVERED,2026-11-05T09:24:02,2026-11-07T11:24:02
ORDER_000000534_SHIPMENT,ORDER_000000534,DELIVERED,2026-10-07T08:13:43,2026-10-11T08:13:43
ORDER_000000535_SHIPMENT,ORDER_000000535,PROCESSING,,
ORDER_000000536_SHIPMENT,ORDER_000000536,DELIVERED,2026-10-01T19:16:46,2026-10-08T14:16:46
ORDER_000000537_SHIPMENT,ORDER_000000537,DELIVERED,2026-12-05T21:10:06,2026-12-07T20:10:06
ORDER_000000538_SHIPMENT,ORDER_000000538,PROCESSING,,
ORDER_000000539_SHIPMENT,ORDER_000000539,PROCESSING,,
ORDER_000000540_SHIPMENT,ORDER_000000540,DELIVERED,2026-05-09T04:21:53,2026-05-15T09:21:53
ORDER_000000541_SHIPMENT,ORDER_000000541,PROCESSING,,
ORDER_000000542_SHIPMENT,ORDER_000000542,DELIVERED,2026-11-22T02:18:58,2026-11-24T08:18:58
ORDER_000000543_SHIPMENT,ORDER_000000543,DELIVERED,2026-01-29T07:19:21,2026-02-01T02:19:21
ORDER_000000544_SHIPMENT,ORDER_000000544,DELIVERED,2026-01-05T06:09:27,2026-01-05T19:09:27
ORDER_000000545_SHIPMENT,ORDER_000000545,DELIVERED,2026-02-12T03:59:54,2026-02-15T07:59:54
ORDER_000000546_SHIPMENT,ORDER_000000546,PROCESSING,,
ORDER_000000547_SHIPMENT,ORDER_000000547,PROCESSING,,
ORDER_000000548_SHIPMENT,ORDER_000000548,DELIVERED,2026-08-30T07:39:42,2026-09-06T00:39:42
ORDER_000000549_SHIPMENT,ORDER_000000549,DELIVERED,2026-07-25T20:38:20,2026-07-30T07:38:20
ORDER_000000550_SHIPMENT,ORDER_000000550,PROCESSING,,
ORDER_000000551_SHIPMENT,ORDER_000000551,DELIVERED,2026-11-15T01:31:07,2026-11-17T14:31:07
ORDER_000000552_SHIPMENT,ORDER_000000552,DELIVERED,2026-11-20T15:24:31,2026-11-23T22:24:31
ORDER_000000553_SHIPMENT,ORDER_000000553,DELIVERED,2026-06-09T21:25:27,2026-06-16T19:25:27
ORDER_000000554_SHIPMENT,ORDER_000000554,DELIVERED,2026-01-13T09:32:50,2026-01-15T23:32:50
ORDER_000000555_SHIPMENT,ORDER_000000555,DELIVERED,2026-01-03T07:22:47,2026-01-07T05:22:47
ORDER_000000556_SHIPMENT,ORDER_000000556,DELIVERED,2026-08-22T04:43:20,2026-08-22T18:43:20
ORDER_000000557_SHIPMENT,ORDER_000000557,PROCESSING,,
ORDER_000000558_SHIPMENT,ORDER_000000558,IN_TRANSIT,2026-05-18T23:11:56,
ORDER_000000559_SHIPMENT,ORDER_000000559,DELIVERED,2026-12-17T01:54:24,2026-12-23T22:54:24
ORDER_000000560_SHIPMENT,ORDER_000000560,DELIVERED,2026-09-05T18:56:34,2026-09-12T14:56:34
ORDER_000000561_SHIPMENT,ORDER_000000561,IN_TRANSIT,2026-04-03T12:26:30,
ORDER_000000562_SHIPMENT,ORDER_000000562,IN_TRANSIT,2026-07-14T09:50:57,
ORDER_000000563_SHIPMENT,ORDER_000000563,DELIVERED,2026-01-10T17:40:31,2026-01-12T13:40:31
ORDER_000000564_SHIPMENT,ORDER_000000564,PROCESSING,,
ORDER_000000565_SHIPMENT,ORDER_000000565,DELIVERED,2026-06-30T14:00:12,2026-07-02T17:00:12
ORDER_000000566_SHIPMENT,ORDER_000000566,DELIVERED,2026-11-08T00:02:52,2026-11-13T21:02:52
ORDER_000000567_SHIPMENT,ORDER_000000567,DELIVERED,2026-09-18T05:31:56,2026-09-23T05:31:56
ORDER_000000568_SHIPMENT,ORDER_000000568,DELIVERED,2026-01-24T06:57:19,2026-01-25T14:57:19
ORDER_000000569_SHIPMENT,ORDER_000000569,DELIVERED,2026-02-15T03:26:54,2026-02-17T22:26:54
ORDER_000000570_SHIPMENT,ORDER_000000570,DELIVERED,2026-02-01T11:52:33,2026-02-04T20:52:33
ORDER_000000571_SHIPMENT,ORDER_000000571,PROCESSING,,
ORDER_000000572_SHIPMENT,ORDER_000000572,PROCESSING,,
ORDER_000000573_SHIPMENT,ORDER_000000573,IN_TRANSIT,2026-09-16T11:15:17,
ORDER_000000574_SHIPMENT,ORDER_000000574,DELIVERED,2026-01-18T16:56:25,2026-01-19T08:56:25
ORDER_000000575_SHIPMENT,ORDER_000000575,IN_TRANSIT,2026-12-09T10:50:02,
ORDER_000000576_SHIPMENT,ORDER_000000576,DELIVERED,2026-12-21T03:27:40,2026-12-26T15:27:40
ORDER_000000577_SHIPMENT,ORDER_000000577,DELIVERED,2026-06-19T20:17:12,2026-06-25T11:17:12
ORDER_000000578_SHIPMENT,ORDER_000000578,DELIVERED,2026-03-09T08:40,2026-03-11T03:40
ORDER_000000579_SHIPMENT,ORDER_000000579,DELIVERED,2026-08-19T03:48:47,2026-08-22T05:48:47
ORDER_000000580_SHIPMENT,ORDER_000000580,DELIVERED,2026-11-16T09:35:01,2026-11-19T08:35:01
ORDER_000000581_SHIPMENT,ORDER_000000581,DELIVERED,2026-06-09T14:21:50,2026-06-12T03:21:50
ORDER_000000582_SHIPMENT,ORDER_000000582,DELIVERED,2026-12-27T03:20:26,2026-12-28T13:20:26
ORDER_000000583_SHIPMENT,ORDER_000000583,DELIVERED,2026-04-09T16:35:36,2026-04-10T10:35:36
ORDER_000000584_SHIPMENT,ORDER_000000584,PROCESSING,,
ORDER_000000585_SHIPMENT,ORDER_000000585,IN_TRANSIT,2026-01-13T02:16:20,
ORDER_000000586_SHIPMENT,ORDER_000000586,DELIVERED,2026-05-02T22:14:29,2026-05-09T21:14:29
ORDER_000000587_SHIPMENT,ORDER_000000587,PROCESSING,,
ORDER_000000588_SHIPMENT,ORDER_000000588,DELIVERED,2026-07-14T03:57:24,2026-07-16T13:57:24
ORDER_000000589_SHIPMENT,ORDER_000000589,PROCESSING,,
ORDER_000000590_SHIPMENT,ORDER_000000590,DELIVERED,2026-04-01T15:40:10,2026-04-06T05:40:10
ORDER_000000591_SHIPMENT,ORDER_000000591,DELIVERED,2026-10-22T13:45:04,2026-10-26T06:45:04
ORDER_000000592_SHIPMENT,ORDER_000000592,DELIVERED,2026-01-07T12:05:19,2026-01-09T08:05:19
ORDER_000000593_SHIPMENT,ORDER_000000593,DELIVERED,2026-02-18T16:19:41,2026-02-22T22:19:41
ORDER_000000594_SHIPMENT,ORDER_000000594,IN_TRANSIT,2026-10-12T06:25:08,
ORDER_000000595_SHIPMENT,ORDER_000000595,DELIVERED,2026-12-02T12:26:36,2026-12-08T04:26:36
ORDER_000000596_SHIPMENT,ORDER_000000596,IN_TRANSIT,2026-12-26T12:04:05,
ORDER_000000597_SHIPMENT,ORDER_000000597,DELIVERED,2026-08-29T08:48:17,2026-09-03T14:48:17
ORDER_000000598_SHIPMENT,ORDER_000000598,DELIVERED,2026-02-12T11:42:26,2026-02-17T15:42:26
ORDER_000000599_SHIPMENT,ORDER_000000599,DELIVERED,2026-07-05T01:05:28,2026-07-11T06:05:28
ORDER_000000600_SHIPMENT,ORDER_000000600,DELIVERED,2026-04-15T13:05:13,2026-04-18T03:05:13
ORDER_000000601_SHIPMENT,ORDER_000000601,DELIVERED,2026-09-23T03:40:51,2026-09-24T21:40:51
ORDER_000000602_SHIPMENT,ORDER_000000602,DELIVERED,2026-02-07T13:27:34,2026-02-12T22:27:34
ORDER_000000603_SHIPMENT,ORDER_000000603,DELIVERED,2026-09-28T18:13:16,2026-10-03T18:13:16
ORDER_000000604_SHIPMENT,ORDER_000000604,DELIVERED,2026-06-11T20:39:45,2026-06-17T07:39:45
ORDER_000000605_SHIPMENT,ORDER_000000605,DELIVERED,2026-08-16T15:39:16,2026-08-23T10:39:16
ORDER_000000606_SHIPMENT,ORDER_000000606,DELIVERED,2026-03-23T00:48:42,2026-03-30T00:48:42
ORDER_000000607_SHIPMENT,ORDER_000000607,PROCESSING,,
ORDER_000000608_SHIPMENT,ORDER_000000608,DELIVERED,2026-08-27T22:40:59,2026-09-03T05:40:59
ORDER_000000609_SHIPMENT,ORDER_000000609,DELIVERED,2026-06-23T12:04:30,2026-06-25T00:04:30
ORDER_000000610_SHIPMENT,ORDER_000000610,DELIVERED,2026-04-11T09:44:42,2026-04-13T11:44:42
ORDER_000000611_SHIPMENT,ORDER_000000611,PROCESSING,,
ORDER_000000612_SHIPMENT,ORDER_000000612,PROCESSING,,
ORDER_000000613_SHIPMENT,ORDER_000000613,PROCESSING,,
ORDER_000000614_SHIPMENT,ORDER_000000614,DELIVERED,2026-02-20T07:29:36,2026-02-22T11:29:36
ORDER_000000615_SHIPMENT,ORDER_000000615,IN_TRANSIT,2026-01-28T11:10:39,
ORDER_000000616_SHIPMENT,ORDER_000000616,PROCESSING,,
ORDER_000000617_SHIPMENT,ORDER_000000617,DELIVERED,2026-04-07T06:42,2026-04-12T02:42
ORDER_000000618_SHIPMENT,ORDER_000000618,DELIVERED,2026-10-11T10:43:20,2026-10-15T05:43:20
ORDER_000000619_SHIPMENT,ORDER_000000619,DELIVERED,2026-07-29T07:02:25,2026-08-04T04:02:25
ORDER_000000620_SHIPMENT,ORDER_000000620,PROCESSING,,
ORDER_000000621_SHIPMENT,ORDER_000000621,PROCESSING,,
ORDER_000000622_SHIPMENT,ORDER_000000622,DELIVERED,2026-09-12T22:34:51,2026-09-17T18:34:51
ORDER_000000623_SHIPMENT,ORDER_000000623,DELIVERED,2026-03-27T20:00:56,2026-03-30T13:00:56
ORDER_000000624_SHIPMENT,ORDER_000000624,DELIVERED,2026-08-24T09:14:50,2026-08-26T19:14:50
ORDER_000000625_SHIPMENT,ORDER_000000625,IN_TRANSIT,2026-05-22T08:07:25,
ORDER_000000626_SHIPMENT,ORDER_000000626,PROCESSING,,
ORDER_000000627_SHIPMENT,ORDER_000000627,PROCESSING,,
ORDER_000000628_SHIPMENT,ORDER_000000628,PROCESSING,,
ORDER_000000629_SHIPMENT,ORDER_000000629,PROCESSING,,
ORDER_000000630_SHIPMENT,ORDER_000000630,PROCESSING,,
ORDER_000000631_SHIPMENT,ORDER_000000631,DELIVERED,2026-09-22T07:12:37,2026-09-27T01:12:37
ORDER_000000632_SHIPMENT,ORDER_000000632,PROCESSING,,
ORDER_000000633_SHIPMENT,ORDER_000000633,DELIVERED,2026-12-04T17:39:31,2026-12-09T03:39:31
ORDER_000000634_SHIPMENT,ORDER_000000634,PROCESSING,,
ORDER_000000635_SHIPMENT,ORDER_000000635,PROCESSING,,
ORDER_000000636_SHIPMENT,ORDER_000000636,DELIVERED,2026-05-04T03:27:16,2026-05-07T05:27:16
ORDER_000000637_SHIPMENT,ORDER_000000637,IN_TRANSIT,2026-10-06T14:02,
ORDER_000000638_SHIPMENT,ORDER_000000638,IN_TRANSIT,2026-06-28T04:19:39,
ORDER_000000639_SHIPMENT,ORDER_000000639,DELIVERED,2026-06-20T22:14:41,2026-06-26T23:14:41
ORDER_000000640_SHIPMENT,ORDER_000000640,PROCESSING,,
ORDER_000000641_SHIPMENT,ORDER_000000641,DELIVERED,2026-02-14T05:45:52,2026-02-15T16:45:52
ORDER_000000642_SHIPMENT,ORDER_000000642,PROCESSING,,
ORDER_000000643_SHIPMENT,ORDER_000000643,DELIVERED,2026-05-27T10:05,2026-06-03T00:05
ORDER_000000644_SHIPMENT,ORDER_000000644,PROCESSING,,
ORDER_000000645_SHIPMENT,ORDER_000000645,IN_TRANSIT,2026-04-22T23:50:38,
ORDER_000000646_SHIPMENT,ORDER_000000646,DELIVERED,2026-09-15T21:39:36,2026-09-18T01:39:36
ORDER_000000647_SHIPMENT,ORDER_000000647,IN_TRANSIT,2026-10-26T16:21:03,
ORDER_000000648_SHIPMENT,ORDER_000000648,DELIVERED,2026-09-12T08:09:44,2026-09-13T13:09:44
ORDER_000000649_SHIPMENT,ORDER_000000649,DELIVERED,2026-10-31T21:42:26,2026-11-06T20:42:26
ORDER_000000650_SHIPMENT,ORDER_000000650,PROCESSING,,
ORDER_000000651_SHIPMENT,ORDER_000000651,DELIVERED,2026-06-25T05:11:43,2026-06-29T14:11:43
ORDER_000000652_SHIPMENT,ORDER_000000652,DELIVERED,2026-06-09T03:56:52,2026-06-11T18:56:52
ORDER_000000653_SHIPMENT,ORDER_000000653,PROCESSING,,
ORDER_000000654_SHIPMENT,ORDER_000000654,PROCESSING,,
ORDER_000000655_SHIPMENT,ORDER_000000655,DELIVERED,2026-03-02T15:02:58,2026-03-06T02:02:58
ORDER_000000656_SHIPMENT,ORDER_000000656,DELIVERED,2026-06-06T23:37:50,2026-06-08T02:37:50
ORDER_000000657_SHIPMENT,ORDER_000000657,IN_TRANSIT,2026-08-31T19:45:23,
ORDER_000000658_SHIPMENT,ORDER_000000658,DELIVERED,2026-10-17T07:52:58,2026-10-18T17:52:58
ORDER_000000659_SHIPMENT,ORDER_000000659,DELIVERED,2026-05-17T16:13:27,2026-05-22T15:13:27
ORDER_000000660_SHIPMENT,ORDER_000000660,DELIVERED,2026-01-07T15:36:47,2026-01-14T04:36:47
ORDER_000000661_SHIPMENT,ORDER_000000661,DELIVERED,2026-02-09T18:08:21,2026-02-12T05:08:21
ORDER_000000662_SHIPMENT,ORDER_000000662,DELIVERED,2026-09-11T21:38:53,2026-09-18T01:38:53
ORDER_000000663_SHIPMENT,ORDER_000000663,IN_TRANSIT,2026-12-16T17:11:51,
ORDER_000000664_SHIPMENT,ORDER_000000664,DELIVERED,2026-03-26T15:41:06,2026-04-02T04:41:06
ORDER_000000665_SHIPMENT,ORDER_000000665,DELIVERED,2026-04-30T18:10:26,2026-05-04T13:10:26
ORDER_000000666_SHIPMENT,ORDER_000000666,IN_TRANSIT,2026-12-16T13:27:33,
ORDER_000000667_SHIPMENT,ORDER_000000667,DELIVERED,2026-09-25T00:45:33,2026-09-30T20:45:33
ORDER_000000668_SHIPMENT,ORDER_000000668,PROCESSING,,
ORDER_000000669_SHIPMENT,ORDER_000000669,PROCESSING,,
ORDER_000000670_SHIPMENT,ORDER_000000670,IN_TRANSIT,2026-11-23T12:07:36,
ORDER_000000671_SHIPMENT,ORDER_000000671,DELIVERED,2026-11-09T02:38:33,2026-11-10T18:38:33
ORDER_000000672_SHIPMENT,ORDER_000000672,DELIVERED,2026-11-30T11:24:42,2026-12-04T12:24:42
ORDER_000000673_SHIPMENT,ORDER_000000673,PROCESSING,,
ORDER_000000674_SHIPMENT,ORDER_000000674,DELIVERED,2026-10-10T16:56:53,2026-10-12T14:56:53
ORDER_000000675_SHIPMENT,ORDER_000000675,DELIVERED,2026-02-15T04:29:54,2026-02-18T16:29:54
ORDER_000000676_SHIPMENT,ORDER_000000676,DELIVERED,2026-09-03T14:58:13,2026-09-04T16:58:13
ORDER_000000677_SHIPMENT,ORDER_000000677,PROCESSING,,
ORDER_000000678_SHIPMENT,ORDER_000000678,PROCESSING,,
ORDER_000000679_SHIPMENT,ORDER_000000679,DELIVERED,2026-06-08T06:48:17,2026-06-11T06:48:17
ORDER_000000680_SHIPMENT,ORDER_000000680,IN_TRANSIT,2026-11-23T03:40:36,
ORDER_000000681_SHIPMENT,ORDER_000000681,PROCESSING,,
ORDER_000000682_SHIPMENT,ORDER_000000682,DELIVERED,2026-09-19T19:14:01,2026-09-24T02:14:01
ORDER_000000683_SHIPMENT,ORDER_000000683,DELIVERED,2026-08-29T14:11:38,2026-08-30T07:11:38
ORDER_000000684_SHIPMENT,ORDER_000000684,DELIVERED,2026-09-23T08:40:11,2026-09-25T07:40:11
ORDER_000000685_SHIPMENT,ORDER_000000685,DELIVERED,2026-11-27T08:33:32,2026-11-30T00:33:32
ORDER_000000686_SHIPMENT,ORDER_000000686,PROCESSING,,
ORDER_000000687_SHIPMENT,ORDER_000000687,DELIVERED,2026-02-06T11:16:38,2026-02-11T00:16:38
ORDER_000000688_SHIPMENT,ORDER_000000688,DELIVERED,2026-01-21T16:49:59,2026-01-24T09:49:59
ORDER_000000689_SHIPMENT,ORDER_000000689,DELIVERED,2026-03-27T21:38:30,2026-04-02T06:38:30
ORDER_000000690_SHIPMENT,ORDER_000000690,DELIVERED,2026-06-18T13:11:56,2026-06-23T12:11:56
ORDER_000000691_SHIPMENT,ORDER_000000691,DELIVERED,2026-12-10T03:45:38,2026-12-11T11:45:38
ORDER_000000692_SHIPMENT,ORDER_000000692,PROCESSING,,
ORDER_000000693_SHIPMENT,ORDER_000000693,DELIVERED,2026-07-05T17:16:26,2026-07-07T12:16:26
ORDER_000000694_SHIPMENT,ORDER_000000694,PROCESSING,,
ORDER_000000695_SHIPMENT,ORDER_000000695,DELIVERED,2026-04-07T08:56:09,2026-04-11T15:56:09
ORDER_000000696_SHIPMENT,ORDER_000000696,DELIVERED,2026-11-22T08:26:02,2026-11-25T17:26:02
ORDER_000000697_SHIPMENT,ORDER_000000697,DELIVERED,2026-08-26T18:44:28,2026-08-29T17:44:28
ORDER_000000698_SHIPMENT,ORDER_000000698,PROCESSING,,
ORDER_000000699_SHIPMENT,ORDER_000000699,DELIVERED,2026-03-05T10:13:08,2026-03-12T03:13:08
ORDER_000000700_SHIPMENT,ORDER_000000700,IN_TRANSIT,2026-08-28T19:09:50,
ORDER_000000701_SHIPMENT,ORDER_000000701,PROCESSING,,
ORDER_000000702_SHIPMENT,ORDER_000000702,PROCESSING,,
ORDER_000000703_SHIPMENT,ORDER_000000703,DELIVERED,2026-10-24T11:14:38,2026-10-28T00:14:38
ORDER_000000704_SHIPMENT,ORDER_000000704,PROCESSING,,
ORDER_000000705_SHIPMENT,ORDER_000000705,IN_TRANSIT,2026-05-31T14:10:14,
ORDER_000000706_SHIPMENT,ORDER_000000706,PROCESSING,,
ORDER_000000707_SHIPMENT,ORDER_000000707,DELIVERED,2026-06-08T15:21:31,2026-06-14T21:21:31
ORDER_000000708_SHIPMENT,ORDER_000000708,PROCESSING,,
ORDER_000000709_SHIPMENT,ORDER_000000709,DELIVERED,2026-03-29T14:55:08,2026-04-03T13:55:08
ORDER_000000710_SHIPMENT,ORDER_000000710,DELIVERED,2026-12-09T22:17:04,2026-12-12T03:17:04
ORDER_000000711_SHIPMENT,ORDER_000000711,DELIVERED,2026-10-31T23:06:07,2026-11-05T03:06:07
ORDER_000000712_SHIPMENT,ORDER_000000712,IN_TRANSIT,2026-12-19T02:27:26,
ORDER_000000713_SHIPMENT,ORDER_000000713,DELIVERED,2026-04-30T07:46:41,2026-05-02T19:46:41
ORDER_000000714_SHIPMENT,ORDER_000000714,DELIVERED,2026-07-14T13:59:54,2026-07-18T02:59:54
ORDER_000000715_SHIPMENT,ORDER_000000715,DELIVERED,2026-03-04T08:51:22,2026-03-06T14:51:22
ORDER_000000716_SHIPMENT,ORDER_000000716,DELIVERED,2026-04-12T21:04:56,2026-04-15T20:04:56
ORDER_000000717_SHIPMENT,ORDER_000000717,IN_TRANSIT,2026-05-24T15:54:51,
ORDER_000000718_SHIPMENT,ORDER_000000718,DELIVERED,2026-11-01T18:23:51,2026-11-06T10:23:51
ORDER_000000719_SHIPMENT,ORDER_000000719,IN_TRANSIT,2026-08-16T16:38:52,
ORDER_000000720_SHIPMENT,ORDER_000000720,PROCESSING,,
ORDER_000000721_SHIPMENT,ORDER_000000721,IN_TRANSIT,2026-09-20T14:54:34,
ORDER_000000722_SHIPMENT,ORDER_000000722,PROCESSING,,
ORDER_000000723_SHIPMENT,ORDER_000000723,DELIVERED,2026-03-30T16:11:51,2026-04-04T04:11:51
ORDER_000000724_SHIPMENT,ORDER_000000724,IN_TRANSIT,2026-12-30T16:43:44,
ORDER_000000725_SHIPMENT,ORDER_000000725,DELIVERED,2026-03-16T05:14:57,2026-03-18T14:14:57
ORDER_000000726_SHIPMENT,ORDER_000000726,DELIVERED,2026-06-20T17:32:05,2026-06-26T17:32:05
ORDER_000000727_SHIPMENT,ORDER_000000727,DELIVERED,2026-08-13T20:29:07,2026-08-17T16:29:07
ORDER_000000728_SHIPMENT,ORDER_000000728,DELIVERED,2026-01-09T04:05:06,2026-01-15T04:05:06
ORDER_000000729_SHIPMENT,ORDER_000000729,IN_TRANSIT,2026-10-07T12:56:24,
ORDER_000000730_SHIPMENT,ORDER_000000730,DELIVERED,2026-10-11T21:19:42,2026-10-14T11:19:42
ORDER_000000731_SHIPMENT,ORDER_000000731,DELIVERED,2027-01-01T01:32:35,2027-01-06T14:32:35
ORDER_000000732_SHIPMENT,ORDER_000000732,IN_TRANSIT,2026-12-06T11:04:49,
ORDER_000000733_SHIPMENT,ORDER_000000733,DELIVERED,2026-03-23T13:32:36,2026-03-26T12:32:36
ORDER_000000734_SHIPMENT,ORDER_000000734,DELIVERED,2026-07-18T05:11:17,2026-07-19T13:11:17
ORDER_000000735_SHIPMENT,ORDER_000000735,DELIVERED,2026-04-04T15:52:22,2026-04-08T18:52:22
ORDER_000000736_SHIPMENT,ORDER_000000736,DELIVERED,2026-06-22T14:16:38,2026-06-23T18:16:38
ORDER_000000737_SHIPMENT,ORDER_000000737,DELIVERED,2026-09-10T07:54:41,2026-09-11T10:54:41
ORDER_000000738_SHIPMENT,ORDER_000000738,DELIVERED,2026-03-26T16:08:23,2026-03-30T12:08:23
ORDER_000000739_SHIPMENT,ORDER_000000739,DELIVERED,2026-06-26T00:53:20,2026-06-27T21:53:20
ORDER_000000740_SHIPMENT,ORDER_000000740,DELIVERED,2026-11-05T11:51:14,2026-11-06T01:51:14
ORDER_000000741_SHIPMENT,ORDER_000000741,DELIVERED,2026-07-15T20:56:49,2026-07-20T11:56:49
ORDER_000000742_SHIPMENT,ORDER_000000742,PROCESSING,,
ORDER_000000743_SHIPMENT,ORDER_000000743,DELIVERED,2026-01-09T16:43:21,2026-01-14T03:43:21
ORDER_000000744_SHIPMENT,ORDER_000000744,DELIVERED,2026-12-22T16:33:29,2026-12-24T03:33:29
ORDER_000000745_SHIPMENT,ORDER_000000745,IN_TRANSIT,2026-10-23T18:38:45,
ORDER_000000746_SHIPMENT,ORDER_000000746,DELIVERED,2026-12-16T05:57:29,2026-12-20T12:57:29
ORDER_000000747_SHIPMENT,ORDER_000000747,DELIVERED,2026-04-05T23:56:51,2026-04-12T08:56:51
ORDER_000000748_SHIPMENT,ORDER_000000748,PROCESSING,,
ORDER_000000749_SHIPMENT,ORDER_000000749,DELIVERED,2026-02-01T04:32:30,2026-02-08T03:32:30
ORDER_000000750_SHIPMENT,ORDER_000000750,DELIVERED,2026-11-01T22:14:29,2026-11-03T00:14:29
ORDER_000000751_SHIPMENT,ORDER_000000751,DELIVERED,2026-03-25T17:41:23,2026-03-29T02:41:23
ORDER_000000752_SHIPMENT,ORDER_000000752,DELIVERED,2026-01-18T05:09:28,2026-01-22T10:09:28
ORDER_000000753_SHIPMENT,ORDER_000000753,DELIVERED,2026-02-09T07:28:31,2026-02-15T05:28:31
ORDER_000000754_SHIPMENT,ORDER_000000754,PROCESSING,,
ORDER_000000755_SHIPMENT,ORDER_000000755,DELIVERED,2026-09-05T04:02:16,2026-09-10T11:02:16
ORDER_000000756_SHIPMENT,ORDER_000000756,DELIVERED,2026-07-15T11:47:16,2026-07-18T21:47:16
ORDER_000000757_SHIPMENT,ORDER_000000757,DELIVERED,2026-10-19T13:27:45,2026-10-25T16:27:45
ORDER_000000758_SHIPMENT,ORDER_000000758,IN_TRANSIT,2026-05-13T23:12:15,
ORDER_000000759_SHIPMENT,ORDER_000000759,PROCESSING,,
ORDER_000000760_SHIPMENT,ORDER_000000760,DELIVERED,2026-03-17T06:56:20,2026-03-21T02:56:20
ORDER_000000761_SHIPMENT,ORDER_000000761,DELIVERED,2026-10-12T04:41:41,2026-10-14T06:41:41
ORDER_000000762_SHIPMENT,ORDER_000000762,PROCESSING,,
ORDER_000000763_SHIPMENT,ORDER_000000763,DELIVERED,2026-04-12T00:53:30,2026-04-15T02:53:30
ORDER_000000764_SHIPMENT,ORDER_000000764,DELIVERED,2026-06-16T21:35:36,2026-06-23T17:35:36
ORDER_000000765_SHIPMENT,ORDER_000000765,PROCESSING,,
ORDER_000000766_SHIPMENT,ORDER_000000766,DELIVERED,2026-10-20T05:46:26,2026-10-26T05:46:26
ORDER_000000767_SHIPMENT,ORDER_000000767,DELIVERED,2026-08-25T17:18:57,2026-08-27T13:18:57
ORDER_000000768_SHIPMENT,ORDER_000000768,DELIVERED,2026-02-05T11:43:29,2026-02-12T03:43:29
ORDER_000000769_SHIPMENT,ORDER_000000769,DELIVERED,2026-02-14T23:21:29,2026-02-20T04:21:29
ORDER_000000770_SHIPMENT,ORDER_000000770,PROCESSING,,
ORDER_000000771_SHIPMENT,ORDER_000000771,DELIVERED,2026-11-26T02:48:17,2026-12-02T15:48:17
ORDER_000000772_SHIPMENT,ORDER_000000772,DELIVERED,2026-06-29T13:48:49,2026-07-04T21:48:49
ORDER_000000773_SHIPMENT,ORDER_000000773,DELIVERED,2026-05-07T15:46:09,2026-05-09T07:46:09
ORDER_000000774_SHIPMENT,ORDER_000000774,IN_TRANSIT,2026-03-12T03:50:46,
ORDER_000000775_SHIPMENT,ORDER_000000775,PROCESSING,,
ORDER_000000776_SHIPMENT,ORDER_000000776,DELIVERED,2026-12-27T13:21:40,2027-01-02T16:21:40
ORDER_000000777_SHIPMENT,ORDER_000000777,DELIVERED,2026-10-09T17:01:03,2026-10-13T11:01:03
ORDER_000000778_SHIPMENT,ORDER_000000778,DELIVERED,2026-05-16T06:01:55,2026-05-22T11:01:55
ORDER_000000779_SHIPMENT,ORDER_000000779,IN_TRANSIT,2026-10-06T14:49:25,
ORDER_000000780_SHIPMENT,ORDER_000000780,DELIVERED,2026-06-27T02:45:40,2026-06-28T04:45:40
ORDER_000000781_SHIPMENT,ORDER_000000781,DELIVERED,2026-09-23T04:37:49,2026-09-26T22:37:49
ORDER_000000782_SHIPMENT,ORDER_000000782,DELIVERED,2026-04-27T19:41:37,2026-05-04T13:41:37
ORDER_000000783_SHIPMENT,ORDER_000000783,DELIVERED,2026-02-25T17:01:28,2026-03-03T07:01:28
ORDER_000000784_SHIPMENT,ORDER_000000784,DELIVERED,2026-12-10T07:04:43,2026-12-12T14:04:43
ORDER_000000785_SHIPMENT,ORDER_000000785,DELIVERED,2026-09-13T17:20:27,2026-09-17T11:20:27
ORDER_000000786_SHIPMENT,ORDER_000000786,DELIVERED,2026-09-29T22:38:47,2026-10-01T04:38:47
ORDER_000000787_SHIPMENT,ORDER_000000787,DELIVERED,2026-05-31T20:43:34,2026-06-04T12:43:34
ORDER_000000788_SHIPMENT,ORDER_000000788,DELIVERED,2026-09-29T07:56:25,2026-10-04T09:56:25
ORDER_000000789_SHIPMENT,ORDER_000000789,PROCESSING,,
ORDER_000000790_SHIPMENT,ORDER_000000790,DELIVERED,2026-07-04T05:57:06,2026-07-07T10:57:06
ORDER_000000791_SHIPMENT,ORDER_000000791,PROCESSING,,
ORDER_000000792_SHIPMENT,ORDER_000000792,IN_TRANSIT,2026-09-30T21:45:27,
ORDER_000000793_SHIPMENT,ORDER_000000793,DELIVERED,2026-10-31T06:40:22,2026-11-01T02:40:22
ORDER_000000794_SHIPMENT,ORDER_000000794,DELIVERED,2026-12-11T16:46:24,2026-12-13T23:46:24
ORDER_000000795_SHIPMENT,ORDER_000000795,PROCESSING,,
ORDER_000000796_SHIPMENT,ORDER_000000796,DELIVERED,2026-06-03T17:42:07,2026-06-05T00:42:07
ORDER_000000797_SHIPMENT,ORDER_000000797,DELIVERED,2026-03-05T20:20:50,2026-03-09T14:20:50
ORDER_000000798_SHIPMENT,ORDER_000000798,IN_TRANSIT,2026-02-13T15:52:40,
ORDER_000000799_SHIPMENT,ORDER_000000799,IN_TRANSIT,2026-02-09T17:44:25,
ORDER_000000800_SHIPMENT,ORDER_000000800,DELIVERED,2026-04-26T06:50:14,2026-04-29T13:50:14
ORDER_000000801_SHIPMENT,ORDER_000000801,IN_TRANSIT,2026-10-27T02:59:02,
ORDER_000000802_SHIPMENT,ORDER_000000802,DELIVERED,2026-10-06T18:46:57,2026-10-12T08:46:57
ORDER_000000803_SHIPMENT,ORDER_000000803,PROCESSING,,
ORDER_000000804_SHIPMENT,ORDER_000000804,IN_TRANSIT,2026-10-25T14:15:38,
ORDER_000000805_SHIPMENT,ORDER_000000805,PROCESSING,,
ORDER_000000806_SHIPMENT,ORDER_000000806,DELIVERED,2026-07-25T15:00:22,2026-07-29T20:00:22
ORDER_000000807_SHIPMENT,ORDER_000000807,DELIVERED,2026-01-22T20:36:42,2026-01-23T20:36:42
ORDER_000000808_SHIPMENT,ORDER_000000808,PROCESSING,,
ORDER_000000809_SHIPMENT,ORDER_000000809,PROCESSING,,
ORDER_000000810_SHIPMENT,ORDER_000000810,DELIVERED,2026-11-12T08:37:41,2026-11-18T22:37:41
ORDER_000000811_SHIPMENT,ORDER_000000811,DELIVERED,2026-02-14T15:50:09,2026-02-20T14:50:09
ORDER_000000812_SHIPMENT,ORDER_000000812,PROCESSING,,
ORDER_000000813_SHIPMENT,ORDER_000000813,DELIVERED,2026-09-09T00:38:32,2026-09-16T00:38:32
ORDER_000000814_SHIPMENT,ORDER_000000814,DELIVERED,2026-06-06T08:55:49,2026-06-12T20:55:49
ORDER_000000815_SHIPMENT,ORDER_000000815,DELIVERED,2026-09-11T00:44:34,2026-09-13T04:44:34
ORDER_000000816_SHIPMENT,ORDER_000000816,IN_TRANSIT,2026-01-09T12:26:05,
ORDER_000000817_SHIPMENT,ORDER_000000817,DELIVERED,2026-04-17T07:22:14,2026-04-19T02:22:14
ORDER_000000818_SHIPMENT,ORDER_000000818,PROCESSING,,
ORDER_000000819_SHIPMENT,ORDER_000000819,DELIVERED,2026-05-12T16:04:52,2026-05-15T02:04:52
ORDER_000000820_SHIPMENT,ORDER_000000820,DELIVERED,2026-10-24T02:08:01,2026-10-29T19:08:01
ORDER_000000821_SHIPMENT,ORDER_000000821,DELIVERED,2026-10-08T20:47:19,2026-10-10T21:47:19
ORDER_000000822_SHIPMENT,ORDER_000000822,DELIVERED,2026-01-15T13:47:59,2026-01-17T14:47:59
ORDER_000000823_SHIPMENT,ORDER_000000823,DELIVERED,2026-11-11T03:02:11,2026-11-15T14:02:11
ORDER_000000824_SHIPMENT,ORDER_000000824,DELIVERED,2026-01-13T08:53:07,2026-01-19T00:53:07
ORDER_000000825_SHIPMENT,ORDER_000000825,DELIVERED,2026-07-17T05:32:47,2026-07-23T04:32:47
ORDER_000000826_SHIPMENT,ORDER_000000826,DELIVERED,2026-03-16T20:05:37,2026-03-17T19:05:37
ORDER_000000827_SHIPMENT,ORDER_000000827,DELIVERED,2026-10-15T07:44:23,2026-10-18T18:44:23
ORDER_000000828_SHIPMENT,ORDER_000000828,PROCESSING,,
ORDER_000000829_SHIPMENT,ORDER_000000829,DELIVERED,2026-11-06T02:03:52,2026-11-10T17:03:52
ORDER_000000830_SHIPMENT,ORDER_000000830,DELIVERED,2026-03-15T04:35:05,2026-03-17T16:35:05
ORDER_000000831_SHIPMENT,ORDER_000000831,DELIVERED,2026-05-15T12:02:29,2026-05-20T00:02:29
ORDER_000000832_SHIPMENT,ORDER_000000832,DELIVERED,2026-12-18T21:14:08,2026-12-21T02:14:08
ORDER_000000833_SHIPMENT,ORDER_000000833,PROCESSING,,
ORDER_000000834_SHIPMENT,ORDER_000000834,IN_TRANSIT,2026-10-12T14:49:13,
ORDER_000000835_SHIPMENT,ORDER_000000835,IN_TRANSIT,2026-08-04T04:07:15,
ORDER_000000836_SHIPMENT,ORDER_000000836,DELIVERED,2026-04-12T19:38:17,2026-04-15T20:38:17
ORDER_000000837_SHIPMENT,ORDER_000000837,DELIVERED,2026-12-12T09:44:01,2026-12-18T05:44:01
ORDER_000000838_SHIPMENT,ORDER_000000838,DELIVERED,2026-04-15T12:47:08,2026-04-20T17:47:08
ORDER_000000839_SHIPMENT,ORDER_000000839,PROCESSING,,
ORDER_000000840_SHIPMENT,ORDER_000000840,PROCESSING,,
ORDER_000000841_SHIPMENT,ORDER_000000841,PROCESSING,,
ORDER_000000842_SHIPMENT,ORDER_000000842,DELIVERED,2026-04-29T06:30:33,2026-05-04T11:30:33
ORDER_000000843_SHIPMENT,ORDER_000000843,DELIVERED,2026-04-20T04:37:34,2026-04-22T10:37:34
ORDER_000000844_SHIPMENT,ORDER_000000844,PROCESSING,,
ORDER_000000845_SHIPMENT,ORDER_000000845,DELIVERED,2026-01-07T03:44:21,2026-01-13T03:44:21
ORDER_000000846_SHIPMENT,ORDER_000000846,PROCESSING,,
ORDER_000000847_SHIPMENT,ORDER_000000847,IN_TRANSIT,2026-09-01T10:37:24,
ORDER_000000848_SHIPMENT,ORDER_000000848,DELIVERED,2026-09-27T11:55:11,2026-10-02T14:55:11
ORDER_000000849_SHIPMENT,ORDER_000000849,PROCESSING,,
ORDER_000000850_SHIPMENT,ORDER_000000850,DELIVERED,2026-04-04T16:23:04,2026-04-10T20:23:04
ORDER_000000851_SHIPMENT,ORDER_000000851,DELIVERED,2026-05-11T05:51:04,2026-05-15T19:51:04
ORDER_000000852_SHIPMENT,ORDER_000000852,DELIVERED,2026-05-20T09:04:26,2026-05-21T04:04:26
ORDER_000000853_SHIPMENT,ORDER_000000853,DELIVERED,2026-11-26T05:27:51,2026-11-27T15:27:51
ORDER_000000854_SHIPMENT,ORDER_000000854,DELIVERED,2026-09-19T12:56:31,2026-09-20T12:56:31
ORDER_000000855_SHIPMENT,ORDER_000000855,PROCESSING,,
ORDER_000000856_SHIPMENT,ORDER_000000856,DELIVERED,2026-01-28T17:20:04,2026-01-30T09:20:04
ORDER_000000857_SHIPMENT,ORDER_000000857,DELIVERED,2026-10-07T11:58:46,2026-10-10T10:58:46
ORDER_000000858_SHIPMENT,ORDER_000000858,IN_TRANSIT,2026-09-06T18:08:13,
ORDER_000000859_SHIPMENT,ORDER_000000859,DELIVERED,2026-11-15T07:16:17,2026-11-16T15:16:17
ORDER_000000860_SHIPMENT,ORDER_000000860,DELIVERED,2026-11-11T11:42:12,2026-11-16T07:42:12
ORDER_000000861_SHIPMENT,ORDER_000000861,DELIVERED,2026-06-29T15:54:19,2026-07-03T02:54:19
ORDER_000000862_SHIPMENT,ORDER_000000862,DELIVERED,2026-08-29T19:02:30,2026-09-04T16:02:30
ORDER_000000863_SHIPMENT,ORDER_000000863,DELIVERED,2026-11-11T09:09:30,2026-11-17T03:09:30
ORDER_000000864_SHIPMENT,ORDER_000000864,DELIVERED,2026-10-25T09:01:10,2026-10-30T15:01:10
ORDER_000000865_SHIPMENT,ORDER_000000865,DELIVERED,2026-08-09T16:08:09,2026-08-14T18:08:09
ORDER_000000866_SHIPMENT,ORDER_000000866,DELIVERED,2026-08-29T14:53:29,2026-09-05T13:53:29
ORDER_000000867_SHIPMENT,ORDER_000000867,DELIVERED,2026-01-20T12:04:25,2026-01-22T08:04:25
ORDER_000000868_SHIPMENT,ORDER_000000868,IN_TRANSIT,2026-03-12T01:08:26,
ORDER_000000869_SHIPMENT,ORDER_000000869,DELIVERED,2026-03-05T07:33:28,2026-03-09T06:33:28
ORDER_000000870_SHIPMENT,ORDER_000000870,DELIVERED,2026-05-09T08:47:01,2026-05-13T01:47:01
ORDER_000000871_SHIPMENT,ORDER_000000871,PROCESSING,,
ORDER_000000872_SHIPMENT,ORDER_000000872,DELIVERED,2026-09-25T00:27:07,2026-09-29T22:27:07
ORDER_000000873_SHIPMENT,ORDER_000000873,PROCESSING,,
ORDER_000000874_SHIPMENT,ORDER_000000874,DELIVERED,2026-01-04T23:13:21,2026-01-06T06:13:21
ORDER_000000875_SHIPMENT,ORDER_000000875,PROCESSING,,
ORDER_000000876_SHIPMENT,ORDER_000000876,PROCESSING,,
ORDER_000000877_SHIPMENT,ORDER_000000877,PROCESSING,,
ORDER_000000878_SHIPMENT,ORDER_000000878,DELIVERED,2026-10-30T19:03:09,2026-11-03T10:03:09
ORDER_000000879_SHIPMENT,ORDER_000000879,IN_TRANSIT,2026-05-29T22:21:21,
ORDER_000000880_SHIPMENT,ORDER_000000880,IN_TRANSIT,2026-10-24T08:05:34,
ORDER_000000881_SHIPMENT,ORDER_000000881,PROCESSING,,
ORDER_000000882_SHIPMENT,ORDER_000000882,DELIVERED,2026-12-12T07:06:43,2026-12-17T01:06:43
ORDER_000000883_SHIPMENT,ORDER_000000883,PROCESSING,,
ORDER_000000884_SHIPMENT,ORDER_000000884,DELIVERED,2026-06-23T03:54:35,2026-06-28T00:54:35
ORDER_000000885_SHIPMENT,ORDER_000000885,DELIVERED,2026-08-15T05:56:23,2026-08-19T19:56:23
ORDER_000000886_SHIPMENT,ORDER_000000886,DELIVERED,2026-11-09T08:23:39,2026-11-10T13:23:39
ORDER_000000887_SHIPMENT,ORDER_000000887,DELIVERED,2026-11-01T10:48:16,2026-11-07T12:48:16
ORDER_000000888_SHIPMENT,ORDER_000000888,IN_TRANSIT,2026-08-26T04:42:42,
ORDER_000000889_SHIPMENT,ORDER_000000889,DELIVERED,2026-06-04T14:27:34,2026-06-07T22:27:34
ORDER_000000890_SHIPMENT,ORDER_000000890,PROCESSING,,
ORDER_000000891_SHIPMENT,ORDER_000000891,DELIVERED,2026-11-28T22:54:25,2026-12-02T04:54:25
ORDER_000000892_SHIPMENT,ORDER_000000892,DELIVERED,2026-05-05T14:37:09,2026-05-08T16:37:09
ORDER_000000893_SHIPMENT,ORDER_000000893,PROCESSING,,
ORDER_000000894_SHIPMENT,ORDER_000000894,DELIVERED,2026-05-23T23:14:05,2026-05-28T22:14:05
ORDER_000000895_SHIPMENT,ORDER_000000895,DELIVERED,2026-04-05T14:33:38,2026-04-08T01:33:38
ORDER_000000896_SHIPMENT,ORDER_000000896,DELIVERED,2026-01-23T23:30:19,2026-01-25T11:30:19
ORDER_000000897_SHIPMENT,ORDER_000000897,DELIVERED,2026-01-31T00:28:54,2026-02-05T20:28:54
ORDER_000000898_SHIPMENT,ORDER_000000898,IN_TRANSIT,2026-02-02T09:23:46,
ORDER_000000899_SHIPMENT,ORDER_000000899,PROCESSING,,
ORDER_000000900_SHIPMENT,ORDER_000000900,DELIVERED,2026-01-10T17:28:41,2026-01-16T20:28:41
ORDER_000000901_SHIPMENT,ORDER_000000901,DELIVERED,2026-06-22T06:28:33,2026-06-28T15:28:33
ORDER_000000902_SHIPMENT,ORDER_000000902,DELIVERED,2026-12-13T10:32:03,2026-12-19T06:32:03
ORDER_000000903_SHIPMENT,ORDER_000000903,IN_TRANSIT,2026-03-17T16:36:09,
ORDER_000000904_SHIPMENT,ORDER_000000904,PROCESSING,,
ORDER_000000905_SHIPMENT,ORDER_000000905,PROCESSING,,
ORDER_000000906_SHIPMENT,ORDER_000000906,DELIVERED,2026-11-27T21:27:03,2026-11-30T09:27:03
ORDER_000000907_SHIPMENT,ORDER_000000907,PROCESSING,,
ORDER_000000908_SHIPMENT,ORDER_000000908,DELIVERED,2026-01-08T18:25:25,2026-01-10T13:25:25
ORDER_000000909_SHIPMENT,ORDER_000000909,PROCESSING,,
ORDER_000000910_SHIPMENT,ORDER_000000910,DELIVERED,2026-12-17T08:51:32,2026-12-23T22:51:32
ORDER_000000911_SHIPMENT,ORDER_000000911,DELIVERED,2026-07-06T11:12:12,2026-07-13T00:12:12
ORDER_000000912_SHIPMENT,ORDER_000000912,DELIVERED,2026-04-14T02:58:56,2026-04-16T12:58:56
ORDER_000000913_SHIPMENT,ORDER_000000913,DELIVERED,2026-12-22T02:11:15,2026-12-23T11:11:15
ORDER_000000914_SHIPMENT,ORDER_000000914,DELIVERED,2026-12-02T01:01:51,2026-12-02T16:01:51
ORDER_000000915_SHIPMENT,ORDER_000000915,DELIVERED,2026-05-22T15:10:02,2026-05-24T05:10:02
ORDER_000000916_SHIPMENT,ORDER_000000916,DELIVERED,2026-01-13T19:45:35,2026-01-17T19:45:35
ORDER_000000917_SHIPMENT,ORDER_000000917,PROCESSING,,
ORDER_000000918_SHIPMENT,ORDER_000000918,PROCESSING,,
ORDER_000000919_SHIPMENT,ORDER_000000919,PROCESSING,,
ORDER_000000920_SHIPMENT,ORDER_000000920,IN_TRANSIT,2026-06-11T18:59:58,
ORDER_000000921_SHIPMENT,ORDER_000000921,IN_TRANSIT,2026-08-26T01:40:31,
ORDER_000000922_SHIPMENT,ORDER_000000922,DELIVERED,2026-03-20T07:12:56,2026-03-24T10:12:56
ORDER_000000923_SHIPMENT,ORDER_000000923,DELIVERED,2026-08-04T09:16:54,2026-08-05T21:16:54
ORDER_000000924_SHIPMENT,ORDER_000000924,DELIVERED,2026-05-14T10:24:41,2026-05-17T04:24:41
ORDER_000000925_SHIPMENT,ORDER_000000925,DELIVERED,2026-12-25T06:24:46,2026-12-31T04:24:46
ORDER_000000926_SHIPMENT,ORDER_000000926,DELIVERED,2026-02-08T03:03:09,2026-02-15T00:03:09
ORDER_000000927_SHIPMENT,ORDER_000000927,DELIVERED,2026-07-17T12:36:28,2026-07-19T23:36:28
ORDER_000000928_SHIPMENT,ORDER_000000928,DELIVERED,2026-02-02T16:51:09,2026-02-03T07:51:09
ORDER_000000929_SHIPMENT,ORDER_000000929,PROCESSING,,
ORDER_000000930_SHIPMENT,ORDER_000000930,DELIVERED,2026-03-14T02:46:10,2026-03-20T23:46:10
ORDER_000000931_SHIPMENT,ORDER_000000931,IN_TRANSIT,2026-02-25T09:42:39,
ORDER_000000932_SHIPMENT,ORDER_000000932,DELIVERED,2026-10-20T12:46:48,2026-10-25T15:46:48
ORDER_000000933_SHIPMENT,ORDER_000000933,DELIVERED,2026-04-19T11:28:04,2026-04-20T09:28:04
ORDER_000000934_SHIPMENT,ORDER_000000934,DELIVERED,2026-09-30T03:59:24,2026-10-06T09:59:24
ORDER_000000935_SHIPMENT,ORDER_000000935,DELIVERED,2026-04-15T04:50:40,2026-04-18T04:50:40
ORDER_000000936_SHIPMENT,ORDER_000000936,DELIVERED,2026-04-13T05:52:49,2026-04-16T11:52:49
ORDER_000000937_SHIPMENT,ORDER_000000937,IN_TRANSIT,2026-02-02T05:27:21,
ORDER_000000938_SHIPMENT,ORDER_000000938,IN_TRANSIT,2026-02-25T20:39:55,
ORDER_000000939_SHIPMENT,ORDER_000000939,IN_TRANSIT,2026-09-28T01:57:49,
ORDER_000000940_SHIPMENT,ORDER_000000940,PROCESSING,,
ORDER_000000941_SHIPMENT,ORDER_000000941,DELIVERED,2026-12-29T19:19:55,2026-12-31T04:19:55
ORDER_000000942_SHIPMENT,ORDER_000000942,PROCESSING,,
ORDER_000000943_SHIPMENT,ORDER_000000943,PROCESSING,,
ORDER_000000944_SHIPMENT,ORDER_000000944,IN_TRANSIT,2026-10-05T20:18:31,
ORDER_000000945_SHIPMENT,ORDER_000000945,IN_TRANSIT,2026-03-05T01:07:34,
ORDER_000000946_SHIPMENT,ORDER_000000946,DELIVERED,2026-03-31T02:00:47,2026-04-03T20:00:47
ORDER_000000947_SHIPMENT,ORDER_000000947,PROCESSING,,
ORDER_000000948_SHIPMENT,ORDER_000000948,PROCESSING,,
ORDER_000000949_SHIPMENT,ORDER_000000949,PROCESSING,,
ORDER_000000950_SHIPMENT,ORDER_000000950,DELIVERED,2026-08-09T13:21:28,2026-08-12T10:21:28
ORDER_000000951_SHIPMENT,ORDER_000000951,DELIVERED,2026-01-28T14:52:27,2026-01-30T06:52:27
ORDER_000000952_SHIPMENT,ORDER_000000952,PROCESSING,,
ORDER_000000953_SHIPMENT,ORDER_000000953,DELIVERED,2026-01-31T09:48:25,2026-02-05T12:48:25
ORDER_000000954_SHIPMENT,ORDER_000000954,PROCESSING,,
ORDER_000000955_SHIPMENT,ORDER_000000955,PROCESSING,,
ORDER_000000956_SHIPMENT,ORDER_000000956,DELIVERED,2026-02-03T17:09:35,2026-02-07T11:09:35
ORDER_000000957_SHIPMENT,ORDER_000000957,PROCESSING,,
ORDER_000000958_SHIPMENT,ORDER_000000958,PROCESSING,,
ORDER_000000959_SHIPMENT,ORDER_000000959,DELIVERED,2026-08-30T06:27:04,2026-09-03T12:27:04
ORDER_000000960_SHIPMENT,ORDER_000000960,PROCESSING,,
ORDER_000000961_SHIPMENT,ORDER_000000961,IN_TRANSIT,2026-12-30T12:41:12,
ORDER_000000962_SHIPMENT,ORDER_000000962,DELIVERED,2026-09-28T01:21:42,2026-09-30T14:21:42
ORDER_000000963_SHIPMENT,ORDER_000000963,DELIVERED,2026-06-04T21:23:16,2026-06-07T17:23:16
ORDER_000000964_SHIPMENT,ORDER_000000964,DELIVERED,2026-11-17T06:17:51,2026-11-22T04:17:51
ORDER_000000965_SHIPMENT,ORDER_000000965,DELIVERED,2026-12-13T06:39:15,2026-12-17T07:39:15
ORDER_000000966_SHIPMENT,ORDER_000000966,DELIVERED,2026-12-27T16:39:28,2026-12-30T21:39:28
ORDER_000000967_SHIPMENT,ORDER_000000967,DELIVERED,2026-02-27T17:53:11,2026-03-02T17:53:11
ORDER_000000968_SHIPMENT,ORDER_000000968,DELIVERED,2026-06-22T18:30:36,2026-06-24T08:30:36
ORDER_000000969_SHIPMENT,ORDER_000000969,DELIVERED,2026-03-07T09:23:18,2026-03-10T21:23:18
ORDER_000000970_SHIPMENT,ORDER_000000970,DELIVERED,2026-06-06T04:55:25,2026-06-09T22:55:25
ORDER_000000971_SHIPMENT,ORDER_000000971,PROCESSING,,
ORDER_000000972_SHIPMENT,ORDER_000000972,PROCESSING,,
ORDER_000000973_SHIPMENT,ORDER_000000973,DELIVERED,2026-06-15T15:05:08,2026-06-18T04:05:08
ORDER_000000974_SHIPMENT,ORDER_000000974,DELIVERED,2026-08-28T23:04:08,2026-08-30T17:04:08
ORDER_000000975_SHIPMENT,ORDER_000000975,IN_TRANSIT,2026-07-14T06:22:27,
ORDER_000000976_SHIPMENT,ORDER_000000976,IN_TRANSIT,2026-01-07T07:53:46,
ORDER_000000977_SHIPMENT,ORDER_000000977,IN_TRANSIT,2026-05-09T00:27:37,
ORDER_000000978_SHIPMENT,ORDER_000000978,DELIVERED,2026-06-22T18:58:46,2026-06-26T08:58:46
ORDER_000000979_SHIPMENT,ORDER_000000979,DELIVERED,2026-07-24T10:24:15,2026-07-29T08:24:15
ORDER_000000980_SHIPMENT,ORDER_000000980,DELIVERED,2026-12-15T18:18:57,2026-12-21T23:18:57
ORDER_000000981_SHIPMENT,ORDER_000000981,DELIVERED,2026-04-03T10:01:21,2026-04-08T03:01:21
ORDER_000000982_SHIPMENT,ORDER_000000982,DELIVERED,2026-09-21T15:24:19,2026-09-25T18:24:19
ORDER_000000983_SHIPMENT,ORDER_000000983,IN_TRANSIT,2026-04-24T07:46:57,
ORDER_000000984_SHIPMENT,ORDER_000000984,DELIVERED,2026-04-04T06:26:40,2026-04-05T03:26:40
ORDER_000000985_SHIPMENT,ORDER_000000985,DELIVERED,2026-11-18T01:06:18,2026-11-19T11:06:18
ORDER_000000986_SHIPMENT,ORDER_000000986,DELIVERED,2026-09-24T18:49:23,2026-09-29T04:49:23
ORDER_000000987_SHIPMENT,ORDER_000000987,IN_TRANSIT,2026-03-23T09:18:33,
ORDER_000000988_SHIPMENT,ORDER_000000988,DELIVERED,2026-08-13T12:03:44,2026-08-14T01:03:44
ORDER_000000989_SHIPMENT,ORDER_000000989,DELIVERED,2026-03-01T09:19:04,2026-03-06T13:19:04
ORDER_000000990_SHIPMENT,ORDER_000000990,DELIVERED,2026-07-13T05:31:12,2026-07-14T12:31:12
ORDER_000000991_SHIPMENT,ORDER_000000991,PROCESSING,,
ORDER_000000992_SHIPMENT,ORDER_000000992,DELIVERED,2026-01-07T09:15:05,2026-01-09T07:15:05
ORDER_000000993_SHIPMENT,ORDER_000000993,IN_TRANSIT,2026-05-07T23:26:37,
ORDER_000000994_SHIPMENT,ORDER_000000994,DELIVERED,2026-11-30T00:38:05,2026-12-01T06:38:05
ORDER_000000995_SHIPMENT,ORDER_000000995,PROCESSING,,
ORDER_000000996_SHIPMENT,ORDER_000000996,DELIVERED,2026-05-04T08:49:11,2026-05-06T20:49:11
ORDER_000000997_SHIPMENT,ORDER_000000997,IN_TRANSIT,2026-06-27T06:22:20,
ORDER_000000998_SHIPMENT,ORDER_000000998,PROCESSING,,
ORDER_000000999_SHIPMENT,ORDER_000000999,IN_TRANSIT,2026-09-27T19:37:58,
ORDER_000001000_SHIPMENT,ORDER_000001000,DELIVERED,2026-12-07T03:24:42,2026-12-08T09:24:42
ORDER_000001001_SHIPMENT,ORDER_000001001,DELIVERED,2026-02-21T18:20:27,2026-02-28T17:20:27
ORDER_000001002_SHIPMENT,ORDER_000001002,DELIVERED,2026-11-15T06:13:29,2026-11-20T06:13:29
ORDER_000001003_SHIPMENT,ORDER_000001003,PROCESSING,,
ORDER_000001004_SHIPMENT,ORDER_000001004,IN_TRANSIT,2026-04-03T21:36:30,
ORDER_000001005_SHIPMENT,ORDER_000001005,IN_TRANSIT,2026-07-07T01:09:51,
ORDER_000001006_SHIPMENT,ORDER_000001006,IN_TRANSIT,2026-12-06T09:44:24,
ORDER_000001007_SHIPMENT,ORDER_000001007,DELIVERED,2026-02-28T18:32:11,2026-03-01T15:32:11
ORDER_000001008_SHIPMENT,ORDER_000001008,DELIVERED,2026-08-14T04:08:59,2026-08-18T04:08:59
ORDER_000001009_SHIPMENT,ORDER_000001009,DELIVERED,2026-10-27T15:29:59,2026-11-02T19:29:59
ORDER_000001010_SHIPMENT,ORDER_000001010,DELIVERED,2026-06-26T20:33:13,2026-07-01T09:33:13
ORDER_000001011_SHIPMENT,ORDER_000001011,DELIVERED,2026-05-08T06:51:29,2026-05-08T20:51:29
ORDER_000001012_SHIPMENT,ORDER_000001012,DELIVERED,2026-07-15T10:12:59,2026-07-19T12:12:59
ORDER_000001013_SHIPMENT,ORDER_000001013,DELIVERED,2026-12-05T07:00:17,2026-12-11T11:00:17
ORDER_000001014_SHIPMENT,ORDER_000001014,PROCESSING,,
ORDER_000001015_SHIPMENT,ORDER_000001015,IN_TRANSIT,2026-11-11T07:43:06,
ORDER_000001016_SHIPMENT,ORDER_000001016,DELIVERED,2026-09-03T00:11:41,2026-09-05T18:11:41
ORDER_000001017_SHIPMENT,ORDER_000001017,DELIVERED,2026-01-08T07:46:06,2026-01-13T21:46:06
ORDER_000001018_SHIPMENT,ORDER_000001018,DELIVERED,2026-11-22T03:00:09,2026-11-23T21:00:09
ORDER_000001019_SHIPMENT,ORDER_000001019,PROCESSING,,
ORDER_000001020_SHIPMENT,ORDER_000001020,IN_TRANSIT,2026-05-11T20:15:30,
ORDER_000001021_SHIPMENT,ORDER_000001021,DELIVERED,2026-11-04T06:13:38,2026-11-07T22:13:38
ORDER_000001022_SHIPMENT,ORDER_000001022,DELIVERED,2026-11-01T18:58:45,2026-11-06T15:58:45
ORDER_000001023_SHIPMENT,ORDER_000001023,IN_TRANSIT,2026-08-07T06:02:34,
ORDER_000001024_SHIPMENT,ORDER_000001024,PROCESSING,,
ORDER_000001025_SHIPMENT,ORDER_000001025,DELIVERED,2026-08-25T07:19:35,2026-08-26T20:19:35
ORDER_000001026_SHIPMENT,ORDER_000001026,PROCESSING,,
ORDER_000001027_SHIPMENT,ORDER_000001027,DELIVERED,2026-07-28T18:05:24,2026-07-31T08:05:24
ORDER_000001028_SHIPMENT,ORDER_000001028,DELIVERED,2026-05-25T00:55:28,2026-05-31T20:55:28
ORDER_000001029_SHIPMENT,ORDER_000001029,DELIVERED,2026-01-25T17:16:09,2026-02-01T01:16:09
ORDER_000001030_SHIPMENT,ORDER_000001030,DELIVERED,2026-01-21T13:49:45,2026-01-22T05:49:45
ORDER_000001031_SHIPMENT,ORDER_000001031,DELIVERED,2026-05-10T06:26:57,2026-05-12T21:26:57
ORDER_000001032_SHIPMENT,ORDER_000001032,DELIVERED,2026-12-08T10:44:33,2026-12-09T10:44:33
ORDER_000001033_SHIPMENT,ORDER_000001033,PROCESSING,,
ORDER_000001034_SHIPMENT,ORDER_000001034,DELIVERED,2026-08-26T13:06:19,2026-09-01T15:06:19
ORDER_000001035_SHIPMENT,ORDER_000001035,PROCESSING,,
ORDER_000001036_SHIPMENT,ORDER_000001036,IN_TRANSIT,2026-03-25T22:16:10,
ORDER_000001037_SHIPMENT,ORDER_000001037,DELIVERED,2026-04-14T19:12:18,2026-04-17T22:12:18
ORDER_000001038_SHIPMENT,ORDER_000001038,PROCESSING,,
ORDER_000001039_SHIPMENT,ORDER_000001039,DELIVERED,2026-09-10T21:57:38,2026-09-17T13:57:38
ORDER_000001040_SHIPMENT,ORDER_000001040,PROCESSING,,
ORDER_000001041_SHIPMENT,ORDER_000001041,PROCESSING,,
ORDER_000001042_SHIPMENT,ORDER_000001042,DELIVERED,2026-02-17T02:26:17,2026-02-20T04:26:17
ORDER_000001043_SHIPMENT,ORDER_000001043,DELIVERED,2026-10-30T03:50:14,2026-11-01T06:50:14
ORDER_000001044_SHIPMENT,ORDER_000001044,PROCESSING,,
ORDER_000001045_SHIPMENT,ORDER_000001045,DELIVERED,2026-03-08T08:02:12,2026-03-14T12:02:12
ORDER_000001046_SHIPMENT,ORDER_000001046,PROCESSING,,
ORDER_000001047_SHIPMENT,ORDER_000001047,DELIVERED,2026-09-19T15:35:43,2026-09-22T12:35:43
ORDER_000001048_SHIPMENT,ORDER_000001048,DELIVERED,2026-02-10T21:46:38,2026-02-14T16:46:38
ORDER_000001049_SHIPMENT,ORDER_000001049,DELIVERED,2026-03-26T23:05:34,2026-04-01T16:05:34
ORDER_000001050_SHIPMENT,ORDER_000001050,DELIVERED,2026-11-22T10:50:38,2026-11-25T11:50:38
ORDER_000001051_SHIPMENT,ORDER_000001051,DELIVERED,2026-01-08T05:11:03,2026-01-15T05:11:03
ORDER_000001052_SHIPMENT,ORDER_000001052,PROCESSING,,
ORDER_000001053_SHIPMENT,ORDER_000001053,PROCESSING,,
ORDER_000001054_SHIPMENT,ORDER_000001054,DELIVERED,2026-02-07T10:05:38,2026-02-10T06:05:38
ORDER_000001055_SHIPMENT,ORDER_000001055,IN_TRANSIT,2026-10-21T12:43:08,
ORDER_000001056_SHIPMENT,ORDER_000001056,PROCESSING,,
ORDER_000001057_SHIPMENT,ORDER_000001057,PROCESSING,,
ORDER_000001058_SHIPMENT,ORDER_000001058,IN_TRANSIT,2026-05-09T00:55:07,
ORDER_000001059_SHIPMENT,ORDER_000001059,PROCESSING,,
ORDER_000001060_SHIPMENT,ORDER_000001060,PROCESSING,,
ORDER_000001061_SHIPMENT,ORDER_000001061,PROCESSING,,
ORDER_000001062_SHIPMENT,ORDER_000001062,DELIVERED,2026-08-31T17:15:32,2026-09-07T01:15:32
ORDER_000001063_SHIPMENT,ORDER_000001063,DELIVERED,2026-04-29T14:59:19,2026-05-06T09:59:19
ORDER_000001064_SHIPMENT,ORDER_000001064,DELIVERED,2026-04-02T20:14:59,2026-04-08T23:14:59
ORDER_000001065_SHIPMENT,ORDER_000001065,PROCESSING,,
ORDER_000001066_SHIPMENT,ORDER_000001066,DELIVERED,2026-03-10T22:05:30,2026-03-16T18:05:30
ORDER_000001067_SHIPMENT,ORDER_000001067,PROCESSING,,
ORDER_000001068_SHIPMENT,ORDER_000001068,PROCESSING,,
ORDER_000001069_SHIPMENT,ORDER_000001069,DELIVERED,2026-01-17T15:26:55,2026-01-24T13:26:55
ORDER_000001070_SHIPMENT,ORDER_000001070,DELIVERED,2026-02-05T02:31:29,2026-02-10T17:31:29
ORDER_000001071_SHIPMENT,ORDER_000001071,DELIVERED,2026-01-20T01:43:30,2026-01-25T23:43:30
ORDER_000001072_SHIPMENT,ORDER_000001072,IN_TRANSIT,2026-12-31T22:26:34,
ORDER_000001073_SHIPMENT,ORDER_000001073,IN_TRANSIT,2026-12-29T18:17:14,
ORDER_000001074_SHIPMENT,ORDER_000001074,DELIVERED,2026-04-17T06:19:09,2026-04-21T02:19:09
ORDER_000001075_SHIPMENT,ORDER_000001075,IN_TRANSIT,2026-11-03T23:01:43,
ORDER_000001076_SHIPMENT,ORDER_000001076,DELIVERED,2026-07-11T10:03:41,2026-07-18T08:03:41
ORDER_000001077_SHIPMENT,ORDER_000001077,PROCESSING,,
ORDER_000001078_SHIPMENT,ORDER_000001078,IN_TRANSIT,2026-09-28T11:08:23,
ORDER_000001079_SHIPMENT,ORDER_000001079,DELIVERED,2026-05-22T05:56:57,2026-05-27T13:56:57
ORDER_000001080_SHIPMENT,ORDER_000001080,DELIVERED,2026-10-27T05:34:03,2026-11-02T06:34:03
ORDER_000001081_SHIPMENT,ORDER_000001081,DELIVERED,2026-01-24T18:27:43,2026-01-25T09:27:43
ORDER_000001082_SHIPMENT,ORDER_000001082,DELIVERED,2026-03-28T23:41:10,2026-04-04T09:41:10
ORDER_000001083_SHIPMENT,ORDER_000001083,DELIVERED,2026-12-22T05:28:29,2026-12-23T11:28:29
ORDER_000001084_SHIPMENT,ORDER_000001084,IN_TRANSIT,2026-06-03T14:29:07,
ORDER_000001085_SHIPMENT,ORDER_000001085,DELIVERED,2026-03-30T13:52:49,2026-04-04T16:52:49
ORDER_000001086_SHIPMENT,ORDER_000001086,DELIVERED,2026-07-27T09:36:49,2026-07-28T11:36:49
ORDER_000001087_SHIPMENT,ORDER_000001087,DELIVERED,2026-10-11T01:14:31,2026-10-17T20:14:31
ORDER_000001088_SHIPMENT,ORDER_000001088,DELIVERED,2026-01-06T20:19:58,2026-01-11T05:19:58
ORDER_000001089_SHIPMENT,ORDER_000001089,DELIVERED,2026-04-01T01:29:51,2026-04-07T09:29:51
ORDER_000001090_SHIPMENT,ORDER_000001090,DELIVERED,2026-08-20T12:22:14,2026-08-26T17:22:14
ORDER_000001091_SHIPMENT,ORDER_000001091,PROCESSING,,
ORDER_000001092_SHIPMENT,ORDER_000001092,DELIVERED,2026-06-28T21:37:41,2026-07-02T04:37:41
ORDER_000001093_SHIPMENT,ORDER_000001093,DELIVERED,2026-01-12T21:57:46,2026-01-16T12:57:46
ORDER_000001094_SHIPMENT,ORDER_000001094,DELIVERED,2026-09-02T16:38:54,2026-09-07T03:38:54
ORDER_000001095_SHIPMENT,ORDER_000001095,PROCESSING,,
ORDER_000001096_SHIPMENT,ORDER_000001096,IN_TRANSIT,2026-03-03T18:04:19,
ORDER_000001097_SHIPMENT,ORDER_000001097,DELIVERED,2026-09-09T11:35:15,2026-09-13T07:35:15
ORDER_000001098_SHIPMENT,ORDER_000001098,PROCESSING,,
ORDER_000001099_SHIPMENT,ORDER_000001099,DELIVERED,2026-04-29T22:37:45,2026-05-01T12:37:45
ORDER_000001100_SHIPMENT,ORDER_000001100,PROCESSING,,
ORDER_000001101_SHIPMENT,ORDER_000001101,PROCESSING,,
ORDER_000001102_SHIPMENT,ORDER_000001102,DELIVERED,2026-01-17T07:44:49,2026-01-24T02:44:49
ORDER_000001103_SHIPMENT,ORDER_000001103,PROCESSING,,
ORDER_000001104_SHIPMENT,ORDER_000001104,DELIVERED,2026-11-26T17:57:47,2026-11-30T21:57:47
ORDER_000001105_SHIPMENT,ORDER_000001105,PROCESSING,,
ORDER_000001106_SHIPMENT,ORDER_000001106,DELIVERED,2026-12-14T15:12:56,2026-12-17T16:12:56
ORDER_000001107_SHIPMENT,ORDER_000001107,DELIVERED,2026-01-10T13:36:26,2026-01-13T20:36:26
ORDER_000001108_SHIPMENT,ORDER_000001108,DELIVERED,2026-03-04T14:02:20,2026-03-07T09:02:20
ORDER_000001109_SHIPMENT,ORDER_000001109,DELIVERED,2026-08-21T11:54:32,2026-08-27T02:54:32
ORDER_000001110_SHIPMENT,ORDER_000001110,IN_TRANSIT,2026-06-09T23:09:24,
ORDER_000001111_SHIPMENT,ORDER_000001111,DELIVERED,2026-03-29T05:46:34,2026-04-02T19:46:34
ORDER_000001112_SHIPMENT,ORDER_000001112,IN_TRANSIT,2026-05-01T21:40:33,
ORDER_000001113_SHIPMENT,ORDER_000001113,DELIVERED,2026-01-15T00:52:23,2026-01-17T23:52:23
ORDER_000001114_SHIPMENT,ORDER_000001114,DELIVERED,2026-07-12T10:35:42,2026-07-18T08:35:42
ORDER_000001115_SHIPMENT,ORDER_000001115,DELIVERED,2026-12-22T20:04:21,2026-12-29T00:04:21
ORDER_000001116_SHIPMENT,ORDER_000001116,IN_TRANSIT,2026-08-05T17:01:12,
ORDER_000001117_SHIPMENT,ORDER_000001117,PROCESSING,,
ORDER_000001118_SHIPMENT,ORDER_000001118,DELIVERED,2026-04-26T17:07:15,2026-04-30T03:07:15
ORDER_000001119_SHIPMENT,ORDER_000001119,PROCESSING,,
ORDER_000001120_SHIPMENT,ORDER_000001120,PROCESSING,,
ORDER_000001121_SHIPMENT,ORDER_000001121,DELIVERED,2026-06-18T05:11:58,2026-06-20T10:11:58
ORDER_000001122_SHIPMENT,ORDER_000001122,DELIVERED,2026-12-31T05:36:01,2027-01-04T06:36:01
ORDER_000001123_SHIPMENT,ORDER_000001123,IN_TRANSIT,2026-01-18T20:48:51,
ORDER_000001124_SHIPMENT,ORDER_000001124,PROCESSING,,
ORDER_000001125_SHIPMENT,ORDER_000001125,IN_TRANSIT,2026-02-08T02:24:02,
ORDER_000001126_SHIPMENT,ORDER_000001126,DELIVERED,2026-08-24T11:17:48,2026-08-27T03:17:48
ORDER_000001127_SHIPMENT,ORDER_000001127,IN_TRANSIT,2026-03-22T06:03:32,
ORDER_000001128_SHIPMENT,ORDER_000001128,DELIVERED,2026-07-31T18:38:45,2026-08-05T02:38:45
ORDER_000001129_SHIPMENT,ORDER_000001129,DELIVERED,2026-05-05T20:51:46,2026-05-11T22:51:46
ORDER_000001130_SHIPMENT,ORDER_000001130,DELIVERED,2026-10-01T03:53:02,2026-10-02T16:53:02
ORDER_000001131_SHIPMENT,ORDER_000001131,IN_TRANSIT,2026-05-08T00:15:43,
ORDER_000001132_SHIPMENT,ORDER_000001132,PROCESSING,,
ORDER_000001133_SHIPMENT,ORDER_000001133,DELIVERED,2026-04-11T12:44:14,2026-04-14T23:44:14
ORDER_000001134_SHIPMENT,ORDER_000001134,PROCESSING,,
ORDER_000001135_SHIPMENT,ORDER_000001135,PROCESSING,,
ORDER_000001136_SHIPMENT,ORDER_000001136,DELIVERED,2026-09-30T01:36:10,2026-10-02T15:36:10
ORDER_000001137_SHIPMENT,ORDER_000001137,IN_TRANSIT,2026-10-17T16:28:31,
ORDER_000001138_SHIPMENT,ORDER_000001138,DELIVERED,2026-11-11T03:55:12,2026-11-14T23:55:12
ORDER_000001139_SHIPMENT,ORDER_000001139,PROCESSING,,
ORDER_000001140_SHIPMENT,ORDER_000001140,DELIVERED,2026-04-21T11:19:35,2026-04-28T09:19:35
ORDER_000001141_SHIPMENT,ORDER_000001141,PROCESSING,,
ORDER_000001142_SHIPMENT,ORDER_000001142,PROCESSING,,
ORDER_000001143_SHIPMENT,ORDER_000001143,DELIVERED,2026-10-29T20:24:39,2026-11-03T06:24:39
ORDER_000001144_SHIPMENT,ORDER_000001144,DELIVERED,2026-03-05T16:14:25,2026-03-11T06:14:25
ORDER_000001145_SHIPMENT,ORDER_000001145,DELIVERED,2026-08-19T08:48:49,2026-08-20T10:48:49
ORDER_000001146_SHIPMENT,ORDER_000001146,DELIVERED,2026-09-22T15:45:42,2026-09-29T10:45:42
ORDER_000001147_SHIPMENT,ORDER_000001147,DELIVERED,2026-04-27T07:46:12,2026-05-02T14:46:12
ORDER_000001148_SHIPMENT,ORDER_000001148,IN_TRANSIT,2026-08-04T04:49:58,
ORDER_000001149_SHIPMENT,ORDER_000001149,PROCESSING,,
ORDER_000001150_SHIPMENT,ORDER_000001150,DELIVERED,2026-08-20T03:50:54,2026-08-24T17:50:54
ORDER_000001151_SHIPMENT,ORDER_000001151,DELIVERED,2026-02-20T16:28:08,2026-02-27T08:28:08
ORDER_000001152_SHIPMENT,ORDER_000001152,PROCESSING,,
ORDER_000001153_SHIPMENT,ORDER_000001153,IN_TRANSIT,2026-04-19T21:12:06,
ORDER_000001154_SHIPMENT,ORDER_000001154,DELIVERED,2026-07-07T17:41:25,2026-07-12T06:41:25
ORDER_000001155_SHIPMENT,ORDER_000001155,DELIVERED,2026-04-27T22:19:09,2026-05-02T05:19:09
ORDER_000001156_SHIPMENT,ORDER_000001156,DELIVERED,2026-01-13T19:15:02,2026-01-16T13:15:02
ORDER_000001157_SHIPMENT,ORDER_000001157,DELIVERED,2026-12-12T16:56:31,2026-12-16T05:56:31
ORDER_000001158_SHIPMENT,ORDER_000001158,PROCESSING,,
ORDER_000001159_SHIPMENT,ORDER_000001159,PROCESSING,,
ORDER_000001160_SHIPMENT,ORDER_000001160,DELIVERED,2026-11-03T18:25:34,2026-11-04T21:25:34
ORDER_000001161_SHIPMENT,ORDER_000001161,DELIVERED,2026-09-05T02:35:20,2026-09-07T12:35:20
ORDER_000001162_SHIPMENT,ORDER_000001162,DELIVERED,2026-09-19T03:26:32,2026-09-22T09:26:32
ORDER_000001163_SHIPMENT,ORDER_000001163,PROCESSING,,
ORDER_000001164_SHIPMENT,ORDER_000001164,PROCESSING,,
ORDER_000001165_SHIPMENT,ORDER_000001165,IN_TRANSIT,2026-07-13T23:05:13,
ORDER_000001166_SHIPMENT,ORDER_000001166,IN_TRANSIT,2026-10-07T07:17:25,
ORDER_000001167_SHIPMENT,ORDER_000001167,DELIVERED,2026-11-08T06:41:19,2026-11-12T19:41:19
ORDER_000001168_SHIPMENT,ORDER_000001168,IN_TRANSIT,2026-02-18T10:32:29,
ORDER_000001169_SHIPMENT,ORDER_000001169,DELIVERED,2026-08-15T09:08:28,2026-08-19T05:08:28
ORDER_000001170_SHIPMENT,ORDER_000001170,DELIVERED,2026-04-26T16:17:02,2026-05-02T18:17:02
ORDER_000001171_SHIPMENT,ORDER_000001171,DELIVERED,2026-05-20T21:48:42,2026-05-27T09:48:42
ORDER_000001172_SHIPMENT,ORDER_000001172,DELIVERED,2026-03-06T05:11:58,2026-03-12T16:11:58
ORDER_000001173_SHIPMENT,ORDER_000001173,DELIVERED,2026-07-17T15:39:03,2026-07-20T14:39:03
ORDER_000001174_SHIPMENT,ORDER_000001174,IN_TRANSIT,2026-01-05T22:24:25,
ORDER_000001175_SHIPMENT,ORDER_000001175,DELIVERED,2026-08-20T12:51:37,2026-08-26T06:51:37
ORDER_000001176_SHIPMENT,ORDER_000001176,DELIVERED,2026-01-19T21:29:47,2026-01-23T21:29:47
ORDER_000001177_SHIPMENT,ORDER_000001177,DELIVERED,2026-08-07T14:12:33,2026-08-12T06:12:33
ORDER_000001178_SHIPMENT,ORDER_000001178,DELIVERED,2026-04-01T00:12:59,2026-04-05T23:12:59
ORDER_000001179_SHIPMENT,ORDER_000001179,IN_TRANSIT,2026-06-02T21:07:46,
ORDER_000001180_SHIPMENT,ORDER_000001180,DELIVERED,2026-05-28T09:29:16,2026-06-01T09:29:16
ORDER_000001181_SHIPMENT,ORDER_000001181,DELIVERED,2026-04-26T11:42:07,2026-05-01T16:42:07
ORDER_000001182_SHIPMENT,ORDER_000001182,DELIVERED,2026-05-12T20:19,2026-05-14T21:19
ORDER_000001183_SHIPMENT,ORDER_000001183,DELIVERED,2026-11-29T13:15:32,2026-12-02T13:15:32
ORDER_000001184_SHIPMENT,ORDER_000001184,IN_TRANSIT,2026-02-10T18:45:26,
ORDER_000001185_SHIPMENT,ORDER_000001185,DELIVERED,2026-07-06T07:55:18,2026-07-07T09:55:18
ORDER_000001186_SHIPMENT,ORDER_000001186,DELIVERED,2026-06-08T13:27:11,2026-06-09T17:27:11
ORDER_000001187_SHIPMENT,ORDER_000001187,PROCESSING,,
ORDER_000001188_SHIPMENT,ORDER_000001188,PROCESSING,,
ORDER_000001189_SHIPMENT,ORDER_000001189,DELIVERED,2026-02-12T15:07:51,2026-02-17T09:07:51
ORDER_000001190_SHIPMENT,ORDER_000001190,PROCESSING,,
ORDER_000001191_SHIPMENT,ORDER_000001191,DELIVERED,2026-01-30T02:11:55,2026-02-04T16:11:55
ORDER_000001192_SHIPMENT,ORDER_000001192,DELIVERED,2026-11-26T21:11:42,2026-12-01T15:11:42
ORDER_000001193_SHIPMENT,ORDER_000001193,DELIVERED,2026-05-05T09:33:50,2026-05-08T16:33:50
ORDER_000001194_SHIPMENT,ORDER_000001194,DELIVERED,2026-08-21T21:06:27,2026-08-24T23:06:27
ORDER_000001195_SHIPMENT,ORDER_000001195,DELIVERED,2026-07-02T00:33,2026-07-04T04:33
ORDER_000001196_SHIPMENT,ORDER_000001196,DELIVERED,2026-04-29T12:29:21,2026-05-05T00:29:21
ORDER_000001197_SHIPMENT,ORDER_000001197,DELIVERED,2026-07-08T07:31:14,2026-07-09T21:31:14
ORDER_000001198_SHIPMENT,ORDER_000001198,DELIVERED,2026-08-23T23:23:45,2026-08-28T21:23:45
ORDER_000001199_SHIPMENT,ORDER_000001199,DELIVERED,2026-06-04T07:14:11,2026-06-07T01:14:11
ORDER_000001200_SHIPMENT,ORDER_000001200,DELIVERED,2026-08-18T18:04:29,2026-08-19T10:04:29
ORDER_000001201_SHIPMENT,ORDER_000001201,DELIVERED,2026-02-11T07:52:16,2026-02-18T06:52:16
ORDER_000001202_SHIPMENT,ORDER_000001202,DELIVERED,2026-06-25T04:33:57,2026-07-01T02:33:57
ORDER_000001203_SHIPMENT,ORDER_000001203,DELIVERED,2026-09-13T21:28:43,2026-09-15T13:28:43
ORDER_000001204_SHIPMENT,ORDER_000001204,DELIVERED,2026-12-10T06:43:18,2026-12-15T17:43:18
ORDER_000001205_SHIPMENT,ORDER_000001205,IN_TRANSIT,2026-07-15T00:25:30,
ORDER_000001206_SHIPMENT,ORDER_000001206,DELIVERED,2026-08-09T08:31:30,2026-08-14T09:31:30
ORDER_000001207_SHIPMENT,ORDER_000001207,DELIVERED,2026-02-21T23:56:28,2026-02-27T05:56:28
ORDER_000001208_SHIPMENT,ORDER_000001208,DELIVERED,2026-09-08T09:31:08,2026-09-14T02:31:08
ORDER_000001209_SHIPMENT,ORDER_000001209,DELIVERED,2026-11-02T13:46:49,2026-11-07T20:46:49
ORDER_000001210_SHIPMENT,ORDER_000001210,DELIVERED,2026-04-30T18:29:43,2026-05-02T14:29:43
ORDER_000001211_SHIPMENT,ORDER_000001211,DELIVERED,2026-12-15T02:58:26,2026-12-16T08:58:26
ORDER_000001212_SHIPMENT,ORDER_000001212,DELIVERED,2026-04-19T08:21:56,2026-04-21T19:21:56
ORDER_000001213_SHIPMENT,ORDER_000001213,IN_TRANSIT,2026-02-06T15:45:04,
ORDER_000001214_SHIPMENT,ORDER_000001214,IN_TRANSIT,2026-08-24T11:23:08,
ORDER_000001215_SHIPMENT,ORDER_000001215,DELIVERED,2026-02-12T07:09:07,2026-02-14T12:09:07
ORDER_000001216_SHIPMENT,ORDER_000001216,DELIVERED,2026-02-17T02:15:52,2026-02-19T00:15:52
ORDER_000001217_SHIPMENT,ORDER_000001217,DELIVERED,2026-07-28T10:49:51,2026-08-04T05:49:51
ORDER_000001218_SHIPMENT,ORDER_000001218,DELIVERED,2026-02-15T15:13:27,2026-02-18T15:13:27
ORDER_000001219_SHIPMENT,ORDER_000001219,PROCESSING,,
ORDER_000001220_SHIPMENT,ORDER_000001220,DELIVERED,2026-05-21T21:42:39,2026-05-26T07:42:39
ORDER_000001221_SHIPMENT,ORDER_000001221,DELIVERED,2026-05-27T17:08:50,2026-06-01T06:08:50
ORDER_000001222_SHIPMENT,ORDER_000001222,PROCESSING,,
ORDER_000001223_SHIPMENT,ORDER_000001223,IN_TRANSIT,2026-05-18T03:45:22,
ORDER_000001224_SHIPMENT,ORDER_000001224,DELIVERED,2026-09-28T04:45:14,2026-09-29T07:45:14
ORDER_000001225_SHIPMENT,ORDER_000001225,DELIVERED,2026-03-26T06:58:32,2026-03-31T23:58:32
ORDER_000001226_SHIPMENT,ORDER_000001226,DELIVERED,2026-08-30T09:19:05,2026-09-05T21:19:05
ORDER_000001227_SHIPMENT,ORDER_000001227,DELIVERED,2026-02-06T20:48:42,2026-02-09T15:48:42
ORDER_000001228_SHIPMENT,ORDER_000001228,IN_TRANSIT,2026-10-02T01:31:44,
ORDER_000001229_SHIPMENT,ORDER_000001229,PROCESSING,,
ORDER_000001230_SHIPMENT,ORDER_000001230,DELIVERED,2026-06-14T05:19:19,2026-06-15T19:19:19
ORDER_000001231_SHIPMENT,ORDER_000001231,DELIVERED,2026-03-26T17:58:04,2026-03-31T12:58:04
ORDER_000001232_SHIPMENT,ORDER_000001232,PROCESSING,,
ORDER_000001233_SHIPMENT,ORDER_000001233,IN_TRANSIT,2026-07-30T19:37:48,
ORDER_000001234_SHIPMENT,ORDER_000001234,DELIVERED,2026-04-06T08:50:10,2026-04-09T05:50:10
ORDER_000001235_SHIPMENT,ORDER_000001235,IN_TRANSIT,2026-04-30T19:01:23,
ORDER_000001236_SHIPMENT,ORDER_000001236,IN_TRANSIT,2026-07-01T08:54:26,
ORDER_000001237_SHIPMENT,ORDER_000001237,PROCESSING,,
ORDER_000001238_SHIPMENT,ORDER_000001238,PROCESSING,,
ORDER_000001239_SHIPMENT,ORDER_000001239,DELIVERED,2026-01-29T15:41:21,2026-02-02T23:41:21
ORDER_000001240_SHIPMENT,ORDER_000001240,DELIVERED,2026-08-12T01:31:53,2026-08-14T00:31:53
ORDER_000001241_SHIPMENT,ORDER_000001241,IN_TRANSIT,2026-01-15T14:02:57,
ORDER_000001242_SHIPMENT,ORDER_000001242,PROCESSING,,
ORDER_000001243_SHIPMENT,ORDER_000001243,DELIVERED,2026-09-13T08:08:34,2026-09-15T04:08:34
ORDER_000001244_SHIPMENT,ORDER_000001244,PROCESSING,,
ORDER_000001245_SHIPMENT,ORDER_000001245,PROCESSING,,
ORDER_000001246_SHIPMENT,ORDER_000001246,IN_TRANSIT,2026-04-04T16:29:03,
ORDER_000001247_SHIPMENT,ORDER_000001247,PROCESSING,,
ORDER_000001248_SHIPMENT,ORDER_000001248,DELIVERED,2026-06-12T08:42:29,2026-06-13T05:42:29
ORDER_000001249_SHIPMENT,ORDER_000001249,DELIVERED,2026-01-20T03:11:30,2026-01-25T02:11:30
ORDER_000001250_SHIPMENT,ORDER_000001250,DELIVERED,2026-09-19T21:45:21,2026-09-21T22:45:21
ORDER_000001251_SHIPMENT,ORDER_000001251,DELIVERED,2026-03-01T12:44:28,2026-03-04T01:44:28
ORDER_000001252_SHIPMENT,ORDER_000001252,DELIVERED,2026-06-20T15:14:57,2026-06-22T23:14:57
ORDER_000001253_SHIPMENT,ORDER_000001253,DELIVERED,2026-10-16T07:45:34,2026-10-20T11:45:34
ORDER_000001254_SHIPMENT,ORDER_000001254,PROCESSING,,
ORDER_000001255_SHIPMENT,ORDER_000001255,DELIVERED,2026-03-08T17:04:16,2026-03-09T12:04:16
ORDER_000001256_SHIPMENT,ORDER_000001256,DELIVERED,2026-10-30T20:12:33,2026-11-06T16:12:33
ORDER_000001257_SHIPMENT,ORDER_000001257,DELIVERED,2026-02-17T16:09:04,2026-02-23T14:09:04
ORDER_000001258_SHIPMENT,ORDER_000001258,PROCESSING,,
ORDER_000001259_SHIPMENT,ORDER_000001259,DELIVERED,2026-02-13T21:49:14,2026-02-20T05:49:14
ORDER_000001260_SHIPMENT,ORDER_000001260,PROCESSING,,
ORDER_000001261_SHIPMENT,ORDER_000001261,PROCESSING,,
ORDER_000001262_SHIPMENT,ORDER_000001262,DELIVERED,2026-11-03T20:50:21,2026-11-10T17:50:21
ORDER_000001263_SHIPMENT,ORDER_000001263,DELIVERED,2026-12-27T12:33:09,2026-12-28T21:33:09
ORDER_000001264_SHIPMENT,ORDER_000001264,IN_TRANSIT,2026-02-23T05:02:52,
ORDER_000001265_SHIPMENT,ORDER_000001265,PROCESSING,,
ORDER_000001266_SHIPMENT,ORDER_000001266,DELIVERED,2026-11-05T22:39:24,2026-11-08T06:39:24
ORDER_000001267_SHIPMENT,ORDER_000001267,DELIVERED,2026-10-21T03:17:12,2026-10-26T14:17:12
ORDER_000001268_SHIPMENT,ORDER_000001268,PROCESSING,,
ORDER_000001269_SHIPMENT,ORDER_000001269,IN_TRANSIT,2026-02-10T10:57:33,
ORDER_000001270_SHIPMENT,ORDER_000001270,DELIVERED,2026-02-24T12:41:23,2026-02-28T15:41:23
ORDER_000001271_SHIPMENT,ORDER_000001271,DELIVERED,2026-02-22T23:00:59,2026-02-24T19:00:59
ORDER_000001272_SHIPMENT,ORDER_000001272,PROCESSING,,
ORDER_000001273_SHIPMENT,ORDER_000001273,PROCESSING,,
ORDER_000001274_SHIPMENT,ORDER_000001274,PROCESSING,,
ORDER_000001275_SHIPMENT,ORDER_000001275,PROCESSING,,
ORDER_000001276_SHIPMENT,ORDER_000001276,DELIVERED,2026-10-27T09:05:50,2026-10-31T03:05:50
ORDER_000001277_SHIPMENT,ORDER_000001277,IN_TRANSIT,2026-01-30T15:05:18,
ORDER_000001278_SHIPMENT,ORDER_000001278,DELIVERED,2026-11-24T14:04:04,2026-11-25T06:04:04
ORDER_000001279_SHIPMENT,ORDER_000001279,IN_TRANSIT,2026-06-12T22:05:48,
ORDER_000001280_SHIPMENT,ORDER_000001280,DELIVERED,2026-01-22T07:52:49,2026-01-26T00:52:49
ORDER_000001281_SHIPMENT,ORDER_000001281,IN_TRANSIT,2026-12-31T23:27:20,
ORDER_000001282_SHIPMENT,ORDER_000001282,IN_TRANSIT,2026-05-11T21:41:13,
ORDER_000001283_SHIPMENT,ORDER_000001283,DELIVERED,2026-07-11T18:35:40,2026-07-13T04:35:40
ORDER_000001284_SHIPMENT,ORDER_000001284,PROCESSING,,
ORDER_000001285_SHIPMENT,ORDER_000001285,DELIVERED,2026-11-25T05:26:30,2026-11-30T14:26:30
ORDER_000001286_SHIPMENT,ORDER_000001286,PROCESSING,,
ORDER_000001287_SHIPMENT,ORDER_000001287,IN_TRANSIT,2026-08-09T17:53:51,
ORDER_000001288_SHIPMENT,ORDER_000001288,IN_TRANSIT,2026-07-11T03:12:05,
ORDER_000001289_SHIPMENT,ORDER_000001289,PROCESSING,,
ORDER_000001290_SHIPMENT,ORDER_000001290,DELIVERED,2026-10-19T00:07:41,2026-10-21T15:07:41
ORDER_000001291_SHIPMENT,ORDER_000001291,DELIVERED,2026-06-13T23:20:30,2026-06-20T17:20:30
ORDER_000001292_SHIPMENT,ORDER_000001292,DELIVERED,2026-02-01T15:11:18,2026-02-05T11:11:18
ORDER_000001293_SHIPMENT,ORDER_000001293,PROCESSING,,
ORDER_000001294_SHIPMENT,ORDER_000001294,DELIVERED,2026-06-26T01:41:15,2026-07-02T17:41:15
ORDER_000001295_SHIPMENT,ORDER_000001295,IN_TRANSIT,2026-07-15T15:37:27,
ORDER_000001296_SHIPMENT,ORDER_000001296,DELIVERED,2026-08-18T18:06:38,2026-08-23T10:06:38
ORDER_000001297_SHIPMENT,ORDER_000001297,DELIVERED,2026-08-04T18:46:40,2026-08-08T18:46:40
ORDER_000001298_SHIPMENT,ORDER_000001298,DELIVERED,2026-08-14T09:27:35,2026-08-16T22:27:35
ORDER_000001299_SHIPMENT,ORDER_000001299,PROCESSING,,
ORDER_000001300_SHIPMENT,ORDER_000001300,DELIVERED,2026-05-18T20:57:17,2026-05-24T06:57:17
ORDER_000001301_SHIPMENT,ORDER_000001301,DELIVERED,2026-10-09T02:48:50,2026-10-13T16:48:50
ORDER_000001302_SHIPMENT,ORDER_000001302,IN_TRANSIT,2026-10-19T18:49:50,
ORDER_000001303_SHIPMENT,ORDER_000001303,DELIVERED,2026-04-04T05:50:30,2026-04-07T06:50:30
ORDER_000001304_SHIPMENT,ORDER_000001304,DELIVERED,2026-09-25T10:55:58,2026-09-30T02:55:58
ORDER_000001305_SHIPMENT,ORDER_000001305,DELIVERED,2026-06-21T00:58:16,2026-06-23T19:58:16
ORDER_000001306_SHIPMENT,ORDER_000001306,DELIVERED,2026-06-19T23:53:29,2026-06-24T19:53:29
ORDER_000001307_SHIPMENT,ORDER_000001307,DELIVERED,2026-07-23T03:36:43,2026-07-29T08:36:43
ORDER_000001308_SHIPMENT,ORDER_000001308,DELIVERED,2026-08-23T17:39:34,2026-08-28T21:39:34
ORDER_000001309_SHIPMENT,ORDER_000001309,IN_TRANSIT,2026-06-11T20:31:49,
ORDER_000001310_SHIPMENT,ORDER_000001310,DELIVERED,2026-04-15T10:30:31,2026-04-19T22:30:31
ORDER_000001311_SHIPMENT,ORDER_000001311,PROCESSING,,
ORDER_000001312_SHIPMENT,ORDER_000001312,DELIVERED,2026-09-03T13:14:56,2026-09-05T23:14:56
ORDER_000001313_SHIPMENT,ORDER_000001313,DELIVERED,2026-05-16T18:04:07,2026-05-22T16:04:07
ORDER_000001314_SHIPMENT,ORDER_000001314,DELIVERED,2026-05-08T06:20:14,2026-05-14T17:20:14
ORDER_000001315_SHIPMENT,ORDER_000001315,DELIVERED,2026-12-14T12:16:58,2026-12-15T15:16:58
ORDER_000001316_SHIPMENT,ORDER_000001316,PROCESSING,,
ORDER_000001317_SHIPMENT,ORDER_000001317,DELIVERED,2026-01-13T14:46:03,2026-01-15T14:46:03
ORDER_000001318_SHIPMENT,ORDER_000001318,DELIVERED,2026-03-05T02:40:28,2026-03-07T04:40:28
ORDER_000001319_SHIPMENT,ORDER_000001319,PROCESSING,,
ORDER_000001320_SHIPMENT,ORDER_000001320,IN_TRANSIT,2026-11-08T23:43:54,
ORDER_000001321_SHIPMENT,ORDER_000001321,PROCESSING,,
ORDER_000001322_SHIPMENT,ORDER_000001322,PROCESSING,,
ORDER_000001323_SHIPMENT,ORDER_000001323,DELIVERED,2026-12-27T06:01:35,2026-12-30T20:01:35
ORDER_000001324_SHIPMENT,ORDER_000001324,DELIVERED,2026-11-10T02:08:45,2026-11-15T21:08:45
ORDER_000001325_SHIPMENT,ORDER_000001325,DELIVERED,2026-07-19T18:25:29,2026-07-25T15:25:29
ORDER_000001326_SHIPMENT,ORDER_000001326,PROCESSING,,
ORDER_000001327_SHIPMENT,ORDER_000001327,DELIVERED,2026-03-30T00:06:51,2026-04-01T11:06:51
ORDER_000001328_SHIPMENT,ORDER_000001328,DELIVERED,2026-01-27T21:35:41,2026-01-29T03:35:41
ORDER_000001329_SHIPMENT,ORDER_000001329,IN_TRANSIT,2026-08-06T10:43:51,
ORDER_000001330_SHIPMENT,ORDER_000001330,PROCESSING,,
ORDER_000001331_SHIPMENT,ORDER_000001331,DELIVERED,2026-04-26T08:58:14,2026-04-28T05:58:14
ORDER_000001332_SHIPMENT,ORDER_000001332,PROCESSING,,
ORDER_000001333_SHIPMENT,ORDER_000001333,PROCESSING,,
ORDER_000001334_SHIPMENT,ORDER_000001334,DELIVERED,2026-09-24T18:48:10,2026-09-25T19:48:10
ORDER_000001335_SHIPMENT,ORDER_000001335,DELIVERED,2026-07-27T05:26:59,2026-07-28T19:26:59
ORDER_000001336_SHIPMENT,ORDER_000001336,DELIVERED,2026-01-28T02:22:32,2026-02-02T20:22:32
ORDER_000001337_SHIPMENT,ORDER_000001337,PROCESSING,,
ORDER_000001338_SHIPMENT,ORDER_000001338,DELIVERED,2026-12-10T11:04:09,2026-12-12T03:04:09
ORDER_000001339_SHIPMENT,ORDER_000001339,PROCESSING,,
ORDER_000001340_SHIPMENT,ORDER_000001340,IN_TRANSIT,2026-04-12T00:19:45,
ORDER_000001341_SHIPMENT,ORDER_000001341,DELIVERED,2026-03-30T14:44:34,2026-04-02T21:44:34
ORDER_000001342_SHIPMENT,ORDER_000001342,DELIVERED,2026-04-12T08:10:23,2026-04-16T23:10:23
ORDER_000001343_SHIPMENT,ORDER_000001343,PROCESSING,,
ORDER_000001344_SHIPMENT,ORDER_000001344,DELIVERED,2026-02-20T03:24:40,2026-02-23T10:24:40
ORDER_000001345_SHIPMENT,ORDER_000001345,DELIVERED,2026-04-06T18:32:29,2026-04-12T13:32:29
ORDER_000001346_SHIPMENT,ORDER_000001346,PROCESSING,,
ORDER_000001347_SHIPMENT,ORDER_000001347,PROCESSING,,
ORDER_000001348_SHIPMENT,ORDER_000001348,DELIVERED,2026-12-14T14:37:27,2026-12-21T11:37:27
ORDER_000001349_SHIPMENT,ORDER_000001349,IN_TRANSIT,2026-05-18T12:42:50,
ORDER_000001350_SHIPMENT,ORDER_000001350,DELIVERED,2026-09-19T09:44:07,2026-09-24T00:44:07
ORDER_000001351_SHIPMENT,ORDER_000001351,PROCESSING,,
ORDER_000001352_SHIPMENT,ORDER_000001352,DELIVERED,2026-12-02T09:11:25,2026-12-08T19:11:25
ORDER_000001353_SHIPMENT,ORDER_000001353,DELIVERED,2026-03-21T22:49:45,2026-03-24T01:49:45
ORDER_000001354_SHIPMENT,ORDER_000001354,DELIVERED,2026-09-21T07:07:27,2026-09-28T06:07:27
ORDER_000001355_SHIPMENT,ORDER_000001355,IN_TRANSIT,2026-01-06T10:07:18,
ORDER_000001356_SHIPMENT,ORDER_000001356,DELIVERED,2026-12-31T22:21:52,2027-01-05T07:21:52
ORDER_000001357_SHIPMENT,ORDER_000001357,DELIVERED,2026-03-14T07:17:59,2026-03-16T08:17:59
ORDER_000001358_SHIPMENT,ORDER_000001358,PROCESSING,,
ORDER_000001359_SHIPMENT,ORDER_000001359,DELIVERED,2026-06-28T14:13:22,2026-07-03T08:13:22
ORDER_000001360_SHIPMENT,ORDER_000001360,DELIVERED,2026-09-13T20:33:26,2026-09-18T10:33:26
ORDER_000001361_SHIPMENT,ORDER_000001361,PROCESSING,,
ORDER_000001362_SHIPMENT,ORDER_000001362,DELIVERED,2026-11-24T13:32:58,2026-11-25T23:32:58
ORDER_000001363_SHIPMENT,ORDER_000001363,DELIVERED,2026-03-10T20:38:13,2026-03-11T14:38:13
ORDER_000001364_SHIPMENT,ORDER_000001364,DELIVERED,2026-05-11T10:37:48,2026-05-13T00:37:48
ORDER_000001365_SHIPMENT,ORDER_000001365,IN_TRANSIT,2026-12-03T13:53:38,
ORDER_000001366_SHIPMENT,ORDER_000001366,PROCESSING,,
ORDER_000001367_SHIPMENT,ORDER_000001367,PROCESSING,,
ORDER_000001368_SHIPMENT,ORDER_000001368,DELIVERED,2026-12-24T06:13:32,2026-12-25T00:13:32
ORDER_000001369_SHIPMENT,ORDER_000001369,PROCESSING,,
ORDER_000001370_SHIPMENT,ORDER_000001370,PROCESSING,,
ORDER_000001371_SHIPMENT,ORDER_000001371,DELIVERED,2026-04-29T06:51:23,2026-05-04T13:51:23
ORDER_000001372_SHIPMENT,ORDER_000001372,DELIVERED,2026-08-05T12:35:59,2026-08-11T04:35:59
ORDER_000001373_SHIPMENT,ORDER_000001373,DELIVERED,2026-10-04T13:22:41,2026-10-11T13:22:41
ORDER_000001374_SHIPMENT,ORDER_000001374,DELIVERED,2026-02-11T06:16:46,2026-02-15T02:16:46
ORDER_000001375_SHIPMENT,ORDER_000001375,DELIVERED,2026-04-25T21:52:12,2026-04-30T18:52:12
ORDER_000001376_SHIPMENT,ORDER_000001376,DELIVERED,2026-12-07T09:38:01,2026-12-09T12:38:01
ORDER_000001377_SHIPMENT,ORDER_000001377,DELIVERED,2026-09-13T09:55:21,2026-09-14T13:55:21
ORDER_000001378_SHIPMENT,ORDER_000001378,PROCESSING,,
ORDER_000001379_SHIPMENT,ORDER_000001379,DELIVERED,2026-02-04T23:27:01,2026-02-09T15:27:01
ORDER_000001380_SHIPMENT,ORDER_000001380,PROCESSING,,
ORDER_000001381_SHIPMENT,ORDER_000001381,DELIVERED,2026-12-31T17:24:45,2027-01-03T06:24:45
ORDER_000001382_SHIPMENT,ORDER_000001382,DELIVERED,2026-08-30T18:31:19,2026-09-03T14:31:19
ORDER_000001383_SHIPMENT,ORDER_000001383,DELIVERED,2026-09-30T04:29:34,2026-10-06T00:29:34
ORDER_000001384_SHIPMENT,ORDER_000001384,PROCESSING,,
ORDER_000001385_SHIPMENT,ORDER_000001385,PROCESSING,,
ORDER_000001386_SHIPMENT,ORDER_000001386,IN_TRANSIT,2026-04-15T19:04:28,
ORDER_000001387_SHIPMENT,ORDER_000001387,PROCESSING,,
ORDER_000001388_SHIPMENT,ORDER_000001388,PROCESSING,,
ORDER_000001389_SHIPMENT,ORDER_000001389,DELIVERED,2026-09-09T04:16:38,2026-09-12T13:16:38
ORDER_000001390_SHIPMENT,ORDER_000001390,DELIVERED,2026-01-27T05:51:28,2026-01-31T16:51:28
ORDER_000001391_SHIPMENT,ORDER_000001391,PROCESSING,,
ORDER_000001392_SHIPMENT,ORDER_000001392,DELIVERED,2026-12-30T17:06:45,2027-01-02T16:06:45
ORDER_000001393_SHIPMENT,ORDER_000001393,PROCESSING,,
ORDER_000001394_SHIPMENT,ORDER_000001394,DELIVERED,2026-05-09T04:24:40,2026-05-12T11:24:40
ORDER_000001395_SHIPMENT,ORDER_000001395,IN_TRANSIT,2026-08-30T18:11:38,
ORDER_000001396_SHIPMENT,ORDER_000001396,PROCESSING,,
ORDER_000001397_SHIPMENT,ORDER_000001397,DELIVERED,2026-08-26T04:20:56,2026-08-27T18:20:56
ORDER_000001398_SHIPMENT,ORDER_000001398,IN_TRANSIT,2026-03-15T08:32:35,
ORDER_000001399_SHIPMENT,ORDER_000001399,DELIVERED,2026-02-01T19:57:20,2026-02-05T21:57:20
ORDER_000001400_SHIPMENT,ORDER_000001400,DELIVERED,2027-01-01T17:42:58,2027-01-05T07:42:58
ORDER_000001401_SHIPMENT,ORDER_000001401,DELIVERED,2026-04-30T01:24:53,2026-05-04T19:24:53
ORDER_000001402_SHIPMENT,ORDER_000001402,DELIVERED,2026-05-16T13:19:16,2026-05-21T20:19:16
ORDER_000001403_SHIPMENT,ORDER_000001403,DELIVERED,2026-04-26T07:35:37,2026-04-29T19:35:37
ORDER_000001404_SHIPMENT,ORDER_000001404,DELIVERED,2026-02-16T00:14:53,2026-02-18T14:14:53
ORDER_000001405_SHIPMENT,ORDER_000001405,DELIVERED,2026-05-30T22:16:25,2026-06-02T14:16:25
ORDER_000001406_SHIPMENT,ORDER_000001406,PROCESSING,,
ORDER_000001407_SHIPMENT,ORDER_000001407,DELIVERED,2026-12-09T17:02:19,2026-12-15T14:02:19
ORDER_000001408_SHIPMENT,ORDER_000001408,DELIVERED,2026-10-08T03:01:53,2026-10-14T03:01:53
ORDER_000001409_SHIPMENT,ORDER_000001409,PROCESSING,,
ORDER_000001410_SHIPMENT,ORDER_000001410,DELIVERED,2026-05-13T00:56,2026-05-19T11:56
ORDER_000001411_SHIPMENT,ORDER_000001411,IN_TRANSIT,2026-10-10T20:33:43,
ORDER_000001412_SHIPMENT,ORDER_000001412,IN_TRANSIT,2026-09-23T01:39:05,
ORDER_000001413_SHIPMENT,ORDER_000001413,DELIVERED,2026-01-23T16:12:59,2026-01-30T05:12:59
ORDER_000001414_SHIPMENT,ORDER_000001414,DELIVERED,2026-10-30T09:07:07,2026-11-02T04:07:07
ORDER_000001415_SHIPMENT,ORDER_000001415,DELIVERED,2026-01-15T12:04:19,2026-01-21T14:04:19
ORDER_000001416_SHIPMENT,ORDER_000001416,IN_TRANSIT,2026-09-14T12:29:01,
ORDER_000001417_SHIPMENT,ORDER_000001417,PROCESSING,,
ORDER_000001418_SHIPMENT,ORDER_000001418,DELIVERED,2026-04-27T13:12:08,2026-05-02T16:12:08
ORDER_000001419_SHIPMENT,ORDER_000001419,DELIVERED,2026-12-27T19:34:26,2027-01-01T12:34:26
ORDER_000001420_SHIPMENT,ORDER_000001420,PROCESSING,,
ORDER_000001421_SHIPMENT,ORDER_000001421,DELIVERED,2026-06-23T13:09:41,2026-06-28T03:09:41
ORDER_000001422_SHIPMENT,ORDER_000001422,IN_TRANSIT,2026-05-08T05:38:19,
ORDER_000001423_SHIPMENT,ORDER_000001423,DELIVERED,2026-06-19T03:21:34,2026-06-22T01:21:34
ORDER_000001424_SHIPMENT,ORDER_000001424,DELIVERED,2026-08-29T03:15:52,2026-08-29T17:15:52
ORDER_000001425_SHIPMENT,ORDER_000001425,DELIVERED,2026-04-07T22:27:01,2026-04-09T04:27:01
ORDER_000001426_SHIPMENT,ORDER_000001426,DELIVERED,2026-06-12T14:03:18,2026-06-19T11:03:18
ORDER_000001427_SHIPMENT,ORDER_000001427,DELIVERED,2026-08-20T19:22:04,2026-08-27T04:22:04
ORDER_000001428_SHIPMENT,ORDER_000001428,DELIVERED,2026-06-22T14:44:23,2026-06-28T23:44:23
ORDER_000001429_SHIPMENT,ORDER_000001429,IN_TRANSIT,2026-04-05T00:18:05,
ORDER_000001430_SHIPMENT,ORDER_000001430,DELIVERED,2026-10-10T23:09:23,2026-10-12T13:09:23
ORDER_000001431_SHIPMENT,ORDER_000001431,DELIVERED,2026-07-11T20:52:14,2026-07-13T20:52:14
ORDER_000001432_SHIPMENT,ORDER_000001432,DELIVERED,2026-04-13T20:23:52,2026-04-17T07:23:52
ORDER_000001433_SHIPMENT,ORDER_000001433,PROCESSING,,
ORDER_000001434_SHIPMENT,ORDER_000001434,PROCESSING,,
ORDER_000001435_SHIPMENT,ORDER_000001435,IN_TRANSIT,2026-06-26T19:05:08,
ORDER_000001436_SHIPMENT,ORDER_000001436,DELIVERED,2026-09-16T16:17,2026-09-18T18:17
ORDER_000001437_SHIPMENT,ORDER_000001437,DELIVERED,2026-04-14T05:33:35,2026-04-17T10:33:35
ORDER_000001438_SHIPMENT,ORDER_000001438,DELIVERED,2026-05-19T15:00:09,2026-05-23T05:00:09
ORDER_000001439_SHIPMENT,ORDER_000001439,DELIVERED,2026-11-29T03:03:40,2026-11-30T18:03:40
ORDER_000001440_SHIPMENT,ORDER_000001440,DELIVERED,2026-12-16T01:14:29,2026-12-22T14:14:29
ORDER_000001441_SHIPMENT,ORDER_000001441,DELIVERED,2026-03-17T11:20:27,2026-03-24T08:20:27
ORDER_000001442_SHIPMENT,ORDER_000001442,DELIVERED,2026-11-30T19:57:37,2026-12-05T15:57:37
ORDER_000001443_SHIPMENT,ORDER_000001443,PROCESSING,,
ORDER_000001444_SHIPMENT,ORDER_000001444,PROCESSING,,
ORDER_000001445_SHIPMENT,ORDER_000001445,DELIVERED,2026-08-24T05:52:27,2026-08-26T02:52:27
ORDER_000001446_SHIPMENT,ORDER_000001446,IN_TRANSIT,2026-12-05T12:50:38,
ORDER_000001447_SHIPMENT,ORDER_000001447,DELIVERED,2026-12-15T21:54:15,2026-12-21T17:54:15
ORDER_000001448_SHIPMENT,ORDER_000001448,DELIVERED,2026-07-23T07:20:36,2026-07-27T04:20:36
ORDER_000001449_SHIPMENT,ORDER_000001449,DELIVERED,2026-02-02T22:13:54,2026-02-06T16:13:54
ORDER_000001450_SHIPMENT,ORDER_000001450,PROCESSING,,
ORDER_000001451_SHIPMENT,ORDER_000001451,DELIVERED,2026-05-12T08:53:46,2026-05-18T19:53:46
ORDER_000001452_SHIPMENT,ORDER_000001452,IN_TRANSIT,2026-04-27T04:50:52,
ORDER_000001453_SHIPMENT,ORDER_000001453,DELIVERED,2026-07-23T04:53:21,2026-07-28T05:53:21
ORDER_000001454_SHIPMENT,ORDER_000001454,DELIVERED,2026-12-24T06:25:01,2026-12-25T19:25:01
ORDER_000001455_SHIPMENT,ORDER_000001455,DELIVERED,2026-07-24T16:17:15,2026-07-29T03:17:15
ORDER_000001456_SHIPMENT,ORDER_000001456,IN_TRANSIT,2026-01-07T03:11:37,
ORDER_000001457_SHIPMENT,ORDER_000001457,DELIVERED,2026-08-03T04:58:51,2026-08-09T22:58:51
ORDER_000001458_SHIPMENT,ORDER_000001458,IN_TRANSIT,2026-07-09T10:27:02,
ORDER_000001459_SHIPMENT,ORDER_000001459,DELIVERED,2026-02-03T04:23:45,2026-02-07T20:23:45
ORDER_000001460_SHIPMENT,ORDER_000001460,DELIVERED,2026-10-31T09:08,2026-11-05T13:08
ORDER_000001461_SHIPMENT,ORDER_000001461,IN_TRANSIT,2026-04-08T18:07:58,
ORDER_000001462_SHIPMENT,ORDER_000001462,PROCESSING,,
ORDER_000001463_SHIPMENT,ORDER_000001463,DELIVERED,2026-12-19T03:26:17,2026-12-24T22:26:17
ORDER_000001464_SHIPMENT,ORDER_000001464,DELIVERED,2026-05-05T00:45:18,2026-05-07T20:45:18
ORDER_000001465_SHIPMENT,ORDER_000001465,IN_TRANSIT,2026-01-28T01:55:55,
ORDER_000001466_SHIPMENT,ORDER_000001466,DELIVERED,2026-01-17T04:41:49,2026-01-19T12:41:49
ORDER_000001467_SHIPMENT,ORDER_000001467,DELIVERED,2026-01-29T02:12:46,2026-01-31T07:12:46
ORDER_000001468_SHIPMENT,ORDER_000001468,PROCESSING,,
ORDER_000001469_SHIPMENT,ORDER_000001469,IN_TRANSIT,2026-03-22T07:01:14,
ORDER_000001470_SHIPMENT,ORDER_000001470,IN_TRANSIT,2026-04-28T02:48:41,
ORDER_000001471_SHIPMENT,ORDER_000001471,IN_TRANSIT,2026-09-04T00:16:50,
ORDER_000001472_SHIPMENT,ORDER_000001472,DELIVERED,2026-08-06T11:03:22,2026-08-09T13:03:22
ORDER_000001473_SHIPMENT,ORDER_000001473,DELIVERED,2026-08-08T01:30:42,2026-08-09T18:30:42
ORDER_000001474_SHIPMENT,ORDER_000001474,DELIVERED,2026-10-17T01:51:47,2026-10-24T00:51:47
ORDER_000001475_SHIPMENT,ORDER_000001475,DELIVERED,2026-12-28T11:53:48,2026-12-30T09:53:48
ORDER_000001476_SHIPMENT,ORDER_000001476,DELIVERED,2026-04-30T08:16:37,2026-05-04T10:16:37
ORDER_000001477_SHIPMENT,ORDER_000001477,PROCESSING,,
ORDER_000001478_SHIPMENT,ORDER_000001478,DELIVERED,2026-01-17T08:16:42,2026-01-21T15:16:42
ORDER_000001479_SHIPMENT,ORDER_000001479,DELIVERED,2026-05-05T20:38:41,2026-05-10T06:38:41
ORDER_000001480_SHIPMENT,ORDER_000001480,DELIVERED,2026-10-17T08:32:40,2026-10-20T16:32:40
ORDER_000001481_SHIPMENT,ORDER_000001481,DELIVERED,2026-07-28T11:58:43,2026-07-30T22:58:43
ORDER_000001482_SHIPMENT,ORDER_000001482,PROCESSING,,
ORDER_000001483_SHIPMENT,ORDER_000001483,PROCESSING,,
ORDER_000001484_SHIPMENT,ORDER_000001484,PROCESSING,,
ORDER_000001485_SHIPMENT,ORDER_000001485,PROCESSING,,
ORDER_000001486_SHIPMENT,ORDER_000001486,DELIVERED,2026-12-01T20:09:32,2026-12-06T16:09:32
ORDER_000001487_SHIPMENT,ORDER_000001487,DELIVERED,2026-03-05T17:22:49,2026-03-09T14:22:49
ORDER_000001488_SHIPMENT,ORDER_000001488,PROCESSING,,
ORDER_000001489_SHIPMENT,ORDER_000001489,DELIVERED,2026-10-10T03:38:21,2026-10-16T01:38:21
ORDER_000001490_SHIPMENT,ORDER_000001490,IN_TRANSIT,2026-11-27T01:56:50,
ORDER_000001491_SHIPMENT,ORDER_000001491,PROCESSING,,
ORDER_000001492_SHIPMENT,ORDER_000001492,DELIVERED,2026-09-26T03:24:15,2026-09-30T21:24:15
ORDER_000001493_SHIPMENT,ORDER_000001493,DELIVERED,2026-06-06T11:16:28,2026-06-12T18:16:28
ORDER_000001494_SHIPMENT,ORDER_000001494,PROCESSING,,
ORDER_000001495_SHIPMENT,ORDER_000001495,DELIVERED,2026-08-15T17:56:58,2026-08-22T06:56:58
ORDER_000001496_SHIPMENT,ORDER_000001496,PROCESSING,,
ORDER_000001497_SHIPMENT,ORDER_000001497,DELIVERED,2026-05-01T05:43:55,2026-05-01T22:43:55
ORDER_000001498_SHIPMENT,ORDER_000001498,DELIVERED,2026-02-02T10:35:11,2026-02-08T08:35:11
ORDER_000001499_SHIPMENT,ORDER_000001499,IN_TRANSIT,2026-06-20T17:13:14,
ORDER_000001500_SHIPMENT,ORDER_000001500,IN_TRANSIT,2026-03-26T18:16:19,
ORDER_000001501_SHIPMENT,ORDER_000001501,IN_TRANSIT,2026-10-17T23:33:25,
ORDER_000001502_SHIPMENT,ORDER_000001502,DELIVERED,2026-10-05T08:12:24,2026-10-09T15:12:24
ORDER_000001503_SHIPMENT,ORDER_000001503,DELIVERED,2026-06-12T10:08:53,2026-06-16T08:08:53
ORDER_000001504_SHIPMENT,ORDER_000001504,DELIVERED,2026-07-13T18:06:22,2026-07-17T22:06:22
ORDER_000001505_SHIPMENT,ORDER_000001505,DELIVERED,2026-09-28T22:19:02,2026-10-04T20:19:02
ORDER_000001506_SHIPMENT,ORDER_000001506,IN_TRANSIT,2026-03-28T18:07:57,
ORDER_000001507_SHIPMENT,ORDER_000001507,DELIVERED,2026-02-26T15:13:57,2026-02-27T08:13:57
ORDER_000001508_SHIPMENT,ORDER_000001508,DELIVERED,2026-07-10T23:53:15,2026-07-15T22:53:15
ORDER_000001509_SHIPMENT,ORDER_000001509,PROCESSING,,
ORDER_000001510_SHIPMENT,ORDER_000001510,DELIVERED,2026-08-07T12:28:13,2026-08-08T22:28:13
ORDER_000001511_SHIPMENT,ORDER_000001511,PROCESSING,,
ORDER_000001512_SHIPMENT,ORDER_000001512,DELIVERED,2027-01-03T12:00:18,2027-01-08T09:00:18
ORDER_000001513_SHIPMENT,ORDER_000001513,DELIVERED,2026-10-02T16:59:45,2026-10-03T10:59:45
ORDER_000001514_SHIPMENT,ORDER_000001514,PROCESSING,,
ORDER_000001515_SHIPMENT,ORDER_000001515,IN_TRANSIT,2026-03-26T10:24:02,
ORDER_000001516_SHIPMENT,ORDER_000001516,PROCESSING,,
ORDER_000001517_SHIPMENT,ORDER_000001517,DELIVERED,2026-01-22T19:27:04,2026-01-25T00:27:04
ORDER_000001518_SHIPMENT,ORDER_000001518,IN_TRANSIT,2026-01-11T12:30:49,
ORDER_000001519_SHIPMENT,ORDER_000001519,DELIVERED,2026-09-26T21:31:14,2026-10-01T23:31:14
ORDER_000001520_SHIPMENT,ORDER_000001520,PROCESSING,,
ORDER_000001521_SHIPMENT,ORDER_000001521,IN_TRANSIT,2026-04-12T21:10:04,
ORDER_000001522_SHIPMENT,ORDER_000001522,DELIVERED,2026-11-25T02:41:35,2026-11-30T17:41:35
ORDER_000001523_SHIPMENT,ORDER_000001523,DELIVERED,2026-09-04T07:55:42,2026-09-10T23:55:42
ORDER_000001524_SHIPMENT,ORDER_000001524,IN_TRANSIT,2026-05-06T00:08:25,
ORDER_000001525_SHIPMENT,ORDER_000001525,DELIVERED,2026-08-30T04:36:11,2026-08-31T02:36:11
ORDER_000001526_SHIPMENT,ORDER_000001526,DELIVERED,2026-12-07T12:07:50,2026-12-09T20:07:50
ORDER_000001527_SHIPMENT,ORDER_000001527,DELIVERED,2026-01-16T04:07:14,2026-01-22T17:07:14
ORDER_000001528_SHIPMENT,ORDER_000001528,PROCESSING,,
ORDER_000001529_SHIPMENT,ORDER_000001529,DELIVERED,2026-05-18T17:36:23,2026-05-24T11:36:23
ORDER_000001530_SHIPMENT,ORDER_000001530,DELIVERED,2026-02-14T04:35:26,2026-02-20T19:35:26
ORDER_000001531_SHIPMENT,ORDER_000001531,DELIVERED,2026-11-04T10:12:54,2026-11-09T13:12:54
ORDER_000001532_SHIPMENT,ORDER_000001532,IN_TRANSIT,2026-01-05T03:38:04,
ORDER_000001533_SHIPMENT,ORDER_000001533,DELIVERED,2026-07-10T08:43:31,2026-07-12T13:43:31
ORDER_000001534_SHIPMENT,ORDER_000001534,PROCESSING,,
ORDER_000001535_SHIPMENT,ORDER_000001535,PROCESSING,,
ORDER_000001536_SHIPMENT,ORDER_000001536,DELIVERED,2026-08-10T13:35:15,2026-08-12T13:35:15
ORDER_000001537_SHIPMENT,ORDER_000001537,DELIVERED,2026-08-30T00:37:44,2026-08-30T20:37:44
ORDER_000001538_SHIPMENT,ORDER_000001538,IN_TRANSIT,2026-08-16T02:19:10,
ORDER_000001539_SHIPMENT,ORDER_000001539,DELIVERED,2026-10-27T02:02:32,2026-10-29T22:02:32
ORDER_000001540_SHIPMENT,ORDER_000001540,PROCESSING,,
ORDER_000001541_SHIPMENT,ORDER_000001541,PROCESSING,,
ORDER_000001542_SHIPMENT,ORDER_000001542,IN_TRANSIT,2026-12-21T17:27:46,
ORDER_000001543_SHIPMENT,ORDER_000001543,DELIVERED,2026-06-29T07:51:18,2026-06-29T19:51:18
ORDER_000001544_SHIPMENT,ORDER_000001544,DELIVERED,2026-12-11T16:07:17,2026-12-16T19:07:17
ORDER_000001545_SHIPMENT,ORDER_000001545,DELIVERED,2026-01-11T15:57:16,2026-01-15T05:57:16
ORDER_000001546_SHIPMENT,ORDER_000001546,IN_TRANSIT,2026-10-07T13:34:09,
ORDER_000001547_SHIPMENT,ORDER_000001547,PROCESSING,,
ORDER_000001548_SHIPMENT,ORDER_000001548,DELIVERED,2026-06-02T11:03:36,2026-06-07T15:03:36
ORDER_000001549_SHIPMENT,ORDER_000001549,DELIVERED,2026-11-05T06:56:11,2026-11-08T04:56:11
ORDER_000001550_SHIPMENT,ORDER_000001550,DELIVERED,2026-10-19T10:00:19,2026-10-23T21:00:19
ORDER_000001551_SHIPMENT,ORDER_000001551,DELIVERED,2026-03-29T14:38:17,2026-04-03T12:38:17
ORDER_000001552_SHIPMENT,ORDER_000001552,DELIVERED,2026-11-23T12:33:58,2026-11-24T23:33:58
ORDER_000001553_SHIPMENT,ORDER_000001553,DELIVERED,2026-09-05T09:08:26,2026-09-10T19:08:26
ORDER_000001554_SHIPMENT,ORDER_000001554,DELIVERED,2026-08-04T18:17:31,2026-08-08T20:17:31
ORDER_000001555_SHIPMENT,ORDER_000001555,IN_TRANSIT,2026-12-11T19:10:23,
ORDER_000001556_SHIPMENT,ORDER_000001556,PROCESSING,,
ORDER_000001557_SHIPMENT,ORDER_000001557,DELIVERED,2026-07-06T01:39:53,2026-07-10T13:39:53
ORDER_000001558_SHIPMENT,ORDER_000001558,PROCESSING,,
ORDER_000001559_SHIPMENT,ORDER_000001559,PROCESSING,,
ORDER_000001560_SHIPMENT,ORDER_000001560,DELIVERED,2026-12-23T17:47:51,2026-12-29T15:47:51
ORDER_000001561_SHIPMENT,ORDER_000001561,DELIVERED,2026-02-25T16:38:19,2026-02-27T00:38:19
ORDER_000001562_SHIPMENT,ORDER_000001562,DELIVERED,2026-11-09T15:28:30,2026-11-11T11:28:30
ORDER_000001563_SHIPMENT,ORDER_000001563,DELIVERED,2026-01-06T11:21:33,2026-01-09T06:21:33
ORDER_000001564_SHIPMENT,ORDER_000001564,PROCESSING,,
ORDER_000001565_SHIPMENT,ORDER_000001565,DELIVERED,2026-09-28T13:27:45,2026-09-29T21:27:45
ORDER_000001566_SHIPMENT,ORDER_000001566,PROCESSING,,
ORDER_000001567_SHIPMENT,ORDER_000001567,DELIVERED,2026-12-13T02:04:25,2026-12-17T14:04:25
ORDER_000001568_SHIPMENT,ORDER_000001568,DELIVERED,2026-02-02T15:15:11,2026-02-04T11:15:11
ORDER_000001569_SHIPMENT,ORDER_000001569,PROCESSING,,
ORDER_000001570_SHIPMENT,ORDER_000001570,DELIVERED,2026-12-23T01:26:49,2026-12-27T20:26:49
ORDER_000001571_SHIPMENT,ORDER_000001571,DELIVERED,2026-03-01T07:53:27,2026-03-02T20:53:27
ORDER_000001572_SHIPMENT,ORDER_000001572,PROCESSING,,
ORDER_000001573_SHIPMENT,ORDER_000001573,IN_TRANSIT,2026-02-14T05:37:53,
ORDER_000001574_SHIPMENT,ORDER_000001574,DELIVERED,2026-01-19T12:15:08,2026-01-23T07:15:08
ORDER_000001575_SHIPMENT,ORDER_000001575,PROCESSING,,
ORDER_000001576_SHIPMENT,ORDER_000001576,PROCESSING,,
ORDER_000001577_SHIPMENT,ORDER_000001577,DELIVERED,2026-10-02T08:39:17,2026-10-08T00:39:17
ORDER_000001578_SHIPMENT,ORDER_000001578,IN_TRANSIT,2026-06-22T17:12:07,
ORDER_000001579_SHIPMENT,ORDER_000001579,DELIVERED,2026-07-27T12:28:06,2026-07-30T16:28:06
ORDER_000001580_SHIPMENT,ORDER_000001580,DELIVERED,2026-08-14T05:12:32,2026-08-18T23:12:32
ORDER_000001581_SHIPMENT,ORDER_000001581,PROCESSING,,
ORDER_000001582_SHIPMENT,ORDER_000001582,DELIVERED,2026-02-15T03:04:44,2026-02-21T00:04:44
ORDER_000001583_SHIPMENT,ORDER_000001583,PROCESSING,,
ORDER_000001584_SHIPMENT,ORDER_000001584,IN_TRANSIT,2026-09-06T09:15:47,
ORDER_000001585_SHIPMENT,ORDER_000001585,DELIVERED,2026-02-14T22:15:47,2026-02-19T08:15:47
ORDER_000001586_SHIPMENT,ORDER_000001586,DELIVERED,2026-09-01T06:34:10,2026-09-06T18:34:10
ORDER_000001587_SHIPMENT,ORDER_000001587,DELIVERED,2026-04-27T04:53:45,2026-05-04T04:53:45
ORDER_000001588_SHIPMENT,ORDER_000001588,PROCESSING,,
ORDER_000001589_SHIPMENT,ORDER_000001589,IN_TRANSIT,2026-01-05T03:35:50,
ORDER_000001590_SHIPMENT,ORDER_000001590,PROCESSING,,
ORDER_000001591_SHIPMENT,ORDER_000001591,DELIVERED,2026-04-30T00:59:02,2026-04-30T12:59:02
ORDER_000001592_SHIPMENT,ORDER_000001592,IN_TRANSIT,2026-11-15T13:03:59,
ORDER_000001593_SHIPMENT,ORDER_000001593,DELIVERED,2026-06-10T11:20,2026-06-13T08:20
ORDER_000001594_SHIPMENT,ORDER_000001594,DELIVERED,2026-09-25T15:18:38,2026-09-29T04:18:38
ORDER_000001595_SHIPMENT,ORDER_000001595,DELIVERED,2026-10-08T01:41:21,2026-10-10T10:41:21
ORDER_000001596_SHIPMENT,ORDER_000001596,IN_TRANSIT,2026-03-07T22:38:58,
ORDER_000001597_SHIPMENT,ORDER_000001597,DELIVERED,2026-12-20T14:33:49,2026-12-22T07:33:49
ORDER_000001598_SHIPMENT,ORDER_000001598,DELIVERED,2026-02-06T18:16:45,2026-02-09T03:16:45
ORDER_000001599_SHIPMENT,ORDER_000001599,PROCESSING,,
ORDER_000001600_SHIPMENT,ORDER_000001600,PROCESSING,,
ORDER_000001601_SHIPMENT,ORDER_000001601,DELIVERED,2026-05-12T22:17:21,2026-05-17T15:17:21
ORDER_000001602_SHIPMENT,ORDER_000001602,DELIVERED,2026-12-22T20:48:20,2026-12-24T18:48:20
ORDER_000001603_SHIPMENT,ORDER_000001603,PROCESSING,,
ORDER_000001604_SHIPMENT,ORDER_000001604,PROCESSING,,
ORDER_000001605_SHIPMENT,ORDER_000001605,PROCESSING,,
ORDER_000001606_SHIPMENT,ORDER_000001606,DELIVERED,2026-03-13T13:42:18,2026-03-15T15:42:18
ORDER_000001607_SHIPMENT,ORDER_000001607,PROCESSING,,
ORDER_000001608_SHIPMENT,ORDER_000001608,DELIVERED,2026-10-04T09:49:08,2026-10-11T04:49:08
ORDER_000001609_SHIPMENT,ORDER_000001609,DELIVERED,2026-06-07T01:33:55,2026-06-08T07:33:55
ORDER_000001610_SHIPMENT,ORDER_000001610,IN_TRANSIT,2026-10-17T20:04:16,
ORDER_000001611_SHIPMENT,ORDER_000001611,DELIVERED,2026-08-25T12:20:45,2026-08-28T11:20:45
ORDER_000001612_SHIPMENT,ORDER_000001612,DELIVERED,2026-03-10T08:30:26,2026-03-15T03:30:26
ORDER_000001613_SHIPMENT,ORDER_000001613,DELIVERED,2026-02-22T13:34:56,2026-02-26T13:34:56
ORDER_000001614_SHIPMENT,ORDER_000001614,DELIVERED,2026-12-16T00:28:19,2026-12-17T15:28:19
ORDER_000001615_SHIPMENT,ORDER_000001615,DELIVERED,2026-05-08T06:49:22,2026-05-11T11:49:22
ORDER_000001616_SHIPMENT,ORDER_000001616,IN_TRANSIT,2026-08-21T10:36:35,
ORDER_000001617_SHIPMENT,ORDER_000001617,DELIVERED,2026-11-03T12:11:21,2026-11-05T00:11:21
ORDER_000001618_SHIPMENT,ORDER_000001618,DELIVERED,2026-09-21T04:18:28,2026-09-27T05:18:28
ORDER_000001619_SHIPMENT,ORDER_000001619,PROCESSING,,
ORDER_000001620_SHIPMENT,ORDER_000001620,DELIVERED,2026-01-04T15:58:18,2026-01-07T01:58:18
ORDER_000001621_SHIPMENT,ORDER_000001621,PROCESSING,,
ORDER_000001622_SHIPMENT,ORDER_000001622,PROCESSING,,
ORDER_000001623_SHIPMENT,ORDER_000001623,IN_TRANSIT,2026-05-17T11:01:46,
ORDER_000001624_SHIPMENT,ORDER_000001624,PROCESSING,,
ORDER_000001625_SHIPMENT,ORDER_000001625,PROCESSING,,
ORDER_000001626_SHIPMENT,ORDER_000001626,DELIVERED,2026-04-09T04:50:41,2026-04-10T03:50:41
ORDER_000001627_SHIPMENT,ORDER_000001627,IN_TRANSIT,2026-09-27T11:04:06,
ORDER_000001628_SHIPMENT,ORDER_000001628,DELIVERED,2026-01-25T19:36:04,2026-01-28T04:36:04
ORDER_000001629_SHIPMENT,ORDER_000001629,DELIVERED,2026-05-03T13:29:06,2026-05-05T19:29:06
ORDER_000001630_SHIPMENT,ORDER_000001630,DELIVERED,2026-09-26T05:57:37,2026-09-29T04:57:37
ORDER_000001631_SHIPMENT,ORDER_000001631,DELIVERED,2026-04-23T03:20:40,2026-04-26T13:20:40
ORDER_000001632_SHIPMENT,ORDER_000001632,DELIVERED,2026-05-21T09:19:49,2026-05-27T20:19:49
ORDER_000001633_SHIPMENT,ORDER_000001633,IN_TRANSIT,2026-12-03T09:24:20,
ORDER_000001634_SHIPMENT,ORDER_000001634,DELIVERED,2026-05-14T00:06:02,2026-05-19T22:06:02
ORDER_000001635_SHIPMENT,ORDER_000001635,PROCESSING,,
ORDER_000001636_SHIPMENT,ORDER_000001636,PROCESSING,,
ORDER_000001637_SHIPMENT,ORDER_000001637,IN_TRANSIT,2026-04-28T21:10:27,
ORDER_000001638_SHIPMENT,ORDER_000001638,PROCESSING,,
ORDER_000001639_SHIPMENT,ORDER_000001639,DELIVERED,2026-01-26T13:01:06,2026-02-02T03:01:06
ORDER_000001640_SHIPMENT,ORDER_000001640,PROCESSING,,
ORDER_000001641_SHIPMENT,ORDER_000001641,DELIVERED,2026-09-10T22:40:11,2026-09-14T15:40:11
ORDER_000001642_SHIPMENT,ORDER_000001642,PROCESSING,,
ORDER_000001643_SHIPMENT,ORDER_000001643,PROCESSING,,
ORDER_000001644_SHIPMENT,ORDER_000001644,DELIVERED,2026-05-28T16:41:21,2026-06-04T13:41:21
ORDER_000001645_SHIPMENT,ORDER_000001645,PROCESSING,,
ORDER_000001646_SHIPMENT,ORDER_000001646,DELIVERED,2026-08-08T04:34,2026-08-14T07:34
ORDER_000001647_SHIPMENT,ORDER_000001647,IN_TRANSIT,2026-04-21T16:01:22,
ORDER_000001648_SHIPMENT,ORDER_000001648,DELIVERED,2026-12-03T16:00:27,2026-12-06T21:00:27
ORDER_000001649_SHIPMENT,ORDER_000001649,DELIVERED,2026-06-30T09:46:38,2026-07-04T10:46:38
ORDER_000001650_SHIPMENT,ORDER_000001650,DELIVERED,2026-01-04T18:19:22,2026-01-10T01:19:22
ORDER_000001651_SHIPMENT,ORDER_000001651,DELIVERED,2026-03-15T18:27:32,2026-03-19T02:27:32
ORDER_000001652_SHIPMENT,ORDER_000001652,DELIVERED,2026-04-07T19:01:43,2026-04-14T13:01:43
ORDER_000001653_SHIPMENT,ORDER_000001653,PROCESSING,,
ORDER_000001654_SHIPMENT,ORDER_000001654,PROCESSING,,
ORDER_000001655_SHIPMENT,ORDER_000001655,IN_TRANSIT,2026-04-30T12:03:01,
ORDER_000001656_SHIPMENT,ORDER_000001656,IN_TRANSIT,2026-10-08T16:33:28,
ORDER_000001657_SHIPMENT,ORDER_000001657,IN_TRANSIT,2026-10-25T11:05:23,
ORDER_000001658_SHIPMENT,ORDER_000001658,IN_TRANSIT,2026-05-06T01:42,
ORDER_000001659_SHIPMENT,ORDER_000001659,DELIVERED,2026-12-24T08:51:04,2026-12-25T22:51:04
ORDER_000001660_SHIPMENT,ORDER_000001660,IN_TRANSIT,2026-09-24T17:19:51,
ORDER_000001661_SHIPMENT,ORDER_000001661,DELIVERED,2026-05-11T15:24:27,2026-05-15T04:24:27
ORDER_000001662_SHIPMENT,ORDER_000001662,DELIVERED,2026-07-30T18:42:10,2026-08-06T14:42:10
ORDER_000001663_SHIPMENT,ORDER_000001663,DELIVERED,2026-05-05T17:49:26,2026-05-09T01:49:26
ORDER_000001664_SHIPMENT,ORDER_000001664,DELIVERED,2026-05-23T12:09:01,2026-05-26T00:09:01
ORDER_000001665_SHIPMENT,ORDER_000001665,PROCESSING,,
ORDER_000001666_SHIPMENT,ORDER_000001666,IN_TRANSIT,2026-03-07T16:51:32,
ORDER_000001667_SHIPMENT,ORDER_000001667,DELIVERED,2026-04-11T00:19:03,2026-04-15T21:19:03
ORDER_000001668_SHIPMENT,ORDER_000001668,IN_TRANSIT,2026-10-28T03:44:23,
ORDER_000001669_SHIPMENT,ORDER_000001669,IN_TRANSIT,2026-09-16T14:43:34,
ORDER_000001670_SHIPMENT,ORDER_000001670,DELIVERED,2026-10-27T23:00:54,2026-11-02T23:00:54
ORDER_000001671_SHIPMENT,ORDER_000001671,IN_TRANSIT,2026-12-08T14:59:38,
ORDER_000001672_SHIPMENT,ORDER_000001672,DELIVERED,2026-02-26T22:17:35,2026-03-02T22:17:35
ORDER_000001673_SHIPMENT,ORDER_000001673,DELIVERED,2026-03-08T00:36:35,2026-03-09T14:36:35
ORDER_000001674_SHIPMENT,ORDER_000001674,DELIVERED,2026-08-19T16:22:04,2026-08-25T17:22:04
ORDER_000001675_SHIPMENT,ORDER_000001675,DELIVERED,2026-03-13T09:41:57,2026-03-14T05:41:57
ORDER_000001676_SHIPMENT,ORDER_000001676,IN_TRANSIT,2026-05-03T15:29:58,
ORDER_000001677_SHIPMENT,ORDER_000001677,DELIVERED,2026-09-29T22:10:27,2026-10-04T18:10:27
ORDER_000001678_SHIPMENT,ORDER_000001678,PROCESSING,,
ORDER_000001679_SHIPMENT,ORDER_000001679,DELIVERED,2026-02-01T15:31:31,2026-02-05T22:31:31
ORDER_000001680_SHIPMENT,ORDER_000001680,DELIVERED,2026-11-28T03:42:55,2026-11-30T23:42:55
ORDER_000001681_SHIPMENT,ORDER_000001681,PROCESSING,,
ORDER_000001682_SHIPMENT,ORDER_000001682,IN_TRANSIT,2026-02-28T22:10:01,
ORDER_000001683_SHIPMENT,ORDER_000001683,DELIVERED,2026-03-21T08:19:44,2026-03-27T09:19:44
ORDER_000001684_SHIPMENT,ORDER_000001684,PROCESSING,,
ORDER_000001685_SHIPMENT,ORDER_000001685,DELIVERED,2026-08-27T23:23:21,2026-08-31T05:23:21
ORDER_000001686_SHIPMENT,ORDER_000001686,DELIVERED,2026-04-29T12:37:39,2026-04-30T04:37:39
ORDER_000001687_SHIPMENT,ORDER_000001687,PROCESSING,,
ORDER_000001688_SHIPMENT,ORDER_000001688,DELIVERED,2026-10-24T08:10:58,2026-10-26T03:10:58
ORDER_000001689_SHIPMENT,ORDER_000001689,IN_TRANSIT,2026-12-19T07:49:23,
ORDER_000001690_SHIPMENT,ORDER_000001690,DELIVERED,2026-11-21T16:52:44,2026-11-22T08:52:44
ORDER_000001691_SHIPMENT,ORDER_000001691,PROCESSING,,
ORDER_000001692_SHIPMENT,ORDER_000001692,DELIVERED,2026-12-19T15:46:56,2026-12-21T15:46:56
ORDER_000001693_SHIPMENT,ORDER_000001693,DELIVERED,2026-03-15T23:39:29,2026-03-22T20:39:29
ORDER_000001694_SHIPMENT,ORDER_000001694,DELIVERED,2026-03-13T08:15:01,2026-03-15T00:15:01
ORDER_000001695_SHIPMENT,ORDER_000001695,DELIVERED,2026-06-09T13:29:34,2026-06-12T03:29:34
ORDER_000001696_SHIPMENT,ORDER_000001696,PROCESSING,,
ORDER_000001697_SHIPMENT,ORDER_000001697,DELIVERED,2026-08-30T06:41:53,2026-09-01T08:41:53
ORDER_000001698_SHIPMENT,ORDER_000001698,PROCESSING,,
ORDER_000001699_SHIPMENT,ORDER_000001699,DELIVERED,2026-02-15T14:00:30,2026-02-22T12:00:30
ORDER_000001700_SHIPMENT,ORDER_000001700,DELIVERED,2026-12-06T00:02:46,2026-12-09T17:02:46
ORDER_000001701_SHIPMENT,ORDER_000001701,IN_TRANSIT,2026-01-05T09:37:27,
ORDER_000001702_SHIPMENT,ORDER_000001702,DELIVERED,2026-02-01T14:21,2026-02-08T04:21
ORDER_000001703_SHIPMENT,ORDER_000001703,PROCESSING,,
ORDER_000001704_SHIPMENT,ORDER_000001704,DELIVERED,2026-03-02T06:35:47,2026-03-07T07:35:47
ORDER_000001705_SHIPMENT,ORDER_000001705,DELIVERED,2026-09-19T18:29:04,2026-09-25T19:29:04
ORDER_000001706_SHIPMENT,ORDER_000001706,DELIVERED,2026-10-20T14:47:52,2026-10-26T23:47:52
ORDER_000001707_SHIPMENT,ORDER_000001707,DELIVERED,2026-12-18T19:26:43,2026-12-21T01:26:43
ORDER_000001708_SHIPMENT,ORDER_000001708,PROCESSING,,
ORDER_000001709_SHIPMENT,ORDER_000001709,DELIVERED,2026-09-20T08:07:36,2026-09-23T09:07:36
ORDER_000001710_SHIPMENT,ORDER_000001710,DELIVERED,2026-05-24T04:23:49,2026-05-25T14:23:49
ORDER_000001711_SHIPMENT,ORDER_000001711,DELIVERED,2026-09-06T00:11:17,2026-09-12T19:11:17
ORDER_000001712_SHIPMENT,ORDER_000001712,DELIVERED,2026-03-17T02:34:32,2026-03-22T09:34:32
ORDER_000001713_SHIPMENT,ORDER_000001713,DELIVERED,2026-12-26T20:43:42,2026-12-31T14:43:42
ORDER_000001714_SHIPMENT,ORDER_000001714,DELIVERED,2026-06-25T07:08:10,2026-06-30T23:08:10
ORDER_000001715_SHIPMENT,ORDER_000001715,DELIVERED,2026-08-11T12:54:17,2026-08-15T14:54:17
ORDER_000001716_SHIPMENT,ORDER_000001716,DELIVERED,2026-04-22T03:17:40,2026-04-23T10:17:40
ORDER_000001717_SHIPMENT,ORDER_000001717,DELIVERED,2026-07-06T21:24:06,2026-07-08T01:24:06
ORDER_000001718_SHIPMENT,ORDER_000001718,DELIVERED,2026-03-07T16:14:07,2026-03-10T12:14:07
ORDER_000001719_SHIPMENT,ORDER_000001719,DELIVERED,2026-09-03T22:21,2026-09-10T11:21
ORDER_000001720_SHIPMENT,ORDER_000001720,PROCESSING,,
ORDER_000001721_SHIPMENT,ORDER_000001721,PROCESSING,,
ORDER_000001722_SHIPMENT,ORDER_000001722,PROCESSING,,
ORDER_000001723_SHIPMENT,ORDER_000001723,DELIVERED,2026-06-30T14:02:35,2026-07-06T04:02:35
ORDER_000001724_SHIPMENT,ORDER_000001724,DELIVERED,2026-12-15T20:16:50,2026-12-19T07:16:50
ORDER_000001725_SHIPMENT,ORDER_000001725,DELIVERED,2026-11-28T04:55:35,2026-11-29T11:55:35
ORDER_000001726_SHIPMENT,ORDER_000001726,PROCESSING,,
ORDER_000001727_SHIPMENT,ORDER_000001727,DELIVERED,2026-03-11T15:21:25,2026-03-16T19:21:25
ORDER_000001728_SHIPMENT,ORDER_000001728,DELIVERED,2026-05-30T20:30:19,2026-06-04T03:30:19
ORDER_000001729_SHIPMENT,ORDER_000001729,PROCESSING,,
ORDER_000001730_SHIPMENT,ORDER_000001730,DELIVERED,2026-09-21T10:54:34,2026-09-24T08:54:34
ORDER_000001731_SHIPMENT,ORDER_000001731,DELIVERED,2026-10-26T11:34:29,2026-10-27T20:34:29
ORDER_000001732_SHIPMENT,ORDER_000001732,DELIVERED,2026-05-29T23:29:11,2026-05-30T11:29:11
ORDER_000001733_SHIPMENT,ORDER_000001733,PROCESSING,,
ORDER_000001734_SHIPMENT,ORDER_000001734,IN_TRANSIT,2026-11-01T04:02:44,
ORDER_000001735_SHIPMENT,ORDER_000001735,IN_TRANSIT,2026-07-17T02:52:12,
ORDER_000001736_SHIPMENT,ORDER_000001736,DELIVERED,2026-07-22T15:04:59,2026-07-24T06:04:59
ORDER_000001737_SHIPMENT,ORDER_000001737,DELIVERED,2026-01-06T14:00:11,2026-01-09T00:00:11
ORDER_000001738_SHIPMENT,ORDER_000001738,IN_TRANSIT,2026-01-27T07:45:38,
ORDER_000001739_SHIPMENT,ORDER_000001739,DELIVERED,2026-08-16T16:48:18,2026-08-23T04:48:18
ORDER_000001740_SHIPMENT,ORDER_000001740,DELIVERED,2026-03-04T17:18:39,2026-03-10T20:18:39
ORDER_000001741_SHIPMENT,ORDER_000001741,DELIVERED,2026-01-27T00:28:42,2026-02-02T08:28:42
ORDER_000001742_SHIPMENT,ORDER_000001742,IN_TRANSIT,2026-05-04T15:29:34,
ORDER_000001743_SHIPMENT,ORDER_000001743,DELIVERED,2026-08-25T14:07:29,2026-08-28T11:07:29
ORDER_000001744_SHIPMENT,ORDER_000001744,DELIVERED,2026-08-03T00:49:32,2026-08-07T14:49:32
ORDER_000001745_SHIPMENT,ORDER_000001745,DELIVERED,2026-11-16T06:08:10,2026-11-22T19:08:10
ORDER_000001746_SHIPMENT,ORDER_000001746,DELIVERED,2026-02-23T20:58:39,2026-02-27T02:58:39
ORDER_000001747_SHIPMENT,ORDER_000001747,DELIVERED,2026-12-05T11:58:52,2026-12-07T06:58:52
ORDER_000001748_SHIPMENT,ORDER_000001748,IN_TRANSIT,2026-09-03T14:13:52,
ORDER_000001749_SHIPMENT,ORDER_000001749,IN_TRANSIT,2026-11-16T05:42:26,
ORDER_000001750_SHIPMENT,ORDER_000001750,DELIVERED,2026-09-16T20:21:27,2026-09-19T01:21:27
ORDER_000001751_SHIPMENT,ORDER_000001751,IN_TRANSIT,2026-04-14T17:14:48,
ORDER_000001752_SHIPMENT,ORDER_000001752,PROCESSING,,
ORDER_000001753_SHIPMENT,ORDER_000001753,PROCESSING,,
ORDER_000001754_SHIPMENT,ORDER_000001754,DELIVERED,2026-02-13T11:26:08,2026-02-19T16:26:08
ORDER_000001755_SHIPMENT,ORDER_000001755,DELIVERED,2026-10-08T00:02:28,2026-10-14T14:02:28
ORDER_000001756_SHIPMENT,ORDER_000001756,IN_TRANSIT,2026-06-29T20:12:25,
ORDER_000001757_SHIPMENT,ORDER_000001757,DELIVERED,2027-01-01T03:00:20,2027-01-01T18:00:20
ORDER_000001758_SHIPMENT,ORDER_000001758,DELIVERED,2026-04-05T20:13:33,2026-04-07T12:13:33
ORDER_000001759_SHIPMENT,ORDER_000001759,PROCESSING,,
ORDER_000001760_SHIPMENT,ORDER_000001760,DELIVERED,2026-04-20T06:19:47,2026-04-22T06:19:47
ORDER_000001761_SHIPMENT,ORDER_000001761,DELIVERED,2026-06-02T18:40:48,2026-06-06T03:40:48
ORDER_000001762_SHIPMENT,ORDER_000001762,DELIVERED,2026-09-26T15:41:50,2026-10-03T14:41:50
ORDER_000001763_SHIPMENT,ORDER_000001763,PROCESSING,,
ORDER_000001764_SHIPMENT,ORDER_000001764,PROCESSING,,
ORDER_000001765_SHIPMENT,ORDER_000001765,DELIVERED,2026-03-10T20:24:38,2026-03-13T17:24:38
ORDER_000001766_SHIPMENT,ORDER_000001766,DELIVERED,2026-09-12T11:39:26,2026-09-18T05:39:26
ORDER_000001767_SHIPMENT,ORDER_000001767,DELIVERED,2026-07-20T04:49:56,2026-07-22T21:49:56
ORDER_000001768_SHIPMENT,ORDER_000001768,IN_TRANSIT,2026-01-31T12:42:15,
ORDER_000001769_SHIPMENT,ORDER_000001769,PROCESSING,,
ORDER_000001770_SHIPMENT,ORDER_000001770,DELIVERED,2026-12-13T12:20:46,2026-12-16T11:20:46
ORDER_000001771_SHIPMENT,ORDER_000001771,DELIVERED,2026-04-07T01:24:31,2026-04-10T09:24:31
ORDER_000001772_SHIPMENT,ORDER_000001772,PROCESSING,,
ORDER_000001773_SHIPMENT,ORDER_000001773,DELIVERED,2026-12-12T07:03:24,2026-12-14T16:03:24
ORDER_000001774_SHIPMENT,ORDER_000001774,DELIVERED,2026-03-24T21:42:21,2026-03-29T22:42:21
ORDER_000001775_SHIPMENT,ORDER_000001775,IN_TRANSIT,2026-09-21T15:52:27,
ORDER_000001776_SHIPMENT,ORDER_000001776,DELIVERED,2026-08-11T01:04:13,2026-08-15T05:04:13
ORDER_000001777_SHIPMENT,ORDER_000001777,PROCESSING,,
ORDER_000001778_SHIPMENT,ORDER_000001778,DELIVERED,2026-09-27T03:54:51,2026-10-02T23:54:51
ORDER_000001779_SHIPMENT,ORDER_000001779,IN_TRANSIT,2026-08-31T08:49:37,
ORDER_000001780_SHIPMENT,ORDER_000001780,PROCESSING,,
ORDER_000001781_SHIPMENT,ORDER_000001781,DELIVERED,2026-09-25T23:56:31,2026-09-30T05:56:31
ORDER_000001782_SHIPMENT,ORDER_000001782,DELIVERED,2026-07-23T18:39:30,2026-07-27T20:39:30
ORDER_000001783_SHIPMENT,ORDER_000001783,PROCESSING,,
ORDER_000001784_SHIPMENT,ORDER_000001784,DELIVERED,2026-06-10T00:54:44,2026-06-13T20:54:44
ORDER_000001785_SHIPMENT,ORDER_000001785,DELIVERED,2026-05-21T20:03:47,2026-05-26T01:03:47
ORDER_000001786_SHIPMENT,ORDER_000001786,PROCESSING,,
ORDER_000001787_SHIPMENT,ORDER_000001787,PROCESSING,,
ORDER_000001788_SHIPMENT,ORDER_000001788,DELIVERED,2026-03-19T21:36:33,2026-03-21T12:36:33
ORDER_000001789_SHIPMENT,ORDER_000001789,DELIVERED,2026-10-28T19:33:39,2026-11-03T13:33:39
ORDER_000001790_SHIPMENT,ORDER_000001790,PROCESSING,,
ORDER_000001791_SHIPMENT,ORDER_000001791,DELIVERED,2026-03-03T00:28:09,2026-03-04T22:28:09
ORDER_000001792_SHIPMENT,ORDER_000001792,DELIVERED,2026-06-15T22:25:52,2026-06-17T07:25:52
ORDER_000001793_SHIPMENT,ORDER_000001793,PROCESSING,,
ORDER_000001794_SHIPMENT,ORDER_000001794,DELIVERED,2026-06-07T07:02:17,2026-06-07T21:02:17
ORDER_000001795_SHIPMENT,ORDER_000001795,DELIVERED,2026-11-18T12:42:27,2026-11-23T19:42:27
ORDER_000001796_SHIPMENT,ORDER_000001796,DELIVERED,2026-06-17T10:05:40,2026-06-24T06:05:40
ORDER_000001797_SHIPMENT,ORDER_000001797,DELIVERED,2026-06-16T09:12:17,2026-06-18T16:12:17
ORDER_000001798_SHIPMENT,ORDER_000001798,IN_TRANSIT,2026-11-26T17:28:13,
ORDER_000001799_SHIPMENT,ORDER_000001799,PROCESSING,,
ORDER_000001800_SHIPMENT,ORDER_000001800,PROCESSING,,
ORDER_000001801_SHIPMENT,ORDER_000001801,DELIVERED,2026-12-07T16:44:18,2026-12-09T01:44:18
ORDER_000001802_SHIPMENT,ORDER_000001802,DELIVERED,2026-06-01T23:44:03,2026-06-02T19:44:03
ORDER_000001803_SHIPMENT,ORDER_000001803,DELIVERED,2026-08-02T16:54:20,2026-08-09T00:54:20
ORDER_000001804_SHIPMENT,ORDER_000001804,DELIVERED,2026-09-20T13:03:37,2026-09-24T00:03:37
ORDER_000001805_SHIPMENT,ORDER_000001805,DELIVERED,2026-11-02T16:16:15,2026-11-08T21:16:15
ORDER_000001806_SHIPMENT,ORDER_000001806,PROCESSING,,
ORDER_000001807_SHIPMENT,ORDER_000001807,DELIVERED,2026-11-30T18:04:35,2026-12-04T08:04:35
ORDER_000001808_SHIPMENT,ORDER_000001808,PROCESSING,,
ORDER_000001809_SHIPMENT,ORDER_000001809,DELIVERED,2027-01-04T14:03:42,2027-01-09T18:03:42
ORDER_000001810_SHIPMENT,ORDER_000001810,DELIVERED,2026-07-31T18:43:08,2026-08-07T00:43:08
ORDER_000001811_SHIPMENT,ORDER_000001811,IN_TRANSIT,2026-07-21T21:39:19,
ORDER_000001812_SHIPMENT,ORDER_000001812,PROCESSING,,
ORDER_000001813_SHIPMENT,ORDER_000001813,DELIVERED,2026-11-10T07:44:21,2026-11-16T10:44:21
ORDER_000001814_SHIPMENT,ORDER_000001814,DELIVERED,2026-12-29T07:36:41,2027-01-02T19:36:41
ORDER_000001815_SHIPMENT,ORDER_000001815,PROCESSING,,
ORDER_000001816_SHIPMENT,ORDER_000001816,DELIVERED,2026-12-10T07:28:50,2026-12-16T17:28:50
ORDER_000001817_SHIPMENT,ORDER_000001817,DELIVERED,2026-10-28T17:13:52,2026-11-03T09:13:52
ORDER_000001818_SHIPMENT,ORDER_000001818,PROCESSING,,
ORDER_000001819_SHIPMENT,ORDER_000001819,DELIVERED,2026-06-17T09:27:33,2026-06-20T14:27:33
ORDER_000001820_SHIPMENT,ORDER_000001820,IN_TRANSIT,2026-12-03T17:04:20,
ORDER_000001821_SHIPMENT,ORDER_000001821,DELIVERED,2026-09-30T19:06:12,2026-10-06T04:06:12
ORDER_000001822_SHIPMENT,ORDER_000001822,IN_TRANSIT,2026-12-11T22:02:53,
ORDER_000001823_SHIPMENT,ORDER_000001823,DELIVERED,2026-02-26T02:58:26,2026-03-03T10:58:26
ORDER_000001824_SHIPMENT,ORDER_000001824,DELIVERED,2026-04-21T16:22:32,2026-04-24T04:22:32
ORDER_000001825_SHIPMENT,ORDER_000001825,DELIVERED,2026-11-20T02:59:41,2026-11-26T11:59:41
ORDER_000001826_SHIPMENT,ORDER_000001826,PROCESSING,,
ORDER_000001827_SHIPMENT,ORDER_000001827,DELIVERED,2026-06-26T20:58:01,2026-07-02T02:58:01
ORDER_000001828_SHIPMENT,ORDER_000001828,DELIVERED,2026-09-05T12:47:57,2026-09-06T06:47:57
ORDER_000001829_SHIPMENT,ORDER_000001829,DELIVERED,2026-07-22T22:05:16,2026-07-24T16:05:16
ORDER_000001830_SHIPMENT,ORDER_000001830,IN_TRANSIT,2026-12-11T05:05:57,
ORDER_000001831_SHIPMENT,ORDER_000001831,PROCESSING,,
ORDER_000001832_SHIPMENT,ORDER_000001832,IN_TRANSIT,2026-11-16T22:57:31,
ORDER_000001833_SHIPMENT,ORDER_000001833,IN_TRANSIT,2026-05-15T18:08:01,
ORDER_000001834_SHIPMENT,ORDER_000001834,DELIVERED,2026-06-17T21:58:44,2026-06-24T08:58:44
ORDER_000001835_SHIPMENT,ORDER_000001835,PROCESSING,,
ORDER_000001836_SHIPMENT,ORDER_000001836,IN_TRANSIT,2026-12-05T21:07:31,
ORDER_000001837_SHIPMENT,ORDER_000001837,DELIVERED,2026-01-18T13:23:57,2026-01-20T13:23:57
ORDER_000001838_SHIPMENT,ORDER_000001838,PROCESSING,,
ORDER_000001839_SHIPMENT,ORDER_000001839,PROCESSING,,
ORDER_000001840_SHIPMENT,ORDER_000001840,DELIVERED,2026-04-04T18:07:14,2026-04-09T15:07:14
ORDER_000001841_SHIPMENT,ORDER_000001841,DELIVERED,2027-01-03T17:48:24,2027-01-04T14:48:24
ORDER_000001842_SHIPMENT,ORDER_000001842,DELIVERED,2026-05-06T07:15:08,2026-05-09T23:15:08
ORDER_000001843_SHIPMENT,ORDER_000001843,DELIVERED,2026-11-01T19:51:24,2026-11-02T13:51:24
ORDER_000001844_SHIPMENT,ORDER_000001844,DELIVERED,2026-01-03T02:20:28,2026-01-03T15:20:28
ORDER_000001845_SHIPMENT,ORDER_000001845,PROCESSING,,
ORDER_000001846_SHIPMENT,ORDER_000001846,DELIVERED,2026-12-29T18:23:53,2027-01-04T15:23:53
ORDER_000001847_SHIPMENT,ORDER_000001847,IN_TRANSIT,2026-03-22T17:39:53,
ORDER_000001848_SHIPMENT,ORDER_000001848,IN_TRANSIT,2026-02-14T06:51:57,
ORDER_000001849_SHIPMENT,ORDER_000001849,PROCESSING,,
ORDER_000001850_SHIPMENT,ORDER_000001850,PROCESSING,,
ORDER_000001851_SHIPMENT,ORDER_000001851,DELIVERED,2026-11-28T11:37:53,2026-12-03T16:37:53
ORDER_000001852_SHIPMENT,ORDER_000001852,DELIVERED,2026-04-16T18:50:13,2026-04-19T17:50:13
ORDER_000001853_SHIPMENT,ORDER_000001853,DELIVERED,2027-01-03T10:54:29,2027-01-09T12:54:29
ORDER_000001854_SHIPMENT,ORDER_000001854,DELIVERED,2026-09-29T15:00:59,2026-10-02T00:00:59
ORDER_000001855_SHIPMENT,ORDER_000001855,DELIVERED,2026-03-14T22:57:49,2026-03-18T02:57:49
ORDER_000001856_SHIPMENT,ORDER_000001856,PROCESSING,,
ORDER_000001857_SHIPMENT,ORDER_000001857,PROCESSING,,
ORDER_000001858_SHIPMENT,ORDER_000001858,DELIVERED,2026-06-05T12:51:44,2026-06-11T03:51:44
ORDER_000001859_SHIPMENT,ORDER_000001859,DELIVERED,2026-12-12T12:49:45,2026-12-17T10:49:45
ORDER_000001860_SHIPMENT,ORDER_000001860,DELIVERED,2026-12-19T14:48:30,2026-12-25T01:48:30
ORDER_000001861_SHIPMENT,ORDER_000001861,PROCESSING,,
ORDER_000001862_SHIPMENT,ORDER_000001862,DELIVERED,2026-07-19T11:38:47,2026-07-24T02:38:47
ORDER_000001863_SHIPMENT,ORDER_000001863,PROCESSING,,
ORDER_000001864_SHIPMENT,ORDER_000001864,DELIVERED,2026-02-02T10:06:21,2026-02-03T18:06:21
ORDER_000001865_SHIPMENT,ORDER_000001865,PROCESSING,,
ORDER_000001866_SHIPMENT,ORDER_000001866,DELIVERED,2026-02-06T07:52:04,2026-02-10T10:52:04
ORDER_000001867_SHIPMENT,ORDER_000001867,IN_TRANSIT,2026-09-29T23:40:57,
ORDER_000001868_SHIPMENT,ORDER_000001868,DELIVERED,2026-12-02T05:41:07,2026-12-09T03:41:07
ORDER_000001869_SHIPMENT,ORDER_000001869,IN_TRANSIT,2026-02-24T12:18:07,
ORDER_000001870_SHIPMENT,ORDER_000001870,IN_TRANSIT,2026-04-17T22:20:46,
ORDER_000001871_SHIPMENT,ORDER_000001871,DELIVERED,2026-04-27T13:17:12,2026-05-03T23:17:12
ORDER_000001872_SHIPMENT,ORDER_000001872,PROCESSING,,
ORDER_000001873_SHIPMENT,ORDER_000001873,PROCESSING,,
ORDER_000001874_SHIPMENT,ORDER_000001874,DELIVERED,2026-12-03T17:44:13,2026-12-08T10:44:13
ORDER_000001875_SHIPMENT,ORDER_000001875,DELIVERED,2026-02-07T07:29:43,2026-02-13T13:29:43
ORDER_000001876_SHIPMENT,ORDER_000001876,PROCESSING,,
ORDER_000001877_SHIPMENT,ORDER_000001877,DELIVERED,2026-12-29T09:55:44,2026-12-30T16:55:44
ORDER_000001878_SHIPMENT,ORDER_000001878,DELIVERED,2026-02-11T09:25:33,2026-02-11T23:25:33
ORDER_000001879_SHIPMENT,ORDER_000001879,PROCESSING,,
ORDER_000001880_SHIPMENT,ORDER_000001880,DELIVERED,2026-05-08T10:06:20,2026-05-14T06:06:20
ORDER_000001881_SHIPMENT,ORDER_000001881,PROCESSING,,
ORDER_000001882_SHIPMENT,ORDER_000001882,IN_TRANSIT,2026-12-29T15:49:45,
ORDER_000001883_SHIPMENT,ORDER_000001883,PROCESSING,,
ORDER_000001884_SHIPMENT,ORDER_000001884,DELIVERED,2026-03-18T07:10,2026-03-23T13:10
ORDER_000001885_SHIPMENT,ORDER_000001885,PROCESSING,,
ORDER_000001886_SHIPMENT,ORDER_000001886,DELIVERED,2026-02-12T06:01:15,2026-02-16T23:01:15
ORDER_000001887_SHIPMENT,ORDER_000001887,DELIVERED,2026-09-05T00:48:42,2026-09-07T13:48:42
ORDER_000001888_SHIPMENT,ORDER_000001888,PROCESSING,,
ORDER_000001889_SHIPMENT,ORDER_000001889,DELIVERED,2026-12-01T06:34:27,2026-12-07T09:34:27
ORDER_000001890_SHIPMENT,ORDER_000001890,DELIVERED,2026-06-25T16:14:01,2026-06-29T16:14:01
ORDER_000001891_SHIPMENT,ORDER_000001891,DELIVERED,2026-01-04T23:34:53,2026-01-07T07:34:53
ORDER_000001892_SHIPMENT,ORDER_000001892,DELIVERED,2026-09-12T20:30:30,2026-09-16T08:30:30
ORDER_000001893_SHIPMENT,ORDER_000001893,PROCESSING,,
ORDER_000001894_SHIPMENT,ORDER_000001894,DELIVERED,2026-07-21T18:53:10,2026-07-27T23:53:10
ORDER_000001895_SHIPMENT,ORDER_000001895,IN_TRANSIT,2026-09-01T13:15:08,
ORDER_000001896_SHIPMENT,ORDER_000001896,PROCESSING,,
ORDER_000001897_SHIPMENT,ORDER_000001897,DELIVERED,2026-08-27T08:02:44,2026-08-29T16:02:44
ORDER_000001898_SHIPMENT,ORDER_000001898,DELIVERED,2026-08-12T20:42:08,2026-08-16T16:42:08
ORDER_000001899_SHIPMENT,ORDER_000001899,PROCESSING,,
ORDER_000001900_SHIPMENT,ORDER_000001900,DELIVERED,2026-04-28T07:25:43,2026-05-04T21:25:43
ORDER_000001901_SHIPMENT,ORDER_000001901,DELIVERED,2026-07-27T14:13:13,2026-08-02T06:13:13
ORDER_000001902_SHIPMENT,ORDER_000001902,PROCESSING,,
ORDER_000001903_SHIPMENT,ORDER_000001903,DELIVERED,2026-07-18T17:18:17,2026-07-24T08:18:17
ORDER_000001904_SHIPMENT,ORDER_000001904,IN_TRANSIT,2026-05-08T12:11:37,
ORDER_000001905_SHIPMENT,ORDER_000001905,DELIVERED,2026-06-21T13:41:14,2026-06-22T10:41:14
ORDER_000001906_SHIPMENT,ORDER_000001906,DELIVERED,2026-12-01T04:23:25,2026-12-02T21:23:25
ORDER_000001907_SHIPMENT,ORDER_000001907,DELIVERED,2026-10-15T13:05:49,2026-10-18T08:05:49
ORDER_000001908_SHIPMENT,ORDER_000001908,DELIVERED,2026-11-05T17:06:40,2026-11-10T17:06:40
ORDER_000001909_SHIPMENT,ORDER_000001909,DELIVERED,2026-11-17T05:36:54,2026-11-23T22:36:54
ORDER_000001910_SHIPMENT,ORDER_000001910,DELIVERED,2026-01-23T22:29:55,2026-01-27T05:29:55
ORDER_000001911_SHIPMENT,ORDER_000001911,DELIVERED,2026-07-25T02:26:04,2026-07-30T07:26:04
ORDER_000001912_SHIPMENT,ORDER_000001912,DELIVERED,2026-10-03T15:44:58,2026-10-09T11:44:58
ORDER_000001913_SHIPMENT,ORDER_000001913,DELIVERED,2026-12-05T03:24:47,2026-12-07T04:24:47
ORDER_000001914_SHIPMENT,ORDER_000001914,PROCESSING,,
ORDER_000001915_SHIPMENT,ORDER_000001915,IN_TRANSIT,2026-01-26T02:52:06,
ORDER_000001916_SHIPMENT,ORDER_000001916,DELIVERED,2026-12-02T02:33:32,2026-12-04T00:33:32
ORDER_000001917_SHIPMENT,ORDER_000001917,DELIVERED,2026-11-29T00:26:21,2026-12-01T07:26:21
ORDER_000001918_SHIPMENT,ORDER_000001918,PROCESSING,,
ORDER_000001919_SHIPMENT,ORDER_000001919,DELIVERED,2026-03-27T04:37:09,2026-03-30T09:37:09
ORDER_000001920_SHIPMENT,ORDER_000001920,PROCESSING,,
ORDER_000001921_SHIPMENT,ORDER_000001921,IN_TRANSIT,2026-03-01T00:38:12,
ORDER_000001922_SHIPMENT,ORDER_000001922,IN_TRANSIT,2027-01-03T18:22:52,
ORDER_000001923_SHIPMENT,ORDER_000001923,IN_TRANSIT,2026-02-17T09:20:59,
ORDER_000001924_SHIPMENT,ORDER_000001924,DELIVERED,2026-11-03T09:20:19,2026-11-05T18:20:19
ORDER_000001925_SHIPMENT,ORDER_000001925,PROCESSING,,
ORDER_000001926_SHIPMENT,ORDER_000001926,DELIVERED,2026-03-12T04:18:11,2026-03-17T00:18:11
ORDER_000001927_SHIPMENT,ORDER_000001927,PROCESSING,,
ORDER_000001928_SHIPMENT,ORDER_000001928,DELIVERED,2026-05-30T00:47:01,2026-06-02T22:47:01
ORDER_000001929_SHIPMENT,ORDER_000001929,DELIVERED,2026-10-20T16:39:08,2026-10-22T21:39:08
ORDER_000001930_SHIPMENT,ORDER_000001930,PROCESSING,,
ORDER_000001931_SHIPMENT,ORDER_000001931,DELIVERED,2026-11-10T06:05:24,2026-11-15T00:05:24
ORDER_000001932_SHIPMENT,ORDER_000001932,PROCESSING,,
ORDER_000001933_SHIPMENT,ORDER_000001933,DELIVERED,2027-01-03T16:52:57,2027-01-05T04:52:57
ORDER_000001934_SHIPMENT,ORDER_000001934,DELIVERED,2026-09-13T22:10:28,2026-09-18T09:10:28
ORDER_000001935_SHIPMENT,ORDER_000001935,DELIVERED,2026-07-19T22:50:46,2026-07-20T21:50:46
ORDER_000001936_SHIPMENT,ORDER_000001936,IN_TRANSIT,2026-03-24T10:02:32,
ORDER_000001937_SHIPMENT,ORDER_000001937,IN_TRANSIT,2026-08-31T03:51:03,
ORDER_000001938_SHIPMENT,ORDER_000001938,PROCESSING,,
ORDER_000001939_SHIPMENT,ORDER_000001939,PROCESSING,,
ORDER_000001940_SHIPMENT,ORDER_000001940,DELIVERED,2026-11-06T12:31:12,2026-11-10T10:31:12
ORDER_000001941_SHIPMENT,ORDER_000001941,DELIVERED,2026-01-30T17:01:13,2026-01-31T23:01:13
ORDER_000001942_SHIPMENT,ORDER_000001942,IN_TRANSIT,2026-09-16T14:39:28,
ORDER_000001943_SHIPMENT,ORDER_000001943,PROCESSING,,
ORDER_000001944_SHIPMENT,ORDER_000001944,DELIVERED,2026-09-25T18:51:23,2026-09-28T12:51:23
ORDER_000001945_SHIPMENT,ORDER_000001945,DELIVERED,2026-11-07T12:49:24,2026-11-12T18:49:24
ORDER_000001946_SHIPMENT,ORDER_000001946,DELIVERED,2026-07-11T07:11:03,2026-07-16T21:11:03
ORDER_000001947_SHIPMENT,ORDER_000001947,DELIVERED,2026-10-17T23:47:03,2026-10-24T13:47:03
ORDER_000001948_SHIPMENT,ORDER_000001948,DELIVERED,2026-10-16T15:00:17,2026-10-18T14:00:17
ORDER_000001949_SHIPMENT,ORDER_000001949,PROCESSING,,
ORDER_000001950_SHIPMENT,ORDER_000001950,DELIVERED,2026-07-03T03:32:36,2026-07-08T20:32:36
ORDER_000001951_SHIPMENT,ORDER_000001951,DELIVERED,2026-01-16T04:50:22,2026-01-19T16:50:22
ORDER_000001952_SHIPMENT,ORDER_000001952,PROCESSING,,
ORDER_000001953_SHIPMENT,ORDER_000001953,PROCESSING,,
ORDER_000001954_SHIPMENT,ORDER_000001954,DELIVERED,2026-05-08T04:50:42,2026-05-12T22:50:42
ORDER_000001955_SHIPMENT,ORDER_000001955,DELIVERED,2027-01-02T13:21:30,2027-01-08T11:21:30
ORDER_000001956_SHIPMENT,ORDER_000001956,DELIVERED,2026-07-18T17:04:19,2026-07-24T07:04:19
ORDER_000001957_SHIPMENT,ORDER_000001957,DELIVERED,2026-02-20T23:21:18,2026-02-26T02:21:18
ORDER_000001958_SHIPMENT,ORDER_000001958,DELIVERED,2026-05-26T03:01:38,2026-05-28T13:01:38
ORDER_000001959_SHIPMENT,ORDER_000001959,DELIVERED,2026-11-19T02:21:49,2026-11-23T05:21:49
ORDER_000001960_SHIPMENT,ORDER_000001960,IN_TRANSIT,2026-06-23T12:36:22,
ORDER_000001961_SHIPMENT,ORDER_000001961,PROCESSING,,
ORDER_000001962_SHIPMENT,ORDER_000001962,DELIVERED,2026-02-18T23:39:44,2026-02-23T16:39:44
ORDER_000001963_SHIPMENT,ORDER_000001963,DELIVERED,2026-12-07T09:19:50,2026-12-10T15:19:50
ORDER_000001964_SHIPMENT,ORDER_000001964,DELIVERED,2026-08-06T03:31:01,2026-08-12T13:31:01
ORDER_000001965_SHIPMENT,ORDER_000001965,DELIVERED,2026-06-28T14:37:26,2026-07-01T11:37:26
ORDER_000001966_SHIPMENT,ORDER_000001966,IN_TRANSIT,2026-03-14T03:51:11,
ORDER_000001967_SHIPMENT,ORDER_000001967,IN_TRANSIT,2026-04-24T18:24:48,
ORDER_000001968_SHIPMENT,ORDER_000001968,DELIVERED,2026-04-29T07:48:05,2026-05-01T02:48:05
ORDER_000001969_SHIPMENT,ORDER_000001969,DELIVERED,2026-02-04T10:32:15,2026-02-10T09:32:15
ORDER_000001970_SHIPMENT,ORDER_000001970,DELIVERED,2026-05-28T13:11:25,2026-06-02T06:11:25
ORDER_000001971_SHIPMENT,ORDER_000001971,PROCESSING,,
ORDER_000001972_SHIPMENT,ORDER_000001972,DELIVERED,2026-11-11T20:40:45,2026-11-16T16:40:45
ORDER_000001973_SHIPMENT,ORDER_000001973,DELIVERED,2026-03-10T08:00:38,2026-03-11T07:00:38
ORDER_000001974_SHIPMENT,ORDER_000001974,DELIVERED,2026-12-18T16:41:09,2026-12-22T18:41:09
ORDER_000001975_SHIPMENT,ORDER_000001975,PROCESSING,,
ORDER_000001976_SHIPMENT,ORDER_000001976,DELIVERED,2026-05-24T01:54:20,2026-05-24T20:54:20
ORDER_000001977_SHIPMENT,ORDER_000001977,DELIVERED,2026-12-02T20:31:01,2026-12-04T20:31:01
ORDER_000001978_SHIPMENT,ORDER_000001978,PROCESSING,,
ORDER_000001979_SHIPMENT,ORDER_000001979,DELIVERED,2026-11-12T18:46:16,2026-11-17T14:46:16
ORDER_000001980_SHIPMENT,ORDER_000001980,DELIVERED,2026-12-21T20:44:08,2026-12-26T02:44:08
ORDER_000001981_SHIPMENT,ORDER_000001981,DELIVERED,2026-01-15T11:39:08,2026-01-16T05:39:08
ORDER_000001982_SHIPMENT,ORDER_000001982,DELIVERED,2026-01-17T19:54:11,2026-01-20T20:54:11
ORDER_000001983_SHIPMENT,ORDER_000001983,PROCESSING,,
ORDER_000001984_SHIPMENT,ORDER_000001984,IN_TRANSIT,2026-09-24T19:56:48,
ORDER_000001985_SHIPMENT,ORDER_000001985,DELIVERED,2026-05-29T14:22:02,2026-05-31T19:22:02
ORDER_000001986_SHIPMENT,ORDER_000001986,PROCESSING,,
ORDER_000001987_SHIPMENT,ORDER_000001987,DELIVERED,2026-10-13T00:00:56,2026-10-17T19:00:56
ORDER_000001988_SHIPMENT,ORDER_000001988,DELIVERED,2026-07-11T14:52:08,2026-07-13T01:52:08
ORDER_000001989_SHIPMENT,ORDER_000001989,DELIVERED,2026-05-04T08:37:58,2026-05-06T15:37:58
ORDER_000001990_SHIPMENT,ORDER_000001990,DELIVERED,2026-06-14T22:33:06,2026-06-16T22:33:06
ORDER_000001991_SHIPMENT,ORDER_000001991,IN_TRANSIT,2026-07-23T04:39:35,
ORDER_000001992_SHIPMENT,ORDER_000001992,DELIVERED,2026-06-16T16:55:27,2026-06-20T02:55:27
ORDER_000001993_SHIPMENT,ORDER_000001993,DELIVERED,2026-03-09T16:49:08,2026-03-13T07:49:08
ORDER_000001994_SHIPMENT,ORDER_000001994,PROCESSING,,
ORDER_000001995_SHIPMENT,ORDER_000001995,DELIVERED,2026-01-16T15:47:18,2026-01-22T16:47:18
ORDER_000001996_SHIPMENT,ORDER_000001996,IN_TRANSIT,2026-08-23T03:23:50,
ORDER_000001997_SHIPMENT,ORDER_000001997,PROCESSING,,
ORDER_000001998_SHIPMENT,ORDER_000001998,IN_TRANSIT,2026-12-27T01:52:26,
ORDER_000001999_SHIPMENT,ORDER_000001999,DELIVERED,2026-10-12T05:14:17,2026-10-15T17:14:17
ORDER_000002000_SHIPMENT,ORDER_000002000,PROCESSING,,
ORDER_000002001_SHIPMENT,ORDER_000002001,DELIVERED,2026-04-10T00:04:15,2026-04-14T22:04:15
ORDER_000002002_SHIPMENT,ORDER_000002002,PROCESSING,,
ORDER_000002003_SHIPMENT,ORDER_000002003,DELIVERED,2026-03-31T04:50:39,2026-04-03T11:50:39
ORDER_000002004_SHIPMENT,ORDER_000002004,DELIVERED,2026-05-17T13:19:03,2026-05-23T02:19:03
ORDER_000002005_SHIPMENT,ORDER_000002005,PROCESSING,,
ORDER_000002006_SHIPMENT,ORDER_000002006,IN_TRANSIT,2026-09-27T16:07:11,
ORDER_000002007_SHIPMENT,ORDER_000002007,DELIVERED,2026-05-18T10:29:45,2026-05-21T09:29:45
ORDER_000002008_SHIPMENT,ORDER_000002008,DELIVERED,2026-12-19T23:24:25,2026-12-21T11:24:25
ORDER_000002009_SHIPMENT,ORDER_000002009,PROCESSING,,
ORDER_000002010_SHIPMENT,ORDER_000002010,DELIVERED,2026-05-06T20:19:26,2026-05-08T05:19:26
ORDER_000002011_SHIPMENT,ORDER_000002011,PROCESSING,,
ORDER_000002012_SHIPMENT,ORDER_000002012,PROCESSING,,
ORDER_000002013_SHIPMENT,ORDER_000002013,PROCESSING,,
ORDER_000002014_SHIPMENT,ORDER_000002014,DELIVERED,2026-02-02T16:47:33,2026-02-08T10:47:33
ORDER_000002015_SHIPMENT,ORDER_000002015,PROCESSING,,
ORDER_000002016_SHIPMENT,ORDER_000002016,DELIVERED,2026-07-24T22:19:15,2026-07-27T15:19:15
ORDER_000002017_SHIPMENT,ORDER_000002017,IN_TRANSIT,2026-10-06T00:39:12,
ORDER_000002018_SHIPMENT,ORDER_000002018,DELIVERED,2026-10-05T14:27:15,2026-10-10T11:27:15
ORDER_000002019_SHIPMENT,ORDER_000002019,DELIVERED,2026-11-29T03:31:26,2026-11-30T06:31:26
ORDER_000002020_SHIPMENT,ORDER_000002020,PROCESSING,,
ORDER_000002021_SHIPMENT,ORDER_000002021,DELIVERED,2026-07-03T21:37:58,2026-07-05T03:37:58
ORDER_000002022_SHIPMENT,ORDER_000002022,DELIVERED,2026-10-22T20:14:22,2026-10-27T09:14:22
ORDER_000002023_SHIPMENT,ORDER_000002023,DELIVERED,2026-09-16T07:58:52,2026-09-21T16:58:52
ORDER_000002024_SHIPMENT,ORDER_000002024,PROCESSING,,
ORDER_000002025_SHIPMENT,ORDER_000002025,IN_TRANSIT,2026-06-26T16:22:17,
ORDER_000002026_SHIPMENT,ORDER_000002026,DELIVERED,2026-10-05T18:58:45,2026-10-08T22:58:45
ORDER_000002027_SHIPMENT,ORDER_000002027,DELIVERED,2026-08-01T01:05:44,2026-08-07T23:05:44
ORDER_000002028_SHIPMENT,ORDER_000002028,DELIVERED,2026-07-15T01:54:06,2026-07-16T08:54:06
ORDER_000002029_SHIPMENT,ORDER_000002029,PROCESSING,,
ORDER_000002030_SHIPMENT,ORDER_000002030,DELIVERED,2026-02-05T12:03:05,2026-02-10T12:03:05
ORDER_000002031_SHIPMENT,ORDER_000002031,PROCESSING,,
ORDER_000002032_SHIPMENT,ORDER_000002032,DELIVERED,2026-04-07T03:56:02,2026-04-09T21:56:02
ORDER_000002033_SHIPMENT,ORDER_000002033,DELIVERED,2026-05-10T14:08:45,2026-05-12T08:08:45
ORDER_000002034_SHIPMENT,ORDER_000002034,IN_TRANSIT,2026-11-03T12:04:46,
ORDER_000002035_SHIPMENT,ORDER_000002035,DELIVERED,2026-03-07T05:57:32,2026-03-08T02:57:32
ORDER_000002036_SHIPMENT,ORDER_000002036,DELIVERED,2026-07-13T06:06:07,2026-07-18T03:06:07
ORDER_000002037_SHIPMENT,ORDER_000002037,DELIVERED,2026-04-09T00:19:45,2026-04-13T07:19:45
ORDER_000002038_SHIPMENT,ORDER_000002038,DELIVERED,2026-10-22T04:00:41,2026-10-28T02:00:41
ORDER_000002039_SHIPMENT,ORDER_000002039,DELIVERED,2026-12-28T13:39:46,2027-01-02T02:39:46
ORDER_000002040_SHIPMENT,ORDER_000002040,DELIVERED,2026-03-21T23:51:55,2026-03-26T15:51:55
ORDER_000002041_SHIPMENT,ORDER_000002041,DELIVERED,2026-03-09T07:55:23,2026-03-11T22:55:23
ORDER_000002042_SHIPMENT,ORDER_000002042,DELIVERED,2026-08-25T22:59:05,2026-08-30T17:59:05
ORDER_000002043_SHIPMENT,ORDER_000002043,PROCESSING,,
ORDER_000002044_SHIPMENT,ORDER_000002044,DELIVERED,2026-12-06T21:06:13,2026-12-10T05:06:13
ORDER_000002045_SHIPMENT,ORDER_000002045,DELIVERED,2026-11-25T11:10:57,2026-11-30T14:10:57
ORDER_000002046_SHIPMENT,ORDER_000002046,DELIVERED,2026-08-30T17:14:55,2026-09-05T11:14:55
ORDER_000002047_SHIPMENT,ORDER_000002047,DELIVERED,2026-01-30T09:42:36,2026-02-03T05:42:36
ORDER_000002048_SHIPMENT,ORDER_000002048,PROCESSING,,
ORDER_000002049_SHIPMENT,ORDER_000002049,DELIVERED,2026-04-27T00:53:41,2026-05-03T03:53:41
ORDER_000002050_SHIPMENT,ORDER_000002050,PROCESSING,,
ORDER_000002051_SHIPMENT,ORDER_000002051,DELIVERED,2026-01-07T11:35,2026-01-10T00:35
ORDER_000002052_SHIPMENT,ORDER_000002052,DELIVERED,2026-09-23T16:59:18,2026-09-28T03:59:18
ORDER_000002053_SHIPMENT,ORDER_000002053,IN_TRANSIT,2026-11-16T15:18:50,
ORDER_000002054_SHIPMENT,ORDER_000002054,IN_TRANSIT,2026-06-13T03:26:06,
ORDER_000002055_SHIPMENT,ORDER_000002055,DELIVERED,2026-10-18T05:08:33,2026-10-21T20:08:33
ORDER_000002056_SHIPMENT,ORDER_000002056,IN_TRANSIT,2026-10-13T20:11:24,
ORDER_000002057_SHIPMENT,ORDER_000002057,DELIVERED,2026-08-31T14:57:45,2026-09-05T13:57:45
ORDER_000002058_SHIPMENT,ORDER_000002058,IN_TRANSIT,2026-02-16T09:32:33,
ORDER_000002059_SHIPMENT,ORDER_000002059,PROCESSING,,
ORDER_000002060_SHIPMENT,ORDER_000002060,DELIVERED,2026-07-09T05:27:22,2026-07-12T01:27:22
ORDER_000002061_SHIPMENT,ORDER_000002061,PROCESSING,,
ORDER_000002062_SHIPMENT,ORDER_000002062,PROCESSING,,
ORDER_000002063_SHIPMENT,ORDER_000002063,IN_TRANSIT,2026-05-13T10:19:34,
ORDER_000002064_SHIPMENT,ORDER_000002064,DELIVERED,2026-06-28T07:12:16,2026-07-01T21:12:16
ORDER_000002065_SHIPMENT,ORDER_000002065,DELIVERED,2026-10-11T04:49:10,2026-10-17T15:49:10
ORDER_000002066_SHIPMENT,ORDER_000002066,DELIVERED,2026-09-01T01:44:07,2026-09-04T03:44:07
ORDER_000002067_SHIPMENT,ORDER_000002067,PROCESSING,,
ORDER_000002068_SHIPMENT,ORDER_000002068,IN_TRANSIT,2026-02-28T10:20:42,
ORDER_000002069_SHIPMENT,ORDER_000002069,IN_TRANSIT,2026-10-01T22:33:37,
ORDER_000002070_SHIPMENT,ORDER_000002070,IN_TRANSIT,2026-04-19T13:57:26,
ORDER_000002071_SHIPMENT,ORDER_000002071,IN_TRANSIT,2026-09-10T20:03:31,
ORDER_000002072_SHIPMENT,ORDER_000002072,IN_TRANSIT,2026-09-25T11:38:34,
ORDER_000002073_SHIPMENT,ORDER_000002073,IN_TRANSIT,2026-12-30T04:14:15,
ORDER_000002074_SHIPMENT,ORDER_000002074,PROCESSING,,
ORDER_000002075_SHIPMENT,ORDER_000002075,DELIVERED,2026-06-22T09:16:35,2026-06-28T23:16:35
ORDER_000002076_SHIPMENT,ORDER_000002076,DELIVERED,2026-11-25T06:45:34,2026-11-26T10:45:34
ORDER_000002077_SHIPMENT,ORDER_000002077,PROCESSING,,
ORDER_000002078_SHIPMENT,ORDER_000002078,PROCESSING,,
ORDER_000002079_SHIPMENT,ORDER_000002079,PROCESSING,,
ORDER_000002080_SHIPMENT,ORDER_000002080,IN_TRANSIT,2026-06-17T16:16:07,
ORDER_000002081_SHIPMENT,ORDER_000002081,DELIVERED,2026-04-28T16:40:57,2026-05-02T04:40:57
ORDER_000002082_SHIPMENT,ORDER_000002082,DELIVERED,2026-02-05T18:19:11,2026-02-12T00:19:11
ORDER_000002083_SHIPMENT,ORDER_000002083,DELIVERED,2026-12-03T01:02:21,2026-12-07T07:02:21
ORDER_000002084_SHIPMENT,ORDER_000002084,IN_TRANSIT,2026-06-16T03:13:22,
ORDER_000002085_SHIPMENT,ORDER_000002085,PROCESSING,,
ORDER_000002086_SHIPMENT,ORDER_000002086,DELIVERED,2026-06-16T11:15:22,2026-06-19T23:15:22
ORDER_000002087_SHIPMENT,ORDER_000002087,PROCESSING,,
ORDER_000002088_SHIPMENT,ORDER_000002088,DELIVERED,2026-12-03T06:43:19,2026-12-04T10:43:19
ORDER_000002089_SHIPMENT,ORDER_000002089,DELIVERED,2026-02-15T22:02:19,2026-02-20T01:02:19
ORDER_000002090_SHIPMENT,ORDER_000002090,DELIVERED,2026-03-22T19:05:31,2026-03-28T00:05:31
ORDER_000002091_SHIPMENT,ORDER_000002091,DELIVERED,2026-03-16T07:13:18,2026-03-20T17:13:18
ORDER_000002092_SHIPMENT,ORDER_000002092,DELIVERED,2026-06-26T20:13:29,2026-06-28T13:13:29
ORDER_000002093_SHIPMENT,ORDER_000002093,PROCESSING,,
ORDER_000002094_SHIPMENT,ORDER_000002094,DELIVERED,2026-06-11T23:53:39,2026-06-13T01:53:39
ORDER_000002095_SHIPMENT,ORDER_000002095,DELIVERED,2026-01-06T11:31:35,2026-01-12T05:31:35
ORDER_000002096_SHIPMENT,ORDER_000002096,DELIVERED,2026-12-10T00:15:36,2026-12-13T16:15:36
ORDER_000002097_SHIPMENT,ORDER_000002097,DELIVERED,2026-02-26T13:26:40,2026-02-28T16:26:40
ORDER_000002098_SHIPMENT,ORDER_000002098,DELIVERED,2026-08-02T14:55:23,2026-08-04T11:55:23
ORDER_000002099_SHIPMENT,ORDER_000002099,DELIVERED,2026-05-08T16:33:27,2026-05-10T15:33:27
ORDER_000002100_SHIPMENT,ORDER_000002100,DELIVERED,2026-07-02T19:24:56,2026-07-07T09:24:56
ORDER_000002101_SHIPMENT,ORDER_000002101,PROCESSING,,
ORDER_000002102_SHIPMENT,ORDER_000002102,DELIVERED,2026-08-16T04:44:34,2026-08-21T17:44:34
ORDER_000002103_SHIPMENT,ORDER_000002103,IN_TRANSIT,2026-09-04T17:11:56,
ORDER_000002104_SHIPMENT,ORDER_000002104,DELIVERED,2026-08-15T14:48:35,2026-08-21T02:48:35
ORDER_000002105_SHIPMENT,ORDER_000002105,PROCESSING,,
ORDER_000002106_SHIPMENT,ORDER_000002106,PROCESSING,,
ORDER_000002107_SHIPMENT,ORDER_000002107,DELIVERED,2027-01-02T19:00:31,2027-01-03T10:00:31
ORDER_000002108_SHIPMENT,ORDER_000002108,DELIVERED,2026-03-05T10:58:11,2026-03-11T22:58:11
ORDER_000002109_SHIPMENT,ORDER_000002109,DELIVERED,2026-02-27T11:58:27,2026-03-02T01:58:27
ORDER_000002110_SHIPMENT,ORDER_000002110,DELIVERED,2026-10-11T02:01:18,2026-10-12T10:01:18
ORDER_000002111_SHIPMENT,ORDER_000002111,DELIVERED,2026-09-24T18:52:54,2026-09-27T15:52:54
ORDER_000002112_SHIPMENT,ORDER_000002112,PROCESSING,,
ORDER_000002113_SHIPMENT,ORDER_000002113,IN_TRANSIT,2026-10-23T02:44:14,
ORDER_000002114_SHIPMENT,ORDER_000002114,IN_TRANSIT,2026-04-27T20:32:16,
ORDER_000002115_SHIPMENT,ORDER_000002115,PROCESSING,,
ORDER_000002116_SHIPMENT,ORDER_000002116,DELIVERED,2026-06-28T02:27:28,2026-07-04T01:27:28
ORDER_000002117_SHIPMENT,ORDER_000002117,IN_TRANSIT,2026-04-01T10:16:33,
ORDER_000002118_SHIPMENT,ORDER_000002118,DELIVERED,2026-08-12T22:03:06,2026-08-16T13:03:06
ORDER_000002119_SHIPMENT,ORDER_000002119,DELIVERED,2026-03-30T05:11:39,2026-03-31T22:11:39
ORDER_000002120_SHIPMENT,ORDER_000002120,DELIVERED,2026-03-28T08:55:21,2026-04-01T22:55:21
ORDER_000002121_SHIPMENT,ORDER_000002121,IN_TRANSIT,2026-08-16T01:50:22,
ORDER_000002122_SHIPMENT,ORDER_000002122,PROCESSING,,
ORDER_000002123_SHIPMENT,ORDER_000002123,DELIVERED,2026-11-29T19:05:03,2026-12-02T08:05:03
ORDER_000002124_SHIPMENT,ORDER_000002124,DELIVERED,2027-01-03T16:37:13,2027-01-05T19:37:13
ORDER_000002125_SHIPMENT,ORDER_000002125,DELIVERED,2026-10-27T12:54:32,2026-10-31T04:54:32
ORDER_000002126_SHIPMENT,ORDER_000002126,IN_TRANSIT,2026-10-31T10:56:55,
ORDER_000002127_SHIPMENT,ORDER_000002127,PROCESSING,,
ORDER_000002128_SHIPMENT,ORDER_000002128,DELIVERED,2026-11-09T16:16:43,2026-11-15T22:16:43
ORDER_000002129_SHIPMENT,ORDER_000002129,DELIVERED,2026-10-12T16:04:30,2026-10-16T17:04:30
ORDER_000002130_SHIPMENT,ORDER_000002130,DELIVERED,2026-04-25T09:23,2026-04-30T14:23
ORDER_000002131_SHIPMENT,ORDER_000002131,DELIVERED,2026-06-17T09:57:46,2026-06-22T21:57:46
ORDER_000002132_SHIPMENT,ORDER_000002132,PROCESSING,,
ORDER_000002133_SHIPMENT,ORDER_000002133,PROCESSING,,
ORDER_000002134_SHIPMENT,ORDER_000002134,DELIVERED,2026-07-14T03:39:36,2026-07-17T20:39:36
ORDER_000002135_SHIPMENT,ORDER_000002135,IN_TRANSIT,2026-11-21T11:47:36,
ORDER_000002136_SHIPMENT,ORDER_000002136,PROCESSING,,
ORDER_000002137_SHIPMENT,ORDER_000002137,DELIVERED,2026-06-06T19:38:34,2026-06-09T02:38:34
ORDER_000002138_SHIPMENT,ORDER_000002138,DELIVERED,2026-01-14T23:16:23,2026-01-17T13:16:23
ORDER_000002139_SHIPMENT,ORDER_000002139,PROCESSING,,
ORDER_000002140_SHIPMENT,ORDER_000002140,DELIVERED,2026-04-11T01:05:32,2026-04-13T23:05:32
ORDER_000002141_SHIPMENT,ORDER_000002141,DELIVERED,2026-12-22T00:29:21,2026-12-23T16:29:21
ORDER_000002142_SHIPMENT,ORDER_000002142,DELIVERED,2026-10-17T08:22:49,2026-10-20T09:22:49
ORDER_000002143_SHIPMENT,ORDER_000002143,DELIVERED,2026-08-05T08:14:18,2026-08-10T01:14:18
ORDER_000002144_SHIPMENT,ORDER_000002144,DELIVERED,2026-02-19T07:37:11,2026-02-23T06:37:11
ORDER_000002145_SHIPMENT,ORDER_000002145,PROCESSING,,
ORDER_000002146_SHIPMENT,ORDER_000002146,DELIVERED,2026-08-23T01:53:41,2026-08-26T07:53:41
ORDER_000002147_SHIPMENT,ORDER_000002147,PROCESSING,,
ORDER_000002148_SHIPMENT,ORDER_000002148,PROCESSING,,
ORDER_000002149_SHIPMENT,ORDER_000002149,DELIVERED,2026-04-27T02:18:04,2026-05-01T15:18:04
ORDER_000002150_SHIPMENT,ORDER_000002150,IN_TRANSIT,2026-12-02T07:48:39,
ORDER_000002151_SHIPMENT,ORDER_000002151,DELIVERED,2026-04-25T06:32:51,2026-04-29T00:32:51
ORDER_000002152_SHIPMENT,ORDER_000002152,PROCESSING,,
ORDER_000002153_SHIPMENT,ORDER_000002153,DELIVERED,2026-12-22T11:24:36,2026-12-24T16:24:36
ORDER_000002154_SHIPMENT,ORDER_000002154,DELIVERED,2026-08-19T03:27:33,2026-08-25T17:27:33
ORDER_000002155_SHIPMENT,ORDER_000002155,DELIVERED,2026-08-27T12:59:45,2026-08-30T06:59:45
ORDER_000002156_SHIPMENT,ORDER_000002156,DELIVERED,2026-08-23T23:58:56,2026-08-26T15:58:56
ORDER_000002157_SHIPMENT,ORDER_000002157,DELIVERED,2026-12-23T09:11:04,2026-12-28T19:11:04
ORDER_000002158_SHIPMENT,ORDER_000002158,PROCESSING,,
ORDER_000002159_SHIPMENT,ORDER_000002159,DELIVERED,2026-02-17T20:54:31,2026-02-24T09:54:31
ORDER_000002160_SHIPMENT,ORDER_000002160,DELIVERED,2026-06-28T19:15:40,2026-07-02T11:15:40
ORDER_000002161_SHIPMENT,ORDER_000002161,PROCESSING,,
ORDER_000002162_SHIPMENT,ORDER_000002162,DELIVERED,2026-05-13T13:43:13,2026-05-15T15:43:13
ORDER_000002163_SHIPMENT,ORDER_000002163,DELIVERED,2026-12-20T02:55:38,2026-12-25T22:55:38
ORDER_000002164_SHIPMENT,ORDER_000002164,DELIVERED,2026-10-10T14:55:23,2026-10-14T17:55:23
ORDER_000002165_SHIPMENT,ORDER_000002165,DELIVERED,2026-12-19T19:43:24,2026-12-24T05:43:24
ORDER_000002166_SHIPMENT,ORDER_000002166,DELIVERED,2026-12-19T18:29:30,2026-12-25T04:29:30
ORDER_000002167_SHIPMENT,ORDER_000002167,DELIVERED,2026-06-01T12:33:47,2026-06-06T12:33:47
ORDER_000002168_SHIPMENT,ORDER_000002168,PROCESSING,,
ORDER_000002169_SHIPMENT,ORDER_000002169,PROCESSING,,
ORDER_000002170_SHIPMENT,ORDER_000002170,IN_TRANSIT,2026-07-13T13:47:12,
ORDER_000002171_SHIPMENT,ORDER_000002171,DELIVERED,2026-05-18T12:11:39,2026-05-21T02:11:39
ORDER_000002172_SHIPMENT,ORDER_000002172,PROCESSING,,
ORDER_000002173_SHIPMENT,ORDER_000002173,DELIVERED,2026-02-07T02:28:24,2026-02-07T14:28:24
ORDER_000002174_SHIPMENT,ORDER_000002174,PROCESSING,,
ORDER_000002175_SHIPMENT,ORDER_000002175,DELIVERED,2026-07-09T02:13:38,2026-07-15T23:13:38
ORDER_000002176_SHIPMENT,ORDER_000002176,IN_TRANSIT,2026-08-24T17:56:43,
ORDER_000002177_SHIPMENT,ORDER_000002177,DELIVERED,2026-01-22T20:58:14,2026-01-24T09:58:14
ORDER_000002178_SHIPMENT,ORDER_000002178,PROCESSING,,
ORDER_000002179_SHIPMENT,ORDER_000002179,DELIVERED,2026-11-22T16:49:32,2026-11-28T22:49:32
ORDER_000002180_SHIPMENT,ORDER_000002180,DELIVERED,2026-10-12T11:03:42,2026-10-13T10:03:42
ORDER_000002181_SHIPMENT,ORDER_000002181,DELIVERED,2026-11-10T15:26:46,2026-11-13T00:26:46
ORDER_000002182_SHIPMENT,ORDER_000002182,DELIVERED,2026-03-19T16:00:20,2026-03-23T14:00:20
ORDER_000002183_SHIPMENT,ORDER_000002183,DELIVERED,2026-02-26T09:26:49,2026-03-02T17:26:49
ORDER_000002184_SHIPMENT,ORDER_000002184,IN_TRANSIT,2026-04-09T21:32:20,
ORDER_000002185_SHIPMENT,ORDER_000002185,DELIVERED,2026-07-30T02:41:39,2026-08-02T23:41:39
ORDER_000002186_SHIPMENT,ORDER_000002186,DELIVERED,2026-09-11T17:56:58,2026-09-13T01:56:58
ORDER_000002187_SHIPMENT,ORDER_000002187,PROCESSING,,
ORDER_000002188_SHIPMENT,ORDER_000002188,PROCESSING,,
ORDER_000002189_SHIPMENT,ORDER_000002189,DELIVERED,2026-06-11T12:51:39,2026-06-15T23:51:39
ORDER_000002190_SHIPMENT,ORDER_000002190,DELIVERED,2026-06-09T03:59:42,2026-06-09T19:59:42
ORDER_000002191_SHIPMENT,ORDER_000002191,PROCESSING,,
ORDER_000002192_SHIPMENT,ORDER_000002192,DELIVERED,2026-07-03T01:03:52,2026-07-03T20:03:52
ORDER_000002193_SHIPMENT,ORDER_000002193,DELIVERED,2026-12-13T00:43:16,2026-12-19T06:43:16
ORDER_000002194_SHIPMENT,ORDER_000002194,DELIVERED,2026-11-03T03:08:32,2026-11-07T08:08:32
ORDER_000002195_SHIPMENT,ORDER_000002195,DELIVERED,2026-03-04T19:01:28,2026-03-10T10:01:28
ORDER_000002196_SHIPMENT,ORDER_000002196,DELIVERED,2026-10-15T07:05:37,2026-10-21T23:05:37
ORDER_000002197_SHIPMENT,ORDER_000002197,DELIVERED,2026-04-16T22:58:27,2026-04-22T15:58:27
ORDER_000002198_SHIPMENT,ORDER_000002198,DELIVERED,2026-04-12T23:16:21,2026-04-13T13:16:21
ORDER_000002199_SHIPMENT,ORDER_000002199,DELIVERED,2026-09-21T17:09:36,2026-09-25T11:09:36
ORDER_000002200_SHIPMENT,ORDER_000002200,DELIVERED,2026-11-24T00:52:05,2026-11-26T01:52:05
ORDER_000002201_SHIPMENT,ORDER_000002201,IN_TRANSIT,2026-11-03T00:04:03,
ORDER_000002202_SHIPMENT,ORDER_000002202,PROCESSING,,
ORDER_000002203_SHIPMENT,ORDER_000002203,DELIVERED,2026-11-07T06:33:17,2026-11-13T12:33:17
ORDER_000002204_SHIPMENT,ORDER_000002204,IN_TRANSIT,2026-07-20T15:03:38,
ORDER_000002205_SHIPMENT,ORDER_000002205,DELIVERED,2026-04-19T21:42:27,2026-04-20T17:42:27
ORDER_000002206_SHIPMENT,ORDER_000002206,PROCESSING,,
ORDER_000002207_SHIPMENT,ORDER_000002207,DELIVERED,2026-05-01T06:49:32,2026-05-04T03:49:32
ORDER_000002208_SHIPMENT,ORDER_000002208,DELIVERED,2026-05-14T00:50:41,2026-05-16T07:50:41
ORDER_000002209_SHIPMENT,ORDER_000002209,PROCESSING,,
ORDER_000002210_SHIPMENT,ORDER_000002210,DELIVERED,2026-05-16T12:54:12,2026-05-19T02:54:12
ORDER_000002211_SHIPMENT,ORDER_000002211,IN_TRANSIT,2026-03-28T14:10:45,
ORDER_000002212_SHIPMENT,ORDER_000002212,IN_TRANSIT,2026-09-17T04:32:14,
ORDER_000002213_SHIPMENT,ORDER_000002213,PROCESSING,,
ORDER_000002214_SHIPMENT,ORDER_000002214,DELIVERED,2026-05-28T00:16:24,2026-06-03T16:16:24
ORDER_000002215_SHIPMENT,ORDER_000002215,DELIVERED,2026-06-12T08:36:03,2026-06-15T05:36:03
ORDER_000002216_SHIPMENT,ORDER_000002216,DELIVERED,2026-02-02T10:59:15,2026-02-05T11:59:15
ORDER_000002217_SHIPMENT,ORDER_000002217,DELIVERED,2026-03-09T02:46:32,2026-03-14T04:46:32
ORDER_000002218_SHIPMENT,ORDER_000002218,DELIVERED,2026-04-07T01:46:59,2026-04-09T05:46:59
ORDER_000002219_SHIPMENT,ORDER_000002219,DELIVERED,2026-01-20T12:48:48,2026-01-26T08:48:48
ORDER_000002220_SHIPMENT,ORDER_000002220,DELIVERED,2026-05-24T14:59:04,2026-05-26T11:59:04
ORDER_000002221_SHIPMENT,ORDER_000002221,DELIVERED,2026-11-22T02:56:28,2026-11-26T14:56:28
ORDER_000002222_SHIPMENT,ORDER_000002222,PROCESSING,,
ORDER_000002223_SHIPMENT,ORDER_000002223,DELIVERED,2026-03-15T17:23:22,2026-03-19T07:23:22
ORDER_000002224_SHIPMENT,ORDER_000002224,DELIVERED,2026-06-12T04:32:45,2026-06-17T10:32:45
ORDER_000002225_SHIPMENT,ORDER_000002225,PROCESSING,,
ORDER_000002226_SHIPMENT,ORDER_000002226,DELIVERED,2026-01-19T03:51:48,2026-01-21T08:51:48
ORDER_000002227_SHIPMENT,ORDER_000002227,PROCESSING,,
ORDER_000002228_SHIPMENT,ORDER_000002228,PROCESSING,,
ORDER_000002229_SHIPMENT,ORDER_000002229,IN_TRANSIT,2026-07-24T12:09:10,
ORDER_000002230_SHIPMENT,ORDER_000002230,DELIVERED,2026-03-11T19:53:37,2026-03-17T21:53:37
ORDER_000002231_SHIPMENT,ORDER_000002231,PROCESSING,,
ORDER_000002232_SHIPMENT,ORDER_000002232,DELIVERED,2026-06-03T05:07:33,2026-06-09T19:07:33
ORDER_000002233_SHIPMENT,ORDER_000002233,IN_TRANSIT,2026-04-27T20:42:37,
ORDER_000002234_SHIPMENT,ORDER_000002234,DELIVERED,2026-07-24T16:45:58,2026-07-30T22:45:58
ORDER_000002235_SHIPMENT,ORDER_000002235,PROCESSING,,
ORDER_000002236_SHIPMENT,ORDER_000002236,PROCESSING,,
ORDER_000002237_SHIPMENT,ORDER_000002237,IN_TRANSIT,2026-10-12T04:03:58,
ORDER_000002238_SHIPMENT,ORDER_000002238,PROCESSING,,
ORDER_000002239_SHIPMENT,ORDER_000002239,DELIVERED,2026-06-14T15:04:40,2026-06-21T02:04:40
ORDER_000002240_SHIPMENT,ORDER_000002240,DELIVERED,2026-09-19T18:45:33,2026-09-21T10:45:33
ORDER_000002241_SHIPMENT,ORDER_000002241,PROCESSING,,
ORDER_000002242_SHIPMENT,ORDER_000002242,PROCESSING,,
ORDER_000002243_SHIPMENT,ORDER_000002243,DELIVERED,2026-03-16T00:05:17,2026-03-16T17:05:17
ORDER_000002244_SHIPMENT,ORDER_000002244,DELIVERED,2026-01-05T04:15:13,2026-01-11T10:15:13
ORDER_000002245_SHIPMENT,ORDER_000002245,PROCESSING,,
ORDER_000002246_SHIPMENT,ORDER_000002246,DELIVERED,2026-07-07T05:14:22,2026-07-11T05:14:22
ORDER_000002247_SHIPMENT,ORDER_000002247,DELIVERED,2026-11-21T16:16:53,2026-11-26T05:16:53
ORDER_000002248_SHIPMENT,ORDER_000002248,PROCESSING,,
ORDER_000002249_SHIPMENT,ORDER_000002249,DELIVERED,2026-02-08T05:46:50,2026-02-13T22:46:50
ORDER_000002250_SHIPMENT,ORDER_000002250,DELIVERED,2026-02-26T15:32:27,2026-02-27T22:32:27
ORDER_000002251_SHIPMENT,ORDER_000002251,DELIVERED,2026-09-20T22:22:37,2026-09-25T16:22:37
ORDER_000002252_SHIPMENT,ORDER_000002252,IN_TRANSIT,2026-06-17T03:43:02,
ORDER_000002253_SHIPMENT,ORDER_000002253,PROCESSING,,
ORDER_000002254_SHIPMENT,ORDER_000002254,PROCESSING,,
ORDER_000002255_SHIPMENT,ORDER_000002255,PROCESSING,,
ORDER_000002256_SHIPMENT,ORDER_000002256,PROCESSING,,
ORDER_000002257_SHIPMENT,ORDER_000002257,DELIVERED,2026-07-01T06:13:48,2026-07-02T14:13:48
ORDER_000002258_SHIPMENT,ORDER_000002258,DELIVERED,2026-08-11T16:26:48,2026-08-16T19:26:48
ORDER_000002259_SHIPMENT,ORDER_000002259,DELIVERED,2026-05-17T03:12:36,2026-05-21T09:12:36
ORDER_000002260_SHIPMENT,ORDER_000002260,DELIVERED,2026-09-02T06:29:29,2026-09-03T00:29:29
ORDER_000002261_SHIPMENT,ORDER_000002261,PROCESSING,,
ORDER_000002262_SHIPMENT,ORDER_000002262,DELIVERED,2026-05-31T21:08:39,2026-06-04T06:08:39
ORDER_000002263_SHIPMENT,ORDER_000002263,PROCESSING,,
ORDER_000002264_SHIPMENT,ORDER_000002264,DELIVERED,2026-10-10T13:42:41,2026-10-13T17:42:41
ORDER_000002265_SHIPMENT,ORDER_000002265,DELIVERED,2026-10-04T02:47:50,2026-10-10T18:47:50
ORDER_000002266_SHIPMENT,ORDER_000002266,DELIVERED,2026-08-06T18:55:59,2026-08-11T16:55:59
ORDER_000002267_SHIPMENT,ORDER_000002267,IN_TRANSIT,2026-02-02T13:51:15,
ORDER_000002268_SHIPMENT,ORDER_000002268,DELIVERED,2026-11-22T11:44:02,2026-11-27T13:44:02
ORDER_000002269_SHIPMENT,ORDER_000002269,IN_TRANSIT,2026-06-28T00:54:16,
ORDER_000002270_SHIPMENT,ORDER_000002270,DELIVERED,2026-04-08T09:21:29,2026-04-10T00:21:29
ORDER_000002271_SHIPMENT,ORDER_000002271,DELIVERED,2026-05-29T15:04:01,2026-06-03T21:04:01
ORDER_000002272_SHIPMENT,ORDER_000002272,IN_TRANSIT,2026-02-07T23:41:52,
ORDER_000002273_SHIPMENT,ORDER_000002273,DELIVERED,2026-04-19T13:39:15,2026-04-21T09:39:15
ORDER_000002274_SHIPMENT,ORDER_000002274,DELIVERED,2026-04-11T01:35:12,2026-04-15T19:35:12
ORDER_000002275_SHIPMENT,ORDER_000002275,DELIVERED,2026-09-17T00:39:59,2026-09-22T17:39:59
ORDER_000002276_SHIPMENT,ORDER_000002276,PROCESSING,,
ORDER_000002277_SHIPMENT,ORDER_000002277,IN_TRANSIT,2026-11-17T04:37:21,
ORDER_000002278_SHIPMENT,ORDER_000002278,DELIVERED,2026-04-16T15:34:44,2026-04-17T07:34:44
ORDER_000002279_SHIPMENT,ORDER_000002279,PROCESSING,,
ORDER_000002280_SHIPMENT,ORDER_000002280,PROCESSING,,
ORDER_000002281_SHIPMENT,ORDER_000002281,DELIVERED,2026-08-02T03:53:29,2026-08-08T14:53:29
ORDER_000002282_SHIPMENT,ORDER_000002282,DELIVERED,2026-02-15T15:42:25,2026-02-17T21:42:25
ORDER_000002283_SHIPMENT,ORDER_000002283,IN_TRANSIT,2026-02-26T09:51:07,
ORDER_000002284_SHIPMENT,ORDER_000002284,IN_TRANSIT,2026-11-01T18:55:57,
ORDER_000002285_SHIPMENT,ORDER_000002285,DELIVERED,2026-06-07T18:50:06,2026-06-14T04:50:06
ORDER_000002286_SHIPMENT,ORDER_000002286,DELIVERED,2026-07-18T21:12:32,2026-07-20T14:12:32
ORDER_000002287_SHIPMENT,ORDER_000002287,PROCESSING,,
ORDER_000002288_SHIPMENT,ORDER_000002288,DELIVERED,2026-04-18T13:33:28,2026-04-20T15:33:28
ORDER_000002289_SHIPMENT,ORDER_000002289,DELIVERED,2026-07-02T04:13:50,2026-07-08T01:13:50
ORDER_000002290_SHIPMENT,ORDER_000002290,IN_TRANSIT,2026-06-26T11:59:16,
ORDER_000002291_SHIPMENT,ORDER_000002291,DELIVERED,2026-07-04T10:49:14,2026-07-05T19:49:14
ORDER_000002292_SHIPMENT,ORDER_000002292,DELIVERED,2026-09-15T09:22:07,2026-09-18T04:22:07
ORDER_000002293_SHIPMENT,ORDER_000002293,DELIVERED,2026-05-14T04:16:32,2026-05-20T08:16:32
ORDER_000002294_SHIPMENT,ORDER_000002294,IN_TRANSIT,2026-11-28T19:24:31,
ORDER_000002295_SHIPMENT,ORDER_000002295,IN_TRANSIT,2026-12-10T02:48:41,
ORDER_000002296_SHIPMENT,ORDER_000002296,DELIVERED,2026-12-13T12:31:13,2026-12-14T16:31:13
ORDER_000002297_SHIPMENT,ORDER_000002297,DELIVERED,2026-11-06T00:30:49,2026-11-07T00:30:49
ORDER_000002298_SHIPMENT,ORDER_000002298,DELIVERED,2026-07-30T04:49:30,2026-08-04T10:49:30
ORDER_000002299_SHIPMENT,ORDER_000002299,DELIVERED,2026-10-15T05:07:39,2026-10-17T12:07:39
ORDER_000002300_SHIPMENT,ORDER_000002300,DELIVERED,2026-05-24T05:17:24,2026-05-28T23:17:24
ORDER_000002301_SHIPMENT,ORDER_000002301,DELIVERED,2026-09-06T04:24:52,2026-09-09T05:24:52
ORDER_000002302_SHIPMENT,ORDER_000002302,PROCESSING,,
ORDER_000002303_SHIPMENT,ORDER_000002303,PROCESSING,,
ORDER_000002304_SHIPMENT,ORDER_000002304,PROCESSING,,
ORDER_000002305_SHIPMENT,ORDER_000002305,IN_TRANSIT,2026-07-28T20:23:32,
ORDER_000002306_SHIPMENT,ORDER_000002306,PROCESSING,,
ORDER_000002307_SHIPMENT,ORDER_000002307,DELIVERED,2026-10-17T21:16:18,2026-10-24T05:16:18
ORDER_000002308_SHIPMENT,ORDER_000002308,PROCESSING,,
ORDER_000002309_SHIPMENT,ORDER_000002309,PROCESSING,,
ORDER_000002310_SHIPMENT,ORDER_000002310,IN_TRANSIT,2026-09-06T02:25:41,
ORDER_000002311_SHIPMENT,ORDER_000002311,IN_TRANSIT,2026-04-25T08:43:49,
ORDER_000002312_SHIPMENT,ORDER_000002312,DELIVERED,2026-09-19T16:18:30,2026-09-21T01:18:30
ORDER_000002313_SHIPMENT,ORDER_000002313,DELIVERED,2026-03-25T09:27:51,2026-03-30T16:27:51
ORDER_000002314_SHIPMENT,ORDER_000002314,DELIVERED,2026-01-26T16:26:33,2026-02-01T17:26:33
ORDER_000002315_SHIPMENT,ORDER_000002315,DELIVERED,2026-05-03T09:37:36,2026-05-05T14:37:36
ORDER_000002316_SHIPMENT,ORDER_000002316,PROCESSING,,
ORDER_000002317_SHIPMENT,ORDER_000002317,PROCESSING,,
ORDER_000002318_SHIPMENT,ORDER_000002318,PROCESSING,,
ORDER_000002319_SHIPMENT,ORDER_000002319,DELIVERED,2026-10-21T14:52:28,2026-10-27T17:52:28
ORDER_000002320_SHIPMENT,ORDER_000002320,IN_TRANSIT,2026-05-11T18:35:52,
ORDER_000002321_SHIPMENT,ORDER_000002321,DELIVERED,2026-08-26T17:59:43,2026-09-02T16:59:43
ORDER_000002322_SHIPMENT,ORDER_000002322,DELIVERED,2026-03-21T09:03:29,2026-03-27T15:03:29
ORDER_000002323_SHIPMENT,ORDER_000002323,PROCESSING,,
ORDER_000002324_SHIPMENT,ORDER_000002324,IN_TRANSIT,2026-11-03T23:38:47,
ORDER_000002325_SHIPMENT,ORDER_000002325,PROCESSING,,
ORDER_000002326_SHIPMENT,ORDER_000002326,DELIVERED,2026-11-16T12:31:49,2026-11-19T22:31:49
ORDER_000002327_SHIPMENT,ORDER_000002327,IN_TRANSIT,2026-02-17T13:41:52,
ORDER_000002328_SHIPMENT,ORDER_000002328,DELIVERED,2026-06-04T07:40:38,2026-06-07T19:40:38
ORDER_000002329_SHIPMENT,ORDER_000002329,DELIVERED,2026-03-20T03:52:27,2026-03-21T02:52:27
ORDER_000002330_SHIPMENT,ORDER_000002330,DELIVERED,2026-08-03T09:21:17,2026-08-04T10:21:17
ORDER_000002331_SHIPMENT,ORDER_000002331,DELIVERED,2026-10-24T05:08:30,2026-10-25T23:08:30
ORDER_000002332_SHIPMENT,ORDER_000002332,DELIVERED,2026-02-16T19:51:43,2026-02-20T07:51:43
ORDER_000002333_SHIPMENT,ORDER_000002333,PROCESSING,,
ORDER_000002334_SHIPMENT,ORDER_000002334,PROCESSING,,
ORDER_000002335_SHIPMENT,ORDER_000002335,DELIVERED,2026-11-16T19:43:14,2026-11-23T08:43:14
ORDER_000002336_SHIPMENT,ORDER_000002336,DELIVERED,2026-08-24T17:47:34,2026-08-31T17:47:34
ORDER_000002337_SHIPMENT,ORDER_000002337,DELIVERED,2026-11-04T14:31:51,2026-11-07T06:31:51
ORDER_000002338_SHIPMENT,ORDER_000002338,PROCESSING,,
ORDER_000002339_SHIPMENT,ORDER_000002339,IN_TRANSIT,2026-01-20T19:58:47,
ORDER_000002340_SHIPMENT,ORDER_000002340,IN_TRANSIT,2026-08-17T05:09:53,
ORDER_000002341_SHIPMENT,ORDER_000002341,DELIVERED,2027-01-01T14:34:16,2027-01-04T16:34:16
ORDER_000002342_SHIPMENT,ORDER_000002342,DELIVERED,2026-12-15T00:25:38,2026-12-18T10:25:38
ORDER_000002343_SHIPMENT,ORDER_000002343,DELIVERED,2026-06-30T17:54:59,2026-07-02T21:54:59
ORDER_000002344_SHIPMENT,ORDER_000002344,DELIVERED,2026-12-14T21:43:20,2026-12-20T21:43:20
ORDER_000002345_SHIPMENT,ORDER_000002345,PROCESSING,,
ORDER_000002346_SHIPMENT,ORDER_000002346,DELIVERED,2026-08-07T17:39:14,2026-08-10T09:39:14
ORDER_000002347_SHIPMENT,ORDER_000002347,PROCESSING,,
ORDER_000002348_SHIPMENT,ORDER_000002348,DELIVERED,2026-12-13T04:39:19,2026-12-14T16:39:19
ORDER_000002349_SHIPMENT,ORDER_000002349,IN_TRANSIT,2026-03-20T01:00:05,
ORDER_000002350_SHIPMENT,ORDER_000002350,DELIVERED,2026-09-03T21:46:09,2026-09-04T18:46:09
ORDER_000002351_SHIPMENT,ORDER_000002351,PROCESSING,,
ORDER_000002352_SHIPMENT,ORDER_000002352,DELIVERED,2026-01-28T00:31:51,2026-02-03T13:31:51
ORDER_000002353_SHIPMENT,ORDER_000002353,PROCESSING,,
ORDER_000002354_SHIPMENT,ORDER_000002354,IN_TRANSIT,2026-11-12T07:33:29,
ORDER_000002355_SHIPMENT,ORDER_000002355,PROCESSING,,
ORDER_000002356_SHIPMENT,ORDER_000002356,DELIVERED,2026-06-24T19:58:04,2026-06-30T01:58:04
ORDER_000002357_SHIPMENT,ORDER_000002357,DELIVERED,2026-04-05T05:23:18,2026-04-07T18:23:18
ORDER_000002358_SHIPMENT,ORDER_000002358,PROCESSING,,
ORDER_000002359_SHIPMENT,ORDER_000002359,PROCESSING,,
ORDER_000002360_SHIPMENT,ORDER_000002360,DELIVERED,2026-08-12T09:17:15,2026-08-16T11:17:15
ORDER_000002361_SHIPMENT,ORDER_000002361,PROCESSING,,
ORDER_000002362_SHIPMENT,ORDER_000002362,DELIVERED,2026-09-29T05:25:50,2026-10-02T07:25:50
ORDER_000002363_SHIPMENT,ORDER_000002363,DELIVERED,2026-08-02T20:16:57,2026-08-08T10:16:57
ORDER_000002364_SHIPMENT,ORDER_000002364,DELIVERED,2026-08-04T06:56:32,2026-08-05T03:56:32
ORDER_000002365_SHIPMENT,ORDER_000002365,DELIVERED,2026-06-11T12:24:13,2026-06-17T06:24:13
ORDER_000002366_SHIPMENT,ORDER_000002366,IN_TRANSIT,2026-06-21T19:25:29,
ORDER_000002367_SHIPMENT,ORDER_000002367,DELIVERED,2026-05-23T18:43:11,2026-05-26T03:43:11
ORDER_000002368_SHIPMENT,ORDER_000002368,DELIVERED,2026-03-23T20:08:54,2026-03-26T09:08:54
ORDER_000002369_SHIPMENT,ORDER_000002369,DELIVERED,2026-11-22T23:18:15,2026-11-29T17:18:15
ORDER_000002370_SHIPMENT,ORDER_000002370,PROCESSING,,
ORDER_000002371_SHIPMENT,ORDER_000002371,DELIVERED,2026-09-24T07:03:24,2026-09-24T21:03:24
ORDER_000002372_SHIPMENT,ORDER_000002372,IN_TRANSIT,2026-11-30T20:13:35,
ORDER_000002373_SHIPMENT,ORDER_000002373,PROCESSING,,
ORDER_000002374_SHIPMENT,ORDER_000002374,DELIVERED,2026-11-16T10:07:28,2026-11-18T04:07:28
ORDER_000002375_SHIPMENT,ORDER_000002375,DELIVERED,2026-09-25T01:12:33,2026-09-26T00:12:33
ORDER_000002376_SHIPMENT,ORDER_000002376,IN_TRANSIT,2026-08-20T09:49:05,
ORDER_000002377_SHIPMENT,ORDER_000002377,DELIVERED,2026-10-01T14:19:19,2026-10-06T13:19:19
ORDER_000002378_SHIPMENT,ORDER_000002378,IN_TRANSIT,2026-04-07T09:40,
ORDER_000002379_SHIPMENT,ORDER_000002379,DELIVERED,2026-05-12T08:07:47,2026-05-16T06:07:47
ORDER_000002380_SHIPMENT,ORDER_000002380,DELIVERED,2026-10-16T07:09:53,2026-10-19T01:09:53
ORDER_000002381_SHIPMENT,ORDER_000002381,DELIVERED,2026-01-08T06:30:47,2026-01-14T22:30:47
ORDER_000002382_SHIPMENT,ORDER_000002382,PROCESSING,,
ORDER_000002383_SHIPMENT,ORDER_000002383,DELIVERED,2026-10-03T17:37:15,2026-10-05T07:37:15
ORDER_000002384_SHIPMENT,ORDER_000002384,PROCESSING,,
ORDER_000002385_SHIPMENT,ORDER_000002385,DELIVERED,2026-06-19T02:59:42,2026-06-21T18:59:42
ORDER_000002386_SHIPMENT,ORDER_000002386,DELIVERED,2026-08-16T15:54:49,2026-08-23T09:54:49
ORDER_000002387_SHIPMENT,ORDER_000002387,PROCESSING,,
ORDER_000002388_SHIPMENT,ORDER_000002388,DELIVERED,2026-06-25T08:14:57,2026-06-29T10:14:57
ORDER_000002389_SHIPMENT,ORDER_000002389,IN_TRANSIT,2026-09-03T19:47:22,
ORDER_000002390_SHIPMENT,ORDER_000002390,PROCESSING,,
ORDER_000002391_SHIPMENT,ORDER_000002391,PROCESSING,,
ORDER_000002392_SHIPMENT,ORDER_000002392,DELIVERED,2026-10-18T21:44:09,2026-10-20T13:44:09
ORDER_000002393_SHIPMENT,ORDER_000002393,DELIVERED,2026-02-09T23:38:41,2026-02-11T18:38:41
ORDER_000002394_SHIPMENT,ORDER_000002394,IN_TRANSIT,2027-01-03T01:59:35,
ORDER_000002395_SHIPMENT,ORDER_000002395,DELIVERED,2026-01-30T23:08:31,2026-01-31T17:08:31
ORDER_000002396_SHIPMENT,ORDER_000002396,PROCESSING,,
ORDER_000002397_SHIPMENT,ORDER_000002397,PROCESSING,,
ORDER_000002398_SHIPMENT,ORDER_000002398,PROCESSING,,
ORDER_000002399_SHIPMENT,ORDER_000002399,IN_TRANSIT,2026-03-01T19:25:28,
ORDER_000002400_SHIPMENT,ORDER_000002400,IN_TRANSIT,2026-09-28T17:26:52,
ORDER_000002401_SHIPMENT,ORDER_000002401,DELIVERED,2026-05-04T10:13:04,2026-05-06T05:13:04
ORDER_000002402_SHIPMENT,ORDER_000002402,DELIVERED,2026-11-15T15:39:47,2026-11-16T16:39:47
ORDER_000002403_SHIPMENT,ORDER_000002403,IN_TRANSIT,2026-06-05T16:56:46,
ORDER_000002404_SHIPMENT,ORDER_000002404,DELIVERED,2026-03-02T09:42:22,2026-03-07T21:42:22
ORDER_000002405_SHIPMENT,ORDER_000002405,DELIVERED,2026-04-11T01:17:43,2026-04-16T09:17:43
ORDER_000002406_SHIPMENT,ORDER_000002406,DELIVERED,2026-09-15T08:29:29,2026-09-16T14:29:29
ORDER_000002407_SHIPMENT,ORDER_000002407,DELIVERED,2026-08-06T10:42:59,2026-08-12T02:42:59
ORDER_000002408_SHIPMENT,ORDER_000002408,DELIVERED,2026-07-10T04:03:32,2026-07-11T13:03:32
ORDER_000002409_SHIPMENT,ORDER_000002409,PROCESSING,,
ORDER_000002410_SHIPMENT,ORDER_000002410,DELIVERED,2026-01-28T14:25:08,2026-01-31T12:25:08
ORDER_000002411_SHIPMENT,ORDER_000002411,DELIVERED,2026-04-03T13:02:29,2026-04-06T13:02:29
ORDER_000002412_SHIPMENT,ORDER_000002412,IN_TRANSIT,2026-11-12T09:27,
ORDER_000002413_SHIPMENT,ORDER_000002413,DELIVERED,2026-07-23T19:23:42,2026-07-24T16:23:42
ORDER_000002414_SHIPMENT,ORDER_000002414,PROCESSING,,
ORDER_000002415_SHIPMENT,ORDER_000002415,DELIVERED,2026-08-03T03:30,2026-08-08T23:30
ORDER_000002416_SHIPMENT,ORDER_000002416,PROCESSING,,
ORDER_000002417_SHIPMENT,ORDER_000002417,DELIVERED,2026-11-30T16:35,2026-12-06T18:35
ORDER_000002418_SHIPMENT,ORDER_000002418,IN_TRANSIT,2026-05-17T23:30:29,
ORDER_000002419_SHIPMENT,ORDER_000002419,DELIVERED,2026-02-21T13:22:29,2026-02-22T01:22:29
ORDER_000002420_SHIPMENT,ORDER_000002420,DELIVERED,2026-02-11T11:59:46,2026-02-12T23:59:46
ORDER_000002421_SHIPMENT,ORDER_000002421,DELIVERED,2026-02-19T01:31:04,2026-02-25T12:31:04
ORDER_000002422_SHIPMENT,ORDER_000002422,IN_TRANSIT,2026-07-09T00:24:34,
ORDER_000002423_SHIPMENT,ORDER_000002423,DELIVERED,2026-05-23T07:36:32,2026-05-25T23:36:32
ORDER_000002424_SHIPMENT,ORDER_000002424,DELIVERED,2026-04-30T12:21:56,2026-05-04T13:21:56
ORDER_000002425_SHIPMENT,ORDER_000002425,DELIVERED,2026-10-21T01:43:49,2026-10-25T16:43:49
ORDER_000002426_SHIPMENT,ORDER_000002426,DELIVERED,2026-06-10T10:14:15,2026-06-12T01:14:15
ORDER_000002427_SHIPMENT,ORDER_000002427,PROCESSING,,
ORDER_000002428_SHIPMENT,ORDER_000002428,DELIVERED,2026-09-23T03:06:41,2026-09-28T10:06:41
ORDER_000002429_SHIPMENT,ORDER_000002429,DELIVERED,2026-10-13T14:12:14,2026-10-17T03:12:14
ORDER_000002430_SHIPMENT,ORDER_000002430,DELIVERED,2026-06-13T01:54:44,2026-06-17T15:54:44
ORDER_000002431_SHIPMENT,ORDER_000002431,DELIVERED,2026-07-07T11:08:40,2026-07-10T10:08:40
ORDER_000002432_SHIPMENT,ORDER_000002432,IN_TRANSIT,2026-10-02T22:49:54,
ORDER_000002433_SHIPMENT,ORDER_000002433,DELIVERED,2026-01-11T13:17:02,2026-01-17T12:17:02
ORDER_000002434_SHIPMENT,ORDER_000002434,DELIVERED,2026-07-03T11:28:13,2026-07-04T07:28:13
ORDER_000002435_SHIPMENT,ORDER_000002435,PROCESSING,,
ORDER_000002436_SHIPMENT,ORDER_000002436,DELIVERED,2026-08-21T05:29:43,2026-08-24T04:29:43
ORDER_000002437_SHIPMENT,ORDER_000002437,IN_TRANSIT,2026-07-16T04:27:49,
ORDER_000002438_SHIPMENT,ORDER_000002438,PROCESSING,,
ORDER_000002439_SHIPMENT,ORDER_000002439,DELIVERED,2026-10-11T12:58:39,2026-10-13T01:58:39
ORDER_000002440_SHIPMENT,ORDER_000002440,DELIVERED,2026-02-14T21:05:49,2026-02-18T08:05:49
ORDER_000002441_SHIPMENT,ORDER_000002441,IN_TRANSIT,2026-11-16T17:16:35,
ORDER_000002442_SHIPMENT,ORDER_000002442,PROCESSING,,
ORDER_000002443_SHIPMENT,ORDER_000002443,DELIVERED,2026-07-23T16:30:53,2026-07-24T09:30:53
ORDER_000002444_SHIPMENT,ORDER_000002444,PROCESSING,,
ORDER_000002445_SHIPMENT,ORDER_000002445,DELIVERED,2026-11-21T09:38:03,2026-11-23T18:38:03
ORDER_000002446_SHIPMENT,ORDER_000002446,DELIVERED,2026-04-04T17:16:56,2026-04-11T17:16:56
ORDER_000002447_SHIPMENT,ORDER_000002447,DELIVERED,2026-02-05T16:41:45,2026-02-12T14:41:45
ORDER_000002448_SHIPMENT,ORDER_000002448,PROCESSING,,
ORDER_000002449_SHIPMENT,ORDER_000002449,DELIVERED,2026-09-24T09:23:57,2026-09-26T08:23:57
ORDER_000002450_SHIPMENT,ORDER_000002450,DELIVERED,2026-11-05T06:18:36,2026-11-10T20:18:36
ORDER_000002451_SHIPMENT,ORDER_000002451,DELIVERED,2026-10-03T10:06:25,2026-10-05T16:06:25
ORDER_000002452_SHIPMENT,ORDER_000002452,DELIVERED,2026-06-09T08:49:07,2026-06-11T15:49:07
ORDER_000002453_SHIPMENT,ORDER_000002453,PROCESSING,,
ORDER_000002454_SHIPMENT,ORDER_000002454,DELIVERED,2026-09-20T15:53:04,2026-09-23T03:53:04
ORDER_000002455_SHIPMENT,ORDER_000002455,DELIVERED,2026-12-30T00:10:30,2027-01-01T16:10:30
ORDER_000002456_SHIPMENT,ORDER_000002456,DELIVERED,2026-08-21T18:57:02,2026-08-24T02:57:02
ORDER_000002457_SHIPMENT,ORDER_000002457,DELIVERED,2026-07-09T14:17:52,2026-07-11T12:17:52
ORDER_000002458_SHIPMENT,ORDER_000002458,PROCESSING,,
ORDER_000002459_SHIPMENT,ORDER_000002459,PROCESSING,,
ORDER_000002460_SHIPMENT,ORDER_000002460,DELIVERED,2026-04-06T03:42:54,2026-04-06T21:42:54
ORDER_000002461_SHIPMENT,ORDER_000002461,IN_TRANSIT,2026-03-22T03:05:53,
ORDER_000002462_SHIPMENT,ORDER_000002462,PROCESSING,,
ORDER_000002463_SHIPMENT,ORDER_000002463,DELIVERED,2026-09-08T20:40:12,2026-09-15T01:40:12
ORDER_000002464_SHIPMENT,ORDER_000002464,DELIVERED,2026-09-03T12:39:55,2026-09-08T11:39:55
ORDER_000002465_SHIPMENT,ORDER_000002465,DELIVERED,2026-03-31T15:04:10,2026-04-07T06:04:10
ORDER_000002466_SHIPMENT,ORDER_000002466,DELIVERED,2026-02-28T16:35:33,2026-03-02T12:35:33
ORDER_000002467_SHIPMENT,ORDER_000002467,DELIVERED,2026-02-28T22:22:19,2026-03-03T13:22:19
ORDER_000002468_SHIPMENT,ORDER_000002468,PROCESSING,,
ORDER_000002469_SHIPMENT,ORDER_000002469,PROCESSING,,
ORDER_000002470_SHIPMENT,ORDER_000002470,DELIVERED,2026-04-05T23:56:13,2026-04-11T03:56:13
ORDER_000002471_SHIPMENT,ORDER_000002471,DELIVERED,2026-03-26T11:56:17,2026-04-01T08:56:17
ORDER_000002472_SHIPMENT,ORDER_000002472,IN_TRANSIT,2026-02-07T16:05:24,
ORDER_000002473_SHIPMENT,ORDER_000002473,DELIVERED,2026-02-09T09:38:35,2026-02-10T11:38:35
ORDER_000002474_SHIPMENT,ORDER_000002474,IN_TRANSIT,2026-11-19T01:26:19,
ORDER_000002475_SHIPMENT,ORDER_000002475,DELIVERED,2026-09-16T17:24:17,2026-09-22T07:24:17
ORDER_000002476_SHIPMENT,ORDER_000002476,DELIVERED,2026-04-29T22:33:08,2026-05-03T07:33:08
ORDER_000002477_SHIPMENT,ORDER_000002477,PROCESSING,,
ORDER_000002478_SHIPMENT,ORDER_000002478,DELIVERED,2026-02-22T00:43:28,2026-02-25T09:43:28
ORDER_000002479_SHIPMENT,ORDER_000002479,PROCESSING,,
ORDER_000002480_SHIPMENT,ORDER_000002480,PROCESSING,,
ORDER_000002481_SHIPMENT,ORDER_000002481,DELIVERED,2026-11-16T11:43:46,2026-11-17T18:43:46
ORDER_000002482_SHIPMENT,ORDER_000002482,PROCESSING,,
ORDER_000002483_SHIPMENT,ORDER_000002483,DELIVERED,2026-10-29T10:16:24,2026-11-02T04:16:24
ORDER_000002484_SHIPMENT,ORDER_000002484,DELIVERED,2026-12-07T22:45:48,2026-12-13T18:45:48
ORDER_000002485_SHIPMENT,ORDER_000002485,DELIVERED,2026-07-11T13:07,2026-07-15T21:07
ORDER_000002486_SHIPMENT,ORDER_000002486,DELIVERED,2026-05-23T22:31:38,2026-05-30T17:31:38
ORDER_000002487_SHIPMENT,ORDER_000002487,DELIVERED,2026-12-24T19:36:32,2026-12-27T04:36:32
ORDER_000002488_SHIPMENT,ORDER_000002488,DELIVERED,2026-09-01T14:28:56,2026-09-05T07:28:56
ORDER_000002489_SHIPMENT,ORDER_000002489,DELIVERED,2026-03-11T12:07:35,2026-03-17T18:07:35
ORDER_000002490_SHIPMENT,ORDER_000002490,PROCESSING,,
ORDER_000002491_SHIPMENT,ORDER_000002491,DELIVERED,2026-05-21T03:12:31,2026-05-22T11:12:31
ORDER_000002492_SHIPMENT,ORDER_000002492,IN_TRANSIT,2026-07-31T17:12:08,
ORDER_000002493_SHIPMENT,ORDER_000002493,DELIVERED,2026-01-08T09:08:40,2026-01-14T08:08:40
ORDER_000002494_SHIPMENT,ORDER_000002494,DELIVERED,2026-04-15T23:06:46,2026-04-22T06:06:46
ORDER_000002495_SHIPMENT,ORDER_000002495,IN_TRANSIT,2026-10-05T06:58:41,
ORDER_000002496_SHIPMENT,ORDER_000002496,DELIVERED,2026-08-21T00:02:48,2026-08-25T06:02:48
ORDER_000002497_SHIPMENT,ORDER_000002497,DELIVERED,2026-10-04T16:33:35,2026-10-05T18:33:35
ORDER_000002498_SHIPMENT,ORDER_000002498,DELIVERED,2026-09-04T22:33:22,2026-09-08T06:33:22
ORDER_000002499_SHIPMENT,ORDER_000002499,PROCESSING,,
ORDER_000002500_SHIPMENT,ORDER_000002500,IN_TRANSIT,2026-08-15T13:07:54,
ORDER_000002501_SHIPMENT,ORDER_000002501,IN_TRANSIT,2026-12-22T02:51:25,
ORDER_000002502_SHIPMENT,ORDER_000002502,DELIVERED,2026-06-04T00:04:13,2026-06-09T22:04:13
ORDER_000002503_SHIPMENT,ORDER_000002503,PROCESSING,,
ORDER_000002504_SHIPMENT,ORDER_000002504,PROCESSING,,
ORDER_000002505_SHIPMENT,ORDER_000002505,PROCESSING,,
ORDER_000002506_SHIPMENT,ORDER_000002506,DELIVERED,2026-07-17T19:35:03,2026-07-19T16:35:03
ORDER_000002507_SHIPMENT,ORDER_000002507,DELIVERED,2026-07-11T17:38:56,2026-07-15T02:38:56
ORDER_000002508_SHIPMENT,ORDER_000002508,IN_TRANSIT,2026-04-27T06:16:37,
ORDER_000002509_SHIPMENT,ORDER_000002509,PROCESSING,,
ORDER_000002510_SHIPMENT,ORDER_000002510,PROCESSING,,
ORDER_000002511_SHIPMENT,ORDER_000002511,DELIVERED,2026-09-27T17:22:15,2026-09-30T00:22:15
ORDER_000002512_SHIPMENT,ORDER_000002512,IN_TRANSIT,2026-07-16T13:42:31,
ORDER_000002513_SHIPMENT,ORDER_000002513,PROCESSING,,
ORDER_000002514_SHIPMENT,ORDER_000002514,DELIVERED,2026-08-20T02:15:52,2026-08-26T14:15:52
ORDER_000002515_SHIPMENT,ORDER_000002515,DELIVERED,2026-03-05T20:30:17,2026-03-10T01:30:17
ORDER_000002516_SHIPMENT,ORDER_000002516,PROCESSING,,
ORDER_000002517_SHIPMENT,ORDER_000002517,DELIVERED,2026-12-13T21:02:07,2026-12-16T03:02:07
ORDER_000002518_SHIPMENT,ORDER_000002518,PROCESSING,,
ORDER_000002519_SHIPMENT,ORDER_000002519,PROCESSING,,
ORDER_000002520_SHIPMENT,ORDER_000002520,DELIVERED,2026-02-05T09:33,2026-02-11T07:33
ORDER_000002521_SHIPMENT,ORDER_000002521,DELIVERED,2026-02-14T08:52:05,2026-02-15T01:52:05
ORDER_000002522_SHIPMENT,ORDER_000002522,PROCESSING,,
ORDER_000002523_SHIPMENT,ORDER_000002523,PROCESSING,,
ORDER_000002524_SHIPMENT,ORDER_000002524,IN_TRANSIT,2026-05-19T06:14:01,
ORDER_000002525_SHIPMENT,ORDER_000002525,IN_TRANSIT,2026-10-15T12:53:15,
ORDER_000002526_SHIPMENT,ORDER_000002526,PROCESSING,,
ORDER_000002527_SHIPMENT,ORDER_000002527,DELIVERED,2026-08-13T09:27:30,2026-08-18T22:27:30
ORDER_000002528_SHIPMENT,ORDER_000002528,DELIVERED,2026-11-24T01:51:41,2026-11-29T07:51:41
ORDER_000002529_SHIPMENT,ORDER_000002529,DELIVERED,2026-01-13T15:09:03,2026-01-19T08:09:03
ORDER_000002530_SHIPMENT,ORDER_000002530,IN_TRANSIT,2026-03-16T18:31:54,
ORDER_000002531_SHIPMENT,ORDER_000002531,IN_TRANSIT,2026-11-29T22:28:08,
ORDER_000002532_SHIPMENT,ORDER_000002532,DELIVERED,2026-03-25T15:38:02,2026-03-27T23:38:02
ORDER_000002533_SHIPMENT,ORDER_000002533,DELIVERED,2026-02-19T07:13:28,2026-02-20T10:13:28
ORDER_000002534_SHIPMENT,ORDER_000002534,DELIVERED,2026-10-02T01:49:10,2026-10-03T10:49:10
ORDER_000002535_SHIPMENT,ORDER_000002535,PROCESSING,,
ORDER_000002536_SHIPMENT,ORDER_000002536,PROCESSING,,
ORDER_000002537_SHIPMENT,ORDER_000002537,DELIVERED,2026-10-14T19:32:02,2026-10-18T10:32:02
ORDER_000002538_SHIPMENT,ORDER_000002538,DELIVERED,2026-01-29T20:24:17,2026-01-30T13:24:17
ORDER_000002539_SHIPMENT,ORDER_000002539,PROCESSING,,
ORDER_000002540_SHIPMENT,ORDER_000002540,IN_TRANSIT,2026-06-25T03:30:38,
ORDER_000002541_SHIPMENT,ORDER_000002541,PROCESSING,,
ORDER_000002542_SHIPMENT,ORDER_000002542,PROCESSING,,
ORDER_000002543_SHIPMENT,ORDER_000002543,PROCESSING,,
ORDER_000002544_SHIPMENT,ORDER_000002544,DELIVERED,2026-10-06T04:06:27,2026-10-11T12:06:27
ORDER_000002545_SHIPMENT,ORDER_000002545,PROCESSING,,
ORDER_000002546_SHIPMENT,ORDER_000002546,DELIVERED,2026-02-28T12:09:42,2026-03-04T20:09:42
ORDER_000002547_SHIPMENT,ORDER_000002547,DELIVERED,2026-01-10T13:38:33,2026-01-11T06:38:33
ORDER_000002548_SHIPMENT,ORDER_000002548,IN_TRANSIT,2026-08-29T22:10:14,
ORDER_000002549_SHIPMENT,ORDER_000002549,DELIVERED,2026-03-17T22:11:17,2026-03-20T14:11:17
ORDER_000002550_SHIPMENT,ORDER_000002550,DELIVERED,2026-09-02T21:26:28,2026-09-04T08:26:28
ORDER_000002551_SHIPMENT,ORDER_000002551,PROCESSING,,
ORDER_000002552_SHIPMENT,ORDER_000002552,PROCESSING,,
ORDER_000002553_SHIPMENT,ORDER_000002553,DELIVERED,2026-02-19T02:26:01,2026-02-20T16:26:01
ORDER_000002554_SHIPMENT,ORDER_000002554,DELIVERED,2026-01-28T23:26:49,2026-02-02T02:26:49
ORDER_000002555_SHIPMENT,ORDER_000002555,DELIVERED,2026-10-14T03:26:33,2026-10-16T03:26:33
ORDER_000002556_SHIPMENT,ORDER_000002556,IN_TRANSIT,2026-10-30T16:10:01,
ORDER_000002557_SHIPMENT,ORDER_000002557,DELIVERED,2026-04-09T04:29:38,2026-04-12T17:29:38
ORDER_000002558_SHIPMENT,ORDER_000002558,PROCESSING,,
ORDER_000002559_SHIPMENT,ORDER_000002559,PROCESSING,,
ORDER_000002560_SHIPMENT,ORDER_000002560,DELIVERED,2026-07-25T04:22:45,2026-08-01T02:22:45
ORDER_000002561_SHIPMENT,ORDER_000002561,PROCESSING,,
ORDER_000002562_SHIPMENT,ORDER_000002562,PROCESSING,,
ORDER_000002563_SHIPMENT,ORDER_000002563,DELIVERED,2026-10-23T13:52:43,2026-10-25T08:52:43
ORDER_000002564_SHIPMENT,ORDER_000002564,DELIVERED,2026-05-07T22:31:28,2026-05-11T09:31:28
ORDER_000002565_SHIPMENT,ORDER_000002565,DELIVERED,2026-09-10T10:50:12,2026-09-11T22:50:12
ORDER_000002566_SHIPMENT,ORDER_000002566,PROCESSING,,
ORDER_000002567_SHIPMENT,ORDER_000002567,IN_TRANSIT,2026-10-27T00:28:57,
ORDER_000002568_SHIPMENT,ORDER_000002568,DELIVERED,2026-04-18T07:46:02,2026-04-21T16:46:02
ORDER_000002569_SHIPMENT,ORDER_000002569,DELIVERED,2026-02-01T23:50:14,2026-02-05T16:50:14
ORDER_000002570_SHIPMENT,ORDER_000002570,DELIVERED,2026-08-24T11:56:56,2026-08-27T13:56:56
ORDER_000002571_SHIPMENT,ORDER_000002571,DELIVERED,2026-10-22T15:51:46,2026-10-24T02:51:46
ORDER_000002572_SHIPMENT,ORDER_000002572,PROCESSING,,
ORDER_000002573_SHIPMENT,ORDER_000002573,DELIVERED,2026-01-18T14:00:19,2026-01-20T03:00:19
ORDER_000002574_SHIPMENT,ORDER_000002574,DELIVERED,2026-08-27T09:28:19,2026-09-02T18:28:19
ORDER_000002575_SHIPMENT,ORDER_000002575,DELIVERED,2026-11-24T19:48:37,2026-11-28T04:48:37
ORDER_000002576_SHIPMENT,ORDER_000002576,DELIVERED,2026-05-30T06:55:58,2026-05-31T08:55:58
ORDER_000002577_SHIPMENT,ORDER_000002577,PROCESSING,,
ORDER_000002578_SHIPMENT,ORDER_000002578,DELIVERED,2026-01-30T21:41:12,2026-02-03T03:41:12
ORDER_000002579_SHIPMENT,ORDER_000002579,DELIVERED,2026-02-03T14:35:43,2026-02-05T10:35:43
ORDER_000002580_SHIPMENT,ORDER_000002580,DELIVERED,2026-05-18T20:11:28,2026-05-21T22:11:28
ORDER_000002581_SHIPMENT,ORDER_000002581,DELIVERED,2026-02-27T01:12:05,2026-03-04T02:12:05
ORDER_000002582_SHIPMENT,ORDER_000002582,DELIVERED,2026-05-01T01:55:34,2026-05-04T22:55:34
ORDER_000002583_SHIPMENT,ORDER_000002583,DELIVERED,2026-09-15T18:19:47,2026-09-17T00:19:47
ORDER_000002584_SHIPMENT,ORDER_000002584,DELIVERED,2026-10-09T07:38:37,2026-10-10T05:38:37
ORDER_000002585_SHIPMENT,ORDER_000002585,DELIVERED,2026-09-10T04:14:10,2026-09-15T05:14:10
ORDER_000002586_SHIPMENT,ORDER_000002586,DELIVERED,2026-12-14T12:22:38,2026-12-19T23:22:38
ORDER_000002587_SHIPMENT,ORDER_000002587,DELIVERED,2026-05-16T21:53:27,2026-05-23T14:53:27
ORDER_000002588_SHIPMENT,ORDER_000002588,DELIVERED,2027-01-03T13:50:19,2027-01-05T23:50:19
ORDER_000002589_SHIPMENT,ORDER_000002589,PROCESSING,,
ORDER_000002590_SHIPMENT,ORDER_000002590,IN_TRANSIT,2026-05-22T11:10:40,
ORDER_000002591_SHIPMENT,ORDER_000002591,IN_TRANSIT,2026-02-06T11:26:54,
ORDER_000002592_SHIPMENT,ORDER_000002592,IN_TRANSIT,2026-04-03T04:24:37,
ORDER_000002593_SHIPMENT,ORDER_000002593,IN_TRANSIT,2026-07-25T04:15:11,
ORDER_000002594_SHIPMENT,ORDER_000002594,DELIVERED,2026-11-12T11:24:29,2026-11-17T15:24:29
ORDER_000002595_SHIPMENT,ORDER_000002595,DELIVERED,2026-03-05T14:57:02,2026-03-06T13:57:02
ORDER_000002596_SHIPMENT,ORDER_000002596,DELIVERED,2026-01-31T07:11:17,2026-02-03T20:11:17
ORDER_000002597_SHIPMENT,ORDER_000002597,IN_TRANSIT,2026-10-22T20:24:52,
ORDER_000002598_SHIPMENT,ORDER_000002598,PROCESSING,,
ORDER_000002599_SHIPMENT,ORDER_000002599,DELIVERED,2026-04-18T06:15:13,2026-04-23T12:15:13
ORDER_000002600_SHIPMENT,ORDER_000002600,PROCESSING,,
ORDER_000002601_SHIPMENT,ORDER_000002601,PROCESSING,,
ORDER_000002602_SHIPMENT,ORDER_000002602,DELIVERED,2026-12-26T14:21:08,2026-12-27T07:21:08
ORDER_000002603_SHIPMENT,ORDER_000002603,DELIVERED,2026-04-06T04:40:46,2026-04-08T05:40:46
ORDER_000002604_SHIPMENT,ORDER_000002604,IN_TRANSIT,2026-10-27T08:55:43,
ORDER_000002605_SHIPMENT,ORDER_000002605,DELIVERED,2026-11-21T18:52:44,2026-11-26T20:52:44
ORDER_000002606_SHIPMENT,ORDER_000002606,DELIVERED,2026-02-21T09:11:38,2026-02-25T04:11:38
ORDER_000002607_SHIPMENT,ORDER_000002607,PROCESSING,,
ORDER_000002608_SHIPMENT,ORDER_000002608,DELIVERED,2026-11-11T15:03:37,2026-11-15T03:03:37
ORDER_000002609_SHIPMENT,ORDER_000002609,PROCESSING,,
ORDER_000002610_SHIPMENT,ORDER_000002610,DELIVERED,2026-11-07T22:01:13,2026-11-08T21:01:13
ORDER_000002611_SHIPMENT,ORDER_000002611,DELIVERED,2026-02-17T23:13:24,2026-02-23T22:13:24
ORDER_000002612_SHIPMENT,ORDER_000002612,DELIVERED,2026-03-12T14:53:19,2026-03-19T00:53:19
ORDER_000002613_SHIPMENT,ORDER_000002613,DELIVERED,2026-08-02T23:35:50,2026-08-06T09:35:50
ORDER_000002614_SHIPMENT,ORDER_000002614,IN_TRANSIT,2026-11-03T09:28:27,
ORDER_000002615_SHIPMENT,ORDER_000002615,IN_TRANSIT,2026-02-22T13:52:57,
ORDER_000002616_SHIPMENT,ORDER_000002616,PROCESSING,,
ORDER_000002617_SHIPMENT,ORDER_000002617,DELIVERED,2026-07-08T07:46:22,2026-07-11T14:46:22
ORDER_000002618_SHIPMENT,ORDER_000002618,PROCESSING,,
ORDER_000002619_SHIPMENT,ORDER_000002619,IN_TRANSIT,2026-11-03T04:49:05,
ORDER_000002620_SHIPMENT,ORDER_000002620,PROCESSING,,
ORDER_000002621_SHIPMENT,ORDER_000002621,DELIVERED,2026-01-15T16:55:09,2026-01-22T02:55:09
ORDER_000002622_SHIPMENT,ORDER_000002622,DELIVERED,2026-07-05T01:09:01,2026-07-09T02:09:01
ORDER_000002623_SHIPMENT,ORDER_000002623,DELIVERED,2026-01-23T15:52:11,2026-01-25T20:52:11
ORDER_000002624_SHIPMENT,ORDER_000002624,DELIVERED,2026-04-14T23:33:21,2026-04-21T04:33:21
ORDER_000002625_SHIPMENT,ORDER_000002625,PROCESSING,,
ORDER_000002626_SHIPMENT,ORDER_000002626,DELIVERED,2026-12-18T07:38:32,2026-12-25T03:38:32
ORDER_000002627_SHIPMENT,ORDER_000002627,DELIVERED,2026-10-09T22:52:11,2026-10-11T10:52:11
ORDER_000002628_SHIPMENT,ORDER_000002628,DELIVERED,2026-05-02T22:51:45,2026-05-06T06:51:45
ORDER_000002629_SHIPMENT,ORDER_000002629,DELIVERED,2026-06-17T16:32:18,2026-06-19T18:32:18
ORDER_000002630_SHIPMENT,ORDER_000002630,DELIVERED,2026-10-14T00:32:34,2026-10-17T10:32:34
ORDER_000002631_SHIPMENT,ORDER_000002631,DELIVERED,2026-11-24T16:31:42,2026-11-28T19:31:42
ORDER_000002632_SHIPMENT,ORDER_000002632,DELIVERED,2026-06-24T07:38:32,2026-06-26T12:38:32
ORDER_000002633_SHIPMENT,ORDER_000002633,DELIVERED,2026-03-18T05:28:09,2026-03-24T01:28:09
ORDER_000002634_SHIPMENT,ORDER_000002634,DELIVERED,2026-10-25T04:21:45,2026-10-26T18:21:45
ORDER_000002635_SHIPMENT,ORDER_000002635,DELIVERED,2026-03-15T15:37:01,2026-03-17T04:37:01
ORDER_000002636_SHIPMENT,ORDER_000002636,DELIVERED,2026-09-02T08:09:18,2026-09-08T18:09:18
ORDER_000002637_SHIPMENT,ORDER_000002637,DELIVERED,2026-05-04T21:16:31,2026-05-09T19:16:31
ORDER_000002638_SHIPMENT,ORDER_000002638,IN_TRANSIT,2026-06-18T16:12:30,
ORDER_000002639_SHIPMENT,ORDER_000002639,DELIVERED,2026-11-03T23:53:07,2026-11-10T03:53:07
ORDER_000002640_SHIPMENT,ORDER_000002640,DELIVERED,2026-04-10T18:10:13,2026-04-13T09:10:13
ORDER_000002641_SHIPMENT,ORDER_000002641,DELIVERED,2026-04-02T03:59:34,2026-04-03T01:59:34
ORDER_000002642_SHIPMENT,ORDER_000002642,DELIVERED,2026-08-19T03:08:15,2026-08-22T13:08:15
ORDER_000002643_SHIPMENT,ORDER_000002643,DELIVERED,2026-01-24T03:32:20,2026-01-30T03:32:20
ORDER_000002644_SHIPMENT,ORDER_000002644,DELIVERED,2026-02-13T05:02:07,2026-02-14T06:02:07
ORDER_000002645_SHIPMENT,ORDER_000002645,DELIVERED,2026-04-01T12:07:10,2026-04-08T12:07:10
ORDER_000002646_SHIPMENT,ORDER_000002646,DELIVERED,2026-04-26T23:24:27,2026-04-29T22:24:27
ORDER_000002647_SHIPMENT,ORDER_000002647,IN_TRANSIT,2026-02-09T21:38:26,
ORDER_000002648_SHIPMENT,ORDER_000002648,DELIVERED,2026-09-13T14:54:57,2026-09-16T20:54:57
ORDER_000002649_SHIPMENT,ORDER_000002649,IN_TRANSIT,2026-03-14T11:29:28,
ORDER_000002650_SHIPMENT,ORDER_000002650,DELIVERED,2026-11-08T13:01:10,2026-11-13T10:01:10
ORDER_000002651_SHIPMENT,ORDER_000002651,IN_TRANSIT,2026-09-08T12:44:58,
ORDER_000002652_SHIPMENT,ORDER_000002652,DELIVERED,2026-05-24T03:45:42,2026-05-28T14:45:42
ORDER_000002653_SHIPMENT,ORDER_000002653,DELIVERED,2026-12-03T12:44:31,2026-12-06T19:44:31
ORDER_000002654_SHIPMENT,ORDER_000002654,PROCESSING,,
ORDER_000002655_SHIPMENT,ORDER_000002655,DELIVERED,2026-12-08T23:49:23,2026-12-11T17:49:23
ORDER_000002656_SHIPMENT,ORDER_000002656,IN_TRANSIT,2026-08-16T15:02:09,
ORDER_000002657_SHIPMENT,ORDER_000002657,PROCESSING,,
ORDER_000002658_SHIPMENT,ORDER_000002658,DELIVERED,2026-07-09T21:37:47,2026-07-12T09:37:47
ORDER_000002659_SHIPMENT,ORDER_000002659,DELIVERED,2026-12-08T02:56:27,2026-12-13T01:56:27
ORDER_000002660_SHIPMENT,ORDER_000002660,IN_TRANSIT,2026-05-14T14:43:37,
ORDER_000002661_SHIPMENT,ORDER_000002661,PROCESSING,,
ORDER_000002662_SHIPMENT,ORDER_000002662,PROCESSING,,
ORDER_000002663_SHIPMENT,ORDER_000002663,DELIVERED,2026-08-10T15:16:44,2026-08-11T23:16:44
ORDER_000002664_SHIPMENT,ORDER_000002664,PROCESSING,,
ORDER_000002665_SHIPMENT,ORDER_000002665,DELIVERED,2026-11-01T21:28,2026-11-03T01:28
ORDER_000002666_SHIPMENT,ORDER_000002666,PROCESSING,,
ORDER_000002667_SHIPMENT,ORDER_000002667,DELIVERED,2026-05-06T06:52:25,2026-05-10T20:52:25
ORDER_000002668_SHIPMENT,ORDER_000002668,PROCESSING,,
ORDER_000002669_SHIPMENT,ORDER_000002669,DELIVERED,2026-08-13T17:49:24,2026-08-14T08:49:24
ORDER_000002670_SHIPMENT,ORDER_000002670,IN_TRANSIT,2026-07-17T00:05:04,
ORDER_000002671_SHIPMENT,ORDER_000002671,DELIVERED,2026-08-18T20:34:58,2026-08-22T17:34:58
ORDER_000002672_SHIPMENT,ORDER_000002672,DELIVERED,2026-01-20T18:37:12,2026-01-27T04:37:12
ORDER_000002673_SHIPMENT,ORDER_000002673,DELIVERED,2026-06-05T11:22:18,2026-06-11T20:22:18
ORDER_000002674_SHIPMENT,ORDER_000002674,DELIVERED,2026-04-17T04:52:30,2026-04-21T22:52:30
ORDER_000002675_SHIPMENT,ORDER_000002675,PROCESSING,,
ORDER_000002676_SHIPMENT,ORDER_000002676,IN_TRANSIT,2026-04-13T10:22:27,
ORDER_000002677_SHIPMENT,ORDER_000002677,DELIVERED,2026-11-12T21:56:54,2026-11-19T21:56:54
ORDER_000002678_SHIPMENT,ORDER_000002678,DELIVERED,2026-08-04T04:24:55,2026-08-07T05:24:55
ORDER_000002679_SHIPMENT,ORDER_000002679,IN_TRANSIT,2026-08-23T22:07:16,
ORDER_000002680_SHIPMENT,ORDER_000002680,DELIVERED,2026-02-17T14:44:38,2026-02-22T05:44:38
ORDER_000002681_SHIPMENT,ORDER_000002681,IN_TRANSIT,2026-04-01T15:27:41,
ORDER_000002682_SHIPMENT,ORDER_000002682,PROCESSING,,
ORDER_000002683_SHIPMENT,ORDER_000002683,DELIVERED,2026-06-04T21:36:43,2026-06-09T15:36:43
ORDER_000002684_SHIPMENT,ORDER_000002684,IN_TRANSIT,2026-11-01T07:58:25,
ORDER_000002685_SHIPMENT,ORDER_000002685,PROCESSING,,
ORDER_000002686_SHIPMENT,ORDER_000002686,DELIVERED,2026-11-06T10:06:26,2026-11-09T16:06:26
ORDER_000002687_SHIPMENT,ORDER_000002687,PROCESSING,,
ORDER_000002688_SHIPMENT,ORDER_000002688,DELIVERED,2026-01-23T14:15:29,2026-01-27T21:15:29
ORDER_000002689_SHIPMENT,ORDER_000002689,PROCESSING,,
ORDER_000002690_SHIPMENT,ORDER_000002690,PROCESSING,,
ORDER_000002691_SHIPMENT,ORDER_000002691,DELIVERED,2026-11-23T14:58:34,2026-11-30T08:58:34
ORDER_000002692_SHIPMENT,ORDER_000002692,DELIVERED,2026-08-07T16:38:02,2026-08-09T05:38:02
ORDER_000002693_SHIPMENT,ORDER_000002693,IN_TRANSIT,2026-02-11T11:01:09,
ORDER_000002694_SHIPMENT,ORDER_000002694,DELIVERED,2026-11-27T19:03:45,2026-11-30T11:03:45
ORDER_000002695_SHIPMENT,ORDER_000002695,DELIVERED,2026-12-26T02:03:38,2026-12-28T02:03:38
ORDER_000002696_SHIPMENT,ORDER_000002696,PROCESSING,,
ORDER_000002697_SHIPMENT,ORDER_000002697,DELIVERED,2026-06-11T02:49:59,2026-06-13T07:49:59
ORDER_000002698_SHIPMENT,ORDER_000002698,DELIVERED,2026-06-19T23:09:03,2026-06-25T16:09:03
ORDER_000002699_SHIPMENT,ORDER_000002699,DELIVERED,2026-02-16T12:25,2026-02-21T08:25
ORDER_000002700_SHIPMENT,ORDER_000002700,DELIVERED,2026-03-05T02:43:57,2026-03-08T14:43:57
ORDER_000002701_SHIPMENT,ORDER_000002701,DELIVERED,2026-03-18T05:36:48,2026-03-19T16:36:48
ORDER_000002702_SHIPMENT,ORDER_000002702,DELIVERED,2026-12-06T01:55:04,2026-12-09T06:55:04
ORDER_000002703_SHIPMENT,ORDER_000002703,PROCESSING,,
ORDER_000002704_SHIPMENT,ORDER_000002704,PROCESSING,,
ORDER_000002705_SHIPMENT,ORDER_000002705,DELIVERED,2026-10-19T19:39:56,2026-10-22T21:39:56
ORDER_000002706_SHIPMENT,ORDER_000002706,IN_TRANSIT,2026-07-22T18:30:04,
ORDER_000002707_SHIPMENT,ORDER_000002707,DELIVERED,2026-06-27T23:53:10,2026-07-03T12:53:10
ORDER_000002708_SHIPMENT,ORDER_000002708,DELIVERED,2026-11-25T10:55:57,2026-11-29T14:55:57
ORDER_000002709_SHIPMENT,ORDER_000002709,PROCESSING,,
ORDER_000002710_SHIPMENT,ORDER_000002710,PROCESSING,,
ORDER_000002711_SHIPMENT,ORDER_000002711,PROCESSING,,
ORDER_000002712_SHIPMENT,ORDER_000002712,DELIVERED,2026-03-09T03:02:18,2026-03-12T23:02:18
ORDER_000002713_SHIPMENT,ORDER_000002713,PROCESSING,,
ORDER_000002714_SHIPMENT,ORDER_000002714,DELIVERED,2026-09-04T15:34:10,2026-09-07T05:34:10
ORDER_000002715_SHIPMENT,ORDER_000002715,DELIVERED,2026-04-23T04:29:12,2026-04-26T07:29:12
ORDER_000002716_SHIPMENT,ORDER_000002716,DELIVERED,2026-06-02T00:59:21,2026-06-08T12:59:21
ORDER_000002717_SHIPMENT,ORDER_000002717,DELIVERED,2026-12-24T02:21:32,2026-12-24T19:21:32
ORDER_000002718_SHIPMENT,ORDER_000002718,DELIVERED,2026-08-22T22:41:16,2026-08-24T09:41:16
ORDER_000002719_SHIPMENT,ORDER_000002719,PROCESSING,,
ORDER_000002720_SHIPMENT,ORDER_000002720,IN_TRANSIT,2026-12-07T23:32:27,
ORDER_000002721_SHIPMENT,ORDER_000002721,DELIVERED,2026-07-12T23:03:44,2026-07-15T10:03:44
ORDER_000002722_SHIPMENT,ORDER_000002722,IN_TRANSIT,2026-01-10T22:39:58,
ORDER_000002723_SHIPMENT,ORDER_000002723,DELIVERED,2026-08-08T02:00:06,2026-08-08T16:00:06
ORDER_000002724_SHIPMENT,ORDER_000002724,PROCESSING,,
ORDER_000002725_SHIPMENT,ORDER_000002725,DELIVERED,2026-09-08T23:48:18,2026-09-11T05:48:18
ORDER_000002726_SHIPMENT,ORDER_000002726,DELIVERED,2026-03-22T12:02:29,2026-03-23T02:02:29
ORDER_000002727_SHIPMENT,ORDER_000002727,DELIVERED,2026-07-27T20:15:31,2026-07-30T03:15:31
ORDER_000002728_SHIPMENT,ORDER_000002728,PROCESSING,,
ORDER_000002729_SHIPMENT,ORDER_000002729,DELIVERED,2026-03-18T12:30:50,2026-03-25T08:30:50
ORDER_000002730_SHIPMENT,ORDER_000002730,DELIVERED,2026-07-01T20:39:51,2026-07-07T17:39:51
ORDER_000002731_SHIPMENT,ORDER_000002731,DELIVERED,2026-09-03T04:30:11,2026-09-06T02:30:11
ORDER_000002732_SHIPMENT,ORDER_000002732,PROCESSING,,
ORDER_000002733_SHIPMENT,ORDER_000002733,DELIVERED,2026-02-18T15:22:52,2026-02-24T11:22:52
ORDER_000002734_SHIPMENT,ORDER_000002734,PROCESSING,,
ORDER_000002735_SHIPMENT,ORDER_000002735,DELIVERED,2026-06-23T04:39:40,2026-06-24T07:39:40
ORDER_000002736_SHIPMENT,ORDER_000002736,DELIVERED,2026-11-08T15:37:29,2026-11-11T06:37:29
ORDER_000002737_SHIPMENT,ORDER_000002737,IN_TRANSIT,2026-07-06T07:42:49,
ORDER_000002738_SHIPMENT,ORDER_000002738,DELIVERED,2026-11-29T15:06:50,2026-12-05T01:06:50
ORDER_000002739_SHIPMENT,ORDER_000002739,DELIVERED,2026-10-21T17:55:57,2026-10-26T06:55:57
ORDER_000002740_SHIPMENT,ORDER_000002740,IN_TRANSIT,2026-04-08T12:48:38,
ORDER_000002741_SHIPMENT,ORDER_000002741,IN_TRANSIT,2026-07-07T02:54:50,
ORDER_000002742_SHIPMENT,ORDER_000002742,PROCESSING,,
ORDER_000002743_SHIPMENT,ORDER_000002743,DELIVERED,2026-01-05T00:26:35,2026-01-10T01:26:35
ORDER_000002744_SHIPMENT,ORDER_000002744,DELIVERED,2026-03-18T05:34:53,2026-03-18T21:34:53
ORDER_000002745_SHIPMENT,ORDER_000002745,PROCESSING,,
ORDER_000002746_SHIPMENT,ORDER_000002746,DELIVERED,2026-08-27T17:18:52,2026-09-02T05:18:52
ORDER_000002747_SHIPMENT,ORDER_000002747,DELIVERED,2026-10-03T09:25:12,2026-10-07T21:25:12
ORDER_000002748_SHIPMENT,ORDER_000002748,DELIVERED,2026-06-24T22:38:28,2026-06-26T08:38:28
ORDER_000002749_SHIPMENT,ORDER_000002749,DELIVERED,2026-11-09T01:46:32,2026-11-09T22:46:32
ORDER_000002750_SHIPMENT,ORDER_000002750,DELIVERED,2026-02-19T10:34:02,2026-02-26T04:34:02
ORDER_000002751_SHIPMENT,ORDER_000002751,IN_TRANSIT,2026-06-04T07:42:46,
ORDER_000002752_SHIPMENT,ORDER_000002752,DELIVERED,2026-02-24T08:56:46,2026-02-26T15:56:46
ORDER_000002753_SHIPMENT,ORDER_000002753,DELIVERED,2026-03-17T09:13:51,2026-03-20T06:13:51
ORDER_000002754_SHIPMENT,ORDER_000002754,IN_TRANSIT,2026-07-31T12:24:23,
ORDER_000002755_SHIPMENT,ORDER_000002755,DELIVERED,2026-03-22T02:33:13,2026-03-28T01:33:13
ORDER_000002756_SHIPMENT,ORDER_000002756,IN_TRANSIT,2026-01-23T19:26:17,
ORDER_000002757_SHIPMENT,ORDER_000002757,PROCESSING,,
ORDER_000002758_SHIPMENT,ORDER_000002758,IN_TRANSIT,2026-11-30T23:10:23,
ORDER_000002759_SHIPMENT,ORDER_000002759,DELIVERED,2026-10-19T11:28:12,2026-10-21T04:28:12
ORDER_000002760_SHIPMENT,ORDER_000002760,IN_TRANSIT,2026-12-17T20:18:03,
ORDER_000002761_SHIPMENT,ORDER_000002761,PROCESSING,,
ORDER_000002762_SHIPMENT,ORDER_000002762,PROCESSING,,
ORDER_000002763_SHIPMENT,ORDER_000002763,DELIVERED,2026-10-14T11:52:29,2026-10-20T12:52:29
ORDER_000002764_SHIPMENT,ORDER_000002764,DELIVERED,2027-01-02T04:08:20,2027-01-03T22:08:20
ORDER_000002765_SHIPMENT,ORDER_000002765,IN_TRANSIT,2026-11-05T15:10:32,
ORDER_000002766_SHIPMENT,ORDER_000002766,DELIVERED,2026-09-27T23:32:17,2026-10-04T05:32:17
ORDER_000002767_SHIPMENT,ORDER_000002767,DELIVERED,2026-01-30T18:03:30,2026-01-31T10:03:30
ORDER_000002768_SHIPMENT,ORDER_000002768,PROCESSING,,
ORDER_000002769_SHIPMENT,ORDER_000002769,PROCESSING,,
ORDER_000002770_SHIPMENT,ORDER_000002770,DELIVERED,2026-05-06T05:24:41,2026-05-07T15:24:41
ORDER_000002771_SHIPMENT,ORDER_000002771,DELIVERED,2026-11-07T18:30:13,2026-11-08T18:30:13
ORDER_000002772_SHIPMENT,ORDER_000002772,DELIVERED,2026-09-12T08:59:22,2026-09-15T04:59:22
ORDER_000002773_SHIPMENT,ORDER_000002773,DELIVERED,2026-09-10T02:13:56,2026-09-15T16:13:56
ORDER_000002774_SHIPMENT,ORDER_000002774,IN_TRANSIT,2026-03-15T12:45:17,
ORDER_000002775_SHIPMENT,ORDER_000002775,DELIVERED,2026-04-21T13:12:41,2026-04-27T19:12:41
ORDER_000002776_SHIPMENT,ORDER_000002776,PROCESSING,,
ORDER_000002777_SHIPMENT,ORDER_000002777,PROCESSING,,
ORDER_000002778_SHIPMENT,ORDER_000002778,DELIVERED,2026-01-28T20:07:28,2026-02-02T19:07:28
ORDER_000002779_SHIPMENT,ORDER_000002779,DELIVERED,2026-03-11T18:59:47,2026-03-16T13:59:47
ORDER_000002780_SHIPMENT,ORDER_000002780,PROCESSING,,
ORDER_000002781_SHIPMENT,ORDER_000002781,DELIVERED,2026-06-28T08:19:12,2026-07-03T05:19:12
ORDER_000002782_SHIPMENT,ORDER_000002782,DELIVERED,2026-09-12T05:55:17,2026-09-16T19:55:17
ORDER_000002783_SHIPMENT,ORDER_000002783,IN_TRANSIT,2026-07-18T22:02:49,
ORDER_000002784_SHIPMENT,ORDER_000002784,DELIVERED,2026-10-16T16:21:23,2026-10-19T04:21:23
ORDER_000002785_SHIPMENT,ORDER_000002785,DELIVERED,2026-10-31T19:08:11,2026-11-06T09:08:11
ORDER_000002786_SHIPMENT,ORDER_000002786,DELIVERED,2026-12-28T18:34:43,2026-12-30T14:34:43
ORDER_000002787_SHIPMENT,ORDER_000002787,DELIVERED,2026-03-22T21:05:40,2026-03-24T17:05:40
ORDER_000002788_SHIPMENT,ORDER_000002788,DELIVERED,2026-01-29T23:55:42,2026-01-31T18:55:42
ORDER_000002789_SHIPMENT,ORDER_000002789,DELIVERED,2026-05-24T13:11:14,2026-05-29T18:11:14
ORDER_000002790_SHIPMENT,ORDER_000002790,DELIVERED,2026-09-04T23:36:47,2026-09-11T13:36:47
ORDER_000002791_SHIPMENT,ORDER_000002791,IN_TRANSIT,2026-07-21T02:23:45,
ORDER_000002792_SHIPMENT,ORDER_000002792,DELIVERED,2026-09-10T01:17:29,2026-09-14T17:17:29
ORDER_000002793_SHIPMENT,ORDER_000002793,IN_TRANSIT,2026-07-20T06:14:44,
ORDER_000002794_SHIPMENT,ORDER_000002794,PROCESSING,,
ORDER_000002795_SHIPMENT,ORDER_000002795,DELIVERED,2026-07-19T04:29:28,2026-07-22T08:29:28
ORDER_000002796_SHIPMENT,ORDER_000002796,DELIVERED,2026-09-03T06:34:53,2026-09-10T05:34:53
ORDER_000002797_SHIPMENT,ORDER_000002797,DELIVERED,2026-06-23T11:16:58,2026-06-25T17:16:58
ORDER_000002798_SHIPMENT,ORDER_000002798,DELIVERED,2026-04-20T09:48:14,2026-04-24T08:48:14
ORDER_000002799_SHIPMENT,ORDER_000002799,PROCESSING,,
ORDER_000002800_SHIPMENT,ORDER_000002800,DELIVERED,2026-03-27T04:56:43,2026-04-01T16:56:43
ORDER_000002801_SHIPMENT,ORDER_000002801,DELIVERED,2026-03-05T20:23:10,2026-03-12T14:23:10
ORDER_000002802_SHIPMENT,ORDER_000002802,DELIVERED,2026-06-22T13:02:35,2026-06-27T02:02:35
ORDER_000002803_SHIPMENT,ORDER_000002803,DELIVERED,2026-02-03T20:18:36,2026-02-05T10:18:36
ORDER_000002804_SHIPMENT,ORDER_000002804,DELIVERED,2026-12-24T22:30:33,2026-12-30T01:30:33
ORDER_000002805_SHIPMENT,ORDER_000002805,DELIVERED,2026-10-16T16:04:06,2026-10-17T19:04:06
ORDER_000002806_SHIPMENT,ORDER_000002806,IN_TRANSIT,2026-04-16T11:08:44,
ORDER_000002807_SHIPMENT,ORDER_000002807,DELIVERED,2026-03-19T22:28:05,2026-03-21T10:28:05
ORDER_000002808_SHIPMENT,ORDER_000002808,DELIVERED,2026-08-22T06:37:31,2026-08-27T22:37:31
ORDER_000002809_SHIPMENT,ORDER_000002809,DELIVERED,2026-07-04T08:13:56,2026-07-07T14:13:56
ORDER_000002810_SHIPMENT,ORDER_000002810,IN_TRANSIT,2026-10-16T06:29:06,
ORDER_000002811_SHIPMENT,ORDER_000002811,DELIVERED,2026-09-15T01:23:10,2026-09-19T10:23:10
ORDER_000002812_SHIPMENT,ORDER_000002812,IN_TRANSIT,2026-03-24T06:23:19,
ORDER_000002813_SHIPMENT,ORDER_000002813,DELIVERED,2026-01-16T23:05:30,2026-01-22T08:05:30
ORDER_000002814_SHIPMENT,ORDER_000002814,DELIVERED,2026-10-08T03:14:24,2026-10-08T17:14:24
ORDER_000002815_SHIPMENT,ORDER_000002815,PROCESSING,,
ORDER_000002816_SHIPMENT,ORDER_000002816,DELIVERED,2026-10-21T09:20:56,2026-10-23T04:20:56
ORDER_000002817_SHIPMENT,ORDER_000002817,DELIVERED,2026-12-05T12:31:04,2026-12-06T14:31:04
ORDER_000002818_SHIPMENT,ORDER_000002818,DELIVERED,2026-04-13T05:25:39,2026-04-18T05:25:39
ORDER_000002819_SHIPMENT,ORDER_000002819,DELIVERED,2026-08-19T18:20:54,2026-08-25T08:20:54
ORDER_000002820_SHIPMENT,ORDER_000002820,DELIVERED,2026-03-22T22:29:07,2026-03-27T23:29:07
ORDER_000002821_SHIPMENT,ORDER_000002821,IN_TRANSIT,2026-03-23T09:54:51,
ORDER_000002822_SHIPMENT,ORDER_000002822,DELIVERED,2026-05-16T18:25:48,2026-05-20T04:25:48
ORDER_000002823_SHIPMENT,ORDER_000002823,DELIVERED,2026-05-10T01:36:44,2026-05-14T14:36:44
ORDER_000002824_SHIPMENT,ORDER_000002824,DELIVERED,2026-04-05T09:22:21,2026-04-11T10:22:21
ORDER_000002825_SHIPMENT,ORDER_000002825,DELIVERED,2026-06-02T01:58:09,2026-06-06T01:58:09
ORDER_000002826_SHIPMENT,ORDER_000002826,PROCESSING,,
ORDER_000002827_SHIPMENT,ORDER_000002827,DELIVERED,2026-04-11T12:38:09,2026-04-16T20:38:09
ORDER_000002828_SHIPMENT,ORDER_000002828,DELIVERED,2026-09-17T03:57:27,2026-09-22T09:57:27
ORDER_000002829_SHIPMENT,ORDER_000002829,DELIVERED,2026-11-05T10:01:56,2026-11-08T02:01:56
ORDER_000002830_SHIPMENT,ORDER_000002830,DELIVERED,2026-04-11T08:22:30,2026-04-13T06:22:30
ORDER_000002831_SHIPMENT,ORDER_000002831,DELIVERED,2026-07-26T17:26:54,2026-07-30T20:26:54
ORDER_000002832_SHIPMENT,ORDER_000002832,PROCESSING,,
ORDER_000002833_SHIPMENT,ORDER_000002833,DELIVERED,2026-12-06T19:22:03,2026-12-12T18:22:03
ORDER_000002834_SHIPMENT,ORDER_000002834,IN_TRANSIT,2026-11-09T20:04:03,
ORDER_000002835_SHIPMENT,ORDER_000002835,PROCESSING,,
ORDER_000002836_SHIPMENT,ORDER_000002836,IN_TRANSIT,2026-05-28T11:35:16,
ORDER_000002837_SHIPMENT,ORDER_000002837,DELIVERED,2026-03-22T00:41:19,2026-03-27T04:41:19
ORDER_000002838_SHIPMENT,ORDER_000002838,PROCESSING,,
ORDER_000002839_SHIPMENT,ORDER_000002839,PROCESSING,,
ORDER_000002840_SHIPMENT,ORDER_000002840,IN_TRANSIT,2026-01-26T19:45:04,
ORDER_000002841_SHIPMENT,ORDER_000002841,DELIVERED,2026-05-15T11:48:21,2026-05-22T06:48:21
ORDER_000002842_SHIPMENT,ORDER_000002842,DELIVERED,2026-03-10T03:20:46,2026-03-16T04:20:46
ORDER_000002843_SHIPMENT,ORDER_000002843,DELIVERED,2026-11-23T22:58:35,2026-11-26T08:58:35
ORDER_000002844_SHIPMENT,ORDER_000002844,DELIVERED,2026-05-05T06:33:23,2026-05-06T09:33:23
ORDER_000002845_SHIPMENT,ORDER_000002845,DELIVERED,2026-09-30T03:06:38,2026-10-02T22:06:38
ORDER_000002846_SHIPMENT,ORDER_000002846,DELIVERED,2026-02-06T08:45:18,2026-02-07T03:45:18
ORDER_000002847_SHIPMENT,ORDER_000002847,PROCESSING,,
ORDER_000002848_SHIPMENT,ORDER_000002848,IN_TRANSIT,2026-08-13T17:30:25,
ORDER_000002849_SHIPMENT,ORDER_000002849,DELIVERED,2026-10-26T06:27:08,2026-10-28T21:27:08
ORDER_000002850_SHIPMENT,ORDER_000002850,DELIVERED,2026-06-25T11:51:56,2026-06-29T02:51:56
ORDER_000002851_SHIPMENT,ORDER_000002851,IN_TRANSIT,2026-10-22T21:10:42,
ORDER_000002852_SHIPMENT,ORDER_000002852,DELIVERED,2026-04-14T06:47:54,2026-04-19T10:47:54
ORDER_000002853_SHIPMENT,ORDER_000002853,DELIVERED,2026-01-19T23:59:46,2026-01-25T14:59:46
ORDER_000002854_SHIPMENT,ORDER_000002854,DELIVERED,2026-09-17T16:29:29,2026-09-23T17:29:29
ORDER_000002855_SHIPMENT,ORDER_000002855,PROCESSING,,
ORDER_000002856_SHIPMENT,ORDER_000002856,IN_TRANSIT,2026-01-13T16:11:11,
ORDER_000002857_SHIPMENT,ORDER_000002857,DELIVERED,2026-06-19T04:11:54,2026-06-24T16:11:54
ORDER_000002858_SHIPMENT,ORDER_000002858,DELIVERED,2026-10-06T12:59:20,2026-10-12T19:59:20
ORDER_000002859_SHIPMENT,ORDER_000002859,DELIVERED,2026-12-05T23:39:07,2026-12-11T14:39:07
ORDER_000002860_SHIPMENT,ORDER_000002860,PROCESSING,,
ORDER_000002861_SHIPMENT,ORDER_000002861,PROCESSING,,
ORDER_000002862_SHIPMENT,ORDER_000002862,PROCESSING,,
ORDER_000002863_SHIPMENT,ORDER_000002863,IN_TRANSIT,2026-08-20T19:46:13,
ORDER_000002864_SHIPMENT,ORDER_000002864,PROCESSING,,
ORDER_000002865_SHIPMENT,ORDER_000002865,DELIVERED,2026-12-10T22:15:02,2026-12-11T20:15:02
ORDER_000002866_SHIPMENT,ORDER_000002866,IN_TRANSIT,2026-07-22T16:22:36,
ORDER_000002867_SHIPMENT,ORDER_000002867,PROCESSING,,
ORDER_000002868_SHIPMENT,ORDER_000002868,DELIVERED,2026-11-06T19:39:19,2026-11-11T15:39:19
ORDER_000002869_SHIPMENT,ORDER_000002869,DELIVERED,2026-09-22T09:56:45,2026-09-29T06:56:45
ORDER_000002870_SHIPMENT,ORDER_000002870,DELIVERED,2026-08-19T12:05:55,2026-08-20T03:05:55
ORDER_000002871_SHIPMENT,ORDER_000002871,PROCESSING,,
ORDER_000002872_SHIPMENT,ORDER_000002872,DELIVERED,2026-01-20T14:52:11,2026-01-26T01:52:11
ORDER_000002873_SHIPMENT,ORDER_000002873,IN_TRANSIT,2026-02-05T08:48:53,
ORDER_000002874_SHIPMENT,ORDER_000002874,PROCESSING,,
ORDER_000002875_SHIPMENT,ORDER_000002875,DELIVERED,2026-01-12T13:22:59,2026-01-14T06:22:59
ORDER_000002876_SHIPMENT,ORDER_000002876,DELIVERED,2026-02-24T15:16:51,2026-02-26T12:16:51
ORDER_000002877_SHIPMENT,ORDER_000002877,DELIVERED,2026-05-15T00:48:53,2026-05-17T11:48:53
ORDER_000002878_SHIPMENT,ORDER_000002878,PROCESSING,,
ORDER_000002879_SHIPMENT,ORDER_000002879,IN_TRANSIT,2026-08-24T20:58:36,
ORDER_000002880_SHIPMENT,ORDER_000002880,DELIVERED,2026-09-11T10:42:04,2026-09-17T13:42:04
ORDER_000002881_SHIPMENT,ORDER_000002881,IN_TRANSIT,2026-05-19T15:23:40,
ORDER_000002882_SHIPMENT,ORDER_000002882,DELIVERED,2026-03-09T12:46:19,2026-03-12T04:46:19
ORDER_000002883_SHIPMENT,ORDER_000002883,IN_TRANSIT,2026-12-30T08:25:52,
ORDER_000002884_SHIPMENT,ORDER_000002884,IN_TRANSIT,2026-04-19T16:08:36,
ORDER_000002885_SHIPMENT,ORDER_000002885,DELIVERED,2026-04-06T08:56:55,2026-04-08T14:56:55
ORDER_000002886_SHIPMENT,ORDER_000002886,DELIVERED,2026-06-17T17:56:39,2026-06-19T11:56:39
ORDER_000002887_SHIPMENT,ORDER_000002887,IN_TRANSIT,2026-08-02T23:37:40,
ORDER_000002888_SHIPMENT,ORDER_000002888,DELIVERED,2026-06-12T10:29:31,2026-06-15T03:29:31
ORDER_000002889_SHIPMENT,ORDER_000002889,DELIVERED,2026-04-03T20:12:20,2026-04-04T17:12:20
ORDER_000002890_SHIPMENT,ORDER_000002890,PROCESSING,,
ORDER_000002891_SHIPMENT,ORDER_000002891,DELIVERED,2026-02-19T15:51:43,2026-02-25T11:51:43
ORDER_000002892_SHIPMENT,ORDER_000002892,PROCESSING,,
ORDER_000002893_SHIPMENT,ORDER_000002893,DELIVERED,2026-03-03T10:22:54,2026-03-05T22:22:54
ORDER_000002894_SHIPMENT,ORDER_000002894,PROCESSING,,
ORDER_000002895_SHIPMENT,ORDER_000002895,DELIVERED,2026-04-12T16:08:51,2026-04-19T13:08:51
ORDER_000002896_SHIPMENT,ORDER_000002896,DELIVERED,2026-02-05T05:01:25,2026-02-10T18:01:25
ORDER_000002897_SHIPMENT,ORDER_000002897,DELIVERED,2026-11-13T06:09:25,2026-11-18T10:09:25
ORDER_000002898_SHIPMENT,ORDER_000002898,DELIVERED,2026-10-05T00:05:30,2026-10-08T13:05:30
ORDER_000002899_SHIPMENT,ORDER_000002899,DELIVERED,2026-01-25T20:03:24,2026-01-30T04:03:24
ORDER_000002900_SHIPMENT,ORDER_000002900,DELIVERED,2026-07-30T05:07:02,2026-08-01T07:07:02
ORDER_000002901_SHIPMENT,ORDER_000002901,DELIVERED,2026-03-14T23:00:40,2026-03-19T04:00:40
ORDER_000002902_SHIPMENT,ORDER_000002902,PROCESSING,,
ORDER_000002903_SHIPMENT,ORDER_000002903,DELIVERED,2026-12-23T09:54:33,2026-12-26T16:54:33
ORDER_000002904_SHIPMENT,ORDER_000002904,PROCESSING,,
ORDER_000002905_SHIPMENT,ORDER_000002905,DELIVERED,2026-01-15T21:35:35,2026-01-16T23:35:35
ORDER_000002906_SHIPMENT,ORDER_000002906,DELIVERED,2026-08-04T00:49:55,2026-08-08T11:49:55
ORDER_000002907_SHIPMENT,ORDER_000002907,DELIVERED,2026-07-21T06:10:15,2026-07-24T17:10:15
ORDER_000002908_SHIPMENT,ORDER_000002908,DELIVERED,2026-03-03T21:50:14,2026-03-06T10:50:14
ORDER_000002909_SHIPMENT,ORDER_000002909,DELIVERED,2026-06-02T14:20:32,2026-06-07T09:20:32
ORDER_000002910_SHIPMENT,ORDER_000002910,DELIVERED,2026-10-03T08:48:54,2026-10-05T23:48:54
ORDER_000002911_SHIPMENT,ORDER_000002911,DELIVERED,2026-10-14T10:11:19,2026-10-16T23:11:19
ORDER_000002912_SHIPMENT,ORDER_000002912,DELIVERED,2026-01-22T09:51:40,2026-01-27T02:51:40
ORDER_000002913_SHIPMENT,ORDER_000002913,DELIVERED,2026-01-28T05:53:35,2026-01-31T16:53:35
ORDER_000002914_SHIPMENT,ORDER_000002914,DELIVERED,2026-09-18T22:38:16,2026-09-22T12:38:16
ORDER_000002915_SHIPMENT,ORDER_000002915,PROCESSING,,
ORDER_000002916_SHIPMENT,ORDER_000002916,IN_TRANSIT,2026-03-08T06:59:38,
ORDER_000002917_SHIPMENT,ORDER_000002917,IN_TRANSIT,2026-05-11T11:53:22,
ORDER_000002918_SHIPMENT,ORDER_000002918,DELIVERED,2026-05-09T23:28:11,2026-05-12T02:28:11
ORDER_000002919_SHIPMENT,ORDER_000002919,PROCESSING,,
ORDER_000002920_SHIPMENT,ORDER_000002920,IN_TRANSIT,2026-07-24T03:01:47,
ORDER_000002921_SHIPMENT,ORDER_000002921,DELIVERED,2026-06-24T03:47:08,2026-06-25T12:47:08
ORDER_000002922_SHIPMENT,ORDER_000002922,IN_TRANSIT,2026-11-05T11:12:42,
ORDER_000002923_SHIPMENT,ORDER_000002923,DELIVERED,2026-06-24T03:49:54,2026-06-29T04:49:54
ORDER_000002924_SHIPMENT,ORDER_000002924,PROCESSING,,
ORDER_000002925_SHIPMENT,ORDER_000002925,PROCESSING,,
ORDER_000002926_SHIPMENT,ORDER_000002926,DELIVERED,2026-12-23T08:09:58,2026-12-27T02:09:58
ORDER_000002927_SHIPMENT,ORDER_000002927,PROCESSING,,
ORDER_000002928_SHIPMENT,ORDER_000002928,DELIVERED,2026-02-05T20:49:45,2026-02-08T13:49:45
ORDER_000002929_SHIPMENT,ORDER_000002929,PROCESSING,,
ORDER_000002930_SHIPMENT,ORDER_000002930,DELIVERED,2026-02-20T16:02:20,2026-02-26T01:02:20
ORDER_000002931_SHIPMENT,ORDER_000002931,DELIVERED,2026-06-12T18:23:30,2026-06-19T08:23:30
ORDER_000002932_SHIPMENT,ORDER_000002932,IN_TRANSIT,2026-08-28T01:18:33,
ORDER_000002933_SHIPMENT,ORDER_000002933,PROCESSING,,
ORDER_000002934_SHIPMENT,ORDER_000002934,PROCESSING,,
ORDER_000002935_SHIPMENT,ORDER_000002935,DELIVERED,2026-10-10T22:16:05,2026-10-12T03:16:05
ORDER_000002936_SHIPMENT,ORDER_000002936,PROCESSING,,
ORDER_000002937_SHIPMENT,ORDER_000002937,DELIVERED,2026-05-13T02:53:19,2026-05-18T22:53:19
ORDER_000002938_SHIPMENT,ORDER_000002938,DELIVERED,2026-09-13T16:27:59,2026-09-20T01:27:59
ORDER_000002939_SHIPMENT,ORDER_000002939,DELIVERED,2026-12-25T08:22:41,2027-01-01T04:22:41
ORDER_000002940_SHIPMENT,ORDER_000002940,PROCESSING,,
ORDER_000002941_SHIPMENT,ORDER_000002941,DELIVERED,2026-07-07T18:47:42,2026-07-11T00:47:42
ORDER_000002942_SHIPMENT,ORDER_000002942,IN_TRANSIT,2026-10-14T12:23:40,
ORDER_000002943_SHIPMENT,ORDER_000002943,DELIVERED,2026-09-01T09:11:48,2026-09-03T07:11:48
ORDER_000002944_SHIPMENT,ORDER_000002944,PROCESSING,,
ORDER_000002945_SHIPMENT,ORDER_000002945,DELIVERED,2026-02-22T19:42:58,2026-03-01T12:42:58
ORDER_000002946_SHIPMENT,ORDER_000002946,PROCESSING,,
ORDER_000002947_SHIPMENT,ORDER_000002947,DELIVERED,2026-01-22T09:33:28,2026-01-26T06:33:28
ORDER_000002948_SHIPMENT,ORDER_000002948,DELIVERED,2026-07-07T03:43:42,2026-07-11T11:43:42
ORDER_000002949_SHIPMENT,ORDER_000002949,PROCESSING,,
ORDER_000002950_SHIPMENT,ORDER_000002950,DELIVERED,2026-08-17T11:11:41,2026-08-22T20:11:41
ORDER_000002951_SHIPMENT,ORDER_000002951,DELIVERED,2026-05-06T23:37:57,2026-05-09T08:37:57
ORDER_000002952_SHIPMENT,ORDER_000002952,DELIVERED,2026-07-04T16:28:11,2026-07-08T13:28:11
ORDER_000002953_SHIPMENT,ORDER_000002953,PROCESSING,,
ORDER_000002954_SHIPMENT,ORDER_000002954,DELIVERED,2026-03-06T14:59:39,2026-03-12T08:59:39
ORDER_000002955_SHIPMENT,ORDER_000002955,DELIVERED,2026-05-21T11:39:25,2026-05-23T02:39:25
ORDER_000002956_SHIPMENT,ORDER_000002956,DELIVERED,2026-08-19T22:13:43,2026-08-21T19:13:43
ORDER_000002957_SHIPMENT,ORDER_000002957,IN_TRANSIT,2026-02-18T09:50:34,
ORDER_000002958_SHIPMENT,ORDER_000002958,IN_TRANSIT,2026-01-23T23:59:22,
ORDER_000002959_SHIPMENT,ORDER_000002959,DELIVERED,2026-12-25T06:25:34,2026-12-26T14:25:34
ORDER_000002960_SHIPMENT,ORDER_000002960,DELIVERED,2026-04-18T16:57:38,2026-04-24T20:57:38
ORDER_000002961_SHIPMENT,ORDER_000002961,PROCESSING,,
ORDER_000002962_SHIPMENT,ORDER_000002962,PROCESSING,,
ORDER_000002963_SHIPMENT,ORDER_000002963,DELIVERED,2026-09-19T03:19:33,2026-09-19T20:19:33
ORDER_000002964_SHIPMENT,ORDER_000002964,PROCESSING,,
ORDER_000002965_SHIPMENT,ORDER_000002965,DELIVERED,2026-02-13T22:06:18,2026-02-19T11:06:18
ORDER_000002966_SHIPMENT,ORDER_000002966,DELIVERED,2026-04-10T03:04:58,2026-04-14T05:04:58
ORDER_000002967_SHIPMENT,ORDER_000002967,DELIVERED,2026-02-25T10:21:03,2026-02-28T09:21:03
ORDER_000002968_SHIPMENT,ORDER_000002968,DELIVERED,2026-01-05T23:08:06,2026-01-07T13:08:06
ORDER_000002969_SHIPMENT,ORDER_000002969,DELIVERED,2026-11-16T08:18:31,2026-11-20T11:18:31
ORDER_000002970_SHIPMENT,ORDER_000002970,DELIVERED,2026-05-10T23:33:09,2026-05-16T17:33:09
ORDER_000002971_SHIPMENT,ORDER_000002971,DELIVERED,2026-04-16T05:03:41,2026-04-18T04:03:41
ORDER_000002972_SHIPMENT,ORDER_000002972,DELIVERED,2026-12-25T22:54:32,2026-12-29T10:54:32
ORDER_000002973_SHIPMENT,ORDER_000002973,DELIVERED,2026-11-25T18:23:15,2026-11-26T17:23:15
ORDER_000002974_SHIPMENT,ORDER_000002974,DELIVERED,2026-05-20T23:17:42,2026-05-25T10:17:42
ORDER_000002975_SHIPMENT,ORDER_000002975,DELIVERED,2026-07-27T13:23:47,2026-08-02T19:23:47
ORDER_000002976_SHIPMENT,ORDER_000002976,DELIVERED,2026-11-27T01:46:15,2026-12-03T05:46:15
ORDER_000002977_SHIPMENT,ORDER_000002977,DELIVERED,2026-06-08T13:38:13,2026-06-13T12:38:13
ORDER_000002978_SHIPMENT,ORDER_000002978,DELIVERED,2026-11-13T06:45:22,2026-11-14T09:45:22
ORDER_000002979_SHIPMENT,ORDER_000002979,DELIVERED,2026-05-15T17:48:15,2026-05-17T03:48:15
ORDER_000002980_SHIPMENT,ORDER_000002980,DELIVERED,2026-05-22T07:46:07,2026-05-28T06:46:07
ORDER_000002981_SHIPMENT,ORDER_000002981,DELIVERED,2026-02-17T14:20,2026-02-21T13:20
ORDER_000002982_SHIPMENT,ORDER_000002982,DELIVERED,2026-02-20T13:43:06,2026-02-21T08:43:06
ORDER_000002983_SHIPMENT,ORDER_000002983,DELIVERED,2026-08-25T14:24:35,2026-08-28T07:24:35
ORDER_000002984_SHIPMENT,ORDER_000002984,DELIVERED,2026-11-14T04:31:14,2026-11-18T22:31:14
ORDER_000002985_SHIPMENT,ORDER_000002985,DELIVERED,2026-08-11T01:11:12,2026-08-15T18:11:12
ORDER_000002986_SHIPMENT,ORDER_000002986,DELIVERED,2026-07-20T09:33:20,2026-07-26T20:33:20
ORDER_000002987_SHIPMENT,ORDER_000002987,DELIVERED,2026-01-12T23:45:37,2026-01-16T12:45:37
ORDER_000002988_SHIPMENT,ORDER_000002988,PROCESSING,,
ORDER_000002989_SHIPMENT,ORDER_000002989,DELIVERED,2026-10-18T16:50:42,2026-10-21T06:50:42
ORDER_000002990_SHIPMENT,ORDER_000002990,IN_TRANSIT,2026-12-09T16:44:56,
ORDER_000002991_SHIPMENT,ORDER_000002991,DELIVERED,2026-08-05T18:58:08,2026-08-06T17:58:08
ORDER_000002992_SHIPMENT,ORDER_000002992,DELIVERED,2026-08-09T21:09:12,2026-08-15T14:09:12
ORDER_000002993_SHIPMENT,ORDER_000002993,DELIVERED,2026-03-25T13:42:49,2026-03-30T01:42:49
ORDER_000002994_SHIPMENT,ORDER_000002994,PROCESSING,,
ORDER_000002995_SHIPMENT,ORDER_000002995,PROCESSING,,
ORDER_000002996_SHIPMENT,ORDER_000002996,DELIVERED,2026-07-27T07:22:35,2026-08-01T01:22:35
ORDER_000002997_SHIPMENT,ORDER_000002997,IN_TRANSIT,2026-07-09T01:12:39,
ORDER_000002998_SHIPMENT,ORDER_000002998,PROCESSING,,
ORDER_000002999_SHIPMENT,ORDER_000002999,DELIVERED,2026-01-19T09:03:35,2026-01-20T00:03:35
ORDER_000003000_SHIPMENT,ORDER_000003000,PROCESSING,,
ORDER_000003001_SHIPMENT,ORDER_000003001,PROCESSING,,
ORDER_000003002_SHIPMENT,ORDER_000003002,DELIVERED,2026-04-30T14:36:32,2026-05-01T17:36:32
ORDER_000003003_SHIPMENT,ORDER_000003003,DELIVERED,2026-03-08T01:17:45,2026-03-15T01:17:45
ORDER_000003004_SHIPMENT,ORDER_000003004,IN_TRANSIT,2026-06-05T17:51:08,
ORDER_000003005_SHIPMENT,ORDER_000003005,DELIVERED,2026-03-30T08:06:22,2026-03-31T04:06:22
ORDER_000003006_SHIPMENT,ORDER_000003006,DELIVERED,2026-09-29T14:45:42,2026-10-03T21:45:42
ORDER_000003007_SHIPMENT,ORDER_000003007,IN_TRANSIT,2026-04-26T02:05:04,
ORDER_000003008_SHIPMENT,ORDER_000003008,PROCESSING,,
ORDER_000003009_SHIPMENT,ORDER_000003009,DELIVERED,2026-02-18T06:07:20,2026-02-22T09:07:20
ORDER_000003010_SHIPMENT,ORDER_000003010,DELIVERED,2026-04-13T01:12:54,2026-04-15T03:12:54
ORDER_000003011_SHIPMENT,ORDER_000003011,PROCESSING,,
ORDER_000003012_SHIPMENT,ORDER_000003012,IN_TRANSIT,2026-11-12T19:47:35,
ORDER_000003013_SHIPMENT,ORDER_000003013,PROCESSING,,
ORDER_000003014_SHIPMENT,ORDER_000003014,DELIVERED,2026-01-15T05:37:49,2026-01-16T18:37:49
ORDER_000003015_SHIPMENT,ORDER_000003015,PROCESSING,,
ORDER_000003016_SHIPMENT,ORDER_000003016,DELIVERED,2026-06-15T03:02:09,2026-06-20T04:02:09
ORDER_000003017_SHIPMENT,ORDER_000003017,DELIVERED,2026-03-11T02:39:59,2026-03-13T17:39:59
ORDER_000003018_SHIPMENT,ORDER_000003018,PROCESSING,,
ORDER_000003019_SHIPMENT,ORDER_000003019,IN_TRANSIT,2026-02-27T08:54,
ORDER_000003020_SHIPMENT,ORDER_000003020,DELIVERED,2026-04-12T17:19:31,2026-04-19T01:19:31
ORDER_000003021_SHIPMENT,ORDER_000003021,DELIVERED,2026-04-17T18:31:39,2026-04-21T22:31:39
ORDER_000003022_SHIPMENT,ORDER_000003022,DELIVERED,2026-07-13T01:36:53,2026-07-17T09:36:53
ORDER_000003023_SHIPMENT,ORDER_000003023,PROCESSING,,
ORDER_000003024_SHIPMENT,ORDER_000003024,DELIVERED,2026-06-18T09:23:19,2026-06-23T11:23:19
ORDER_000003025_SHIPMENT,ORDER_000003025,DELIVERED,2026-09-01T19:10:33,2026-09-08T01:10:33
ORDER_000003026_SHIPMENT,ORDER_000003026,PROCESSING,,
ORDER_000003027_SHIPMENT,ORDER_000003027,DELIVERED,2026-09-28T09:28:37,2026-10-05T02:28:37
ORDER_000003028_SHIPMENT,ORDER_000003028,PROCESSING,,
ORDER_000003029_SHIPMENT,ORDER_000003029,IN_TRANSIT,2026-02-28T23:27:16,
ORDER_000003030_SHIPMENT,ORDER_000003030,DELIVERED,2026-10-06T20:44:12,2026-10-11T22:44:12
ORDER_000003031_SHIPMENT,ORDER_000003031,IN_TRANSIT,2026-08-13T19:14:34,
ORDER_000003032_SHIPMENT,ORDER_000003032,PROCESSING,,
ORDER_000003033_SHIPMENT,ORDER_000003033,IN_TRANSIT,2026-12-21T21:30:03,
ORDER_000003034_SHIPMENT,ORDER_000003034,PROCESSING,,
ORDER_000003035_SHIPMENT,ORDER_000003035,PROCESSING,,
ORDER_000003036_SHIPMENT,ORDER_000003036,DELIVERED,2026-07-01T21:05:23,2026-07-03T16:05:23
ORDER_000003037_SHIPMENT,ORDER_000003037,DELIVERED,2026-12-09T20:36:40,2026-12-12T01:36:40
ORDER_000003038_SHIPMENT,ORDER_000003038,IN_TRANSIT,2026-06-22T15:34:27,
ORDER_000003039_SHIPMENT,ORDER_000003039,DELIVERED,2026-08-21T23:21:29,2026-08-27T07:21:29
ORDER_000003040_SHIPMENT,ORDER_000003040,IN_TRANSIT,2026-11-25T22:34:16,
ORDER_000003041_SHIPMENT,ORDER_000003041,PROCESSING,,
ORDER_000003042_SHIPMENT,ORDER_000003042,DELIVERED,2026-04-06T04:03:01,2026-04-10T06:03:01
ORDER_000003043_SHIPMENT,ORDER_000003043,PROCESSING,,
ORDER_000003044_SHIPMENT,ORDER_000003044,PROCESSING,,
ORDER_000003045_SHIPMENT,ORDER_000003045,DELIVERED,2026-03-11T10:20:59,2026-03-18T04:20:59
ORDER_000003046_SHIPMENT,ORDER_000003046,DELIVERED,2026-08-22T02:06:05,2026-08-27T04:06:05
ORDER_000003047_SHIPMENT,ORDER_000003047,DELIVERED,2026-03-21T03:23:54,2026-03-23T06:23:54
ORDER_000003048_SHIPMENT,ORDER_000003048,IN_TRANSIT,2026-04-10T20:13:47,
ORDER_000003049_SHIPMENT,ORDER_000003049,DELIVERED,2026-06-25T01:04:07,2026-07-01T22:04:07
ORDER_000003050_SHIPMENT,ORDER_000003050,PROCESSING,,
ORDER_000003051_SHIPMENT,ORDER_000003051,PROCESSING,,
ORDER_000003052_SHIPMENT,ORDER_000003052,PROCESSING,,
ORDER_000003053_SHIPMENT,ORDER_000003053,DELIVERED,2026-05-03T00:30:23,2026-05-04T07:30:23
ORDER_000003054_SHIPMENT,ORDER_000003054,PROCESSING,,
ORDER_000003055_SHIPMENT,ORDER_000003055,DELIVERED,2026-02-13T03:01:45,2026-02-15T10:01:45
ORDER_000003056_SHIPMENT,ORDER_000003056,DELIVERED,2026-12-13T12:23:30,2026-12-18T17:23:30
ORDER_000003057_SHIPMENT,ORDER_000003057,PROCESSING,,
ORDER_000003058_SHIPMENT,ORDER_000003058,IN_TRANSIT,2026-03-23T22:36:02,
ORDER_000003059_SHIPMENT,ORDER_000003059,PROCESSING,,
ORDER_000003060_SHIPMENT,ORDER_000003060,PROCESSING,,
ORDER_000003061_SHIPMENT,ORDER_000003061,DELIVERED,2026-02-28T10:28:14,2026-03-06T20:28:14
ORDER_000003062_SHIPMENT,ORDER_000003062,DELIVERED,2026-09-04T18:28:52,2026-09-08T13:28:52
ORDER_000003063_SHIPMENT,ORDER_000003063,IN_TRANSIT,2026-09-15T11:07:25,
ORDER_000003064_SHIPMENT,ORDER_000003064,DELIVERED,2026-09-23T18:10:22,2026-09-25T08:10:22
ORDER_000003065_SHIPMENT,ORDER_000003065,DELIVERED,2026-05-09T16:29:37,2026-05-14T09:29:37
ORDER_000003066_SHIPMENT,ORDER_000003066,IN_TRANSIT,2026-05-10T20:57:26,
ORDER_000003067_SHIPMENT,ORDER_000003067,IN_TRANSIT,2026-02-15T04:39:44,
ORDER_000003068_SHIPMENT,ORDER_000003068,DELIVERED,2026-07-11T14:59:13,2026-07-17T07:59:13
ORDER_000003069_SHIPMENT,ORDER_000003069,DELIVERED,2026-11-19T05:55:05,2026-11-20T01:55:05
ORDER_000003070_SHIPMENT,ORDER_000003070,DELIVERED,2026-03-29T22:53:45,2026-04-03T07:53:45
ORDER_000003071_SHIPMENT,ORDER_000003071,IN_TRANSIT,2026-04-20T12:07:12,
ORDER_000003072_SHIPMENT,ORDER_000003072,PROCESSING,,
ORDER_000003073_SHIPMENT,ORDER_000003073,DELIVERED,2026-07-30T08:21:57,2026-08-06T00:21:57
ORDER_000003074_SHIPMENT,ORDER_000003074,DELIVERED,2026-08-15T06:35:50,2026-08-20T14:35:50
ORDER_000003075_SHIPMENT,ORDER_000003075,PROCESSING,,
ORDER_000003076_SHIPMENT,ORDER_000003076,DELIVERED,2026-06-01T06:56:17,2026-06-07T21:56:17
ORDER_000003077_SHIPMENT,ORDER_000003077,IN_TRANSIT,2026-11-01T05:44:18,
ORDER_000003078_SHIPMENT,ORDER_000003078,DELIVERED,2026-08-31T18:09:39,2026-09-06T22:09:39
ORDER_000003079_SHIPMENT,ORDER_000003079,DELIVERED,2026-10-22T12:13:29,2026-10-28T01:13:29
ORDER_000003080_SHIPMENT,ORDER_000003080,DELIVERED,2026-06-18T19:36:59,2026-06-20T10:36:59
ORDER_000003081_SHIPMENT,ORDER_000003081,DELIVERED,2026-07-26T20:05:05,2026-07-29T10:05:05
ORDER_000003082_SHIPMENT,ORDER_000003082,DELIVERED,2026-11-27T05:25:24,2026-12-03T10:25:24
ORDER_000003083_SHIPMENT,ORDER_000003083,PROCESSING,,
ORDER_000003084_SHIPMENT,ORDER_000003084,IN_TRANSIT,2026-11-13T23:21:30,
ORDER_000003085_SHIPMENT,ORDER_000003085,PROCESSING,,
ORDER_000003086_SHIPMENT,ORDER_000003086,DELIVERED,2026-02-12T21:09:37,2026-02-16T01:09:37
ORDER_000003087_SHIPMENT,ORDER_000003087,DELIVERED,2026-09-26T18:41:07,2026-10-01T11:41:07
ORDER_000003088_SHIPMENT,ORDER_000003088,DELIVERED,2026-05-19T15:40:29,2026-05-21T14:40:29
ORDER_000003089_SHIPMENT,ORDER_000003089,DELIVERED,2026-04-26T09:06:01,2026-04-28T09:06:01
ORDER_000003090_SHIPMENT,ORDER_000003090,DELIVERED,2026-09-26T06:24:48,2026-10-01T23:24:48
ORDER_000003091_SHIPMENT,ORDER_000003091,PROCESSING,,
ORDER_000003092_SHIPMENT,ORDER_000003092,DELIVERED,2026-03-14T17:36:20,2026-03-15T08:36:20
ORDER_000003093_SHIPMENT,ORDER_000003093,DELIVERED,2026-02-25T08:00:15,2026-02-27T06:00:15
ORDER_000003094_SHIPMENT,ORDER_000003094,DELIVERED,2026-06-10T22:30:01,2026-06-13T03:30:01
ORDER_000003095_SHIPMENT,ORDER_000003095,PROCESSING,,
ORDER_000003096_SHIPMENT,ORDER_000003096,DELIVERED,2026-11-20T22:07:11,2026-11-22T18:07:11
ORDER_000003097_SHIPMENT,ORDER_000003097,IN_TRANSIT,2026-02-24T22:45:24,
ORDER_000003098_SHIPMENT,ORDER_000003098,DELIVERED,2026-09-21T05:19:48,2026-09-27T03:19:48
ORDER_000003099_SHIPMENT,ORDER_000003099,DELIVERED,2026-03-24T19:41:24,2026-03-27T12:41:24
ORDER_000003100_SHIPMENT,ORDER_000003100,IN_TRANSIT,2027-01-03T06:44:55,
ORDER_000003101_SHIPMENT,ORDER_000003101,DELIVERED,2026-06-09T07:10:56,2026-06-14T16:10:56
ORDER_000003102_SHIPMENT,ORDER_000003102,PROCESSING,,
ORDER_000003103_SHIPMENT,ORDER_000003103,DELIVERED,2026-04-17T22:12:16,2026-04-20T02:12:16
ORDER_000003104_SHIPMENT,ORDER_000003104,DELIVERED,2026-09-05T22:01:11,2026-09-09T02:01:11
ORDER_000003105_SHIPMENT,ORDER_000003105,DELIVERED,2026-04-06T05:06:57,2026-04-06T17:06:57
ORDER_000003106_SHIPMENT,ORDER_000003106,DELIVERED,2026-11-15T11:38:24,2026-11-16T16:38:24
ORDER_000003107_SHIPMENT,ORDER_000003107,DELIVERED,2026-03-25T13:14:39,2026-03-31T06:14:39
ORDER_000003108_SHIPMENT,ORDER_000003108,DELIVERED,2026-07-30T10:25:05,2026-08-01T23:25:05
ORDER_000003109_SHIPMENT,ORDER_000003109,PROCESSING,,
ORDER_000003110_SHIPMENT,ORDER_000003110,DELIVERED,2026-05-25T16:10:49,2026-05-27T23:10:49
ORDER_000003111_SHIPMENT,ORDER_000003111,DELIVERED,2026-03-23T02:07:42,2026-03-26T13:07:42
ORDER_000003112_SHIPMENT,ORDER_000003112,DELIVERED,2026-03-22T15:23:57,2026-03-27T22:23:57
ORDER_000003113_SHIPMENT,ORDER_000003113,DELIVERED,2026-07-26T17:12:42,2026-07-28T12:12:42
ORDER_000003114_SHIPMENT,ORDER_000003114,DELIVERED,2026-01-14T02:13:17,2026-01-20T11:13:17
ORDER_000003115_SHIPMENT,ORDER_000003115,PROCESSING,,
ORDER_000003116_SHIPMENT,ORDER_000003116,DELIVERED,2026-08-02T03:22:25,2026-08-04T17:22:25
ORDER_000003117_SHIPMENT,ORDER_000003117,IN_TRANSIT,2026-10-28T10:30:57,
ORDER_000003118_SHIPMENT,ORDER_000003118,DELIVERED,2026-02-20T18:20:33,2026-02-25T07:20:33
ORDER_000003119_SHIPMENT,ORDER_000003119,PROCESSING,,
ORDER_000003120_SHIPMENT,ORDER_000003120,DELIVERED,2026-08-01T12:12:42,2026-08-06T03:12:42
ORDER_000003121_SHIPMENT,ORDER_000003121,PROCESSING,,
ORDER_000003122_SHIPMENT,ORDER_000003122,DELIVERED,2026-06-02T03:14:21,2026-06-07T10:14:21
ORDER_000003123_SHIPMENT,ORDER_000003123,DELIVERED,2026-01-30T10:23,2026-02-03T19:23
ORDER_000003124_SHIPMENT,ORDER_000003124,IN_TRANSIT,2026-07-12T23:13:18,
ORDER_000003125_SHIPMENT,ORDER_000003125,DELIVERED,2026-03-29T19:38:29,2026-03-31T17:38:29
ORDER_000003126_SHIPMENT,ORDER_000003126,DELIVERED,2026-08-15T11:44:55,2026-08-18T21:44:55
ORDER_000003127_SHIPMENT,ORDER_000003127,DELIVERED,2026-05-23T00:42:46,2026-05-25T04:42:46
ORDER_000003128_SHIPMENT,ORDER_000003128,PROCESSING,,
ORDER_000003129_SHIPMENT,ORDER_000003129,IN_TRANSIT,2026-02-11T13:02:37,
ORDER_000003130_SHIPMENT,ORDER_000003130,IN_TRANSIT,2026-04-14T07:54:16,
ORDER_000003131_SHIPMENT,ORDER_000003131,IN_TRANSIT,2026-11-19T00:58:20,
ORDER_000003132_SHIPMENT,ORDER_000003132,PROCESSING,,
ORDER_000003133_SHIPMENT,ORDER_000003133,DELIVERED,2026-11-04T07:24:23,2026-11-07T01:24:23
ORDER_000003134_SHIPMENT,ORDER_000003134,DELIVERED,2026-08-19T01:16:37,2026-08-23T01:16:37
ORDER_000003135_SHIPMENT,ORDER_000003135,DELIVERED,2026-02-16T20:11:39,2026-02-23T06:11:39
ORDER_000003136_SHIPMENT,ORDER_000003136,DELIVERED,2026-01-04T11:01:01,2026-01-10T17:01:01
ORDER_000003137_SHIPMENT,ORDER_000003137,DELIVERED,2026-12-06T15:21:18,2026-12-11T04:21:18
ORDER_000003138_SHIPMENT,ORDER_000003138,IN_TRANSIT,2026-09-27T02:24:28,
ORDER_000003139_SHIPMENT,ORDER_000003139,DELIVERED,2026-08-10T13:10:18,2026-08-14T23:10:18
ORDER_000003140_SHIPMENT,ORDER_000003140,PROCESSING,,
ORDER_000003141_SHIPMENT,ORDER_000003141,DELIVERED,2026-07-07T05:17:16,2026-07-08T16:17:16
ORDER_000003142_SHIPMENT,ORDER_000003142,DELIVERED,2026-09-24T09:20:49,2026-09-26T04:20:49
ORDER_000003143_SHIPMENT,ORDER_000003143,PROCESSING,,
ORDER_000003144_SHIPMENT,ORDER_000003144,DELIVERED,2026-12-11T20:45:55,2026-12-13T02:45:55
ORDER_000003145_SHIPMENT,ORDER_000003145,DELIVERED,2026-05-21T15:04:35,2026-05-25T20:04:35
ORDER_000003146_SHIPMENT,ORDER_000003146,DELIVERED,2026-03-11T19:07:58,2026-03-12T23:07:58
ORDER_000003147_SHIPMENT,ORDER_000003147,DELIVERED,2026-05-17T09:11:10,2026-05-20T22:11:10
ORDER_000003148_SHIPMENT,ORDER_000003148,IN_TRANSIT,2026-07-06T02:32:23,
ORDER_000003149_SHIPMENT,ORDER_000003149,IN_TRANSIT,2026-04-14T14:44:05,
ORDER_000003150_SHIPMENT,ORDER_000003150,DELIVERED,2026-10-18T13:45:25,2026-10-24T07:45:25
ORDER_000003151_SHIPMENT,ORDER_000003151,IN_TRANSIT,2026-01-26T08:51:34,
ORDER_000003152_SHIPMENT,ORDER_000003152,DELIVERED,2026-10-28T06:22:57,2026-10-29T01:22:57
ORDER_000003153_SHIPMENT,ORDER_000003153,PROCESSING,,
ORDER_000003154_SHIPMENT,ORDER_000003154,DELIVERED,2026-10-16T14:28:23,2026-10-19T15:28:23
ORDER_000003155_SHIPMENT,ORDER_000003155,DELIVERED,2026-03-28T21:12:32,2026-04-02T20:12:32
ORDER_000003156_SHIPMENT,ORDER_000003156,DELIVERED,2026-10-02T14:53:22,2026-10-05T00:53:22
ORDER_000003157_SHIPMENT,ORDER_000003157,IN_TRANSIT,2026-06-30T22:20:22,
ORDER_000003158_SHIPMENT,ORDER_000003158,PROCESSING,,
ORDER_000003159_SHIPMENT,ORDER_000003159,DELIVERED,2026-07-18T16:04:54,2026-07-20T04:04:54
ORDER_000003160_SHIPMENT,ORDER_000003160,DELIVERED,2026-08-05T02:01:21,2026-08-09T15:01:21
ORDER_000003161_SHIPMENT,ORDER_000003161,PROCESSING,,
ORDER_000003162_SHIPMENT,ORDER_000003162,DELIVERED,2026-07-16T07:07:11,2026-07-21T14:07:11
ORDER_000003163_SHIPMENT,ORDER_000003163,DELIVERED,2026-05-28T11:10:28,2026-06-02T00:10:28
ORDER_000003164_SHIPMENT,ORDER_000003164,PROCESSING,,
ORDER_000003165_SHIPMENT,ORDER_000003165,DELIVERED,2026-12-21T02:15:34,2026-12-26T01:15:34
ORDER_000003166_SHIPMENT,ORDER_000003166,DELIVERED,2026-01-11T08:47:19,2026-01-14T01:47:19
ORDER_000003167_SHIPMENT,ORDER_000003167,DELIVERED,2026-10-01T23:45:52,2026-10-07T11:45:52
ORDER_000003168_SHIPMENT,ORDER_000003168,DELIVERED,2026-09-19T11:28:25,2026-09-22T09:28:25
ORDER_000003169_SHIPMENT,ORDER_000003169,IN_TRANSIT,2026-07-06T09:30:55,
ORDER_000003170_SHIPMENT,ORDER_000003170,PROCESSING,,
ORDER_000003171_SHIPMENT,ORDER_000003171,PROCESSING,,
ORDER_000003172_SHIPMENT,ORDER_000003172,DELIVERED,2026-03-25T18:32:39,2026-03-28T21:32:39
ORDER_000003173_SHIPMENT,ORDER_000003173,DELIVERED,2026-06-06T21:38:46,2026-06-13T04:38:46
ORDER_000003174_SHIPMENT,ORDER_000003174,DELIVERED,2026-11-11T03:30:49,2026-11-15T06:30:49
ORDER_000003175_SHIPMENT,ORDER_000003175,DELIVERED,2026-05-08T13:14:56,2026-05-11T07:14:56
ORDER_000003176_SHIPMENT,ORDER_000003176,DELIVERED,2026-01-10T15:50:19,2026-01-13T22:50:19
ORDER_000003177_SHIPMENT,ORDER_000003177,DELIVERED,2026-10-31T16:51:56,2026-11-04T11:51:56
ORDER_000003178_SHIPMENT,ORDER_000003178,DELIVERED,2026-06-30T12:36:07,2026-07-04T10:36:07
ORDER_000003179_SHIPMENT,ORDER_000003179,IN_TRANSIT,2026-12-10T12:35:38,
ORDER_000003180_SHIPMENT,ORDER_000003180,IN_TRANSIT,2026-08-22T19:46:01,
ORDER_000003181_SHIPMENT,ORDER_000003181,DELIVERED,2026-07-17T18:17:57,2026-07-23T02:17:57
ORDER_000003182_SHIPMENT,ORDER_000003182,IN_TRANSIT,2026-11-04T13:01:34,
ORDER_000003183_SHIPMENT,ORDER_000003183,DELIVERED,2026-12-18T11:52:36,2026-12-19T12:52:36
ORDER_000003184_SHIPMENT,ORDER_000003184,DELIVERED,2026-05-25T08:57:21,2026-05-26T10:57:21
ORDER_000003185_SHIPMENT,ORDER_000003185,DELIVERED,2026-04-13T15:56:51,2026-04-16T00:56:51
ORDER_000003186_SHIPMENT,ORDER_000003186,IN_TRANSIT,2026-11-14T08:23:46,
ORDER_000003187_SHIPMENT,ORDER_000003187,PROCESSING,,
ORDER_000003188_SHIPMENT,ORDER_000003188,DELIVERED,2026-07-22T16:45:06,2026-07-23T11:45:06
ORDER_000003189_SHIPMENT,ORDER_000003189,DELIVERED,2026-04-05T00:10:21,2026-04-05T15:10:21
ORDER_000003190_SHIPMENT,ORDER_000003190,PROCESSING,,
ORDER_000003191_SHIPMENT,ORDER_000003191,DELIVERED,2026-01-05T15:24:41,2026-01-07T10:24:41
ORDER_000003192_SHIPMENT,ORDER_000003192,DELIVERED,2026-10-04T03:43:30,2026-10-06T12:43:30
ORDER_000003193_SHIPMENT,ORDER_000003193,IN_TRANSIT,2026-04-25T20:50:35,
ORDER_000003194_SHIPMENT,ORDER_000003194,DELIVERED,2026-12-28T21:15:43,2026-12-29T16:15:43
ORDER_000003195_SHIPMENT,ORDER_000003195,PROCESSING,,
ORDER_000003196_SHIPMENT,ORDER_000003196,PROCESSING,,
ORDER_000003197_SHIPMENT,ORDER_000003197,DELIVERED,2026-01-15T05:29,2026-01-19T16:29
ORDER_000003198_SHIPMENT,ORDER_000003198,DELIVERED,2026-03-08T17:50:06,2026-03-09T15:50:06
ORDER_000003199_SHIPMENT,ORDER_000003199,PROCESSING,,
ORDER_000003200_SHIPMENT,ORDER_000003200,PROCESSING,,
ORDER_000003201_SHIPMENT,ORDER_000003201,DELIVERED,2026-05-25T08:38:41,2026-05-27T03:38:41
ORDER_000003202_SHIPMENT,ORDER_000003202,PROCESSING,,
ORDER_000003203_SHIPMENT,ORDER_000003203,DELIVERED,2026-11-09T20:22:59,2026-11-12T04:22:59
ORDER_000003204_SHIPMENT,ORDER_000003204,DELIVERED,2026-04-12T14:16:41,2026-04-19T09:16:41
ORDER_000003205_SHIPMENT,ORDER_000003205,IN_TRANSIT,2026-07-23T21:55:18,
ORDER_000003206_SHIPMENT,ORDER_000003206,DELIVERED,2026-11-14T06:59:55,2026-11-21T02:59:55
ORDER_000003207_SHIPMENT,ORDER_000003207,PROCESSING,,
ORDER_000003208_SHIPMENT,ORDER_000003208,DELIVERED,2026-09-13T10:54:27,2026-09-17T07:54:27
ORDER_000003209_SHIPMENT,ORDER_000003209,PROCESSING,,
ORDER_000003210_SHIPMENT,ORDER_000003210,PROCESSING,,
ORDER_000003211_SHIPMENT,ORDER_000003211,PROCESSING,,
ORDER_000003212_SHIPMENT,ORDER_000003212,PROCESSING,,
ORDER_000003213_SHIPMENT,ORDER_000003213,DELIVERED,2026-04-23T22:34:15,2026-04-25T19:34:15
ORDER_000003214_SHIPMENT,ORDER_000003214,PROCESSING,,
ORDER_000003215_SHIPMENT,ORDER_000003215,DELIVERED,2026-04-05T04:17:33,2026-04-11T19:17:33
ORDER_000003216_SHIPMENT,ORDER_000003216,IN_TRANSIT,2026-12-14T12:09:36,
ORDER_000003217_SHIPMENT,ORDER_000003217,DELIVERED,2026-01-29T09:09:01,2026-02-03T00:09:01
ORDER_000003218_SHIPMENT,ORDER_000003218,DELIVERED,2026-02-26T14:16:34,2026-02-28T18:16:34
ORDER_000003219_SHIPMENT,ORDER_000003219,DELIVERED,2026-11-12T05:28:03,2026-11-13T11:28:03
ORDER_000003220_SHIPMENT,ORDER_000003220,DELIVERED,2026-10-01T02:19:09,2026-10-04T05:19:09
ORDER_000003221_SHIPMENT,ORDER_000003221,DELIVERED,2026-02-06T01:41:58,2026-02-06T14:41:58
ORDER_000003222_SHIPMENT,ORDER_000003222,DELIVERED,2026-12-06T18:32:25,2026-12-10T09:32:25
ORDER_000003223_SHIPMENT,ORDER_000003223,DELIVERED,2026-04-17T21:51:30,2026-04-19T23:51:30
ORDER_000003224_SHIPMENT,ORDER_000003224,DELIVERED,2026-10-21T06:21:36,2026-10-25T11:21:36
ORDER_000003225_SHIPMENT,ORDER_000003225,DELIVERED,2026-07-01T21:09:19,2026-07-06T22:09:19
ORDER_000003226_SHIPMENT,ORDER_000003226,PROCESSING,,
ORDER_000003227_SHIPMENT,ORDER_000003227,DELIVERED,2026-12-18T13:21:26,2026-12-25T10:21:26
ORDER_000003228_SHIPMENT,ORDER_000003228,DELIVERED,2026-02-25T17:14:42,2026-02-27T07:14:42
ORDER_000003229_SHIPMENT,ORDER_000003229,DELIVERED,2026-08-11T14:25:42,2026-08-15T03:25:42
ORDER_000003230_SHIPMENT,ORDER_000003230,PROCESSING,,
ORDER_000003231_SHIPMENT,ORDER_000003231,IN_TRANSIT,2026-01-11T10:50:47,
ORDER_000003232_SHIPMENT,ORDER_000003232,DELIVERED,2026-08-13T11:10:14,2026-08-19T01:10:14
ORDER_000003233_SHIPMENT,ORDER_000003233,PROCESSING,,
ORDER_000003234_SHIPMENT,ORDER_000003234,PROCESSING,,
ORDER_000003235_SHIPMENT,ORDER_000003235,IN_TRANSIT,2026-04-13T06:47:35,
ORDER_000003236_SHIPMENT,ORDER_000003236,DELIVERED,2026-03-20T22:29:22,2026-03-25T08:29:22
ORDER_000003237_SHIPMENT,ORDER_000003237,DELIVERED,2026-07-06T23:46:34,2026-07-13T07:46:34
ORDER_000003238_SHIPMENT,ORDER_000003238,DELIVERED,2026-11-04T03:37:27,2026-11-05T12:37:27
ORDER_000003239_SHIPMENT,ORDER_000003239,DELIVERED,2026-03-14T02:41,2026-03-19T03:41
ORDER_000003240_SHIPMENT,ORDER_000003240,PROCESSING,,
ORDER_000003241_SHIPMENT,ORDER_000003241,PROCESSING,,
ORDER_000003242_SHIPMENT,ORDER_000003242,IN_TRANSIT,2026-07-22T06:53:38,
ORDER_000003243_SHIPMENT,ORDER_000003243,IN_TRANSIT,2026-01-12T13:49:11,
ORDER_000003244_SHIPMENT,ORDER_000003244,IN_TRANSIT,2026-10-21T17:33:27,
ORDER_000003245_SHIPMENT,ORDER_000003245,IN_TRANSIT,2026-07-28T09:14:53,
ORDER_000003246_SHIPMENT,ORDER_000003246,PROCESSING,,
ORDER_000003247_SHIPMENT,ORDER_000003247,DELIVERED,2026-03-07T23:31:09,2026-03-12T19:31:09
ORDER_000003248_SHIPMENT,ORDER_000003248,IN_TRANSIT,2026-02-20T21:32:48,
ORDER_000003249_SHIPMENT,ORDER_000003249,DELIVERED,2026-07-28T18:25:33,2026-08-02T18:25:33
ORDER_000003250_SHIPMENT,ORDER_000003250,PROCESSING,,
ORDER_000003251_SHIPMENT,ORDER_000003251,PROCESSING,,
ORDER_000003252_SHIPMENT,ORDER_000003252,DELIVERED,2026-04-12T15:02:31,2026-04-13T16:02:31
ORDER_000003253_SHIPMENT,ORDER_000003253,DELIVERED,2026-04-12T12:19:19,2026-04-18T16:19:19
ORDER_000003254_SHIPMENT,ORDER_000003254,PROCESSING,,
ORDER_000003255_SHIPMENT,ORDER_000003255,IN_TRANSIT,2026-02-11T20:58:06,
ORDER_000003256_SHIPMENT,ORDER_000003256,DELIVERED,2026-08-26T07:59:36,2026-08-31T17:59:36
ORDER_000003257_SHIPMENT,ORDER_000003257,DELIVERED,2026-06-07T18:12:46,2026-06-13T03:12:46
ORDER_000003258_SHIPMENT,ORDER_000003258,PROCESSING,,
ORDER_000003259_SHIPMENT,ORDER_000003259,DELIVERED,2026-02-15T03:59:39,2026-02-21T11:59:39
ORDER_000003260_SHIPMENT,ORDER_000003260,IN_TRANSIT,2026-06-11T06:21:03,
ORDER_000003261_SHIPMENT,ORDER_000003261,DELIVERED,2026-02-04T18:41:42,2026-02-11T01:41:42
ORDER_000003262_SHIPMENT,ORDER_000003262,PROCESSING,,
ORDER_000003263_SHIPMENT,ORDER_000003263,DELIVERED,2026-04-22T20:35:41,2026-04-26T04:35:41
ORDER_000003264_SHIPMENT,ORDER_000003264,PROCESSING,,
ORDER_000003265_SHIPMENT,ORDER_000003265,DELIVERED,2026-10-01T20:38:53,2026-10-03T18:38:53
ORDER_000003266_SHIPMENT,ORDER_000003266,DELIVERED,2026-03-09T21:57:54,2026-03-14T16:57:54
ORDER_000003267_SHIPMENT,ORDER_000003267,PROCESSING,,
ORDER_000003268_SHIPMENT,ORDER_000003268,IN_TRANSIT,2026-10-26T01:11:57,
ORDER_000003269_SHIPMENT,ORDER_000003269,DELIVERED,2026-02-22T01:09:25,2026-02-25T07:09:25
ORDER_000003270_SHIPMENT,ORDER_000003270,IN_TRANSIT,2026-08-31T02:06:31,
ORDER_000003271_SHIPMENT,ORDER_000003271,DELIVERED,2026-11-27T09:04:43,2026-12-02T21:04:43
ORDER_000003272_SHIPMENT,ORDER_000003272,PROCESSING,,
ORDER_000003273_SHIPMENT,ORDER_000003273,DELIVERED,2026-02-03T18:03:05,2026-02-07T03:03:05
ORDER_000003274_SHIPMENT,ORDER_000003274,DELIVERED,2026-11-24T16:36:36,2026-12-01T15:36:36
ORDER_000003275_SHIPMENT,ORDER_000003275,DELIVERED,2026-04-29T03:10:57,2026-05-05T05:10:57
ORDER_000003276_SHIPMENT,ORDER_000003276,DELIVERED,2026-06-18T19:17:14,2026-06-19T22:17:14
ORDER_000003277_SHIPMENT,ORDER_000003277,PROCESSING,,
ORDER_000003278_SHIPMENT,ORDER_000003278,DELIVERED,2026-10-25T15:04:38,2026-10-28T23:04:38
ORDER_000003279_SHIPMENT,ORDER_000003279,PROCESSING,,
ORDER_000003280_SHIPMENT,ORDER_000003280,DELIVERED,2026-07-25T08:58:59,2026-07-27T18:58:59
ORDER_000003281_SHIPMENT,ORDER_000003281,PROCESSING,,
ORDER_000003282_SHIPMENT,ORDER_000003282,DELIVERED,2026-08-08T03:20:24,2026-08-10T04:20:24
ORDER_000003283_SHIPMENT,ORDER_000003283,PROCESSING,,
ORDER_000003284_SHIPMENT,ORDER_000003284,DELIVERED,2026-06-18T23:24:23,2026-06-20T23:24:23
ORDER_000003285_SHIPMENT,ORDER_000003285,IN_TRANSIT,2026-03-01T22:41:08,
ORDER_000003286_SHIPMENT,ORDER_000003286,DELIVERED,2026-08-08T14:36:45,2026-08-15T00:36:45
ORDER_000003287_SHIPMENT,ORDER_000003287,DELIVERED,2026-07-23T18:23:46,2026-07-24T18:23:46
ORDER_000003288_SHIPMENT,ORDER_000003288,PROCESSING,,
ORDER_000003289_SHIPMENT,ORDER_000003289,DELIVERED,2026-08-30T23:42:59,2026-09-04T00:42:59
ORDER_000003290_SHIPMENT,ORDER_000003290,DELIVERED,2026-08-23T19:54:16,2026-08-24T11:54:16
ORDER_000003291_SHIPMENT,ORDER_000003291,DELIVERED,2026-01-19T09:54:02,2026-01-23T07:54:02
ORDER_000003292_SHIPMENT,ORDER_000003292,DELIVERED,2026-09-23T00:19:02,2026-09-24T05:19:02
ORDER_000003293_SHIPMENT,ORDER_000003293,DELIVERED,2026-10-29T05:02:10,2026-10-31T18:02:10
ORDER_000003294_SHIPMENT,ORDER_000003294,DELIVERED,2026-11-15T09:02:21,2026-11-17T15:02:21
ORDER_000003295_SHIPMENT,ORDER_000003295,PROCESSING,,
ORDER_000003296_SHIPMENT,ORDER_000003296,PROCESSING,,
ORDER_000003297_SHIPMENT,ORDER_000003297,PROCESSING,,
ORDER_000003298_SHIPMENT,ORDER_000003298,DELIVERED,2026-05-23T15:33:57,2026-05-26T21:33:57
ORDER_000003299_SHIPMENT,ORDER_000003299,DELIVERED,2026-05-23T05:10:23,2026-05-26T07:10:23
ORDER_000003300_SHIPMENT,ORDER_000003300,DELIVERED,2026-10-10T12:32:15,2026-10-16T19:32:15
ORDER_000003301_SHIPMENT,ORDER_000003301,DELIVERED,2026-07-01T02:29:57,2026-07-05T22:29:57
ORDER_000003302_SHIPMENT,ORDER_000003302,DELIVERED,2026-10-30T19:38:26,2026-11-04T12:38:26
ORDER_000003303_SHIPMENT,ORDER_000003303,PROCESSING,,
ORDER_000003304_SHIPMENT,ORDER_000003304,DELIVERED,2026-10-20T17:36:27,2026-10-22T13:36:27
ORDER_000003305_SHIPMENT,ORDER_000003305,DELIVERED,2026-06-03T22:48,2026-06-09T16:48
ORDER_000003306_SHIPMENT,ORDER_000003306,PROCESSING,,
ORDER_000003307_SHIPMENT,ORDER_000003307,PROCESSING,,
ORDER_000003308_SHIPMENT,ORDER_000003308,DELIVERED,2026-10-27T08:06:20,2026-10-31T06:06:20
ORDER_000003309_SHIPMENT,ORDER_000003309,DELIVERED,2026-10-20T20:27:12,2026-10-27T16:27:12
ORDER_000003310_SHIPMENT,ORDER_000003310,DELIVERED,2026-12-24T16:25:30,2026-12-25T17:25:30
ORDER_000003311_SHIPMENT,ORDER_000003311,DELIVERED,2026-07-11T10:09:09,2026-07-14T23:09:09
ORDER_000003312_SHIPMENT,ORDER_000003312,DELIVERED,2026-05-15T08:18:22,2026-05-21T22:18:22
ORDER_000003313_SHIPMENT,ORDER_000003313,PROCESSING,,
ORDER_000003314_SHIPMENT,ORDER_000003314,IN_TRANSIT,2026-03-18T04:52:22,
ORDER_000003315_SHIPMENT,ORDER_000003315,IN_TRANSIT,2026-05-24T14:24:49,
ORDER_000003316_SHIPMENT,ORDER_000003316,IN_TRANSIT,2026-12-02T15:15:39,
ORDER_000003317_SHIPMENT,ORDER_000003317,PROCESSING,,
ORDER_000003318_SHIPMENT,ORDER_000003318,PROCESSING,,
ORDER_000003319_SHIPMENT,ORDER_000003319,DELIVERED,2026-09-01T16:46:28,2026-09-03T06:46:28
ORDER_000003320_SHIPMENT,ORDER_000003320,DELIVERED,2026-10-16T16:47:11,2026-10-17T08:47:11
ORDER_000003321_SHIPMENT,ORDER_000003321,IN_TRANSIT,2026-07-31T13:34:36,
ORDER_000003322_SHIPMENT,ORDER_000003322,DELIVERED,2026-04-06T02:53:42,2026-04-12T14:53:42
ORDER_000003323_SHIPMENT,ORDER_000003323,DELIVERED,2026-02-28T01:30:30,2026-03-06T15:30:30
ORDER_000003324_SHIPMENT,ORDER_000003324,DELIVERED,2026-06-01T22:51:12,2026-06-08T02:51:12
ORDER_000003325_SHIPMENT,ORDER_000003325,DELIVERED,2026-08-05T03:59:11,2026-08-07T11:59:11
ORDER_000003326_SHIPMENT,ORDER_000003326,DELIVERED,2026-01-06T02:52:03,2026-01-09T13:52:03
ORDER_000003327_SHIPMENT,ORDER_000003327,IN_TRANSIT,2026-11-01T20:28:31,
ORDER_000003328_SHIPMENT,ORDER_000003328,IN_TRANSIT,2026-10-29T00:15:15,
ORDER_000003329_SHIPMENT,ORDER_000003329,DELIVERED,2026-08-08T13:11:05,2026-08-14T05:11:05
ORDER_000003330_SHIPMENT,ORDER_000003330,DELIVERED,2026-05-14T03:38:24,2026-05-14T19:38:24
ORDER_000003331_SHIPMENT,ORDER_000003331,DELIVERED,2026-12-07T02:08:54,2026-12-07T16:08:54
ORDER_000003332_SHIPMENT,ORDER_000003332,DELIVERED,2026-03-01T12:11:20,2026-03-03T09:11:20
ORDER_000003333_SHIPMENT,ORDER_000003333,DELIVERED,2026-01-13T03:49:01,2026-01-19T07:49:01
ORDER_000003334_SHIPMENT,ORDER_000003334,PROCESSING,,
ORDER_000003335_SHIPMENT,ORDER_000003335,IN_TRANSIT,2026-08-12T07:15:08,
ORDER_000003336_SHIPMENT,ORDER_000003336,DELIVERED,2026-04-24T11:52:01,2026-04-30T15:52:01
ORDER_000003337_SHIPMENT,ORDER_000003337,DELIVERED,2026-08-12T18:59:19,2026-08-17T21:59:19
ORDER_000003338_SHIPMENT,ORDER_000003338,PROCESSING,,
ORDER_000003339_SHIPMENT,ORDER_000003339,DELIVERED,2026-02-06T08:00:57,2026-02-11T09:00:57
ORDER_000003340_SHIPMENT,ORDER_000003340,DELIVERED,2026-04-12T19:15:55,2026-04-16T03:15:55
ORDER_000003341_SHIPMENT,ORDER_000003341,DELIVERED,2026-01-06T10:56:12,2026-01-08T13:56:12
ORDER_000003342_SHIPMENT,ORDER_000003342,DELIVERED,2026-09-22T13:11:27,2026-09-23T15:11:27
ORDER_000003343_SHIPMENT,ORDER_000003343,DELIVERED,2026-12-30T02:55:46,2027-01-01T21:55:46
ORDER_000003344_SHIPMENT,ORDER_000003344,DELIVERED,2026-05-18T09:16:51,2026-05-22T00:16:51
ORDER_000003345_SHIPMENT,ORDER_000003345,PROCESSING,,
ORDER_000003346_SHIPMENT,ORDER_000003346,DELIVERED,2026-02-12T15:03:02,2026-02-15T17:03:02
ORDER_000003347_SHIPMENT,ORDER_000003347,DELIVERED,2027-01-01T05:55:43,2027-01-02T23:55:43
ORDER_000003348_SHIPMENT,ORDER_000003348,DELIVERED,2026-05-22T10:04,2026-05-29T10:04
ORDER_000003349_SHIPMENT,ORDER_000003349,IN_TRANSIT,2026-11-15T21:36:49,
ORDER_000003350_SHIPMENT,ORDER_000003350,DELIVERED,2026-07-30T18:03:52,2026-08-02T17:03:52
ORDER_000003351_SHIPMENT,ORDER_000003351,DELIVERED,2026-07-23T07:22:52,2026-07-26T09:22:52
ORDER_000003352_SHIPMENT,ORDER_000003352,DELIVERED,2026-03-12T06:40:08,2026-03-14T19:40:08
ORDER_000003353_SHIPMENT,ORDER_000003353,DELIVERED,2026-03-19T04:34:01,2026-03-21T18:34:01
ORDER_000003354_SHIPMENT,ORDER_000003354,DELIVERED,2026-09-14T12:21:18,2026-09-17T05:21:18
ORDER_000003355_SHIPMENT,ORDER_000003355,DELIVERED,2026-04-05T00:58:15,2026-04-08T01:58:15
ORDER_000003356_SHIPMENT,ORDER_000003356,IN_TRANSIT,2026-06-17T06:12:10,
ORDER_000003357_SHIPMENT,ORDER_000003357,DELIVERED,2026-04-18T04:47:13,2026-04-22T00:47:13
ORDER_000003358_SHIPMENT,ORDER_000003358,IN_TRANSIT,2026-03-17T04:05:36,
ORDER_000003359_SHIPMENT,ORDER_000003359,DELIVERED,2026-01-11T23:25:57,2026-01-17T16:25:57
ORDER_000003360_SHIPMENT,ORDER_000003360,PROCESSING,,
ORDER_000003361_SHIPMENT,ORDER_000003361,DELIVERED,2026-10-26T12:07:19,2026-10-31T05:07:19
ORDER_000003362_SHIPMENT,ORDER_000003362,DELIVERED,2026-07-11T17:25:47,2026-07-14T06:25:47
ORDER_000003363_SHIPMENT,ORDER_000003363,DELIVERED,2026-08-10T10:53:23,2026-08-14T18:53:23
ORDER_000003364_SHIPMENT,ORDER_000003364,PROCESSING,,
ORDER_000003365_SHIPMENT,ORDER_000003365,DELIVERED,2026-11-01T13:54:31,2026-11-05T22:54:31
ORDER_000003366_SHIPMENT,ORDER_000003366,PROCESSING,,
ORDER_000003367_SHIPMENT,ORDER_000003367,PROCESSING,,
ORDER_000003368_SHIPMENT,ORDER_000003368,DELIVERED,2026-11-28T23:27:02,2026-12-05T08:27:02
ORDER_000003369_SHIPMENT,ORDER_000003369,IN_TRANSIT,2026-10-17T20:59:55,
ORDER_000003370_SHIPMENT,ORDER_000003370,DELIVERED,2026-01-27T08:56:22,2026-02-02T22:56:22
ORDER_000003371_SHIPMENT,ORDER_000003371,DELIVERED,2026-06-05T06:59:48,2026-06-06T07:59:48
ORDER_000003372_SHIPMENT,ORDER_000003372,DELIVERED,2026-08-20T03:31:29,2026-08-22T13:31:29
ORDER_000003373_SHIPMENT,ORDER_000003373,DELIVERED,2026-02-06T17:10:12,2026-02-11T11:10:12
ORDER_000003374_SHIPMENT,ORDER_000003374,PROCESSING,,
ORDER_000003375_SHIPMENT,ORDER_000003375,DELIVERED,2026-03-30T20:57:07,2026-04-05T17:57:07
ORDER_000003376_SHIPMENT,ORDER_000003376,DELIVERED,2026-07-27T01:40:32,2026-07-29T01:40:32
ORDER_000003377_SHIPMENT,ORDER_000003377,PROCESSING,,
ORDER_000003378_SHIPMENT,ORDER_000003378,DELIVERED,2026-07-26T11:58:35,2026-08-01T00:58:35
ORDER_000003379_SHIPMENT,ORDER_000003379,DELIVERED,2026-08-05T00:29:05,2026-08-11T16:29:05
ORDER_000003380_SHIPMENT,ORDER_000003380,DELIVERED,2026-05-15T20:28:47,2026-05-21T10:28:47
ORDER_000003381_SHIPMENT,ORDER_000003381,DELIVERED,2026-07-10T21:25:07,2026-07-15T20:25:07
ORDER_000003382_SHIPMENT,ORDER_000003382,PROCESSING,,
ORDER_000003383_SHIPMENT,ORDER_000003383,PROCESSING,,
ORDER_000003384_SHIPMENT,ORDER_000003384,IN_TRANSIT,2026-06-03T03:48:05,
ORDER_000003385_SHIPMENT,ORDER_000003385,DELIVERED,2026-09-28T03:21:50,2026-10-01T14:21:50
ORDER_000003386_SHIPMENT,ORDER_000003386,DELIVERED,2026-11-29T07:44:30,2026-12-02T11:44:30
ORDER_000003387_SHIPMENT,ORDER_000003387,DELIVERED,2026-05-10T08:54:02,2026-05-15T02:54:02
ORDER_000003388_SHIPMENT,ORDER_000003388,PROCESSING,,
ORDER_000003389_SHIPMENT,ORDER_000003389,DELIVERED,2026-07-13T11:43:42,2026-07-15T21:43:42
ORDER_000003390_SHIPMENT,ORDER_000003390,DELIVERED,2026-09-15T18:39:05,2026-09-17T02:39:05
ORDER_000003391_SHIPMENT,ORDER_000003391,DELIVERED,2026-12-23T04:07:16,2026-12-25T06:07:16
ORDER_000003392_SHIPMENT,ORDER_000003392,PROCESSING,,
ORDER_000003393_SHIPMENT,ORDER_000003393,PROCESSING,,
ORDER_000003394_SHIPMENT,ORDER_000003394,DELIVERED,2026-06-30T16:17:25,2026-07-05T17:17:25
ORDER_000003395_SHIPMENT,ORDER_000003395,DELIVERED,2026-08-17T13:00:22,2026-08-20T21:00:22
ORDER_000003396_SHIPMENT,ORDER_000003396,PROCESSING,,
ORDER_000003397_SHIPMENT,ORDER_000003397,DELIVERED,2026-08-20T03:49:52,2026-08-21T16:49:52
ORDER_000003398_SHIPMENT,ORDER_000003398,DELIVERED,2026-04-10T16:49:20,2026-04-13T12:49:20
ORDER_000003399_SHIPMENT,ORDER_000003399,DELIVERED,2026-06-21T12:08:21,2026-06-26T00:08:21
ORDER_000003400_SHIPMENT,ORDER_000003400,DELIVERED,2026-04-20T09:22:02,2026-04-23T18:22:02
ORDER_000003401_SHIPMENT,ORDER_000003401,PROCESSING,,
ORDER_000003402_SHIPMENT,ORDER_000003402,DELIVERED,2026-04-04T12:15:29,2026-04-08T17:15:29
ORDER_000003403_SHIPMENT,ORDER_000003403,IN_TRANSIT,2026-04-26T23:21:36,
ORDER_000003404_SHIPMENT,ORDER_000003404,DELIVERED,2026-04-07T05:56:10,2026-04-13T05:56:10
ORDER_000003405_SHIPMENT,ORDER_000003405,IN_TRANSIT,2026-09-27T14:34:04,
ORDER_000003406_SHIPMENT,ORDER_000003406,IN_TRANSIT,2026-05-20T22:22,
ORDER_000003407_SHIPMENT,ORDER_000003407,DELIVERED,2026-04-21T02:50:34,2026-04-24T14:50:34
ORDER_000003408_SHIPMENT,ORDER_000003408,DELIVERED,2026-08-05T05:03:15,2026-08-07T09:03:15
ORDER_000003409_SHIPMENT,ORDER_000003409,DELIVERED,2026-11-18T16:27:24,2026-11-25T12:27:24
ORDER_000003410_SHIPMENT,ORDER_000003410,DELIVERED,2026-11-16T14:46:05,2026-11-20T07:46:05
ORDER_000003411_SHIPMENT,ORDER_000003411,DELIVERED,2026-11-17T11:17:10,2026-11-22T10:17:10
ORDER_000003412_SHIPMENT,ORDER_000003412,IN_TRANSIT,2026-04-02T05:47:55,
ORDER_000003413_SHIPMENT,ORDER_000003413,DELIVERED,2026-04-09T23:27:26,2026-04-11T00:27:26
ORDER_000003414_SHIPMENT,ORDER_000003414,DELIVERED,2026-05-24T18:58:38,2026-05-28T04:58:38
ORDER_000003415_SHIPMENT,ORDER_000003415,PROCESSING,,
ORDER_000003416_SHIPMENT,ORDER_000003416,DELIVERED,2026-12-09T20:20:23,2026-12-14T11:20:23
ORDER_000003417_SHIPMENT,ORDER_000003417,PROCESSING,,
ORDER_000003418_SHIPMENT,ORDER_000003418,PROCESSING,,
ORDER_000003419_SHIPMENT,ORDER_000003419,DELIVERED,2026-10-15T12:54:30,2026-10-21T07:54:30
ORDER_000003420_SHIPMENT,ORDER_000003420,DELIVERED,2026-12-20T01:56:27,2026-12-26T11:56:27
ORDER_000003421_SHIPMENT,ORDER_000003421,IN_TRANSIT,2026-09-16T01:18:43,
ORDER_000003422_SHIPMENT,ORDER_000003422,DELIVERED,2026-05-10T03:30:09,2026-05-12T15:30:09
ORDER_000003423_SHIPMENT,ORDER_000003423,PROCESSING,,
ORDER_000003424_SHIPMENT,ORDER_000003424,DELIVERED,2026-10-22T04:02:47,2026-10-23T00:02:47
ORDER_000003425_SHIPMENT,ORDER_000003425,DELIVERED,2026-07-22T05:50:19,2026-07-23T03:50:19
ORDER_000003426_SHIPMENT,ORDER_000003426,DELIVERED,2026-06-18T04:52:23,2026-06-20T00:52:23
ORDER_000003427_SHIPMENT,ORDER_000003427,DELIVERED,2026-05-06T07:06:23,2026-05-12T06:06:23
ORDER_000003428_SHIPMENT,ORDER_000003428,DELIVERED,2026-04-16T19:59:57,2026-04-21T14:59:57
ORDER_000003429_SHIPMENT,ORDER_000003429,DELIVERED,2026-01-18T10:40:33,2026-01-21T08:40:33
ORDER_000003430_SHIPMENT,ORDER_000003430,DELIVERED,2026-03-20T17:52:36,2026-03-23T02:52:36
ORDER_000003431_SHIPMENT,ORDER_000003431,PROCESSING,,
ORDER_000003432_SHIPMENT,ORDER_000003432,DELIVERED,2026-09-25T21:23:58,2026-09-28T00:23:58
ORDER_000003433_SHIPMENT,ORDER_000003433,DELIVERED,2026-06-27T19:20:25,2026-06-29T12:20:25
ORDER_000003434_SHIPMENT,ORDER_000003434,DELIVERED,2026-05-19T20:20:38,2026-05-24T10:20:38
ORDER_000003435_SHIPMENT,ORDER_000003435,DELIVERED,2026-03-29T02:49:42,2026-03-29T14:49:42
ORDER_000003436_SHIPMENT,ORDER_000003436,PROCESSING,,
ORDER_000003437_SHIPMENT,ORDER_000003437,PROCESSING,,
ORDER_000003438_SHIPMENT,ORDER_000003438,PROCESSING,,
ORDER_000003439_SHIPMENT,ORDER_000003439,DELIVERED,2026-07-22T02:06:31,2026-07-27T03:06:31
ORDER_000003440_SHIPMENT,ORDER_000003440,PROCESSING,,
ORDER_000003441_SHIPMENT,ORDER_000003441,PROCESSING,,
ORDER_000003442_SHIPMENT,ORDER_000003442,IN_TRANSIT,2026-06-24T15:35:19,
ORDER_000003443_SHIPMENT,ORDER_000003443,DELIVERED,2026-06-19T04:22,2026-06-22T14:22
ORDER_000003444_SHIPMENT,ORDER_000003444,DELIVERED,2026-08-28T06:21:57,2026-08-29T10:21:57
ORDER_000003445_SHIPMENT,ORDER_000003445,DELIVERED,2026-01-23T01:17:51,2026-01-28T06:17:51
ORDER_000003446_SHIPMENT,ORDER_000003446,PROCESSING,,
ORDER_000003447_SHIPMENT,ORDER_000003447,IN_TRANSIT,2026-11-05T18:45:06,
ORDER_000003448_SHIPMENT,ORDER_000003448,DELIVERED,2026-08-19T16:31:28,2026-08-22T14:31:28
ORDER_000003449_SHIPMENT,ORDER_000003449,DELIVERED,2026-04-05T14:02:54,2026-04-08T11:02:54
ORDER_000003450_SHIPMENT,ORDER_000003450,DELIVERED,2026-10-31T20:56:28,2026-11-05T00:56:28
ORDER_000003451_SHIPMENT,ORDER_000003451,PROCESSING,,
ORDER_000003452_SHIPMENT,ORDER_000003452,PROCESSING,,
ORDER_000003453_SHIPMENT,ORDER_000003453,DELIVERED,2026-02-28T08:58:12,2026-03-02T09:58:12
ORDER_000003454_SHIPMENT,ORDER_000003454,DELIVERED,2026-01-25T12:11:24,2026-02-01T07:11:24
ORDER_000003455_SHIPMENT,ORDER_000003455,PROCESSING,,
ORDER_000003456_SHIPMENT,ORDER_000003456,DELIVERED,2026-09-12T19:37:21,2026-09-16T07:37:21
ORDER_000003457_SHIPMENT,ORDER_000003457,DELIVERED,2026-04-22T18:24:33,2026-04-27T04:24:33
ORDER_000003458_SHIPMENT,ORDER_000003458,DELIVERED,2026-11-20T03:11:28,2026-11-26T20:11:28
ORDER_000003459_SHIPMENT,ORDER_000003459,DELIVERED,2026-06-30T11:19:07,2026-07-06T22:19:07
ORDER_000003460_SHIPMENT,ORDER_000003460,DELIVERED,2026-03-10T14:08:38,2026-03-15T02:08:38
ORDER_000003461_SHIPMENT,ORDER_000003461,DELIVERED,2026-06-17T15:00:29,2026-06-23T06:00:29
ORDER_000003462_SHIPMENT,ORDER_000003462,DELIVERED,2026-11-01T18:43:10,2026-11-05T08:43:10
ORDER_000003463_SHIPMENT,ORDER_000003463,DELIVERED,2026-06-13T08:48:56,2026-06-14T00:48:56
ORDER_000003464_SHIPMENT,ORDER_000003464,PROCESSING,,
ORDER_000003465_SHIPMENT,ORDER_000003465,PROCESSING,,
ORDER_000003466_SHIPMENT,ORDER_000003466,DELIVERED,2026-12-04T05:08:52,2026-12-07T03:08:52
ORDER_000003467_SHIPMENT,ORDER_000003467,DELIVERED,2026-05-04T16:40:51,2026-05-09T07:40:51
ORDER_000003468_SHIPMENT,ORDER_000003468,IN_TRANSIT,2026-06-05T01:41:03,
ORDER_000003469_SHIPMENT,ORDER_000003469,IN_TRANSIT,2026-10-02T17:49:09,
ORDER_000003470_SHIPMENT,ORDER_000003470,DELIVERED,2026-01-22T11:13:37,2026-01-26T12:13:37
ORDER_000003471_SHIPMENT,ORDER_000003471,DELIVERED,2026-02-12T14:59:07,2026-02-16T11:59:07
ORDER_000003472_SHIPMENT,ORDER_000003472,PROCESSING,,
ORDER_000003473_SHIPMENT,ORDER_000003473,DELIVERED,2026-02-25T05:01:03,2026-03-04T05:01:03
ORDER_000003474_SHIPMENT,ORDER_000003474,DELIVERED,2026-04-16T18:17:04,2026-04-20T18:17:04
ORDER_000003475_SHIPMENT,ORDER_000003475,PROCESSING,,
ORDER_000003476_SHIPMENT,ORDER_000003476,DELIVERED,2026-01-23T13:20:22,2026-01-28T21:20:22
ORDER_000003477_SHIPMENT,ORDER_000003477,DELIVERED,2026-02-24T09:10:32,2026-03-03T05:10:32
ORDER_000003478_SHIPMENT,ORDER_000003478,DELIVERED,2026-07-10T01:21:21,2026-07-16T08:21:21
ORDER_000003479_SHIPMENT,ORDER_000003479,DELIVERED,2026-09-26T17:52:41,2026-10-02T08:52:41
ORDER_000003480_SHIPMENT,ORDER_000003480,DELIVERED,2026-07-08T16:28,2026-07-15T04:28
ORDER_000003481_SHIPMENT,ORDER_000003481,DELIVERED,2026-01-06T06:39:01,2026-01-09T05:39:01
ORDER_000003482_SHIPMENT,ORDER_000003482,PROCESSING,,
ORDER_000003483_SHIPMENT,ORDER_000003483,DELIVERED,2026-10-06T05:32:21,2026-10-10T19:32:21
ORDER_000003484_SHIPMENT,ORDER_000003484,IN_TRANSIT,2026-03-06T22:42:16,
ORDER_000003485_SHIPMENT,ORDER_000003485,DELIVERED,2026-07-23T11:44:46,2026-07-29T04:44:46
ORDER_000003486_SHIPMENT,ORDER_000003486,DELIVERED,2026-07-24T17:24:05,2026-07-30T05:24:05
ORDER_000003487_SHIPMENT,ORDER_000003487,PROCESSING,,
ORDER_000003488_SHIPMENT,ORDER_000003488,PROCESSING,,
ORDER_000003489_SHIPMENT,ORDER_000003489,DELIVERED,2026-08-21T07:57:40,2026-08-25T03:57:40
ORDER_000003490_SHIPMENT,ORDER_000003490,DELIVERED,2026-12-03T00:30:05,2026-12-07T23:30:05
ORDER_000003491_SHIPMENT,ORDER_000003491,DELIVERED,2026-12-05T16:25:17,2026-12-10T05:25:17
ORDER_000003492_SHIPMENT,ORDER_000003492,IN_TRANSIT,2026-06-12T13:33:53,
ORDER_000003493_SHIPMENT,ORDER_000003493,PROCESSING,,
ORDER_000003494_SHIPMENT,ORDER_000003494,DELIVERED,2026-02-19T19:46:07,2026-02-22T20:46:07
ORDER_000003495_SHIPMENT,ORDER_000003495,DELIVERED,2026-05-25T09:44:56,2026-05-28T10:44:56
ORDER_000003496_SHIPMENT,ORDER_000003496,IN_TRANSIT,2026-07-19T15:13:32,
ORDER_000003497_SHIPMENT,ORDER_000003497,DELIVERED,2026-06-10T02:12:32,2026-06-13T05:12:32
ORDER_000003498_SHIPMENT,ORDER_000003498,PROCESSING,,
ORDER_000003499_SHIPMENT,ORDER_000003499,DELIVERED,2026-02-10T06:35:33,2026-02-16T16:35:33
ORDER_000003500_SHIPMENT,ORDER_000003500,DELIVERED,2026-01-25T22:09:17,2026-01-27T16:09:17
ORDER_000003501_SHIPMENT,ORDER_000003501,IN_TRANSIT,2026-11-09T22:29:51,
ORDER_000003502_SHIPMENT,ORDER_000003502,PROCESSING,,
ORDER_000003503_SHIPMENT,ORDER_000003503,DELIVERED,2026-10-27T00:57:07,2026-10-31T21:57:07
ORDER_000003504_SHIPMENT,ORDER_000003504,IN_TRANSIT,2026-09-06T18:13:50,
ORDER_000003505_SHIPMENT,ORDER_000003505,DELIVERED,2026-03-31T13:42:40,2026-04-06T19:42:40
ORDER_000003506_SHIPMENT,ORDER_000003506,DELIVERED,2026-02-27T17:08:40,2026-03-05T16:08:40
ORDER_000003507_SHIPMENT,ORDER_000003507,DELIVERED,2026-04-20T13:10:31,2026-04-22T10:10:31
ORDER_000003508_SHIPMENT,ORDER_000003508,DELIVERED,2026-12-17T02:17:27,2026-12-20T07:17:27
ORDER_000003509_SHIPMENT,ORDER_000003509,PROCESSING,,
ORDER_000003510_SHIPMENT,ORDER_000003510,DELIVERED,2026-12-08T21:26:53,2026-12-14T14:26:53
ORDER_000003511_SHIPMENT,ORDER_000003511,DELIVERED,2026-12-21T04:36:06,2026-12-22T09:36:06
ORDER_000003512_SHIPMENT,ORDER_000003512,DELIVERED,2026-02-20T19:03:04,2026-02-25T11:03:04
ORDER_000003513_SHIPMENT,ORDER_000003513,PROCESSING,,
ORDER_000003514_SHIPMENT,ORDER_000003514,DELIVERED,2026-02-23T22:11:08,2026-03-02T22:11:08
ORDER_000003515_SHIPMENT,ORDER_000003515,DELIVERED,2026-02-10T13:25:19,2026-02-13T12:25:19
ORDER_000003516_SHIPMENT,ORDER_000003516,DELIVERED,2026-11-30T08:16:14,2026-12-02T22:16:14
ORDER_000003517_SHIPMENT,ORDER_000003517,DELIVERED,2026-04-23T14:28:41,2026-04-28T15:28:41
ORDER_000003518_SHIPMENT,ORDER_000003518,DELIVERED,2026-02-17T13:37:07,2026-02-19T01:37:07
ORDER_000003519_SHIPMENT,ORDER_000003519,DELIVERED,2026-11-30T23:57:01,2026-12-02T05:57:01
ORDER_000003520_SHIPMENT,ORDER_000003520,DELIVERED,2026-02-02T00:05:05,2026-02-06T04:05:05
ORDER_000003521_SHIPMENT,ORDER_000003521,DELIVERED,2026-05-21T01:15:43,2026-05-22T00:15:43
ORDER_000003522_SHIPMENT,ORDER_000003522,DELIVERED,2026-06-09T05:30:40,2026-06-11T17:30:40
ORDER_000003523_SHIPMENT,ORDER_000003523,DELIVERED,2026-09-16T01:45:06,2026-09-17T00:45:06
ORDER_000003524_SHIPMENT,ORDER_000003524,DELIVERED,2026-01-06T20:47:14,2026-01-13T06:47:14
ORDER_000003525_SHIPMENT,ORDER_000003525,DELIVERED,2026-07-11T11:54:44,2026-07-15T11:54:44
ORDER_000003526_SHIPMENT,ORDER_000003526,PROCESSING,,
ORDER_000003527_SHIPMENT,ORDER_000003527,DELIVERED,2026-01-07T00:29:26,2026-01-10T19:29:26
ORDER_000003528_SHIPMENT,ORDER_000003528,PROCESSING,,
ORDER_000003529_SHIPMENT,ORDER_000003529,IN_TRANSIT,2026-06-10T10:25:43,
ORDER_000003530_SHIPMENT,ORDER_000003530,DELIVERED,2026-09-12T17:34:01,2026-09-14T13:34:01
ORDER_000003531_SHIPMENT,ORDER_000003531,PROCESSING,,
ORDER_000003532_SHIPMENT,ORDER_000003532,DELIVERED,2026-09-06T02:24:21,2026-09-09T09:24:21
ORDER_000003533_SHIPMENT,ORDER_000003533,DELIVERED,2026-09-19T05:44:22,2026-09-25T12:44:22
ORDER_000003534_SHIPMENT,ORDER_000003534,DELIVERED,2026-11-17T00:24:42,2026-11-17T12:24:42
ORDER_000003535_SHIPMENT,ORDER_000003535,DELIVERED,2026-02-26T18:03:26,2026-02-27T19:03:26
ORDER_000003536_SHIPMENT,ORDER_000003536,DELIVERED,2026-11-25T23:18:54,2026-11-30T03:18:54
ORDER_000003537_SHIPMENT,ORDER_000003537,DELIVERED,2026-09-27T21:54:40,2026-09-28T09:54:40
ORDER_000003538_SHIPMENT,ORDER_000003538,DELIVERED,2026-03-07T00:46:28,2026-03-09T08:46:28
ORDER_000003539_SHIPMENT,ORDER_000003539,DELIVERED,2026-10-20T04:19:41,2026-10-24T01:19:41
ORDER_000003540_SHIPMENT,ORDER_000003540,IN_TRANSIT,2026-08-15T00:36:32,
ORDER_000003541_SHIPMENT,ORDER_000003541,DELIVERED,2026-09-30T05:39:17,2026-10-05T18:39:17
ORDER_000003542_SHIPMENT,ORDER_000003542,DELIVERED,2026-10-16T02:24:11,2026-10-22T20:24:11
ORDER_000003543_SHIPMENT,ORDER_000003543,DELIVERED,2026-05-05T03:28:12,2026-05-10T18:28:12
ORDER_000003544_SHIPMENT,ORDER_000003544,DELIVERED,2026-02-06T16:20:47,2026-02-12T22:20:47
ORDER_000003545_SHIPMENT,ORDER_000003545,DELIVERED,2026-06-28T23:22:50,2026-07-02T20:22:50
ORDER_000003546_SHIPMENT,ORDER_000003546,DELIVERED,2026-04-20T02:43:43,2026-04-20T15:43:43
ORDER_000003547_SHIPMENT,ORDER_000003547,PROCESSING,,
ORDER_000003548_SHIPMENT,ORDER_000003548,DELIVERED,2026-05-02T03:53:38,2026-05-08T13:53:38
ORDER_000003549_SHIPMENT,ORDER_000003549,PROCESSING,,
ORDER_000003550_SHIPMENT,ORDER_000003550,PROCESSING,,
ORDER_000003551_SHIPMENT,ORDER_000003551,IN_TRANSIT,2026-08-19T09:00:55,
ORDER_000003552_SHIPMENT,ORDER_000003552,DELIVERED,2026-01-29T07:55:06,2026-02-04T01:55:06
ORDER_000003553_SHIPMENT,ORDER_000003553,DELIVERED,2026-09-17T22:21:18,2026-09-22T00:21:18
ORDER_000003554_SHIPMENT,ORDER_000003554,DELIVERED,2026-06-14T08:49:02,2026-06-15T01:49:02
ORDER_000003555_SHIPMENT,ORDER_000003555,PROCESSING,,
ORDER_000003556_SHIPMENT,ORDER_000003556,IN_TRANSIT,2026-02-13T04:41:29,
ORDER_000003557_SHIPMENT,ORDER_000003557,PROCESSING,,
ORDER_000003558_SHIPMENT,ORDER_000003558,PROCESSING,,
ORDER_000003559_SHIPMENT,ORDER_000003559,DELIVERED,2026-05-05T17:12:19,2026-05-09T12:12:19
ORDER_000003560_SHIPMENT,ORDER_000003560,PROCESSING,,
ORDER_000003561_SHIPMENT,ORDER_000003561,IN_TRANSIT,2026-05-08T04:15:15,
ORDER_000003562_SHIPMENT,ORDER_000003562,DELIVERED,2026-10-04T20:57:54,2026-10-10T16:57:54
ORDER_000003563_SHIPMENT,ORDER_000003563,DELIVERED,2026-07-14T15:47:10,2026-07-15T05:47:10
ORDER_000003564_SHIPMENT,ORDER_000003564,DELIVERED,2026-06-22T09:56:20,2026-06-28T17:56:20
ORDER_000003565_SHIPMENT,ORDER_000003565,DELIVERED,2026-07-15T22:19:37,2026-07-21T02:19:37
ORDER_000003566_SHIPMENT,ORDER_000003566,DELIVERED,2026-11-07T04:37:56,2026-11-09T11:37:56
ORDER_000003567_SHIPMENT,ORDER_000003567,IN_TRANSIT,2026-06-14T18:15:45,
ORDER_000003568_SHIPMENT,ORDER_000003568,DELIVERED,2026-12-26T09:29:51,2026-12-30T04:29:51
ORDER_000003569_SHIPMENT,ORDER_000003569,PROCESSING,,
ORDER_000003570_SHIPMENT,ORDER_000003570,DELIVERED,2026-05-12T04:03:01,2026-05-17T04:03:01
ORDER_000003571_SHIPMENT,ORDER_000003571,DELIVERED,2026-12-09T17:24:44,2026-12-10T22:24:44
ORDER_000003572_SHIPMENT,ORDER_000003572,DELIVERED,2026-06-13T11:52:53,2026-06-18T12:52:53
ORDER_000003573_SHIPMENT,ORDER_000003573,IN_TRANSIT,2026-10-18T15:48:58,
ORDER_000003574_SHIPMENT,ORDER_000003574,PROCESSING,,
ORDER_000003575_SHIPMENT,ORDER_000003575,PROCESSING,,
ORDER_000003576_SHIPMENT,ORDER_000003576,DELIVERED,2026-08-29T06:24:30,2026-08-30T02:24:30
ORDER_000003577_SHIPMENT,ORDER_000003577,PROCESSING,,
ORDER_000003578_SHIPMENT,ORDER_000003578,DELIVERED,2026-11-08T00:21:26,2026-11-08T14:21:26
ORDER_000003579_SHIPMENT,ORDER_000003579,DELIVERED,2026-01-27T05:44:01,2026-02-01T23:44:01
ORDER_000003580_SHIPMENT,ORDER_000003580,PROCESSING,,
ORDER_000003581_SHIPMENT,ORDER_000003581,DELIVERED,2026-11-26T23:32:07,2026-12-02T12:32:07
ORDER_000003582_SHIPMENT,ORDER_000003582,PROCESSING,,
ORDER_000003583_SHIPMENT,ORDER_000003583,DELIVERED,2026-01-10T23:04:27,2026-01-13T01:04:27
ORDER_000003584_SHIPMENT,ORDER_000003584,PROCESSING,,
ORDER_000003585_SHIPMENT,ORDER_000003585,DELIVERED,2026-05-22T05:23:19,2026-05-28T17:23:19
ORDER_000003586_SHIPMENT,ORDER_000003586,DELIVERED,2026-09-13T05:55:21,2026-09-17T12:55:21
ORDER_000003587_SHIPMENT,ORDER_000003587,PROCESSING,,
ORDER_000003588_SHIPMENT,ORDER_000003588,DELIVERED,2026-08-17T02:37:29,2026-08-23T12:37:29
ORDER_000003589_SHIPMENT,ORDER_000003589,DELIVERED,2026-12-20T23:59:48,2026-12-27T03:59:48
ORDER_000003590_SHIPMENT,ORDER_000003590,DELIVERED,2026-03-14T15:41:59,2026-03-16T05:41:59
ORDER_000003591_SHIPMENT,ORDER_000003591,DELIVERED,2026-07-29T11:44:51,2026-08-02T03:44:51
ORDER_000003592_SHIPMENT,ORDER_000003592,IN_TRANSIT,2026-10-16T04:30:40,
ORDER_000003593_SHIPMENT,ORDER_000003593,PROCESSING,,
ORDER_000003594_SHIPMENT,ORDER_000003594,DELIVERED,2026-07-05T07:42:34,2026-07-09T11:42:34
ORDER_000003595_SHIPMENT,ORDER_000003595,IN_TRANSIT,2026-07-04T10:46:41,
ORDER_000003596_SHIPMENT,ORDER_000003596,DELIVERED,2026-04-22T18:29:33,2026-04-28T02:29:33
ORDER_000003597_SHIPMENT,ORDER_000003597,DELIVERED,2026-03-17T04:51:09,2026-03-18T15:51:09
ORDER_000003598_SHIPMENT,ORDER_000003598,DELIVERED,2026-10-05T00:00:43,2026-10-11T10:00:43
ORDER_000003599_SHIPMENT,ORDER_000003599,DELIVERED,2026-01-30T23:51:13,2026-02-01T22:51:13
ORDER_000003600_SHIPMENT,ORDER_000003600,PROCESSING,,
ORDER_000003601_SHIPMENT,ORDER_000003601,IN_TRANSIT,2026-09-23T23:12:54,
ORDER_000003602_SHIPMENT,ORDER_000003602,IN_TRANSIT,2026-12-07T01:07:54,
ORDER_000003603_SHIPMENT,ORDER_000003603,DELIVERED,2026-02-27T20:44:13,2026-03-06T07:44:13
ORDER_000003604_SHIPMENT,ORDER_000003604,DELIVERED,2026-12-20T04:34,2026-12-25T00:34
ORDER_000003605_SHIPMENT,ORDER_000003605,PROCESSING,,
ORDER_000003606_SHIPMENT,ORDER_000003606,PROCESSING,,
ORDER_000003607_SHIPMENT,ORDER_000003607,DELIVERED,2026-06-01T11:49:52,2026-06-03T03:49:52
ORDER_000003608_SHIPMENT,ORDER_000003608,PROCESSING,,
ORDER_000003609_SHIPMENT,ORDER_000003609,DELIVERED,2026-04-02T11:55:44,2026-04-09T05:55:44
ORDER_000003610_SHIPMENT,ORDER_000003610,PROCESSING,,
ORDER_000003611_SHIPMENT,ORDER_000003611,DELIVERED,2026-05-03T08:19:12,2026-05-07T15:19:12
ORDER_000003612_SHIPMENT,ORDER_000003612,DELIVERED,2026-07-29T04:50,2026-08-04T19:50
ORDER_000003613_SHIPMENT,ORDER_000003613,DELIVERED,2026-02-13T05:37:57,2026-02-17T23:37:57
ORDER_000003614_SHIPMENT,ORDER_000003614,IN_TRANSIT,2026-06-10T13:30:09,
ORDER_000003615_SHIPMENT,ORDER_000003615,DELIVERED,2026-09-28T18:04:05,2026-10-05T16:04:05
ORDER_000003616_SHIPMENT,ORDER_000003616,DELIVERED,2026-02-23T14:50:45,2026-02-27T14:50:45
ORDER_000003617_SHIPMENT,ORDER_000003617,IN_TRANSIT,2026-09-09T09:42:54,
ORDER_000003618_SHIPMENT,ORDER_000003618,DELIVERED,2026-09-03T03:57:08,2026-09-07T16:57:08
ORDER_000003619_SHIPMENT,ORDER_000003619,DELIVERED,2026-03-14T18:30:43,2026-03-16T16:30:43
ORDER_000003620_SHIPMENT,ORDER_000003620,DELIVERED,2026-10-23T15:56:14,2026-10-26T20:56:14
ORDER_000003621_SHIPMENT,ORDER_000003621,DELIVERED,2026-01-23T11:23:05,2026-01-25T21:23:05
ORDER_000003622_SHIPMENT,ORDER_000003622,DELIVERED,2026-04-26T04:06:18,2026-05-03T00:06:18
ORDER_000003623_SHIPMENT,ORDER_000003623,DELIVERED,2026-06-28T09:45:42,2026-07-01T00:45:42
ORDER_000003624_SHIPMENT,ORDER_000003624,DELIVERED,2026-10-07T03:26:26,2026-10-08T22:26:26
ORDER_000003625_SHIPMENT,ORDER_000003625,DELIVERED,2026-01-12T17:58:28,2026-01-14T03:58:28
ORDER_000003626_SHIPMENT,ORDER_000003626,DELIVERED,2026-03-10T19:29:55,2026-03-16T14:29:55
ORDER_000003627_SHIPMENT,ORDER_000003627,DELIVERED,2026-01-30T15:11:42,2026-02-02T02:11:42
ORDER_000003628_SHIPMENT,ORDER_000003628,DELIVERED,2026-02-09T02:20:11,2026-02-11T12:20:11
ORDER_000003629_SHIPMENT,ORDER_000003629,PROCESSING,,
ORDER_000003630_SHIPMENT,ORDER_000003630,IN_TRANSIT,2026-10-15T10:54:50,
ORDER_000003631_SHIPMENT,ORDER_000003631,PROCESSING,,
ORDER_000003632_SHIPMENT,ORDER_000003632,PROCESSING,,
ORDER_000003633_SHIPMENT,ORDER_000003633,DELIVERED,2026-03-01T21:13:57,2026-03-03T09:13:57
ORDER_000003634_SHIPMENT,ORDER_000003634,DELIVERED,2026-12-08T16:22:09,2026-12-13T00:22:09
ORDER_000003635_SHIPMENT,ORDER_000003635,IN_TRANSIT,2026-03-28T22:41:56,
ORDER_000003636_SHIPMENT,ORDER_000003636,IN_TRANSIT,2026-12-08T03:40:21,
ORDER_000003637_SHIPMENT,ORDER_000003637,PROCESSING,,
ORDER_000003638_SHIPMENT,ORDER_000003638,DELIVERED,2026-01-08T06:24:44,2026-01-13T15:24:44
ORDER_000003639_SHIPMENT,ORDER_000003639,DELIVERED,2026-03-16T15:11:07,2026-03-20T23:11:07
ORDER_000003640_SHIPMENT,ORDER_000003640,DELIVERED,2026-08-20T02:39:23,2026-08-23T07:39:23
ORDER_000003641_SHIPMENT,ORDER_000003641,DELIVERED,2026-03-16T04:05:40,2026-03-18T05:05:40
ORDER_000003642_SHIPMENT,ORDER_000003642,DELIVERED,2026-12-25T04:27:30,2026-12-28T08:27:30
ORDER_000003643_SHIPMENT,ORDER_000003643,IN_TRANSIT,2026-07-02T02:36:09,
ORDER_000003644_SHIPMENT,ORDER_000003644,DELIVERED,2026-04-02T01:00:35,2026-04-08T08:00:35
ORDER_000003645_SHIPMENT,ORDER_000003645,DELIVERED,2026-06-03T09:49:11,2026-06-07T06:49:11
ORDER_000003646_SHIPMENT,ORDER_000003646,IN_TRANSIT,2026-10-14T03:50:10,
ORDER_000003647_SHIPMENT,ORDER_000003647,DELIVERED,2026-05-07T13:21:11,2026-05-11T13:21:11
ORDER_000003648_SHIPMENT,ORDER_000003648,DELIVERED,2026-07-25T21:51:21,2026-07-30T02:51:21
ORDER_000003649_SHIPMENT,ORDER_000003649,DELIVERED,2026-04-28T01:26:32,2026-05-02T05:26:32
ORDER_000003650_SHIPMENT,ORDER_000003650,DELIVERED,2026-07-19T14:45:16,2026-07-21T07:45:16
ORDER_000003651_SHIPMENT,ORDER_000003651,PROCESSING,,
ORDER_000003652_SHIPMENT,ORDER_000003652,DELIVERED,2026-04-04T11:09:42,2026-04-11T01:09:42
ORDER_000003653_SHIPMENT,ORDER_000003653,DELIVERED,2026-06-13T12:44:21,2026-06-18T18:44:21
ORDER_000003654_SHIPMENT,ORDER_000003654,IN_TRANSIT,2026-07-31T04:54:47,
ORDER_000003655_SHIPMENT,ORDER_000003655,DELIVERED,2026-04-02T16:09:50,2026-04-04T14:09:50
ORDER_000003656_SHIPMENT,ORDER_000003656,DELIVERED,2026-12-15T14:10:28,2026-12-22T06:10:28
ORDER_000003657_SHIPMENT,ORDER_000003657,PROCESSING,,
ORDER_000003658_SHIPMENT,ORDER_000003658,DELIVERED,2026-08-20T09:41:12,2026-08-23T10:41:12
ORDER_000003659_SHIPMENT,ORDER_000003659,DELIVERED,2026-12-27T18:21:19,2026-12-28T19:21:19
ORDER_000003660_SHIPMENT,ORDER_000003660,IN_TRANSIT,2026-05-27T18:38:52,
ORDER_000003661_SHIPMENT,ORDER_000003661,IN_TRANSIT,2026-04-13T11:25:33,
ORDER_000003662_SHIPMENT,ORDER_000003662,DELIVERED,2026-08-31T09:19:16,2026-09-03T20:19:16
ORDER_000003663_SHIPMENT,ORDER_000003663,IN_TRANSIT,2026-09-11T23:45:03,
ORDER_000003664_SHIPMENT,ORDER_000003664,DELIVERED,2026-08-26T08:13:04,2026-08-27T02:13:04
ORDER_000003665_SHIPMENT,ORDER_000003665,DELIVERED,2026-12-11T15:46:02,2026-12-17T13:46:02
ORDER_000003666_SHIPMENT,ORDER_000003666,DELIVERED,2026-09-22T08:00:36,2026-09-22T20:00:36
ORDER_000003667_SHIPMENT,ORDER_000003667,PROCESSING,,
ORDER_000003668_SHIPMENT,ORDER_000003668,DELIVERED,2026-09-03T10:42:34,2026-09-04T15:42:34
ORDER_000003669_SHIPMENT,ORDER_000003669,DELIVERED,2026-04-20T11:21:14,2026-04-22T14:21:14
ORDER_000003670_SHIPMENT,ORDER_000003670,DELIVERED,2026-02-26T01:28:13,2026-02-28T09:28:13
ORDER_000003671_SHIPMENT,ORDER_000003671,PROCESSING,,
ORDER_000003672_SHIPMENT,ORDER_000003672,DELIVERED,2026-10-31T03:29:16,2026-11-06T14:29:16
ORDER_000003673_SHIPMENT,ORDER_000003673,IN_TRANSIT,2026-02-02T13:34:59,
ORDER_000003674_SHIPMENT,ORDER_000003674,IN_TRANSIT,2026-02-10T07:21:52,
ORDER_000003675_SHIPMENT,ORDER_000003675,DELIVERED,2026-11-01T00:42:43,2026-11-07T12:42:43
ORDER_000003676_SHIPMENT,ORDER_000003676,PROCESSING,,
ORDER_000003677_SHIPMENT,ORDER_000003677,PROCESSING,,
ORDER_000003678_SHIPMENT,ORDER_000003678,PROCESSING,,
ORDER_000003679_SHIPMENT,ORDER_000003679,PROCESSING,,
ORDER_000003680_SHIPMENT,ORDER_000003680,DELIVERED,2026-02-11T18:13:01,2026-02-12T16:13:01
ORDER_000003681_SHIPMENT,ORDER_000003681,PROCESSING,,
ORDER_000003682_SHIPMENT,ORDER_000003682,DELIVERED,2026-07-23T05:10:50,2026-07-24T05:10:50
ORDER_000003683_SHIPMENT,ORDER_000003683,DELIVERED,2026-03-06T14:56:17,2026-03-10T12:56:17
ORDER_000003684_SHIPMENT,ORDER_000003684,DELIVERED,2026-07-20T19:18:47,2026-07-24T19:18:47
ORDER_000003685_SHIPMENT,ORDER_000003685,IN_TRANSIT,2026-08-30T00:30:07,
ORDER_000003686_SHIPMENT,ORDER_000003686,IN_TRANSIT,2026-12-28T17:00:28,
ORDER_000003687_SHIPMENT,ORDER_000003687,DELIVERED,2026-03-25T03:36:02,2026-03-26T11:36:02
ORDER_000003688_SHIPMENT,ORDER_000003688,PROCESSING,,
ORDER_000003689_SHIPMENT,ORDER_000003689,DELIVERED,2026-03-26T22:02:27,2026-03-31T14:02:27
ORDER_000003690_SHIPMENT,ORDER_000003690,PROCESSING,,
ORDER_000003691_SHIPMENT,ORDER_000003691,IN_TRANSIT,2026-09-21T07:50:50,
ORDER_000003692_SHIPMENT,ORDER_000003692,PROCESSING,,
ORDER_000003693_SHIPMENT,ORDER_000003693,DELIVERED,2026-12-29T18:16:51,2027-01-01T18:16:51
ORDER_000003694_SHIPMENT,ORDER_000003694,IN_TRANSIT,2026-12-09T07:32:08,
ORDER_000003695_SHIPMENT,ORDER_000003695,DELIVERED,2026-07-07T08:56:32,2026-07-11T13:56:32
ORDER_000003696_SHIPMENT,ORDER_000003696,PROCESSING,,
ORDER_000003697_SHIPMENT,ORDER_000003697,DELIVERED,2026-08-05T19:17:25,2026-08-07T10:17:25
ORDER_000003698_SHIPMENT,ORDER_000003698,DELIVERED,2026-09-24T00:20:44,2026-09-29T01:20:44
ORDER_000003699_SHIPMENT,ORDER_000003699,DELIVERED,2026-10-17T07:32:30,2026-10-20T05:32:30
ORDER_000003700_SHIPMENT,ORDER_000003700,DELIVERED,2026-09-11T01:24:39,2026-09-16T14:24:39
ORDER_000003701_SHIPMENT,ORDER_000003701,IN_TRANSIT,2026-03-12T11:34:49,
ORDER_000003702_SHIPMENT,ORDER_000003702,PROCESSING,,
ORDER_000003703_SHIPMENT,ORDER_000003703,DELIVERED,2026-07-12T06:00:29,2026-07-17T01:00:29
ORDER_000003704_SHIPMENT,ORDER_000003704,PROCESSING,,
ORDER_000003705_SHIPMENT,ORDER_000003705,DELIVERED,2026-11-01T12:00:22,2026-11-07T00:00:22
ORDER_000003706_SHIPMENT,ORDER_000003706,PROCESSING,,
ORDER_000003707_SHIPMENT,ORDER_000003707,DELIVERED,2026-06-15T02:15:37,2026-06-16T12:15:37
ORDER_000003708_SHIPMENT,ORDER_000003708,DELIVERED,2026-05-25T19:24:44,2026-05-31T17:24:44
ORDER_000003709_SHIPMENT,ORDER_000003709,DELIVERED,2026-07-27T05:33:56,2026-07-29T12:33:56
ORDER_000003710_SHIPMENT,ORDER_000003710,IN_TRANSIT,2026-08-08T01:24:37,
ORDER_000003711_SHIPMENT,ORDER_000003711,PROCESSING,,
ORDER_000003712_SHIPMENT,ORDER_000003712,PROCESSING,,
ORDER_000003713_SHIPMENT,ORDER_000003713,PROCESSING,,
ORDER_000003714_SHIPMENT,ORDER_000003714,DELIVERED,2026-08-03T19:50:14,2026-08-09T03:50:14
ORDER_000003715_SHIPMENT,ORDER_000003715,PROCESSING,,
ORDER_000003716_SHIPMENT,ORDER_000003716,DELIVERED,2026-08-12T20:41:55,2026-08-17T22:41:55
ORDER_000003717_SHIPMENT,ORDER_000003717,DELIVERED,2026-08-31T20:17:46,2026-09-04T08:17:46
ORDER_000003718_SHIPMENT,ORDER_000003718,PROCESSING,,
ORDER_000003719_SHIPMENT,ORDER_000003719,DELIVERED,2026-11-12T07:57:37,2026-11-13T03:57:37
ORDER_000003720_SHIPMENT,ORDER_000003720,DELIVERED,2026-06-23T06:54:02,2026-06-28T18:54:02
ORDER_000003721_SHIPMENT,ORDER_000003721,DELIVERED,2026-08-15T01:41:37,2026-08-21T20:41:37
ORDER_000003722_SHIPMENT,ORDER_000003722,IN_TRANSIT,2026-05-20T15:16:24,
ORDER_000003723_SHIPMENT,ORDER_000003723,DELIVERED,2026-06-18T13:27:23,2026-06-19T04:27:23
ORDER_000003724_SHIPMENT,ORDER_000003724,IN_TRANSIT,2026-02-19T22:27:26,
ORDER_000003725_SHIPMENT,ORDER_000003725,IN_TRANSIT,2026-09-20T17:39:20,
ORDER_000003726_SHIPMENT,ORDER_000003726,DELIVERED,2026-01-30T05:36:56,2026-02-01T14:36:56
ORDER_000003727_SHIPMENT,ORDER_000003727,DELIVERED,2026-10-10T20:55:41,2026-10-15T09:55:41
ORDER_000003728_SHIPMENT,ORDER_000003728,PROCESSING,,
ORDER_000003729_SHIPMENT,ORDER_000003729,PROCESSING,,
ORDER_000003730_SHIPMENT,ORDER_000003730,DELIVERED,2026-01-29T21:14:36,2026-02-04T15:14:36
ORDER_000003731_SHIPMENT,ORDER_000003731,IN_TRANSIT,2026-11-03T13:33:04,
ORDER_000003732_SHIPMENT,ORDER_000003732,IN_TRANSIT,2026-11-14T09:39:36,
ORDER_000003733_SHIPMENT,ORDER_000003733,PROCESSING,,
ORDER_000003734_SHIPMENT,ORDER_000003734,DELIVERED,2026-08-24T17:32:09,2026-08-28T10:32:09
ORDER_000003735_SHIPMENT,ORDER_000003735,IN_TRANSIT,2026-05-08T09:40:44,
ORDER_000003736_SHIPMENT,ORDER_000003736,DELIVERED,2026-02-28T19:40:24,2026-03-01T17:40:24
ORDER_000003737_SHIPMENT,ORDER_000003737,IN_TRANSIT,2026-10-20T01:42:34,
ORDER_000003738_SHIPMENT,ORDER_000003738,DELIVERED,2026-07-02T17:59:53,2026-07-05T02:59:53
ORDER_000003739_SHIPMENT,ORDER_000003739,DELIVERED,2026-06-26T17:53:14,2026-07-03T13:53:14
ORDER_000003740_SHIPMENT,ORDER_000003740,DELIVERED,2026-12-23T20:09:33,2026-12-28T09:09:33
ORDER_000003741_SHIPMENT,ORDER_000003741,IN_TRANSIT,2026-09-29T02:47:15,
ORDER_000003742_SHIPMENT,ORDER_000003742,PROCESSING,,
ORDER_000003743_SHIPMENT,ORDER_000003743,PROCESSING,,
ORDER_000003744_SHIPMENT,ORDER_000003744,IN_TRANSIT,2026-07-07T14:13:50,
ORDER_000003745_SHIPMENT,ORDER_000003745,IN_TRANSIT,2026-06-20T04:27:55,
ORDER_000003746_SHIPMENT,ORDER_000003746,DELIVERED,2026-01-26T18:33:55,2026-01-31T00:33:55
ORDER_000003747_SHIPMENT,ORDER_000003747,DELIVERED,2026-06-11T10:32:53,2026-06-17T17:32:53
ORDER_000003748_SHIPMENT,ORDER_000003748,DELIVERED,2026-01-27T17:18:44,2026-01-29T14:18:44
ORDER_000003749_SHIPMENT,ORDER_000003749,DELIVERED,2026-06-18T22:21:54,2026-06-25T19:21:54
ORDER_000003750_SHIPMENT,ORDER_000003750,IN_TRANSIT,2026-10-16T21:25:33,
ORDER_000003751_SHIPMENT,ORDER_000003751,DELIVERED,2026-09-26T17:11:32,2026-10-01T22:11:32
ORDER_000003752_SHIPMENT,ORDER_000003752,DELIVERED,2026-02-01T15:56:23,2026-02-04T14:56:23
ORDER_000003753_SHIPMENT,ORDER_000003753,PROCESSING,,
ORDER_000003754_SHIPMENT,ORDER_000003754,IN_TRANSIT,2026-02-06T14:37:11,
ORDER_000003755_SHIPMENT,ORDER_000003755,PROCESSING,,
ORDER_000003756_SHIPMENT,ORDER_000003756,DELIVERED,2026-02-16T20:59:31,2026-02-19T18:59:31
ORDER_000003757_SHIPMENT,ORDER_000003757,DELIVERED,2026-08-25T21:15:49,2026-08-28T19:15:49
ORDER_000003758_SHIPMENT,ORDER_000003758,PROCESSING,,
ORDER_000003759_SHIPMENT,ORDER_000003759,DELIVERED,2026-08-08T05:37:14,2026-08-10T12:37:14
ORDER_000003760_SHIPMENT,ORDER_000003760,DELIVERED,2026-08-08T12:26:34,2026-08-10T21:26:34
ORDER_000003761_SHIPMENT,ORDER_000003761,IN_TRANSIT,2026-07-14T20:46:28,
ORDER_000003762_SHIPMENT,ORDER_000003762,DELIVERED,2026-03-03T00:21:26,2026-03-03T19:21:26
ORDER_000003763_SHIPMENT,ORDER_000003763,PROCESSING,,
ORDER_000003764_SHIPMENT,ORDER_000003764,IN_TRANSIT,2026-04-26T19:28:26,
ORDER_000003765_SHIPMENT,ORDER_000003765,DELIVERED,2026-12-30T16:59:33,2027-01-05T00:59:33
ORDER_000003766_SHIPMENT,ORDER_000003766,DELIVERED,2026-04-08T22:27:41,2026-04-12T13:27:41
ORDER_000003767_SHIPMENT,ORDER_000003767,DELIVERED,2026-08-30T12:45:35,2026-09-05T07:45:35
ORDER_000003768_SHIPMENT,ORDER_000003768,PROCESSING,,
ORDER_000003769_SHIPMENT,ORDER_000003769,DELIVERED,2026-03-04T06:27:22,2026-03-10T17:27:22
ORDER_000003770_SHIPMENT,ORDER_000003770,PROCESSING,,
ORDER_000003771_SHIPMENT,ORDER_000003771,DELIVERED,2026-05-07T06:00:25,2026-05-10T06:00:25
ORDER_000003772_SHIPMENT,ORDER_000003772,DELIVERED,2026-12-11T09:14:43,2026-12-14T19:14:43
ORDER_000003773_SHIPMENT,ORDER_000003773,DELIVERED,2026-01-10T11:47:40,2026-01-13T22:47:40
ORDER_000003774_SHIPMENT,ORDER_000003774,DELIVERED,2026-10-22T11:31:40,2026-10-28T14:31:40
ORDER_000003775_SHIPMENT,ORDER_000003775,DELIVERED,2026-10-22T03:18:59,2026-10-25T02:18:59
ORDER_000003776_SHIPMENT,ORDER_000003776,DELIVERED,2026-04-29T21:55:17,2026-05-06T10:55:17
ORDER_000003777_SHIPMENT,ORDER_000003777,DELIVERED,2026-03-21T17:41:12,2026-03-25T14:41:12
ORDER_000003778_SHIPMENT,ORDER_000003778,PROCESSING,,
ORDER_000003779_SHIPMENT,ORDER_000003779,DELIVERED,2026-01-03T19:32:17,2026-01-05T18:32:17
ORDER_000003780_SHIPMENT,ORDER_000003780,DELIVERED,2026-09-21T20:37:22,2026-09-26T17:37:22
ORDER_000003781_SHIPMENT,ORDER_000003781,DELIVERED,2026-04-11T02:57:45,2026-04-15T03:57:45
ORDER_000003782_SHIPMENT,ORDER_000003782,DELIVERED,2026-01-07T04:04:50,2026-01-13T15:04:50
ORDER_000003783_SHIPMENT,ORDER_000003783,PROCESSING,,
ORDER_000003784_SHIPMENT,ORDER_000003784,IN_TRANSIT,2026-11-28T16:51:41,
ORDER_000003785_SHIPMENT,ORDER_000003785,DELIVERED,2026-11-11T03:59:08,2026-11-11T16:59:08
ORDER_000003786_SHIPMENT,ORDER_000003786,DELIVERED,2026-11-22T17:16:17,2026-11-27T21:16:17
ORDER_000003787_SHIPMENT,ORDER_000003787,PROCESSING,,
ORDER_000003788_SHIPMENT,ORDER_000003788,DELIVERED,2026-03-09T04:17:53,2026-03-12T04:17:53
ORDER_000003789_SHIPMENT,ORDER_000003789,DELIVERED,2026-02-11T01:49:48,2026-02-15T03:49:48
ORDER_000003790_SHIPMENT,ORDER_000003790,DELIVERED,2026-12-07T20:50:19,2026-12-11T14:50:19
ORDER_000003791_SHIPMENT,ORDER_000003791,DELIVERED,2026-12-08T12:40:49,2026-12-10T08:40:49
ORDER_000003792_SHIPMENT,ORDER_000003792,PROCESSING,,
ORDER_000003793_SHIPMENT,ORDER_000003793,PROCESSING,,
ORDER_000003794_SHIPMENT,ORDER_000003794,DELIVERED,2026-01-30T17:16:26,2026-01-31T11:16:26
ORDER_000003795_SHIPMENT,ORDER_000003795,IN_TRANSIT,2026-05-30T13:44:39,
ORDER_000003796_SHIPMENT,ORDER_000003796,DELIVERED,2026-05-23T05:15:42,2026-05-26T22:15:42
ORDER_000003797_SHIPMENT,ORDER_000003797,DELIVERED,2026-04-07T03:27:27,2026-04-09T17:27:27
ORDER_000003798_SHIPMENT,ORDER_000003798,PROCESSING,,
ORDER_000003799_SHIPMENT,ORDER_000003799,DELIVERED,2026-05-22T23:05:24,2026-05-23T23:05:24
ORDER_000003800_SHIPMENT,ORDER_000003800,DELIVERED,2026-07-04T16:39:14,2026-07-08T22:39:14
ORDER_000003801_SHIPMENT,ORDER_000003801,DELIVERED,2026-06-01T00:24:35,2026-06-04T20:24:35
ORDER_000003802_SHIPMENT,ORDER_000003802,DELIVERED,2026-04-15T10:00:48,2026-04-19T01:00:48
ORDER_000003803_SHIPMENT,ORDER_000003803,IN_TRANSIT,2026-08-20T01:02:07,
ORDER_000003804_SHIPMENT,ORDER_000003804,IN_TRANSIT,2026-05-11T23:52,
ORDER_000003805_SHIPMENT,ORDER_000003805,DELIVERED,2026-08-13T23:12:25,2026-08-18T16:12:25
ORDER_000003806_SHIPMENT,ORDER_000003806,IN_TRANSIT,2026-08-15T07:30:47,
ORDER_000003807_SHIPMENT,ORDER_000003807,IN_TRANSIT,2026-04-04T22:15:34,
ORDER_000003808_SHIPMENT,ORDER_000003808,IN_TRANSIT,2026-07-08T09:10:24,
ORDER_000003809_SHIPMENT,ORDER_000003809,IN_TRANSIT,2026-02-05T10:29:06,
ORDER_000003810_SHIPMENT,ORDER_000003810,DELIVERED,2026-08-06T06:08:34,2026-08-09T01:08:34
ORDER_000003811_SHIPMENT,ORDER_000003811,DELIVERED,2026-11-11T12:26:55,2026-11-14T15:26:55
ORDER_000003812_SHIPMENT,ORDER_000003812,DELIVERED,2026-02-03T23:11:28,2026-02-09T13:11:28
ORDER_000003813_SHIPMENT,ORDER_000003813,DELIVERED,2026-11-17T23:29:55,2026-11-22T04:29:55
ORDER_000003814_SHIPMENT,ORDER_000003814,PROCESSING,,
ORDER_000003815_SHIPMENT,ORDER_000003815,IN_TRANSIT,2026-06-17T23:56:23,
ORDER_000003816_SHIPMENT,ORDER_000003816,DELIVERED,2026-05-17T20:53:20,2026-05-21T21:53:20
ORDER_000003817_SHIPMENT,ORDER_000003817,IN_TRANSIT,2026-05-13T07:56:41,
ORDER_000003818_SHIPMENT,ORDER_000003818,PROCESSING,,
ORDER_000003819_SHIPMENT,ORDER_000003819,DELIVERED,2026-02-14T07:14:05,2026-02-16T10:14:05
ORDER_000003820_SHIPMENT,ORDER_000003820,PROCESSING,,
ORDER_000003821_SHIPMENT,ORDER_000003821,DELIVERED,2026-10-19T02:05:05,2026-10-25T09:05:05
ORDER_000003822_SHIPMENT,ORDER_000003822,DELIVERED,2026-10-29T01:18:09,2026-10-31T11:18:09
ORDER_000003823_SHIPMENT,ORDER_000003823,DELIVERED,2026-07-21T21:13:50,2026-07-28T19:13:50
ORDER_000003824_SHIPMENT,ORDER_000003824,DELIVERED,2026-07-13T21:22:57,2026-07-15T13:22:57
ORDER_000003825_SHIPMENT,ORDER_000003825,PROCESSING,,
ORDER_000003826_SHIPMENT,ORDER_000003826,PROCESSING,,
ORDER_000003827_SHIPMENT,ORDER_000003827,IN_TRANSIT,2026-11-27T00:59:42,
ORDER_000003828_SHIPMENT,ORDER_000003828,DELIVERED,2026-01-29T17:02:12,2026-02-02T20:02:12
ORDER_000003829_SHIPMENT,ORDER_000003829,PROCESSING,,
ORDER_000003830_SHIPMENT,ORDER_000003830,IN_TRANSIT,2026-05-02T22:01:42,
ORDER_000003831_SHIPMENT,ORDER_000003831,DELIVERED,2026-08-12T07:20:10,2026-08-18T23:20:10
ORDER_000003832_SHIPMENT,ORDER_000003832,DELIVERED,2026-10-21T01:55:45,2026-10-25T22:55:45
ORDER_000003833_SHIPMENT,ORDER_000003833,DELIVERED,2026-12-24T23:27:39,2026-12-26T02:27:39
ORDER_000003834_SHIPMENT,ORDER_000003834,DELIVERED,2026-03-11T14:22:35,2026-03-13T11:22:35
ORDER_000003835_SHIPMENT,ORDER_000003835,DELIVERED,2026-11-18T20:23:35,2026-11-23T17:23:35
ORDER_000003836_SHIPMENT,ORDER_000003836,DELIVERED,2026-05-26T08:48:47,2026-05-30T09:48:47
ORDER_000003837_SHIPMENT,ORDER_000003837,DELIVERED,2026-04-10T17:10:55,2026-04-11T13:10:55
ORDER_000003838_SHIPMENT,ORDER_000003838,PROCESSING,,
ORDER_000003839_SHIPMENT,ORDER_000003839,DELIVERED,2026-02-02T03:45:39,2026-02-03T04:45:39
ORDER_000003840_SHIPMENT,ORDER_000003840,DELIVERED,2026-12-26T08:27:13,2026-12-28T18:27:13
ORDER_000003841_SHIPMENT,ORDER_000003841,DELIVERED,2026-05-26T18:36:49,2026-05-27T18:36:49
ORDER_000003842_SHIPMENT,ORDER_000003842,DELIVERED,2026-09-12T12:13:19,2026-09-14T04:13:19
ORDER_000003843_SHIPMENT,ORDER_000003843,DELIVERED,2026-11-03T18:24:04,2026-11-09T10:24:04
ORDER_000003844_SHIPMENT,ORDER_000003844,PROCESSING,,
ORDER_000003845_SHIPMENT,ORDER_000003845,PROCESSING,,
ORDER_000003846_SHIPMENT,ORDER_000003846,DELIVERED,2026-06-08T11:29:44,2026-06-10T08:29:44
ORDER_000003847_SHIPMENT,ORDER_000003847,DELIVERED,2026-12-28T08:48:54,2026-12-29T11:48:54
ORDER_000003848_SHIPMENT,ORDER_000003848,DELIVERED,2026-05-09T04:48:15,2026-05-10T20:48:15
ORDER_000003849_SHIPMENT,ORDER_000003849,PROCESSING,,
ORDER_000003850_SHIPMENT,ORDER_000003850,PROCESSING,,
ORDER_000003851_SHIPMENT,ORDER_000003851,IN_TRANSIT,2026-07-24T16:37:05,
ORDER_000003852_SHIPMENT,ORDER_000003852,DELIVERED,2026-10-22T08:54:49,2026-10-23T05:54:49
ORDER_000003853_SHIPMENT,ORDER_000003853,DELIVERED,2026-07-19T20:57:42,2026-07-26T01:57:42
ORDER_000003854_SHIPMENT,ORDER_000003854,DELIVERED,2026-04-21T20:42:53,2026-04-24T02:42:53
ORDER_000003855_SHIPMENT,ORDER_000003855,DELIVERED,2026-08-10T16:50:21,2026-08-15T13:50:21
ORDER_000003856_SHIPMENT,ORDER_000003856,DELIVERED,2026-07-10T09:44:06,2026-07-13T11:44:06
ORDER_000003857_SHIPMENT,ORDER_000003857,PROCESSING,,
ORDER_000003858_SHIPMENT,ORDER_000003858,PROCESSING,,
ORDER_000003859_SHIPMENT,ORDER_000003859,PROCESSING,,
ORDER_000003860_SHIPMENT,ORDER_000003860,DELIVERED,2026-01-28T05:33:14,2026-01-31T09:33:14
ORDER_000003861_SHIPMENT,ORDER_000003861,PROCESSING,,
ORDER_000003862_SHIPMENT,ORDER_000003862,DELIVERED,2026-08-28T21:35:39,2026-09-01T09:35:39
ORDER_000003863_SHIPMENT,ORDER_000003863,DELIVERED,2026-11-11T10:01:11,2026-11-15T01:01:11
ORDER_000003864_SHIPMENT,ORDER_000003864,IN_TRANSIT,2026-07-29T00:10:43,
ORDER_000003865_SHIPMENT,ORDER_000003865,PROCESSING,,
ORDER_000003866_SHIPMENT,ORDER_000003866,DELIVERED,2026-07-04T00:44:16,2026-07-07T22:44:16
ORDER_000003867_SHIPMENT,ORDER_000003867,IN_TRANSIT,2026-10-28T12:03:07,
ORDER_000003868_SHIPMENT,ORDER_000003868,DELIVERED,2026-12-30T19:02:47,2027-01-06T04:02:47
ORDER_000003869_SHIPMENT,ORDER_000003869,DELIVERED,2026-11-24T09:55:59,2026-11-29T04:55:59
ORDER_000003870_SHIPMENT,ORDER_000003870,IN_TRANSIT,2026-10-28T17:09:32,
ORDER_000003871_SHIPMENT,ORDER_000003871,PROCESSING,,
ORDER_000003872_SHIPMENT,ORDER_000003872,DELIVERED,2026-11-09T08:06:34,2026-11-14T13:06:34
ORDER_000003873_SHIPMENT,ORDER_000003873,DELIVERED,2026-11-06T20:14:53,2026-11-12T17:14:53
ORDER_000003874_SHIPMENT,ORDER_000003874,PROCESSING,,
ORDER_000003875_SHIPMENT,ORDER_000003875,DELIVERED,2026-12-02T07:49:09,2026-12-08T01:49:09
ORDER_000003876_SHIPMENT,ORDER_000003876,DELIVERED,2026-04-15T23:33:11,2026-04-17T23:33:11
ORDER_000003877_SHIPMENT,ORDER_000003877,DELIVERED,2026-07-31T01:22:57,2026-08-05T14:22:57
ORDER_000003878_SHIPMENT,ORDER_000003878,DELIVERED,2026-11-23T06:06:13,2026-11-24T17:06:13
ORDER_000003879_SHIPMENT,ORDER_000003879,DELIVERED,2026-05-24T23:13:48,2026-05-29T23:13:48
ORDER_000003880_SHIPMENT,ORDER_000003880,DELIVERED,2026-02-12T13:08:30,2026-02-15T03:08:30
ORDER_000003881_SHIPMENT,ORDER_000003881,DELIVERED,2026-05-21T16:34:47,2026-05-22T19:34:47
ORDER_000003882_SHIPMENT,ORDER_000003882,IN_TRANSIT,2026-03-27T16:24:05,
ORDER_000003883_SHIPMENT,ORDER_000003883,IN_TRANSIT,2026-02-10T16:14:21,
ORDER_000003884_SHIPMENT,ORDER_000003884,DELIVERED,2026-09-13T01:59:15,2026-09-13T14:59:15
ORDER_000003885_SHIPMENT,ORDER_000003885,IN_TRANSIT,2026-02-27T12:26:45,
ORDER_000003886_SHIPMENT,ORDER_000003886,PROCESSING,,
ORDER_000003887_SHIPMENT,ORDER_000003887,DELIVERED,2026-09-07T14:53:50,2026-09-12T03:53:50
ORDER_000003888_SHIPMENT,ORDER_000003888,IN_TRANSIT,2026-07-05T04:31:40,
ORDER_000003889_SHIPMENT,ORDER_000003889,PROCESSING,,
ORDER_000003890_SHIPMENT,ORDER_000003890,DELIVERED,2026-12-02T13:23:58,2026-12-06T15:23:58
ORDER_000003891_SHIPMENT,ORDER_000003891,DELIVERED,2026-10-14T16:49:22,2026-10-19T06:49:22
ORDER_000003892_SHIPMENT,ORDER_000003892,PROCESSING,,
ORDER_000003893_SHIPMENT,ORDER_000003893,DELIVERED,2026-06-06T22:44:12,2026-06-11T03:44:12
ORDER_000003894_SHIPMENT,ORDER_000003894,DELIVERED,2026-11-02T16:46:52,2026-11-09T14:46:52
ORDER_000003895_SHIPMENT,ORDER_000003895,DELIVERED,2026-09-16T08:38:36,2026-09-20T15:38:36
ORDER_000003896_SHIPMENT,ORDER_000003896,DELIVERED,2026-01-13T18:28:58,2026-01-16T05:28:58
ORDER_000003897_SHIPMENT,ORDER_000003897,DELIVERED,2026-07-23T20:16:01,2026-07-29T16:16:01
ORDER_000003898_SHIPMENT,ORDER_000003898,DELIVERED,2026-12-26T14:23:10,2026-12-30T04:23:10
ORDER_000003899_SHIPMENT,ORDER_000003899,DELIVERED,2026-02-04T20:49:37,2026-02-07T05:49:37
ORDER_000003900_SHIPMENT,ORDER_000003900,PROCESSING,,
ORDER_000003901_SHIPMENT,ORDER_000003901,PROCESSING,,
ORDER_000003902_SHIPMENT,ORDER_000003902,DELIVERED,2026-07-24T07:29:17,2026-07-30T18:29:17
ORDER_000003903_SHIPMENT,ORDER_000003903,DELIVERED,2026-11-13T16:24:13,2026-11-18T04:24:13
ORDER_000003904_SHIPMENT,ORDER_000003904,DELIVERED,2026-05-20T01:00:19,2026-05-22T22:00:19
ORDER_000003905_SHIPMENT,ORDER_000003905,DELIVERED,2026-01-12T05:27:57,2026-01-14T12:27:57
ORDER_000003906_SHIPMENT,ORDER_000003906,PROCESSING,,
ORDER_000003907_SHIPMENT,ORDER_000003907,DELIVERED,2026-09-22T03:36:45,2026-09-28T05:36:45
ORDER_000003908_SHIPMENT,ORDER_000003908,DELIVERED,2026-08-14T10:45:34,2026-08-17T09:45:34
ORDER_000003909_SHIPMENT,ORDER_000003909,PROCESSING,,
ORDER_000003910_SHIPMENT,ORDER_000003910,DELIVERED,2026-05-30T13:17,2026-06-04T18:17
ORDER_000003911_SHIPMENT,ORDER_000003911,PROCESSING,,
ORDER_000003912_SHIPMENT,ORDER_000003912,PROCESSING,,
ORDER_000003913_SHIPMENT,ORDER_000003913,PROCESSING,,
ORDER_000003914_SHIPMENT,ORDER_000003914,PROCESSING,,
ORDER_000003915_SHIPMENT,ORDER_000003915,DELIVERED,2026-04-05T15:33:17,2026-04-08T17:33:17
ORDER_000003916_SHIPMENT,ORDER_000003916,DELIVERED,2026-08-17T06:57:35,2026-08-18T21:57:35
ORDER_000003917_SHIPMENT,ORDER_000003917,IN_TRANSIT,2026-11-12T13:30:02,
ORDER_000003918_SHIPMENT,ORDER_000003918,PROCESSING,,
ORDER_000003919_SHIPMENT,ORDER_000003919,DELIVERED,2026-11-14T05:21:32,2026-11-15T01:21:32
ORDER_000003920_SHIPMENT,ORDER_000003920,DELIVERED,2026-04-04T17:29:31,2026-04-06T16:29:31
ORDER_000003921_SHIPMENT,ORDER_000003921,IN_TRANSIT,2026-11-11T00:22:56,
ORDER_000003922_SHIPMENT,ORDER_000003922,DELIVERED,2026-08-04T13:49:25,2026-08-10T18:49:25
ORDER_000003923_SHIPMENT,ORDER_000003923,DELIVERED,2026-11-25T13:41:55,2026-11-28T09:41:55
ORDER_000003924_SHIPMENT,ORDER_000003924,DELIVERED,2026-01-05T00:30:51,2026-01-05T17:30:51
ORDER_000003925_SHIPMENT,ORDER_000003925,PROCESSING,,
ORDER_000003926_SHIPMENT,ORDER_000003926,DELIVERED,2026-08-16T00:37:59,2026-08-23T00:37:59
ORDER_000003927_SHIPMENT,ORDER_000003927,DELIVERED,2026-05-31T19:35:33,2026-06-04T04:35:33
ORDER_000003928_SHIPMENT,ORDER_000003928,DELIVERED,2027-01-01T17:51:30,2027-01-05T21:51:30
ORDER_000003929_SHIPMENT,ORDER_000003929,PROCESSING,,
ORDER_000003930_SHIPMENT,ORDER_000003930,IN_TRANSIT,2026-03-30T11:12:35,
ORDER_000003931_SHIPMENT,ORDER_000003931,DELIVERED,2026-07-20T11:22:16,2026-07-22T02:22:16
ORDER_000003932_SHIPMENT,ORDER_000003932,DELIVERED,2026-01-17T18:23,2026-01-22T15:23
ORDER_000003933_SHIPMENT,ORDER_000003933,DELIVERED,2026-04-05T13:21:06,2026-04-08T19:21:06
ORDER_000003934_SHIPMENT,ORDER_000003934,DELIVERED,2026-08-12T11:15:46,2026-08-15T15:15:46
ORDER_000003935_SHIPMENT,ORDER_000003935,PROCESSING,,
ORDER_000003936_SHIPMENT,ORDER_000003936,DELIVERED,2026-09-19T17:28:54,2026-09-23T11:28:54
ORDER_000003937_SHIPMENT,ORDER_000003937,DELIVERED,2026-06-20T15:53:32,2026-06-26T07:53:32
ORDER_000003938_SHIPMENT,ORDER_000003938,IN_TRANSIT,2026-10-29T23:51:54,
ORDER_000003939_SHIPMENT,ORDER_000003939,DELIVERED,2026-10-22T18:09:09,2026-10-24T18:09:09
ORDER_000003940_SHIPMENT,ORDER_000003940,PROCESSING,,
ORDER_000003941_SHIPMENT,ORDER_000003941,DELIVERED,2026-07-23T23:51:57,2026-07-27T18:51:57
ORDER_000003942_SHIPMENT,ORDER_000003942,PROCESSING,,
ORDER_000003943_SHIPMENT,ORDER_000003943,PROCESSING,,
ORDER_000003944_SHIPMENT,ORDER_000003944,IN_TRANSIT,2026-11-06T21:13:32,
ORDER_000003945_SHIPMENT,ORDER_000003945,DELIVERED,2026-05-29T04:31:37,2026-05-31T00:31:37
ORDER_000003946_SHIPMENT,ORDER_000003946,DELIVERED,2026-09-24T11:56:09,2026-09-27T10:56:09
ORDER_000003947_SHIPMENT,ORDER_000003947,DELIVERED,2026-12-21T00:11:52,2026-12-24T06:11:52
ORDER_000003948_SHIPMENT,ORDER_000003948,PROCESSING,,
ORDER_000003949_SHIPMENT,ORDER_000003949,DELIVERED,2026-02-27T09:59:08,2026-02-28T11:59:08
ORDER_000003950_SHIPMENT,ORDER_000003950,DELIVERED,2026-09-27T10:23:41,2026-10-03T22:23:41
ORDER_000003951_SHIPMENT,ORDER_000003951,DELIVERED,2026-10-17T22:04:11,2026-10-20T14:04:11
ORDER_000003952_SHIPMENT,ORDER_000003952,DELIVERED,2026-07-27T12:42:07,2026-07-31T22:42:07
ORDER_000003953_SHIPMENT,ORDER_000003953,PROCESSING,,
ORDER_000003954_SHIPMENT,ORDER_000003954,DELIVERED,2026-06-14T13:57:22,2026-06-21T03:57:22
ORDER_000003955_SHIPMENT,ORDER_000003955,DELIVERED,2026-01-17T16:05:08,2026-01-24T11:05:08
ORDER_000003956_SHIPMENT,ORDER_000003956,DELIVERED,2026-07-20T18:55:16,2026-07-25T07:55:16
ORDER_000003957_SHIPMENT,ORDER_000003957,DELIVERED,2026-05-19T01:19,2026-05-25T04:19
ORDER_000003958_SHIPMENT,ORDER_000003958,DELIVERED,2026-02-05T03:35:17,2026-02-07T00:35:17
ORDER_000003959_SHIPMENT,ORDER_000003959,DELIVERED,2026-07-28T08:21:46,2026-07-31T02:21:46
ORDER_000003960_SHIPMENT,ORDER_000003960,DELIVERED,2026-10-12T00:48:02,2026-10-14T06:48:02
ORDER_000003961_SHIPMENT,ORDER_000003961,DELIVERED,2026-08-21T22:24:21,2026-08-24T22:24:21
ORDER_000003962_SHIPMENT,ORDER_000003962,DELIVERED,2026-08-11T14:36:14,2026-08-16T23:36:14
ORDER_000003963_SHIPMENT,ORDER_000003963,DELIVERED,2026-08-02T13:49:10,2026-08-03T05:49:10
ORDER_000003964_SHIPMENT,ORDER_000003964,DELIVERED,2026-08-24T15:01,2026-08-27T21:01
ORDER_000003965_SHIPMENT,ORDER_000003965,DELIVERED,2026-01-29T15:02:16,2026-02-02T12:02:16
ORDER_000003966_SHIPMENT,ORDER_000003966,DELIVERED,2026-06-06T16:09:09,2026-06-10T22:09:09
ORDER_000003967_SHIPMENT,ORDER_000003967,DELIVERED,2026-11-15T15:58:47,2026-11-17T10:58:47
ORDER_000003968_SHIPMENT,ORDER_000003968,DELIVERED,2026-12-07T01:44:25,2026-12-08T10:44:25
ORDER_000003969_SHIPMENT,ORDER_000003969,DELIVERED,2026-06-19T23:21:26,2026-06-21T19:21:26
ORDER_000003970_SHIPMENT,ORDER_000003970,DELIVERED,2026-10-16T15:45:19,2026-10-23T14:45:19
ORDER_000003971_SHIPMENT,ORDER_000003971,DELIVERED,2026-04-05T19:43:14,2026-04-08T17:43:14
ORDER_000003972_SHIPMENT,ORDER_000003972,IN_TRANSIT,2026-09-25T02:37:15,
ORDER_000003973_SHIPMENT,ORDER_000003973,IN_TRANSIT,2026-05-06T03:10:01,
ORDER_000003974_SHIPMENT,ORDER_000003974,IN_TRANSIT,2026-10-26T21:29:08,
ORDER_000003975_SHIPMENT,ORDER_000003975,DELIVERED,2026-09-09T09:22,2026-09-14T16:22
ORDER_000003976_SHIPMENT,ORDER_000003976,DELIVERED,2026-05-25T14:39:30,2026-05-29T01:39:30
ORDER_000003977_SHIPMENT,ORDER_000003977,DELIVERED,2026-08-20T18:11:29,2026-08-26T13:11:29
ORDER_000003978_SHIPMENT,ORDER_000003978,DELIVERED,2026-10-08T00:00:54,2026-10-14T14:00:54
ORDER_000003979_SHIPMENT,ORDER_000003979,DELIVERED,2026-12-14T05:50:17,2026-12-21T00:50:17
ORDER_000003980_SHIPMENT,ORDER_000003980,IN_TRANSIT,2026-07-03T01:24:56,
ORDER_000003981_SHIPMENT,ORDER_000003981,DELIVERED,2026-07-14T14:50:58,2026-07-17T14:50:58
ORDER_000003982_SHIPMENT,ORDER_000003982,DELIVERED,2026-03-20T07:51:49,2026-03-22T14:51:49
ORDER_000003983_SHIPMENT,ORDER_000003983,DELIVERED,2026-09-04T23:59:46,2026-09-05T17:59:46
ORDER_000003984_SHIPMENT,ORDER_000003984,DELIVERED,2026-05-09T14:34:19,2026-05-11T16:34:19
ORDER_000003985_SHIPMENT,ORDER_000003985,PROCESSING,,
ORDER_000003986_SHIPMENT,ORDER_000003986,PROCESSING,,
ORDER_000003987_SHIPMENT,ORDER_000003987,DELIVERED,2026-04-21T03:16:33,2026-04-23T12:16:33
ORDER_000003988_SHIPMENT,ORDER_000003988,DELIVERED,2026-12-17T04:56:08,2026-12-23T17:56:08
ORDER_000003989_SHIPMENT,ORDER_000003989,IN_TRANSIT,2026-06-06T16:11:19,
ORDER_000003990_SHIPMENT,ORDER_000003990,DELIVERED,2026-12-18T22:54:50,2026-12-24T21:54:50
ORDER_000003991_SHIPMENT,ORDER_000003991,DELIVERED,2026-07-17T22:19:01,2026-07-20T21:19:01
ORDER_000003992_SHIPMENT,ORDER_000003992,DELIVERED,2026-06-25T12:01:57,2026-07-02T12:01:57
ORDER_000003993_SHIPMENT,ORDER_000003993,DELIVERED,2026-04-26T08:18:49,2026-04-28T11:18:49
ORDER_000003994_SHIPMENT,ORDER_000003994,PROCESSING,,
ORDER_000003995_SHIPMENT,ORDER_000003995,DELIVERED,2026-11-17T16:36:35,2026-11-24T08:36:35
ORDER_000003996_SHIPMENT,ORDER_000003996,DELIVERED,2026-09-15T01:21:46,2026-09-18T02:21:46
ORDER_000003997_SHIPMENT,ORDER_000003997,DELIVERED,2026-01-10T06:56:23,2026-01-12T02:56:23
ORDER_000003998_SHIPMENT,ORDER_000003998,DELIVERED,2026-06-29T06:44:18,2026-06-30T18:44:18
ORDER_000003999_SHIPMENT,ORDER_000003999,IN_TRANSIT,2026-04-20T11:33:07,
ORDER_000004000_SHIPMENT,ORDER_000004000,IN_TRANSIT,2026-10-16T20:12:28,
ORDER_000004001_SHIPMENT,ORDER_000004001,IN_TRANSIT,2026-02-08T19:59:57,
ORDER_000004002_SHIPMENT,ORDER_000004002,DELIVERED,2026-08-10T00:04:01,2026-08-15T18:04:01
ORDER_000004003_SHIPMENT,ORDER_000004003,DELIVERED,2026-10-01T13:51:41,2026-10-02T07:51:41
ORDER_000004004_SHIPMENT,ORDER_000004004,DELIVERED,2026-07-27T17:57:08,2026-07-31T03:57:08
ORDER_000004005_SHIPMENT,ORDER_000004005,IN_TRANSIT,2026-01-19T01:33:57,
ORDER_000004006_SHIPMENT,ORDER_000004006,DELIVERED,2026-08-27T12:33:37,2026-08-28T09:33:37
ORDER_000004007_SHIPMENT,ORDER_000004007,IN_TRANSIT,2026-03-19T21:14:26,
ORDER_000004008_SHIPMENT,ORDER_000004008,PROCESSING,,
ORDER_000004009_SHIPMENT,ORDER_000004009,DELIVERED,2026-03-03T18:39:25,2026-03-09T02:39:25
ORDER_000004010_SHIPMENT,ORDER_000004010,PROCESSING,,
ORDER_000004011_SHIPMENT,ORDER_000004011,DELIVERED,2026-12-09T11:57:19,2026-12-11T11:57:19
ORDER_000004012_SHIPMENT,ORDER_000004012,PROCESSING,,
ORDER_000004013_SHIPMENT,ORDER_000004013,PROCESSING,,
ORDER_000004014_SHIPMENT,ORDER_000004014,PROCESSING,,
ORDER_000004015_SHIPMENT,ORDER_000004015,DELIVERED,2026-02-21T14:35:40,2026-02-22T23:35:40
ORDER_000004016_SHIPMENT,ORDER_000004016,DELIVERED,2026-07-30T19:32:59,2026-08-03T16:32:59
ORDER_000004017_SHIPMENT,ORDER_000004017,DELIVERED,2026-11-05T23:21:08,2026-11-07T10:21:08
ORDER_000004018_SHIPMENT,ORDER_000004018,DELIVERED,2026-07-20T09:15:11,2026-07-23T01:15:11
ORDER_000004019_SHIPMENT,ORDER_000004019,DELIVERED,2026-06-26T00:14:20,2026-06-28T20:14:20
ORDER_000004020_SHIPMENT,ORDER_000004020,DELIVERED,2026-08-07T08:09:13,2026-08-10T23:09:13
ORDER_000004021_SHIPMENT,ORDER_000004021,DELIVERED,2026-08-06T03:02:40,2026-08-07T17:02:40
ORDER_000004022_SHIPMENT,ORDER_000004022,DELIVERED,2026-02-09T17:04:50,2026-02-11T17:04:50
ORDER_000004023_SHIPMENT,ORDER_000004023,IN_TRANSIT,2026-05-07T11:05:56,
ORDER_000004024_SHIPMENT,ORDER_000004024,PROCESSING,,
ORDER_000004025_SHIPMENT,ORDER_000004025,DELIVERED,2026-08-15T08:59:30,2026-08-16T01:59:30
ORDER_000004026_SHIPMENT,ORDER_000004026,PROCESSING,,
ORDER_000004027_SHIPMENT,ORDER_000004027,DELIVERED,2026-02-22T22:05:47,2026-02-28T13:05:47
ORDER_000004028_SHIPMENT,ORDER_000004028,DELIVERED,2026-12-31T15:00:26,2027-01-05T09:00:26
ORDER_000004029_SHIPMENT,ORDER_000004029,IN_TRANSIT,2026-07-28T03:31,
ORDER_000004030_SHIPMENT,ORDER_000004030,DELIVERED,2026-06-03T15:48:45,2026-06-06T15:48:45
ORDER_000004031_SHIPMENT,ORDER_000004031,DELIVERED,2026-04-02T10:29:59,2026-04-08T10:29:59
ORDER_000004032_SHIPMENT,ORDER_000004032,IN_TRANSIT,2026-09-10T09:01:34,
ORDER_000004033_SHIPMENT,ORDER_000004033,DELIVERED,2026-01-25T19:20:59,2026-01-28T18:20:59
ORDER_000004034_SHIPMENT,ORDER_000004034,DELIVERED,2026-10-28T19:57:34,2026-10-30T21:57:34
ORDER_000004035_SHIPMENT,ORDER_000004035,DELIVERED,2026-10-06T14:11:49,2026-10-13T03:11:49
ORDER_000004036_SHIPMENT,ORDER_000004036,DELIVERED,2026-06-05T13:01:45,2026-06-10T12:01:45
ORDER_000004037_SHIPMENT,ORDER_000004037,DELIVERED,2026-12-01T23:14:22,2026-12-06T21:14:22
ORDER_000004038_SHIPMENT,ORDER_000004038,PROCESSING,,
ORDER_000004039_SHIPMENT,ORDER_000004039,DELIVERED,2026-04-25T14:38:57,2026-04-29T17:38:57
ORDER_000004040_SHIPMENT,ORDER_000004040,DELIVERED,2026-05-21T20:39:10,2026-05-28T05:39:10
ORDER_000004041_SHIPMENT,ORDER_000004041,PROCESSING,,
ORDER_000004042_SHIPMENT,ORDER_000004042,PROCESSING,,
ORDER_000004043_SHIPMENT,ORDER_000004043,DELIVERED,2026-12-02T06:09:33,2026-12-06T12:09:33
ORDER_000004044_SHIPMENT,ORDER_000004044,DELIVERED,2026-01-29T17:01:05,2026-02-02T08:01:05
ORDER_000004045_SHIPMENT,ORDER_000004045,DELIVERED,2026-06-18T04:33:41,2026-06-19T11:33:41
ORDER_000004046_SHIPMENT,ORDER_000004046,DELIVERED,2026-09-21T17:08:26,2026-09-27T10:08:26
ORDER_000004047_SHIPMENT,ORDER_000004047,IN_TRANSIT,2026-09-05T15:02:26,
ORDER_000004048_SHIPMENT,ORDER_000004048,PROCESSING,,
ORDER_000004049_SHIPMENT,ORDER_000004049,DELIVERED,2026-12-11T05:12:48,2026-12-14T15:12:48
ORDER_000004050_SHIPMENT,ORDER_000004050,IN_TRANSIT,2026-01-15T20:39:47,
ORDER_000004051_SHIPMENT,ORDER_000004051,DELIVERED,2026-05-12T08:58:13,2026-05-17T19:58:13
ORDER_000004052_SHIPMENT,ORDER_000004052,DELIVERED,2026-05-06T19:10:16,2026-05-10T05:10:16
ORDER_000004053_SHIPMENT,ORDER_000004053,DELIVERED,2026-08-18T04:21:52,2026-08-23T05:21:52
ORDER_000004054_SHIPMENT,ORDER_000004054,PROCESSING,,
ORDER_000004055_SHIPMENT,ORDER_000004055,PROCESSING,,
ORDER_000004056_SHIPMENT,ORDER_000004056,PROCESSING,,
ORDER_000004057_SHIPMENT,ORDER_000004057,PROCESSING,,
ORDER_000004058_SHIPMENT,ORDER_000004058,DELIVERED,2026-12-03T16:16:51,2026-12-10T15:16:51
ORDER_000004059_SHIPMENT,ORDER_000004059,PROCESSING,,
ORDER_000004060_SHIPMENT,ORDER_000004060,DELIVERED,2026-04-11T05:50:44,2026-04-17T12:50:44
ORDER_000004061_SHIPMENT,ORDER_000004061,DELIVERED,2026-10-14T19:04:24,2026-10-16T10:04:24
ORDER_000004062_SHIPMENT,ORDER_000004062,DELIVERED,2026-11-02T23:37:01,2026-11-05T21:37:01
ORDER_000004063_SHIPMENT,ORDER_000004063,DELIVERED,2026-08-08T03:41:35,2026-08-13T05:41:35
ORDER_000004064_SHIPMENT,ORDER_000004064,DELIVERED,2026-07-12T13:22:50,2026-07-13T08:22:50
ORDER_000004065_SHIPMENT,ORDER_000004065,DELIVERED,2026-05-20T22:16:03,2026-05-21T22:16:03
ORDER_000004066_SHIPMENT,ORDER_000004066,DELIVERED,2026-05-26T08:58:16,2026-05-28T04:58:16
ORDER_000004067_SHIPMENT,ORDER_000004067,DELIVERED,2026-10-22T08:16:33,2026-10-26T05:16:33
ORDER_000004068_SHIPMENT,ORDER_000004068,DELIVERED,2026-03-20T11:51:37,2026-03-27T06:51:37
ORDER_000004069_SHIPMENT,ORDER_000004069,IN_TRANSIT,2026-07-05T15:49:25,
ORDER_000004070_SHIPMENT,ORDER_000004070,DELIVERED,2026-04-22T21:44:33,2026-04-26T20:44:33
ORDER_000004071_SHIPMENT,ORDER_000004071,IN_TRANSIT,2026-01-25T03:19:33,
ORDER_000004072_SHIPMENT,ORDER_000004072,DELIVERED,2026-08-05T03:11:04,2026-08-06T16:11:04
ORDER_000004073_SHIPMENT,ORDER_000004073,DELIVERED,2026-04-03T08:35:09,2026-04-05T19:35:09
ORDER_000004074_SHIPMENT,ORDER_000004074,DELIVERED,2026-04-17T02:57:32,2026-04-22T09:57:32
ORDER_000004075_SHIPMENT,ORDER_000004075,DELIVERED,2026-03-16T00:50:51,2026-03-21T23:50:51
ORDER_000004076_SHIPMENT,ORDER_000004076,IN_TRANSIT,2026-10-07T17:24:16,
ORDER_000004077_SHIPMENT,ORDER_000004077,DELIVERED,2026-01-08T10:04:05,2026-01-12T09:04:05
ORDER_000004078_SHIPMENT,ORDER_000004078,IN_TRANSIT,2026-07-17T17:31:12,
ORDER_000004079_SHIPMENT,ORDER_000004079,PROCESSING,,
ORDER_000004080_SHIPMENT,ORDER_000004080,DELIVERED,2026-01-17T22:45:27,2026-01-19T20:45:27
ORDER_000004081_SHIPMENT,ORDER_000004081,PROCESSING,,
ORDER_000004082_SHIPMENT,ORDER_000004082,PROCESSING,,
ORDER_000004083_SHIPMENT,ORDER_000004083,DELIVERED,2026-04-22T04:00:12,2026-04-23T10:00:12
ORDER_000004084_SHIPMENT,ORDER_000004084,DELIVERED,2026-01-07T08:04:20,2026-01-14T07:04:20
ORDER_000004085_SHIPMENT,ORDER_000004085,PROCESSING,,
ORDER_000004086_SHIPMENT,ORDER_000004086,PROCESSING,,
ORDER_000004087_SHIPMENT,ORDER_000004087,DELIVERED,2026-02-21T22:22:47,2026-02-27T18:22:47
ORDER_000004088_SHIPMENT,ORDER_000004088,DELIVERED,2026-02-23T20:16:51,2026-02-25T23:16:51
ORDER_000004089_SHIPMENT,ORDER_000004089,DELIVERED,2026-05-12T16:58:18,2026-05-17T16:58:18
ORDER_000004090_SHIPMENT,ORDER_000004090,PROCESSING,,
ORDER_000004091_SHIPMENT,ORDER_000004091,DELIVERED,2026-01-11T09:57:22,2026-01-15T18:57:22
ORDER_000004092_SHIPMENT,ORDER_000004092,IN_TRANSIT,2026-01-05T05:57:37,
ORDER_000004093_SHIPMENT,ORDER_000004093,DELIVERED,2026-03-18T03:27:19,2026-03-20T07:27:19
ORDER_000004094_SHIPMENT,ORDER_000004094,DELIVERED,2026-05-09T15:04:48,2026-05-14T08:04:48
ORDER_000004095_SHIPMENT,ORDER_000004095,IN_TRANSIT,2026-12-10T20:33:12,
ORDER_000004096_SHIPMENT,ORDER_000004096,IN_TRANSIT,2026-08-05T19:09:08,
ORDER_000004097_SHIPMENT,ORDER_000004097,IN_TRANSIT,2026-10-07T13:46:14,
ORDER_000004098_SHIPMENT,ORDER_000004098,DELIVERED,2026-03-10T20:59:15,2026-03-11T19:59:15
ORDER_000004099_SHIPMENT,ORDER_000004099,DELIVERED,2026-04-26T10:06:41,2026-05-03T10:06:41
ORDER_000004100_SHIPMENT,ORDER_000004100,DELIVERED,2026-01-16T15:57:06,2026-01-21T20:57:06
ORDER_000004101_SHIPMENT,ORDER_000004101,IN_TRANSIT,2026-10-07T13:11:13,
ORDER_000004102_SHIPMENT,ORDER_000004102,PROCESSING,,
ORDER_000004103_SHIPMENT,ORDER_000004103,DELIVERED,2026-07-24T12:42:32,2026-07-25T18:42:32
ORDER_000004104_SHIPMENT,ORDER_000004104,DELIVERED,2026-12-10T16:39:51,2026-12-14T13:39:51
ORDER_000004105_SHIPMENT,ORDER_000004105,DELIVERED,2026-08-11T22:01:37,2026-08-17T01:01:37
ORDER_000004106_SHIPMENT,ORDER_000004106,PROCESSING,,
ORDER_000004107_SHIPMENT,ORDER_000004107,DELIVERED,2026-11-24T19:45:13,2026-11-28T07:45:13
ORDER_000004108_SHIPMENT,ORDER_000004108,DELIVERED,2026-09-11T07:26:58,2026-09-12T16:26:58
ORDER_000004109_SHIPMENT,ORDER_000004109,IN_TRANSIT,2026-11-22T05:46:07,
ORDER_000004110_SHIPMENT,ORDER_000004110,PROCESSING,,
ORDER_000004111_SHIPMENT,ORDER_000004111,DELIVERED,2026-07-09T09:38:33,2026-07-12T17:38:33
ORDER_000004112_SHIPMENT,ORDER_000004112,DELIVERED,2026-02-21T01:15:54,2026-02-25T15:15:54
ORDER_000004113_SHIPMENT,ORDER_000004113,IN_TRANSIT,2026-10-05T02:14:16,
ORDER_000004114_SHIPMENT,ORDER_000004114,DELIVERED,2026-07-28T01:44:52,2026-08-03T10:44:52
ORDER_000004115_SHIPMENT,ORDER_000004115,DELIVERED,2026-05-02T18:20:10,2026-05-09T17:20:10
ORDER_000004116_SHIPMENT,ORDER_000004116,PROCESSING,,
ORDER_000004117_SHIPMENT,ORDER_000004117,PROCESSING,,
ORDER_000004118_SHIPMENT,ORDER_000004118,PROCESSING,,
ORDER_000004119_SHIPMENT,ORDER_000004119,IN_TRANSIT,2026-05-27T05:11:01,
ORDER_000004120_SHIPMENT,ORDER_000004120,DELIVERED,2026-01-15T13:06:08,2026-01-16T12:06:08
ORDER_000004121_SHIPMENT,ORDER_000004121,DELIVERED,2026-07-24T16:31:10,2026-07-26T06:31:10
ORDER_000004122_SHIPMENT,ORDER_000004122,DELIVERED,2026-11-06T05:13:30,2026-11-12T02:13:30
ORDER_000004123_SHIPMENT,ORDER_000004123,DELIVERED,2026-11-01T07:54:22,2026-11-04T16:54:22
ORDER_000004124_SHIPMENT,ORDER_000004124,DELIVERED,2026-10-05T19:46:01,2026-10-07T22:46:01
ORDER_000004125_SHIPMENT,ORDER_000004125,DELIVERED,2026-08-22T03:09:11,2026-08-25T23:09:11
ORDER_000004126_SHIPMENT,ORDER_000004126,DELIVERED,2026-11-11T13:26:48,2026-11-15T03:26:48
ORDER_000004127_SHIPMENT,ORDER_000004127,PROCESSING,,
ORDER_000004128_SHIPMENT,ORDER_000004128,DELIVERED,2026-03-09T01:45:54,2026-03-11T16:45:54
ORDER_000004129_SHIPMENT,ORDER_000004129,PROCESSING,,
ORDER_000004130_SHIPMENT,ORDER_000004130,IN_TRANSIT,2026-04-11T11:13:27,
ORDER_000004131_SHIPMENT,ORDER_000004131,PROCESSING,,
ORDER_000004132_SHIPMENT,ORDER_000004132,DELIVERED,2026-09-23T14:18:57,2026-09-28T22:18:57
ORDER_000004133_SHIPMENT,ORDER_000004133,DELIVERED,2026-11-06T19:53:33,2026-11-13T13:53:33
ORDER_000004134_SHIPMENT,ORDER_000004134,DELIVERED,2026-10-21T03:53:51,2026-10-22T09:53:51
ORDER_000004135_SHIPMENT,ORDER_000004135,PROCESSING,,
ORDER_000004136_SHIPMENT,ORDER_000004136,IN_TRANSIT,2026-04-06T00:19:50,
ORDER_000004137_SHIPMENT,ORDER_000004137,DELIVERED,2026-02-20T06:03:40,2026-02-20T21:03:40
ORDER_000004138_SHIPMENT,ORDER_000004138,PROCESSING,,
ORDER_000004139_SHIPMENT,ORDER_000004139,DELIVERED,2026-09-30T06:43:07,2026-10-05T02:43:07
ORDER_000004140_SHIPMENT,ORDER_000004140,IN_TRANSIT,2026-12-13T05:52:28,
ORDER_000004141_SHIPMENT,ORDER_000004141,IN_TRANSIT,2026-07-07T11:11:09,
ORDER_000004142_SHIPMENT,ORDER_000004142,IN_TRANSIT,2026-04-07T20:57:20,
ORDER_000004143_SHIPMENT,ORDER_000004143,IN_TRANSIT,2026-02-01T13:23:31,
ORDER_000004144_SHIPMENT,ORDER_000004144,DELIVERED,2026-02-24T11:07:28,2026-02-25T00:07:28
ORDER_000004145_SHIPMENT,ORDER_000004145,PROCESSING,,
ORDER_000004146_SHIPMENT,ORDER_000004146,DELIVERED,2026-07-18T02:27:41,2026-07-21T17:27:41
ORDER_000004147_SHIPMENT,ORDER_000004147,DELIVERED,2026-10-18T16:26:03,2026-10-25T10:26:03
ORDER_000004148_SHIPMENT,ORDER_000004148,PROCESSING,,
ORDER_000004149_SHIPMENT,ORDER_000004149,PROCESSING,,
ORDER_000004150_SHIPMENT,ORDER_000004150,IN_TRANSIT,2026-10-09T03:57:46,
ORDER_000004151_SHIPMENT,ORDER_000004151,PROCESSING,,
ORDER_000004152_SHIPMENT,ORDER_000004152,DELIVERED,2026-03-06T09:26:16,2026-03-11T13:26:16
ORDER_000004153_SHIPMENT,ORDER_000004153,IN_TRANSIT,2026-09-08T03:02:04,
ORDER_000004154_SHIPMENT,ORDER_000004154,DELIVERED,2026-03-20T15:05:46,2026-03-21T22:05:46
ORDER_000004155_SHIPMENT,ORDER_000004155,PROCESSING,,
ORDER_000004156_SHIPMENT,ORDER_000004156,PROCESSING,,
ORDER_000004157_SHIPMENT,ORDER_000004157,DELIVERED,2026-07-29T05:42:39,2026-08-01T22:42:39
ORDER_000004158_SHIPMENT,ORDER_000004158,DELIVERED,2026-10-19T00:03:50,2026-10-26T00:03:50
ORDER_000004159_SHIPMENT,ORDER_000004159,DELIVERED,2026-04-04T01:27:23,2026-04-10T07:27:23
ORDER_000004160_SHIPMENT,ORDER_000004160,DELIVERED,2026-03-07T11:36:11,2026-03-12T03:36:11
ORDER_000004161_SHIPMENT,ORDER_000004161,IN_TRANSIT,2026-11-30T08:59:18,
ORDER_000004162_SHIPMENT,ORDER_000004162,PROCESSING,,
ORDER_000004163_SHIPMENT,ORDER_000004163,IN_TRANSIT,2026-11-09T12:40:18,
ORDER_000004164_SHIPMENT,ORDER_000004164,DELIVERED,2026-01-04T16:24:19,2026-01-10T18:24:19
ORDER_000004165_SHIPMENT,ORDER_000004165,DELIVERED,2026-03-04T11:31:54,2026-03-09T10:31:54
ORDER_000004166_SHIPMENT,ORDER_000004166,DELIVERED,2026-07-02T08:10:12,2026-07-06T08:10:12
ORDER_000004167_SHIPMENT,ORDER_000004167,IN_TRANSIT,2026-01-06T05:07:17,
ORDER_000004168_SHIPMENT,ORDER_000004168,IN_TRANSIT,2026-02-23T21:31:50,
ORDER_000004169_SHIPMENT,ORDER_000004169,DELIVERED,2026-06-13T06:18:57,2026-06-17T06:18:57
ORDER_000004170_SHIPMENT,ORDER_000004170,DELIVERED,2026-08-09T19:38:17,2026-08-14T11:38:17
ORDER_000004171_SHIPMENT,ORDER_000004171,DELIVERED,2026-11-12T12:47:30,2026-11-13T20:47:30
ORDER_000004172_SHIPMENT,ORDER_000004172,DELIVERED,2026-02-08T18:58:04,2026-02-14T16:58:04
ORDER_000004173_SHIPMENT,ORDER_000004173,IN_TRANSIT,2026-11-04T03:59:35,
ORDER_000004174_SHIPMENT,ORDER_000004174,DELIVERED,2026-09-25T20:14:35,2026-09-28T17:14:35
ORDER_000004175_SHIPMENT,ORDER_000004175,PROCESSING,,
ORDER_000004176_SHIPMENT,ORDER_000004176,PROCESSING,,
ORDER_000004177_SHIPMENT,ORDER_000004177,PROCESSING,,
ORDER_000004178_SHIPMENT,ORDER_000004178,IN_TRANSIT,2026-09-26T16:27:41,
ORDER_000004179_SHIPMENT,ORDER_000004179,DELIVERED,2026-06-01T00:30:28,2026-06-05T16:30:28
ORDER_000004180_SHIPMENT,ORDER_000004180,DELIVERED,2026-09-05T18:54:05,2026-09-08T04:54:05
ORDER_000004181_SHIPMENT,ORDER_000004181,DELIVERED,2026-03-05T20:25:57,2026-03-11T18:25:57
ORDER_000004182_SHIPMENT,ORDER_000004182,DELIVERED,2026-09-10T20:29:54,2026-09-12T05:29:54
ORDER_000004183_SHIPMENT,ORDER_000004183,IN_TRANSIT,2026-02-16T08:47:45,
ORDER_000004184_SHIPMENT,ORDER_000004184,DELIVERED,2026-03-11T14:43:11,2026-03-15T01:43:11
ORDER_000004185_SHIPMENT,ORDER_000004185,IN_TRANSIT,2026-03-29T02:52:32,
ORDER_000004186_SHIPMENT,ORDER_000004186,IN_TRANSIT,2026-08-18T09:06:20,
ORDER_000004187_SHIPMENT,ORDER_000004187,PROCESSING,,
ORDER_000004188_SHIPMENT,ORDER_000004188,PROCESSING,,
ORDER_000004189_SHIPMENT,ORDER_000004189,PROCESSING,,
ORDER_000004190_SHIPMENT,ORDER_000004190,IN_TRANSIT,2026-05-24T01:19:43,
ORDER_000004191_SHIPMENT,ORDER_000004191,DELIVERED,2026-12-01T14:07:38,2026-12-04T00:07:38
ORDER_000004192_SHIPMENT,ORDER_000004192,DELIVERED,2026-06-21T15:34:24,2026-06-28T01:34:24
ORDER_000004193_SHIPMENT,ORDER_000004193,DELIVERED,2026-02-06T04:16:44,2026-02-08T20:16:44
ORDER_000004194_SHIPMENT,ORDER_000004194,PROCESSING,,
ORDER_000004195_SHIPMENT,ORDER_000004195,DELIVERED,2026-04-09T02:31:48,2026-04-15T13:31:48
ORDER_000004196_SHIPMENT,ORDER_000004196,PROCESSING,,
ORDER_000004197_SHIPMENT,ORDER_000004197,IN_TRANSIT,2026-01-07T01:15:03,
ORDER_000004198_SHIPMENT,ORDER_000004198,PROCESSING,,
ORDER_000004199_SHIPMENT,ORDER_000004199,IN_TRANSIT,2026-01-21T17:23:05,
ORDER_000004200_SHIPMENT,ORDER_000004200,PROCESSING,,
ORDER_000004201_SHIPMENT,ORDER_000004201,DELIVERED,2026-11-16T21:19:45,2026-11-22T06:19:45
ORDER_000004202_SHIPMENT,ORDER_000004202,DELIVERED,2026-03-08T21:36:55,2026-03-14T04:36:55
ORDER_000004203_SHIPMENT,ORDER_000004203,DELIVERED,2026-06-20T23:33:46,2026-06-27T15:33:46
ORDER_000004204_SHIPMENT,ORDER_000004204,DELIVERED,2026-09-04T20:42:34,2026-09-10T12:42:34
ORDER_000004205_SHIPMENT,ORDER_000004205,DELIVERED,2026-06-26T21:28:25,2026-07-01T08:28:25
ORDER_000004206_SHIPMENT,ORDER_000004206,DELIVERED,2026-09-08T23:39:07,2026-09-10T06:39:07
ORDER_000004207_SHIPMENT,ORDER_000004207,DELIVERED,2026-09-04T14:14:39,2026-09-05T17:14:39
ORDER_000004208_SHIPMENT,ORDER_000004208,PROCESSING,,
ORDER_000004209_SHIPMENT,ORDER_000004209,DELIVERED,2026-08-14T16:27:08,2026-08-18T05:27:08
ORDER_000004210_SHIPMENT,ORDER_000004210,DELIVERED,2026-06-03T17:54:20,2026-06-08T22:54:20
ORDER_000004211_SHIPMENT,ORDER_000004211,PROCESSING,,
ORDER_000004212_SHIPMENT,ORDER_000004212,DELIVERED,2026-01-15T05:34:39,2026-01-20T08:34:39
ORDER_000004213_SHIPMENT,ORDER_000004213,PROCESSING,,
ORDER_000004214_SHIPMENT,ORDER_000004214,PROCESSING,,
ORDER_000004215_SHIPMENT,ORDER_000004215,DELIVERED,2026-03-18T14:32:12,2026-03-22T05:32:12
ORDER_000004216_SHIPMENT,ORDER_000004216,IN_TRANSIT,2026-03-13T18:11:23,
ORDER_000004217_SHIPMENT,ORDER_000004217,DELIVERED,2026-09-14T06:56:49,2026-09-15T16:56:49
ORDER_000004218_SHIPMENT,ORDER_000004218,IN_TRANSIT,2026-02-23T18:57:53,
ORDER_000004219_SHIPMENT,ORDER_000004219,DELIVERED,2026-09-24T05:06:35,2026-09-26T21:06:35
ORDER_000004220_SHIPMENT,ORDER_000004220,DELIVERED,2026-01-08T17:20:22,2026-01-12T07:20:22
ORDER_000004221_SHIPMENT,ORDER_000004221,PROCESSING,,
ORDER_000004222_SHIPMENT,ORDER_000004222,PROCESSING,,
ORDER_000004223_SHIPMENT,ORDER_000004223,DELIVERED,2026-11-15T21:08:20,2026-11-19T18:08:20
ORDER_000004224_SHIPMENT,ORDER_000004224,PROCESSING,,
ORDER_000004225_SHIPMENT,ORDER_000004225,PROCESSING,,
ORDER_000004226_SHIPMENT,ORDER_000004226,PROCESSING,,
ORDER_000004227_SHIPMENT,ORDER_000004227,PROCESSING,,
ORDER_000004228_SHIPMENT,ORDER_000004228,DELIVERED,2026-02-09T11:36:01,2026-02-12T10:36:01
ORDER_000004229_SHIPMENT,ORDER_000004229,DELIVERED,2026-09-18T02:56:26,2026-09-21T04:56:26
ORDER_000004230_SHIPMENT,ORDER_000004230,DELIVERED,2026-11-18T06:15:33,2026-11-24T20:15:33
ORDER_000004231_SHIPMENT,ORDER_000004231,DELIVERED,2026-10-19T13:01:35,2026-10-22T17:01:35
ORDER_000004232_SHIPMENT,ORDER_000004232,DELIVERED,2026-08-23T04:16:24,2026-08-28T15:16:24
ORDER_000004233_SHIPMENT,ORDER_000004233,DELIVERED,2026-09-04T12:17:39,2026-09-06T19:17:39
ORDER_000004234_SHIPMENT,ORDER_000004234,DELIVERED,2026-10-26T21:45:12,2026-11-02T15:45:12
ORDER_000004235_SHIPMENT,ORDER_000004235,DELIVERED,2026-01-06T00:28:33,2026-01-12T11:28:33
ORDER_000004236_SHIPMENT,ORDER_000004236,DELIVERED,2026-10-26T13:31:52,2026-10-27T03:31:52
ORDER_000004237_SHIPMENT,ORDER_000004237,PROCESSING,,
ORDER_000004238_SHIPMENT,ORDER_000004238,DELIVERED,2026-01-20T12:51:14,2026-01-25T18:51:14
ORDER_000004239_SHIPMENT,ORDER_000004239,DELIVERED,2026-03-31T16:02:19,2026-04-07T09:02:19
ORDER_000004240_SHIPMENT,ORDER_000004240,DELIVERED,2026-01-04T10:26:25,2026-01-04T23:26:25
ORDER_000004241_SHIPMENT,ORDER_000004241,IN_TRANSIT,2026-08-20T19:52:59,
ORDER_000004242_SHIPMENT,ORDER_000004242,DELIVERED,2026-07-06T06:11:55,2026-07-08T07:11:55
ORDER_000004243_SHIPMENT,ORDER_000004243,DELIVERED,2026-11-21T09:48:10,2026-11-26T04:48:10
ORDER_000004244_SHIPMENT,ORDER_000004244,DELIVERED,2026-05-05T12:42:48,2026-05-11T08:42:48
ORDER_000004245_SHIPMENT,ORDER_000004245,PROCESSING,,
ORDER_000004246_SHIPMENT,ORDER_000004246,IN_TRANSIT,2026-07-05T21:51:35,
ORDER_000004247_SHIPMENT,ORDER_000004247,DELIVERED,2026-12-11T13:45:56,2026-12-12T15:45:56
ORDER_000004248_SHIPMENT,ORDER_000004248,PROCESSING,,
ORDER_000004249_SHIPMENT,ORDER_000004249,IN_TRANSIT,2026-12-14T19:35,
ORDER_000004250_SHIPMENT,ORDER_000004250,DELIVERED,2026-11-07T15:18:44,2026-11-10T10:18:44
ORDER_000004251_SHIPMENT,ORDER_000004251,DELIVERED,2026-09-14T12:54,2026-09-18T01:54
ORDER_000004252_SHIPMENT,ORDER_000004252,DELIVERED,2026-03-03T15:33:07,2026-03-07T11:33:07
ORDER_000004253_SHIPMENT,ORDER_000004253,DELIVERED,2026-04-03T14:05:27,2026-04-09T22:05:27
ORDER_000004254_SHIPMENT,ORDER_000004254,DELIVERED,2026-04-10T14:01:18,2026-04-11T18:01:18
ORDER_000004255_SHIPMENT,ORDER_000004255,PROCESSING,,
ORDER_000004256_SHIPMENT,ORDER_000004256,DELIVERED,2026-03-03T03:45:32,2026-03-05T22:45:32
ORDER_000004257_SHIPMENT,ORDER_000004257,DELIVERED,2026-04-20T23:55:58,2026-04-23T15:55:58
ORDER_000004258_SHIPMENT,ORDER_000004258,DELIVERED,2026-09-13T22:48:30,2026-09-16T02:48:30
ORDER_000004259_SHIPMENT,ORDER_000004259,DELIVERED,2026-04-21T09:03:06,2026-04-27T19:03:06
ORDER_000004260_SHIPMENT,ORDER_000004260,PROCESSING,,
ORDER_000004261_SHIPMENT,ORDER_000004261,DELIVERED,2026-10-14T21:00:09,2026-10-21T11:00:09
ORDER_000004262_SHIPMENT,ORDER_000004262,IN_TRANSIT,2026-05-08T14:05:12,
ORDER_000004263_SHIPMENT,ORDER_000004263,DELIVERED,2026-10-19T11:32:44,2026-10-26T08:32:44
ORDER_000004264_SHIPMENT,ORDER_000004264,IN_TRANSIT,2026-09-03T22:06:30,
ORDER_000004265_SHIPMENT,ORDER_000004265,IN_TRANSIT,2026-10-19T12:08:40,
ORDER_000004266_SHIPMENT,ORDER_000004266,PROCESSING,,
ORDER_000004267_SHIPMENT,ORDER_000004267,DELIVERED,2026-06-03T23:24:50,2026-06-09T17:24:50
ORDER_000004268_SHIPMENT,ORDER_000004268,DELIVERED,2026-09-05T21:14:05,2026-09-09T16:14:05
ORDER_000004269_SHIPMENT,ORDER_000004269,IN_TRANSIT,2026-11-06T06:17:08,
ORDER_000004270_SHIPMENT,ORDER_000004270,PROCESSING,,
ORDER_000004271_SHIPMENT,ORDER_000004271,DELIVERED,2026-09-09T18:40:32,2026-09-13T21:40:32
ORDER_000004272_SHIPMENT,ORDER_000004272,DELIVERED,2026-09-18T19:08:43,2026-09-25T00:08:43
ORDER_000004273_SHIPMENT,ORDER_000004273,PROCESSING,,
ORDER_000004274_SHIPMENT,ORDER_000004274,DELIVERED,2026-07-13T00:16:31,2026-07-18T21:16:31
ORDER_000004275_SHIPMENT,ORDER_000004275,DELIVERED,2026-10-23T03:53:47,2026-10-23T15:53:47
ORDER_000004276_SHIPMENT,ORDER_000004276,DELIVERED,2026-06-19T11:02:29,2026-06-21T20:02:29
ORDER_000004277_SHIPMENT,ORDER_000004277,DELIVERED,2026-03-16T15:03:54,2026-03-17T18:03:54
ORDER_000004278_SHIPMENT,ORDER_000004278,DELIVERED,2026-05-28T05:23:14,2026-06-02T12:23:14
ORDER_000004279_SHIPMENT,ORDER_000004279,DELIVERED,2026-10-13T17:21:04,2026-10-15T08:21:04
ORDER_000004280_SHIPMENT,ORDER_000004280,DELIVERED,2026-05-30T04:36:02,2026-06-02T10:36:02
ORDER_000004281_SHIPMENT,ORDER_000004281,DELIVERED,2026-12-18T17:39:27,2026-12-21T04:39:27
ORDER_000004282_SHIPMENT,ORDER_000004282,DELIVERED,2026-01-28T00:02:36,2026-01-29T01:02:36
ORDER_000004283_SHIPMENT,ORDER_000004283,DELIVERED,2026-04-04T21:17:05,2026-04-08T21:17:05
ORDER_000004284_SHIPMENT,ORDER_000004284,IN_TRANSIT,2026-04-12T19:43:49,
ORDER_000004285_SHIPMENT,ORDER_000004285,DELIVERED,2026-07-11T16:23:44,2026-07-18T01:23:44
ORDER_000004286_SHIPMENT,ORDER_000004286,DELIVERED,2026-04-23T09:56:31,2026-04-28T21:56:31
ORDER_000004287_SHIPMENT,ORDER_000004287,DELIVERED,2026-12-21T12:09:55,2026-12-23T11:09:55
ORDER_000004288_SHIPMENT,ORDER_000004288,PROCESSING,,
ORDER_000004289_SHIPMENT,ORDER_000004289,DELIVERED,2026-04-25T05:11:26,2026-04-26T22:11:26
ORDER_000004290_SHIPMENT,ORDER_000004290,DELIVERED,2026-12-14T08:11:23,2026-12-18T15:11:23
ORDER_000004291_SHIPMENT,ORDER_000004291,PROCESSING,,
ORDER_000004292_SHIPMENT,ORDER_000004292,PROCESSING,,
ORDER_000004293_SHIPMENT,ORDER_000004293,DELIVERED,2026-11-17T08:00:14,2026-11-20T22:00:14
ORDER_000004294_SHIPMENT,ORDER_000004294,DELIVERED,2026-09-16T10:19:58,2026-09-18T06:19:58
ORDER_000004295_SHIPMENT,ORDER_000004295,DELIVERED,2026-11-18T07:09:31,2026-11-19T06:09:31
ORDER_000004296_SHIPMENT,ORDER_000004296,IN_TRANSIT,2026-10-30T02:15:55,
ORDER_000004297_SHIPMENT,ORDER_000004297,IN_TRANSIT,2026-11-24T02:26:30,
ORDER_000004298_SHIPMENT,ORDER_000004298,DELIVERED,2026-06-09T14:41:32,2026-06-16T01:41:32
ORDER_000004299_SHIPMENT,ORDER_000004299,PROCESSING,,
ORDER_000004300_SHIPMENT,ORDER_000004300,DELIVERED,2026-03-14T02:03:58,2026-03-16T02:03:58
ORDER_000004301_SHIPMENT,ORDER_000004301,DELIVERED,2026-07-12T22:22:43,2026-07-19T07:22:43
ORDER_000004302_SHIPMENT,ORDER_000004302,PROCESSING,,
ORDER_000004303_SHIPMENT,ORDER_000004303,DELIVERED,2026-06-29T21:11:20,2026-07-04T15:11:20
ORDER_000004304_SHIPMENT,ORDER_000004304,DELIVERED,2026-06-03T22:12:30,2026-06-04T21:12:30
ORDER_000004305_SHIPMENT,ORDER_000004305,PROCESSING,,
ORDER_000004306_SHIPMENT,ORDER_000004306,DELIVERED,2026-09-15T15:13:11,2026-09-20T02:13:11
ORDER_000004307_SHIPMENT,ORDER_000004307,DELIVERED,2026-05-08T02:25:12,2026-05-11T02:25:12
ORDER_000004308_SHIPMENT,ORDER_000004308,PROCESSING,,
ORDER_000004309_SHIPMENT,ORDER_000004309,PROCESSING,,
ORDER_000004310_SHIPMENT,ORDER_000004310,DELIVERED,2026-01-28T01:55:03,2026-02-02T04:55:03
ORDER_000004311_SHIPMENT,ORDER_000004311,PROCESSING,,
ORDER_000004312_SHIPMENT,ORDER_000004312,DELIVERED,2026-06-28T15:56:43,2026-07-03T14:56:43
ORDER_000004313_SHIPMENT,ORDER_000004313,PROCESSING,,
ORDER_000004314_SHIPMENT,ORDER_000004314,DELIVERED,2026-02-12T15:43:43,2026-02-17T13:43:43
ORDER_000004315_SHIPMENT,ORDER_000004315,DELIVERED,2026-02-07T23:16:03,2026-02-13T16:16:03
ORDER_000004316_SHIPMENT,ORDER_000004316,IN_TRANSIT,2026-11-24T21:01:26,
ORDER_000004317_SHIPMENT,ORDER_000004317,DELIVERED,2026-05-25T10:43:27,2026-05-28T22:43:27
ORDER_000004318_SHIPMENT,ORDER_000004318,PROCESSING,,
ORDER_000004319_SHIPMENT,ORDER_000004319,DELIVERED,2026-06-17T10:43:44,2026-06-22T23:43:44
ORDER_000004320_SHIPMENT,ORDER_000004320,PROCESSING,,
ORDER_000004321_SHIPMENT,ORDER_000004321,DELIVERED,2026-04-24T22:03:15,2026-04-27T19:03:15
ORDER_000004322_SHIPMENT,ORDER_000004322,PROCESSING,,
ORDER_000004323_SHIPMENT,ORDER_000004323,DELIVERED,2026-08-03T02:10:20,2026-08-07T17:10:20
ORDER_000004324_SHIPMENT,ORDER_000004324,PROCESSING,,
ORDER_000004325_SHIPMENT,ORDER_000004325,DELIVERED,2026-01-06T23:42:48,2026-01-13T09:42:48
ORDER_000004326_SHIPMENT,ORDER_000004326,DELIVERED,2026-06-13T19:47:41,2026-06-14T16:47:41
ORDER_000004327_SHIPMENT,ORDER_000004327,PROCESSING,,
ORDER_000004328_SHIPMENT,ORDER_000004328,DELIVERED,2026-03-28T02:25:42,2026-03-31T04:25:42
ORDER_000004329_SHIPMENT,ORDER_000004329,DELIVERED,2026-12-27T14:55:14,2026-12-30T07:55:14
ORDER_000004330_SHIPMENT,ORDER_000004330,DELIVERED,2026-08-20T07:41:35,2026-08-27T05:41:35
ORDER_000004331_SHIPMENT,ORDER_000004331,DELIVERED,2026-05-30T08:29:50,2026-06-05T20:29:50
ORDER_000004332_SHIPMENT,ORDER_000004332,DELIVERED,2026-11-13T09:04:35,2026-11-18T14:04:35
ORDER_000004333_SHIPMENT,ORDER_000004333,IN_TRANSIT,2026-05-01T20:14:04,
ORDER_000004334_SHIPMENT,ORDER_000004334,PROCESSING,,
ORDER_000004335_SHIPMENT,ORDER_000004335,DELIVERED,2026-01-29T22:30:12,2026-02-05T21:30:12
ORDER_000004336_SHIPMENT,ORDER_000004336,DELIVERED,2026-10-17T14:32:37,2026-10-19T12:32:37
ORDER_000004337_SHIPMENT,ORDER_000004337,PROCESSING,,
ORDER_000004338_SHIPMENT,ORDER_000004338,PROCESSING,,
ORDER_000004339_SHIPMENT,ORDER_000004339,DELIVERED,2026-12-01T13:45:48,2026-12-07T05:45:48
ORDER_000004340_SHIPMENT,ORDER_000004340,PROCESSING,,
ORDER_000004341_SHIPMENT,ORDER_000004341,IN_TRANSIT,2026-01-23T14:47:15,
ORDER_000004342_SHIPMENT,ORDER_000004342,DELIVERED,2026-01-18T07:31:14,2026-01-19T02:31:14
ORDER_000004343_SHIPMENT,ORDER_000004343,DELIVERED,2026-03-03T22:19:04,2026-03-10T04:19:04
ORDER_000004344_SHIPMENT,ORDER_000004344,IN_TRANSIT,2026-12-15T02:23:25,
ORDER_000004345_SHIPMENT,ORDER_000004345,PROCESSING,,
ORDER_000004346_SHIPMENT,ORDER_000004346,DELIVERED,2026-02-05T05:01:08,2026-02-11T02:01:08
ORDER_000004347_SHIPMENT,ORDER_000004347,IN_TRANSIT,2026-03-15T21:49:05,
ORDER_000004348_SHIPMENT,ORDER_000004348,DELIVERED,2026-02-04T02:10:28,2026-02-08T10:10:28
ORDER_000004349_SHIPMENT,ORDER_000004349,PROCESSING,,
ORDER_000004350_SHIPMENT,ORDER_000004350,IN_TRANSIT,2026-08-09T18:10:06,
ORDER_000004351_SHIPMENT,ORDER_000004351,PROCESSING,,
ORDER_000004352_SHIPMENT,ORDER_000004352,IN_TRANSIT,2026-11-28T00:52:31,
ORDER_000004353_SHIPMENT,ORDER_000004353,DELIVERED,2026-06-29T09:26:02,2026-07-03T03:26:02
ORDER_000004354_SHIPMENT,ORDER_000004354,IN_TRANSIT,2026-09-25T15:53:38,
ORDER_000004355_SHIPMENT,ORDER_000004355,DELIVERED,2026-10-16T02:10:11,2026-10-21T21:10:11
ORDER_000004356_SHIPMENT,ORDER_000004356,IN_TRANSIT,2026-05-25T10:28:11,
ORDER_000004357_SHIPMENT,ORDER_000004357,DELIVERED,2026-09-04T18:56:55,2026-09-11T12:56:55
ORDER_000004358_SHIPMENT,ORDER_000004358,DELIVERED,2026-07-12T07:27:42,2026-07-16T21:27:42
ORDER_000004359_SHIPMENT,ORDER_000004359,DELIVERED,2026-10-16T01:58:08,2026-10-19T19:58:08
ORDER_000004360_SHIPMENT,ORDER_000004360,IN_TRANSIT,2026-12-06T09:13:01,
ORDER_000004361_SHIPMENT,ORDER_000004361,PROCESSING,,
ORDER_000004362_SHIPMENT,ORDER_000004362,DELIVERED,2026-09-15T02:25:20,2026-09-18T08:25:20
ORDER_000004363_SHIPMENT,ORDER_000004363,DELIVERED,2026-11-03T01:38:08,2026-11-03T21:38:08
ORDER_000004364_SHIPMENT,ORDER_000004364,DELIVERED,2026-08-02T03:55:09,2026-08-05T07:55:09
ORDER_000004365_SHIPMENT,ORDER_000004365,IN_TRANSIT,2026-07-24T21:22:09,
ORDER_000004366_SHIPMENT,ORDER_000004366,IN_TRANSIT,2026-05-26T16:23:48,
ORDER_000004367_SHIPMENT,ORDER_000004367,DELIVERED,2026-04-27T13:54:26,2026-04-30T09:54:26
ORDER_000004368_SHIPMENT,ORDER_000004368,IN_TRANSIT,2026-06-10T15:22:05,
ORDER_000004369_SHIPMENT,ORDER_000004369,DELIVERED,2026-03-22T05:35:05,2026-03-26T09:35:05
ORDER_000004370_SHIPMENT,ORDER_000004370,DELIVERED,2026-08-13T05:13:48,2026-08-17T04:13:48
ORDER_000004371_SHIPMENT,ORDER_000004371,PROCESSING,,
ORDER_000004372_SHIPMENT,ORDER_000004372,PROCESSING,,
ORDER_000004373_SHIPMENT,ORDER_000004373,DELIVERED,2026-05-28T03:46:31,2026-06-02T22:46:31
ORDER_000004374_SHIPMENT,ORDER_000004374,IN_TRANSIT,2026-03-25T11:52:29,
ORDER_000004375_SHIPMENT,ORDER_000004375,DELIVERED,2026-11-14T19:35:46,2026-11-17T16:35:46
ORDER_000004376_SHIPMENT,ORDER_000004376,DELIVERED,2026-04-27T13:25:38,2026-05-01T23:25:38
ORDER_000004377_SHIPMENT,ORDER_000004377,DELIVERED,2026-01-07T21:00:34,2026-01-10T12:00:34
ORDER_000004378_SHIPMENT,ORDER_000004378,DELIVERED,2026-04-12T00:02:59,2026-04-17T06:02:59
ORDER_000004379_SHIPMENT,ORDER_000004379,DELIVERED,2026-12-17T22:52:38,2026-12-20T13:52:38
ORDER_000004380_SHIPMENT,ORDER_000004380,DELIVERED,2026-10-17T05:55:59,2026-10-22T22:55:59
ORDER_000004381_SHIPMENT,ORDER_000004381,DELIVERED,2026-10-26T04:25:35,2026-10-31T17:25:35
ORDER_000004382_SHIPMENT,ORDER_000004382,PROCESSING,,
ORDER_000004383_SHIPMENT,ORDER_000004383,DELIVERED,2026-12-14T19:24:02,2026-12-17T12:24:02
ORDER_000004384_SHIPMENT,ORDER_000004384,IN_TRANSIT,2026-06-17T18:43:55,
ORDER_000004385_SHIPMENT,ORDER_000004385,PROCESSING,,
ORDER_000004386_SHIPMENT,ORDER_000004386,DELIVERED,2026-04-29T10:27:20,2026-05-01T22:27:20
ORDER_000004387_SHIPMENT,ORDER_000004387,PROCESSING,,
ORDER_000004388_SHIPMENT,ORDER_000004388,DELIVERED,2026-03-12T04:55:46,2026-03-17T14:55:46
ORDER_000004389_SHIPMENT,ORDER_000004389,IN_TRANSIT,2026-10-25T05:55:19,
ORDER_000004390_SHIPMENT,ORDER_000004390,DELIVERED,2026-08-08T08:54:51,2026-08-14T18:54:51
ORDER_000004391_SHIPMENT,ORDER_000004391,DELIVERED,2026-08-26T00:34:25,2026-08-30T19:34:25
ORDER_000004392_SHIPMENT,ORDER_000004392,IN_TRANSIT,2026-02-16T00:11:49,
ORDER_000004393_SHIPMENT,ORDER_000004393,DELIVERED,2026-02-09T14:33:42,2026-02-14T21:33:42
ORDER_000004394_SHIPMENT,ORDER_000004394,PROCESSING,,
ORDER_000004395_SHIPMENT,ORDER_000004395,DELIVERED,2026-08-02T19:11:12,2026-08-06T13:11:12
ORDER_000004396_SHIPMENT,ORDER_000004396,IN_TRANSIT,2026-03-07T16:34:24,
ORDER_000004397_SHIPMENT,ORDER_000004397,PROCESSING,,
ORDER_000004398_SHIPMENT,ORDER_000004398,DELIVERED,2026-12-18T11:42:03,2026-12-22T02:42:03
ORDER_000004399_SHIPMENT,ORDER_000004399,PROCESSING,,
ORDER_000004400_SHIPMENT,ORDER_000004400,IN_TRANSIT,2026-11-29T18:10:12,
ORDER_000004401_SHIPMENT,ORDER_000004401,PROCESSING,,
ORDER_000004402_SHIPMENT,ORDER_000004402,DELIVERED,2026-09-14T07:30:07,2026-09-19T04:30:07
ORDER_000004403_SHIPMENT,ORDER_000004403,DELIVERED,2026-01-09T05:36:15,2026-01-14T23:36:15
ORDER_000004404_SHIPMENT,ORDER_000004404,IN_TRANSIT,2026-03-13T08:17:55,
ORDER_000004405_SHIPMENT,ORDER_000004405,IN_TRANSIT,2026-11-07T18:58:26,
ORDER_000004406_SHIPMENT,ORDER_000004406,PROCESSING,,
ORDER_000004407_SHIPMENT,ORDER_000004407,DELIVERED,2026-12-24T13:19:58,2026-12-30T15:19:58
ORDER_000004408_SHIPMENT,ORDER_000004408,IN_TRANSIT,2026-01-11T00:40:19,
ORDER_000004409_SHIPMENT,ORDER_000004409,PROCESSING,,
ORDER_000004410_SHIPMENT,ORDER_000004410,DELIVERED,2026-04-01T07:15:17,2026-04-07T01:15:17
ORDER_000004411_SHIPMENT,ORDER_000004411,DELIVERED,2026-11-01T20:56:15,2026-11-08T04:56:15
ORDER_000004412_SHIPMENT,ORDER_000004412,IN_TRANSIT,2026-04-10T20:45:34,
ORDER_000004413_SHIPMENT,ORDER_000004413,IN_TRANSIT,2026-04-12T04:55:28,
ORDER_000004414_SHIPMENT,ORDER_000004414,IN_TRANSIT,2026-05-23T19:56:07,
ORDER_000004415_SHIPMENT,ORDER_000004415,PROCESSING,,
ORDER_000004416_SHIPMENT,ORDER_000004416,DELIVERED,2026-04-09T11:31:04,2026-04-11T14:31:04
ORDER_000004417_SHIPMENT,ORDER_000004417,IN_TRANSIT,2026-02-26T01:48:06,
ORDER_000004418_SHIPMENT,ORDER_000004418,DELIVERED,2026-06-21T18:18:09,2026-06-24T01:18:09
ORDER_000004419_SHIPMENT,ORDER_000004419,PROCESSING,,
ORDER_000004420_SHIPMENT,ORDER_000004420,DELIVERED,2026-02-11T11:04:02,2026-02-14T10:04:02
ORDER_000004421_SHIPMENT,ORDER_000004421,DELIVERED,2026-01-26T01:37:15,2026-02-01T01:37:15
ORDER_000004422_SHIPMENT,ORDER_000004422,DELIVERED,2026-10-22T09:40:07,2026-10-23T08:40:07
ORDER_000004423_SHIPMENT,ORDER_000004423,IN_TRANSIT,2026-07-23T00:50:49,
ORDER_000004424_SHIPMENT,ORDER_000004424,DELIVERED,2026-10-12T19:11:48,2026-10-15T04:11:48
ORDER_000004425_SHIPMENT,ORDER_000004425,DELIVERED,2026-12-11T18:44:56,2026-12-15T07:44:56
ORDER_000004426_SHIPMENT,ORDER_000004426,DELIVERED,2026-02-08T05:21:20,2026-02-11T06:21:20
ORDER_000004427_SHIPMENT,ORDER_000004427,DELIVERED,2026-04-25T17:58:02,2026-04-30T10:58:02
ORDER_000004428_SHIPMENT,ORDER_000004428,IN_TRANSIT,2026-03-03T11:54:14,
ORDER_000004429_SHIPMENT,ORDER_000004429,DELIVERED,2026-02-25T10:21:40,2026-02-27T20:21:40
ORDER_000004430_SHIPMENT,ORDER_000004430,DELIVERED,2026-03-16T13:12:03,2026-03-17T19:12:03
ORDER_000004431_SHIPMENT,ORDER_000004431,DELIVERED,2026-12-29T23:06:06,2026-12-31T06:06:06
ORDER_000004432_SHIPMENT,ORDER_000004432,DELIVERED,2026-09-03T20:58:12,2026-09-09T13:58:12
ORDER_000004433_SHIPMENT,ORDER_000004433,PROCESSING,,
ORDER_000004434_SHIPMENT,ORDER_000004434,DELIVERED,2026-01-23T02:14:19,2026-01-23T19:14:19
ORDER_000004435_SHIPMENT,ORDER_000004435,PROCESSING,,
ORDER_000004436_SHIPMENT,ORDER_000004436,PROCESSING,,
ORDER_000004437_SHIPMENT,ORDER_000004437,DELIVERED,2026-02-12T07:27:37,2026-02-19T00:27:37
ORDER_000004438_SHIPMENT,ORDER_000004438,PROCESSING,,
ORDER_000004439_SHIPMENT,ORDER_000004439,DELIVERED,2026-03-06T04:31:47,2026-03-12T15:31:47
ORDER_000004440_SHIPMENT,ORDER_000004440,DELIVERED,2026-08-24T05:09:09,2026-08-30T18:09:09
ORDER_000004441_SHIPMENT,ORDER_000004441,DELIVERED,2026-11-30T23:19:57,2026-12-02T19:19:57
ORDER_000004442_SHIPMENT,ORDER_000004442,DELIVERED,2026-02-24T04:06:05,2026-03-02T05:06:05
ORDER_000004443_SHIPMENT,ORDER_000004443,PROCESSING,,
ORDER_000004444_SHIPMENT,ORDER_000004444,DELIVERED,2026-10-11T13:37:22,2026-10-17T08:37:22
ORDER_000004445_SHIPMENT,ORDER_000004445,IN_TRANSIT,2026-05-11T07:06:45,
ORDER_000004446_SHIPMENT,ORDER_000004446,DELIVERED,2026-09-10T04:57:38,2026-09-12T04:57:38
ORDER_000004447_SHIPMENT,ORDER_000004447,PROCESSING,,
ORDER_000004448_SHIPMENT,ORDER_000004448,DELIVERED,2026-08-18T15:40:18,2026-08-21T19:40:18
ORDER_000004449_SHIPMENT,ORDER_000004449,IN_TRANSIT,2026-08-23T16:12:41,
ORDER_000004450_SHIPMENT,ORDER_000004450,PROCESSING,,
ORDER_000004451_SHIPMENT,ORDER_000004451,DELIVERED,2026-03-13T14:19:30,2026-03-18T01:19:30
ORDER_000004452_SHIPMENT,ORDER_000004452,IN_TRANSIT,2026-09-06T22:58:19,
ORDER_000004453_SHIPMENT,ORDER_000004453,PROCESSING,,
ORDER_000004454_SHIPMENT,ORDER_000004454,IN_TRANSIT,2026-12-15T17:02:53,
ORDER_000004455_SHIPMENT,ORDER_000004455,DELIVERED,2026-01-23T08:51:31,2026-01-27T22:51:31
ORDER_000004456_SHIPMENT,ORDER_000004456,DELIVERED,2026-01-31T01:14:52,2026-02-01T06:14:52
ORDER_000004457_SHIPMENT,ORDER_000004457,PROCESSING,,
ORDER_000004458_SHIPMENT,ORDER_000004458,DELIVERED,2026-05-25T15:55:14,2026-05-30T21:55:14
ORDER_000004459_SHIPMENT,ORDER_000004459,IN_TRANSIT,2026-09-27T22:21:44,
ORDER_000004460_SHIPMENT,ORDER_000004460,DELIVERED,2026-06-22T13:57:42,2026-06-24T06:57:42
ORDER_000004461_SHIPMENT,ORDER_000004461,PROCESSING,,
ORDER_000004462_SHIPMENT,ORDER_000004462,DELIVERED,2026-10-12T23:42:16,2026-10-14T20:42:16
ORDER_000004463_SHIPMENT,ORDER_000004463,DELIVERED,2026-12-02T00:07:49,2026-12-08T08:07:49
ORDER_000004464_SHIPMENT,ORDER_000004464,DELIVERED,2026-08-18T00:20:04,2026-08-24T10:20:04
ORDER_000004465_SHIPMENT,ORDER_000004465,IN_TRANSIT,2026-06-23T00:39:01,
ORDER_000004466_SHIPMENT,ORDER_000004466,DELIVERED,2026-01-07T05:54:44,2026-01-08T02:54:44
ORDER_000004467_SHIPMENT,ORDER_000004467,DELIVERED,2026-03-31T05:35:54,2026-03-31T20:35:54
ORDER_000004468_SHIPMENT,ORDER_000004468,IN_TRANSIT,2026-06-13T02:25:39,
ORDER_000004469_SHIPMENT,ORDER_000004469,PROCESSING,,
ORDER_000004470_SHIPMENT,ORDER_000004470,IN_TRANSIT,2026-05-29T02:20:37,
ORDER_000004471_SHIPMENT,ORDER_000004471,DELIVERED,2026-02-04T02:38:26,2026-02-09T14:38:26
ORDER_000004472_SHIPMENT,ORDER_000004472,PROCESSING,,
ORDER_000004473_SHIPMENT,ORDER_000004473,PROCESSING,,
ORDER_000004474_SHIPMENT,ORDER_000004474,DELIVERED,2026-05-22T19:58:10,2026-05-27T08:58:10
ORDER_000004475_SHIPMENT,ORDER_000004475,IN_TRANSIT,2026-02-18T01:03:07,
ORDER_000004476_SHIPMENT,ORDER_000004476,DELIVERED,2026-12-07T01:37:34,2026-12-09T10:37:34
ORDER_000004477_SHIPMENT,ORDER_000004477,DELIVERED,2026-10-08T14:39:46,2026-10-09T03:39:46
ORDER_000004478_SHIPMENT,ORDER_000004478,DELIVERED,2026-01-30T02:49:41,2026-01-31T11:49:41
ORDER_000004479_SHIPMENT,ORDER_000004479,DELIVERED,2026-11-18T13:40:44,2026-11-21T13:40:44
ORDER_000004480_SHIPMENT,ORDER_000004480,DELIVERED,2026-05-05T14:59:06,2026-05-06T16:59:06
ORDER_000004481_SHIPMENT,ORDER_000004481,IN_TRANSIT,2026-08-23T11:57:11,
ORDER_000004482_SHIPMENT,ORDER_000004482,PROCESSING,,
ORDER_000004483_SHIPMENT,ORDER_000004483,IN_TRANSIT,2026-08-15T05:04:41,
ORDER_000004484_SHIPMENT,ORDER_000004484,IN_TRANSIT,2026-09-06T21:08:42,
ORDER_000004485_SHIPMENT,ORDER_000004485,DELIVERED,2026-05-06T10:43:14,2026-05-08T21:43:14
ORDER_000004486_SHIPMENT,ORDER_000004486,IN_TRANSIT,2026-09-20T11:23:55,
ORDER_000004487_SHIPMENT,ORDER_000004487,PROCESSING,,
ORDER_000004488_SHIPMENT,ORDER_000004488,DELIVERED,2026-02-18T02:18:25,2026-02-23T16:18:25
ORDER_000004489_SHIPMENT,ORDER_000004489,DELIVERED,2026-05-16T05:46:48,2026-05-21T10:46:48
ORDER_000004490_SHIPMENT,ORDER_000004490,DELIVERED,2026-11-03T00:38:59,2026-11-08T10:38:59
ORDER_000004491_SHIPMENT,ORDER_000004491,DELIVERED,2026-04-15T05:37:51,2026-04-21T20:37:51
ORDER_000004492_SHIPMENT,ORDER_000004492,PROCESSING,,
ORDER_000004493_SHIPMENT,ORDER_000004493,IN_TRANSIT,2026-08-28T08:52:40,
ORDER_000004494_SHIPMENT,ORDER_000004494,DELIVERED,2026-05-25T07:22:57,2026-06-01T06:22:57
ORDER_000004495_SHIPMENT,ORDER_000004495,DELIVERED,2026-02-05T00:11:21,2026-02-09T23:11:21
ORDER_000004496_SHIPMENT,ORDER_000004496,IN_TRANSIT,2026-10-22T08:14:13,
ORDER_000004497_SHIPMENT,ORDER_000004497,PROCESSING,,
ORDER_000004498_SHIPMENT,ORDER_000004498,DELIVERED,2026-01-12T23:38:39,2026-01-14T07:38:39
ORDER_000004499_SHIPMENT,ORDER_000004499,DELIVERED,2026-11-18T09:46:16,2026-11-23T20:46:16
ORDER_000004500_SHIPMENT,ORDER_000004500,DELIVERED,2026-06-22T18:15:08,2026-06-25T08:15:08
ORDER_000004501_SHIPMENT,ORDER_000004501,DELIVERED,2026-10-27T15:19:35,2026-11-02T03:19:35
ORDER_000004502_SHIPMENT,ORDER_000004502,PROCESSING,,
ORDER_000004503_SHIPMENT,ORDER_000004503,DELIVERED,2026-08-03T22:39:34,2026-08-04T21:39:34
ORDER_000004504_SHIPMENT,ORDER_000004504,DELIVERED,2026-12-02T11:13:05,2026-12-09T00:13:05
ORDER_000004505_SHIPMENT,ORDER_000004505,IN_TRANSIT,2026-03-09T05:01:46,
ORDER_000004506_SHIPMENT,ORDER_000004506,DELIVERED,2026-10-06T18:16:33,2026-10-08T14:16:33
ORDER_000004507_SHIPMENT,ORDER_000004507,PROCESSING,,
ORDER_000004508_SHIPMENT,ORDER_000004508,IN_TRANSIT,2026-12-30T16:32:03,
ORDER_000004509_SHIPMENT,ORDER_000004509,DELIVERED,2026-08-16T03:28:20,2026-08-20T17:28:20
ORDER_000004510_SHIPMENT,ORDER_000004510,DELIVERED,2026-10-03T22:34:15,2026-10-10T14:34:15
ORDER_000004511_SHIPMENT,ORDER_000004511,PROCESSING,,
ORDER_000004512_SHIPMENT,ORDER_000004512,DELIVERED,2026-04-26T02:04:31,2026-04-29T11:04:31
ORDER_000004513_SHIPMENT,ORDER_000004513,PROCESSING,,
ORDER_000004514_SHIPMENT,ORDER_000004514,IN_TRANSIT,2026-05-11T08:37:51,
ORDER_000004515_SHIPMENT,ORDER_000004515,DELIVERED,2026-04-25T10:35:44,2026-05-02T01:35:44
ORDER_000004516_SHIPMENT,ORDER_000004516,DELIVERED,2026-01-28T14:21:44,2026-02-02T03:21:44
ORDER_000004517_SHIPMENT,ORDER_000004517,DELIVERED,2026-12-19T12:15:40,2026-12-22T06:15:40
ORDER_000004518_SHIPMENT,ORDER_000004518,DELIVERED,2026-05-13T00:52:03,2026-05-19T14:52:03
ORDER_000004519_SHIPMENT,ORDER_000004519,IN_TRANSIT,2026-01-17T11:40:22,
ORDER_000004520_SHIPMENT,ORDER_000004520,DELIVERED,2026-11-09T13:41:08,2026-11-12T00:41:08
ORDER_000004521_SHIPMENT,ORDER_000004521,PROCESSING,,
ORDER_000004522_SHIPMENT,ORDER_000004522,DELIVERED,2026-08-17T18:15:54,2026-08-18T18:15:54
ORDER_000004523_SHIPMENT,ORDER_000004523,DELIVERED,2026-12-30T06:04:12,2027-01-03T07:04:12
ORDER_000004524_SHIPMENT,ORDER_000004524,DELIVERED,2026-06-24T10:42:37,2026-06-26T18:42:37
ORDER_000004525_SHIPMENT,ORDER_000004525,DELIVERED,2026-09-09T04:59:10,2026-09-13T06:59:10
ORDER_000004526_SHIPMENT,ORDER_000004526,IN_TRANSIT,2026-08-13T21:05:53,
ORDER_000004527_SHIPMENT,ORDER_000004527,DELIVERED,2026-07-01T17:37:07,2026-07-03T10:37:07
ORDER_000004528_SHIPMENT,ORDER_000004528,DELIVERED,2026-04-20T05:44:24,2026-04-22T04:44:24
ORDER_000004529_SHIPMENT,ORDER_000004529,DELIVERED,2026-03-13T18:25:52,2026-03-19T02:25:52
ORDER_000004530_SHIPMENT,ORDER_000004530,DELIVERED,2026-10-21T01:05,2026-10-27T15:05
ORDER_000004531_SHIPMENT,ORDER_000004531,DELIVERED,2026-08-07T12:46:55,2026-08-08T14:46:55
ORDER_000004532_SHIPMENT,ORDER_000004532,DELIVERED,2026-07-04T19:48:02,2026-07-05T08:48:02
ORDER_000004533_SHIPMENT,ORDER_000004533,DELIVERED,2026-01-20T11:20:21,2026-01-26T02:20:21
ORDER_000004534_SHIPMENT,ORDER_000004534,DELIVERED,2026-05-22T11:44:47,2026-05-27T17:44:47
ORDER_000004535_SHIPMENT,ORDER_000004535,IN_TRANSIT,2026-01-10T02:17:17,
ORDER_000004536_SHIPMENT,ORDER_000004536,DELIVERED,2026-05-22T06:36,2026-05-27T13:36
ORDER_000004537_SHIPMENT,ORDER_000004537,DELIVERED,2026-05-12T06:35:24,2026-05-15T15:35:24
ORDER_000004538_SHIPMENT,ORDER_000004538,PROCESSING,,
ORDER_000004539_SHIPMENT,ORDER_000004539,PROCESSING,,
ORDER_000004540_SHIPMENT,ORDER_000004540,IN_TRANSIT,2026-12-17T13:36:05,
ORDER_000004541_SHIPMENT,ORDER_000004541,IN_TRANSIT,2026-11-27T20:28:21,
ORDER_000004542_SHIPMENT,ORDER_000004542,DELIVERED,2026-12-07T23:42:49,2026-12-13T18:42:49
ORDER_000004543_SHIPMENT,ORDER_000004543,DELIVERED,2026-04-21T04:59:15,2026-04-27T00:59:15
ORDER_000004544_SHIPMENT,ORDER_000004544,DELIVERED,2026-04-24T02:12:09,2026-04-30T05:12:09
ORDER_000004545_SHIPMENT,ORDER_000004545,DELIVERED,2026-05-02T10:17:51,2026-05-05T08:17:51
ORDER_000004546_SHIPMENT,ORDER_000004546,DELIVERED,2026-09-01T16:34:43,2026-09-05T16:34:43
ORDER_000004547_SHIPMENT,ORDER_000004547,PROCESSING,,
ORDER_000004548_SHIPMENT,ORDER_000004548,DELIVERED,2026-06-05T13:04:57,2026-06-08T16:04:57
ORDER_000004549_SHIPMENT,ORDER_000004549,DELIVERED,2026-06-28T20:11:54,2026-07-05T08:11:54
ORDER_000004550_SHIPMENT,ORDER_000004550,DELIVERED,2026-03-26T16:28:31,2026-03-28T06:28:31
ORDER_000004551_SHIPMENT,ORDER_000004551,DELIVERED,2026-09-14T12:19:35,2026-09-17T21:19:35
ORDER_000004552_SHIPMENT,ORDER_000004552,DELIVERED,2026-02-15T01:31:05,2026-02-20T13:31:05
ORDER_000004553_SHIPMENT,ORDER_000004553,DELIVERED,2026-09-30T05:43:39,2026-10-03T21:43:39
ORDER_000004554_SHIPMENT,ORDER_000004554,PROCESSING,,
ORDER_000004555_SHIPMENT,ORDER_000004555,PROCESSING,,
ORDER_000004556_SHIPMENT,ORDER_000004556,DELIVERED,2026-11-04T09:37:13,2026-11-08T15:37:13
ORDER_000004557_SHIPMENT,ORDER_000004557,DELIVERED,2026-02-17T09:43:23,2026-02-20T08:43:23
ORDER_000004558_SHIPMENT,ORDER_000004558,PROCESSING,,
ORDER_000004559_SHIPMENT,ORDER_000004559,IN_TRANSIT,2026-04-28T18:23:44,
ORDER_000004560_SHIPMENT,ORDER_000004560,DELIVERED,2026-06-06T13:01:34,2026-06-12T03:01:34
ORDER_000004561_SHIPMENT,ORDER_000004561,DELIVERED,2026-03-30T15:27:06,2026-04-01T21:27:06
ORDER_000004562_SHIPMENT,ORDER_000004562,DELIVERED,2026-09-26T16:33:01,2026-10-03T13:33:01
ORDER_000004563_SHIPMENT,ORDER_000004563,DELIVERED,2026-09-25T02:10:49,2026-09-27T13:10:49
ORDER_000004564_SHIPMENT,ORDER_000004564,DELIVERED,2026-05-12T09:49:24,2026-05-18T18:49:24
ORDER_000004565_SHIPMENT,ORDER_000004565,PROCESSING,,
ORDER_000004566_SHIPMENT,ORDER_000004566,IN_TRANSIT,2026-10-07T16:27:26,
ORDER_000004567_SHIPMENT,ORDER_000004567,DELIVERED,2026-08-09T17:08:38,2026-08-13T10:08:38
ORDER_000004568_SHIPMENT,ORDER_000004568,IN_TRANSIT,2026-07-08T17:54,
ORDER_000004569_SHIPMENT,ORDER_000004569,DELIVERED,2026-07-15T01:06:16,2026-07-21T12:06:16
ORDER_000004570_SHIPMENT,ORDER_000004570,PROCESSING,,
ORDER_000004571_SHIPMENT,ORDER_000004571,DELIVERED,2026-02-24T01:12:01,2026-02-27T10:12:01
ORDER_000004572_SHIPMENT,ORDER_000004572,PROCESSING,,
ORDER_000004573_SHIPMENT,ORDER_000004573,DELIVERED,2026-12-26T12:04:13,2026-12-29T00:04:13
ORDER_000004574_SHIPMENT,ORDER_000004574,DELIVERED,2026-02-06T05:17:26,2026-02-07T14:17:26
ORDER_000004575_SHIPMENT,ORDER_000004575,DELIVERED,2026-12-25T04:46:58,2026-12-31T11:46:58
ORDER_000004576_SHIPMENT,ORDER_000004576,DELIVERED,2026-08-20T19:40:52,2026-08-23T23:40:52
ORDER_000004577_SHIPMENT,ORDER_000004577,DELIVERED,2026-05-30T02:44:35,2026-06-05T03:44:35
ORDER_000004578_SHIPMENT,ORDER_000004578,PROCESSING,,
ORDER_000004579_SHIPMENT,ORDER_000004579,PROCESSING,,
ORDER_000004580_SHIPMENT,ORDER_000004580,IN_TRANSIT,2026-10-07T17:45:13,
ORDER_000004581_SHIPMENT,ORDER_000004581,PROCESSING,,
ORDER_000004582_SHIPMENT,ORDER_000004582,DELIVERED,2026-11-09T20:33:51,2026-11-15T20:33:51
ORDER_000004583_SHIPMENT,ORDER_000004583,DELIVERED,2026-12-29T18:05:50,2027-01-01T11:05:50
ORDER_000004584_SHIPMENT,ORDER_000004584,DELIVERED,2026-11-08T02:11:34,2026-11-11T21:11:34
ORDER_000004585_SHIPMENT,ORDER_000004585,DELIVERED,2026-02-03T17:03:10,2026-02-04T07:03:10
ORDER_000004586_SHIPMENT,ORDER_000004586,IN_TRANSIT,2026-10-24T06:09:38,
ORDER_000004587_SHIPMENT,ORDER_000004587,PROCESSING,,
ORDER_000004588_SHIPMENT,ORDER_000004588,DELIVERED,2026-11-19T00:24:01,2026-11-23T02:24:01
ORDER_000004589_SHIPMENT,ORDER_000004589,DELIVERED,2026-11-07T09:30:25,2026-11-12T10:30:25
ORDER_000004590_SHIPMENT,ORDER_000004590,DELIVERED,2026-07-21T19:07:51,2026-07-28T03:07:51
ORDER_000004591_SHIPMENT,ORDER_000004591,DELIVERED,2026-03-04T07:00:53,2026-03-09T17:00:53
ORDER_000004592_SHIPMENT,ORDER_000004592,IN_TRANSIT,2026-07-21T09:06:09,
ORDER_000004593_SHIPMENT,ORDER_000004593,DELIVERED,2026-10-14T09:09:38,2026-10-20T09:09:38
ORDER_000004594_SHIPMENT,ORDER_000004594,IN_TRANSIT,2026-05-31T01:39:10,
ORDER_000004595_SHIPMENT,ORDER_000004595,DELIVERED,2026-04-16T09:16:27,2026-04-23T04:16:27
ORDER_000004596_SHIPMENT,ORDER_000004596,PROCESSING,,
ORDER_000004597_SHIPMENT,ORDER_000004597,DELIVERED,2026-08-30T17:13:26,2026-09-01T23:13:26
ORDER_000004598_SHIPMENT,ORDER_000004598,PROCESSING,,
ORDER_000004599_SHIPMENT,ORDER_000004599,PROCESSING,,
ORDER_000004600_SHIPMENT,ORDER_000004600,DELIVERED,2026-02-13T08:26:51,2026-02-18T07:26:51
ORDER_000004601_SHIPMENT,ORDER_000004601,DELIVERED,2026-09-07T12:25:08,2026-09-13T05:25:08
ORDER_000004602_SHIPMENT,ORDER_000004602,DELIVERED,2026-03-26T15:46:09,2026-03-31T00:46:09
ORDER_000004603_SHIPMENT,ORDER_000004603,IN_TRANSIT,2026-01-05T02:09:12,
ORDER_000004604_SHIPMENT,ORDER_000004604,DELIVERED,2026-03-12T20:14:36,2026-03-15T19:14:36
ORDER_000004605_SHIPMENT,ORDER_000004605,DELIVERED,2026-02-02T16:54:31,2026-02-03T06:54:31
ORDER_000004606_SHIPMENT,ORDER_000004606,DELIVERED,2026-01-17T13:46:55,2026-01-20T16:46:55
ORDER_000004607_SHIPMENT,ORDER_000004607,DELIVERED,2026-05-05T16:20:43,2026-05-10T16:20:43
ORDER_000004608_SHIPMENT,ORDER_000004608,IN_TRANSIT,2026-09-18T10:08:07,
ORDER_000004609_SHIPMENT,ORDER_000004609,IN_TRANSIT,2026-01-28T03:21:19,
ORDER_000004610_SHIPMENT,ORDER_000004610,DELIVERED,2026-01-11T22:47:08,2026-01-17T11:47:08
ORDER_000004611_SHIPMENT,ORDER_000004611,DELIVERED,2026-03-05T09:36,2026-03-10T18:36
ORDER_000004612_SHIPMENT,ORDER_000004612,DELIVERED,2026-12-25T15:55:56,2026-12-31T14:55:56
ORDER_000004613_SHIPMENT,ORDER_000004613,PROCESSING,,
ORDER_000004614_SHIPMENT,ORDER_000004614,DELIVERED,2026-11-13T13:23:07,2026-11-16T08:23:07
ORDER_000004615_SHIPMENT,ORDER_000004615,DELIVERED,2026-05-29T18:46:25,2026-05-31T08:46:25
ORDER_000004616_SHIPMENT,ORDER_000004616,DELIVERED,2026-06-11T15:52:28,2026-06-16T09:52:28
ORDER_000004617_SHIPMENT,ORDER_000004617,DELIVERED,2026-06-03T02:56:08,2026-06-05T19:56:08
ORDER_000004618_SHIPMENT,ORDER_000004618,PROCESSING,,
ORDER_000004619_SHIPMENT,ORDER_000004619,DELIVERED,2026-09-26T19:46:43,2026-09-29T08:46:43
ORDER_000004620_SHIPMENT,ORDER_000004620,DELIVERED,2026-08-10T18:38:36,2026-08-12T13:38:36
ORDER_000004621_SHIPMENT,ORDER_000004621,PROCESSING,,
ORDER_000004622_SHIPMENT,ORDER_000004622,DELIVERED,2026-12-15T17:52:20,2026-12-21T20:52:20
ORDER_000004623_SHIPMENT,ORDER_000004623,DELIVERED,2026-08-25T19:59:23,2026-08-31T14:59:23
ORDER_000004624_SHIPMENT,ORDER_000004624,DELIVERED,2026-08-19T23:52:13,2026-08-25T03:52:13
ORDER_000004625_SHIPMENT,ORDER_000004625,PROCESSING,,
ORDER_000004626_SHIPMENT,ORDER_000004626,PROCESSING,,
ORDER_000004627_SHIPMENT,ORDER_000004627,DELIVERED,2026-01-22T21:35:28,2026-01-27T06:35:28
ORDER_000004628_SHIPMENT,ORDER_000004628,PROCESSING,,
ORDER_000004629_SHIPMENT,ORDER_000004629,PROCESSING,,
ORDER_000004630_SHIPMENT,ORDER_000004630,PROCESSING,,
ORDER_000004631_SHIPMENT,ORDER_000004631,DELIVERED,2026-02-22T09:44:30,2026-02-27T07:44:30
ORDER_000004632_SHIPMENT,ORDER_000004632,DELIVERED,2026-08-13T10:01:26,2026-08-17T21:01:26
ORDER_000004633_SHIPMENT,ORDER_000004633,IN_TRANSIT,2026-11-11T11:40:27,
ORDER_000004634_SHIPMENT,ORDER_000004634,DELIVERED,2026-09-20T20:07:49,2026-09-26T21:07:49
ORDER_000004635_SHIPMENT,ORDER_000004635,DELIVERED,2026-08-10T20:59:17,2026-08-16T00:59:17
ORDER_000004636_SHIPMENT,ORDER_000004636,DELIVERED,2026-07-23T09:51:32,2026-07-26T10:51:32
ORDER_000004637_SHIPMENT,ORDER_000004637,DELIVERED,2026-07-17T04:16:39,2026-07-19T21:16:39
ORDER_000004638_SHIPMENT,ORDER_000004638,DELIVERED,2026-05-30T16:37:39,2026-06-03T23:37:39
ORDER_000004639_SHIPMENT,ORDER_000004639,IN_TRANSIT,2026-09-29T14:48:54,
ORDER_000004640_SHIPMENT,ORDER_000004640,DELIVERED,2026-12-02T06:53:34,2026-12-07T13:53:34
ORDER_000004641_SHIPMENT,ORDER_000004641,DELIVERED,2026-11-17T00:24:11,2026-11-18T23:24:11
ORDER_000004642_SHIPMENT,ORDER_000004642,PROCESSING,,
ORDER_000004643_SHIPMENT,ORDER_000004643,DELIVERED,2026-01-13T23:37:25,2026-01-16T15:37:25
ORDER_000004644_SHIPMENT,ORDER_000004644,DELIVERED,2026-10-18T16:59:26,2026-10-20T19:59:26
ORDER_000004645_SHIPMENT,ORDER_000004645,DELIVERED,2026-08-27T23:43:18,2026-09-03T10:43:18
ORDER_000004646_SHIPMENT,ORDER_000004646,DELIVERED,2026-03-14T19:12:57,2026-03-15T22:12:57
ORDER_000004647_SHIPMENT,ORDER_000004647,PROCESSING,,
ORDER_000004648_SHIPMENT,ORDER_000004648,DELIVERED,2026-07-19T10:12:31,2026-07-20T05:12:31
ORDER_000004649_SHIPMENT,ORDER_000004649,DELIVERED,2026-05-01T21:29:14,2026-05-07T23:29:14
ORDER_000004650_SHIPMENT,ORDER_000004650,PROCESSING,,
ORDER_000004651_SHIPMENT,ORDER_000004651,DELIVERED,2026-10-16T23:14:09,2026-10-18T07:14:09
ORDER_000004652_SHIPMENT,ORDER_000004652,IN_TRANSIT,2026-12-31T05:55:16,
ORDER_000004653_SHIPMENT,ORDER_000004653,PROCESSING,,
ORDER_000004654_SHIPMENT,ORDER_000004654,PROCESSING,,
ORDER_000004655_SHIPMENT,ORDER_000004655,PROCESSING,,
ORDER_000004656_SHIPMENT,ORDER_000004656,PROCESSING,,
ORDER_000004657_SHIPMENT,ORDER_000004657,DELIVERED,2026-09-02T01:48:06,2026-09-06T15:48:06
ORDER_000004658_SHIPMENT,ORDER_000004658,DELIVERED,2026-12-16T20:30:03,2026-12-23T06:30:03
ORDER_000004659_SHIPMENT,ORDER_000004659,DELIVERED,2026-05-24T07:02:24,2026-05-29T07:02:24
ORDER_000004660_SHIPMENT,ORDER_000004660,DELIVERED,2026-05-11T23:33:57,2026-05-13T07:33:57
ORDER_000004661_SHIPMENT,ORDER_000004661,DELIVERED,2026-10-02T07:49:55,2026-10-05T06:49:55
ORDER_000004662_SHIPMENT,ORDER_000004662,IN_TRANSIT,2026-07-27T16:46:24,
ORDER_000004663_SHIPMENT,ORDER_000004663,DELIVERED,2026-06-16T23:09:54,2026-06-21T00:09:54
ORDER_000004664_SHIPMENT,ORDER_000004664,DELIVERED,2026-09-27T09:17:08,2026-10-03T10:17:08
ORDER_000004665_SHIPMENT,ORDER_000004665,PROCESSING,,
ORDER_000004666_SHIPMENT,ORDER_000004666,DELIVERED,2026-05-23T08:49:09,2026-05-27T23:49:09
ORDER_000004667_SHIPMENT,ORDER_000004667,PROCESSING,,
ORDER_000004668_SHIPMENT,ORDER_000004668,PROCESSING,,
ORDER_000004669_SHIPMENT,ORDER_000004669,PROCESSING,,
ORDER_000004670_SHIPMENT,ORDER_000004670,DELIVERED,2027-01-01T17:49:52,2027-01-08T03:49:52
ORDER_000004671_SHIPMENT,ORDER_000004671,PROCESSING,,
ORDER_000004672_SHIPMENT,ORDER_000004672,IN_TRANSIT,2026-12-22T00:01:28,
ORDER_000004673_SHIPMENT,ORDER_000004673,DELIVERED,2026-12-15T23:43:19,2026-12-18T18:43:19
ORDER_000004674_SHIPMENT,ORDER_000004674,PROCESSING,,
ORDER_000004675_SHIPMENT,ORDER_000004675,DELIVERED,2026-12-05T22:30:43,2026-12-07T19:30:43
ORDER_000004676_SHIPMENT,ORDER_000004676,DELIVERED,2026-12-21T23:30:24,2026-12-26T22:30:24
ORDER_000004677_SHIPMENT,ORDER_000004677,DELIVERED,2026-02-09T22:17:22,2026-02-16T12:17:22
ORDER_000004678_SHIPMENT,ORDER_000004678,DELIVERED,2026-11-17T07:12:04,2026-11-22T07:12:04
ORDER_000004679_SHIPMENT,ORDER_000004679,DELIVERED,2026-08-17T15:39:17,2026-08-20T17:39:17
ORDER_000004680_SHIPMENT,ORDER_000004680,PROCESSING,,
ORDER_000004681_SHIPMENT,ORDER_000004681,DELIVERED,2026-12-23T08:24:27,2026-12-23T21:24:27
ORDER_000004682_SHIPMENT,ORDER_000004682,DELIVERED,2026-01-23T18:38,2026-01-27T06:38
ORDER_000004683_SHIPMENT,ORDER_000004683,PROCESSING,,
ORDER_000004684_SHIPMENT,ORDER_000004684,IN_TRANSIT,2026-10-31T07:18:20,
ORDER_000004685_SHIPMENT,ORDER_000004685,DELIVERED,2026-10-10T07:44:34,2026-10-13T11:44:34
ORDER_000004686_SHIPMENT,ORDER_000004686,PROCESSING,,
ORDER_000004687_SHIPMENT,ORDER_000004687,DELIVERED,2026-06-28T01:56:55,2026-06-29T11:56:55
ORDER_000004688_SHIPMENT,ORDER_000004688,DELIVERED,2026-12-15T19:33:40,2026-12-22T11:33:40
ORDER_000004689_SHIPMENT,ORDER_000004689,DELIVERED,2026-12-14T14:47:59,2026-12-17T05:47:59
ORDER_000004690_SHIPMENT,ORDER_000004690,DELIVERED,2026-11-29T10:45:27,2026-12-04T05:45:27
ORDER_000004691_SHIPMENT,ORDER_000004691,PROCESSING,,
ORDER_000004692_SHIPMENT,ORDER_000004692,DELIVERED,2026-07-21T23:26:18,2026-07-27T08:26:18
ORDER_000004693_SHIPMENT,ORDER_000004693,PROCESSING,,
ORDER_000004694_SHIPMENT,ORDER_000004694,DELIVERED,2026-12-12T10:05:11,2026-12-13T22:05:11
ORDER_000004695_SHIPMENT,ORDER_000004695,DELIVERED,2026-10-17T14:26:57,2026-10-21T10:26:57
ORDER_000004696_SHIPMENT,ORDER_000004696,PROCESSING,,
ORDER_000004697_SHIPMENT,ORDER_000004697,PROCESSING,,
ORDER_000004698_SHIPMENT,ORDER_000004698,IN_TRANSIT,2026-08-25T15:37:09,
ORDER_000004699_SHIPMENT,ORDER_000004699,IN_TRANSIT,2026-10-02T20:17:47,
ORDER_000004700_SHIPMENT,ORDER_000004700,DELIVERED,2026-10-06T02:03:36,2026-10-07T19:03:36
ORDER_000004701_SHIPMENT,ORDER_000004701,DELIVERED,2026-11-21T15:56:18,2026-11-23T19:56:18
ORDER_000004702_SHIPMENT,ORDER_000004702,DELIVERED,2026-07-12T16:10:02,2026-07-17T15:10:02
ORDER_000004703_SHIPMENT,ORDER_000004703,IN_TRANSIT,2026-01-03T22:59:48,
ORDER_000004704_SHIPMENT,ORDER_000004704,DELIVERED,2026-12-22T13:38:04,2026-12-29T13:38:04
ORDER_000004705_SHIPMENT,ORDER_000004705,DELIVERED,2026-01-04T12:08:24,2026-01-08T04:08:24
ORDER_000004706_SHIPMENT,ORDER_000004706,DELIVERED,2026-06-27T14:51:29,2026-07-04T10:51:29
ORDER_000004707_SHIPMENT,ORDER_000004707,DELIVERED,2026-02-14T16:55:53,2026-02-20T20:55:53
ORDER_000004708_SHIPMENT,ORDER_000004708,DELIVERED,2026-07-05T02:11:38,2026-07-07T21:11:38
ORDER_000004709_SHIPMENT,ORDER_000004709,IN_TRANSIT,2026-09-18T16:54:25,
ORDER_000004710_SHIPMENT,ORDER_000004710,DELIVERED,2026-07-26T23:41:40,2026-07-31T04:41:40
ORDER_000004711_SHIPMENT,ORDER_000004711,DELIVERED,2026-01-09T22:07:44,2026-01-16T04:07:44
ORDER_000004712_SHIPMENT,ORDER_000004712,DELIVERED,2026-04-19T08:39:43,2026-04-24T22:39:43
ORDER_000004713_SHIPMENT,ORDER_000004713,PROCESSING,,
ORDER_000004714_SHIPMENT,ORDER_000004714,IN_TRANSIT,2026-12-18T14:53:56,
ORDER_000004715_SHIPMENT,ORDER_000004715,DELIVERED,2026-07-08T04:12:51,2026-07-08T23:12:51
ORDER_000004716_SHIPMENT,ORDER_000004716,DELIVERED,2026-05-01T20:41:29,2026-05-04T10:41:29
ORDER_000004717_SHIPMENT,ORDER_000004717,IN_TRANSIT,2026-05-10T03:03:29,
ORDER_000004718_SHIPMENT,ORDER_000004718,DELIVERED,2026-03-04T06:14:03,2026-03-07T07:14:03
ORDER_000004719_SHIPMENT,ORDER_000004719,PROCESSING,,
ORDER_000004720_SHIPMENT,ORDER_000004720,DELIVERED,2026-01-30T07:14:48,2026-01-31T17:14:48
ORDER_000004721_SHIPMENT,ORDER_000004721,DELIVERED,2026-07-12T19:12:36,2026-07-19T02:12:36
ORDER_000004722_SHIPMENT,ORDER_000004722,PROCESSING,,
ORDER_000004723_SHIPMENT,ORDER_000004723,PROCESSING,,
ORDER_000004724_SHIPMENT,ORDER_000004724,DELIVERED,2026-09-24T04:08:20,2026-09-24T18:08:20
ORDER_000004725_SHIPMENT,ORDER_000004725,DELIVERED,2026-06-19T21:26:39,2026-06-23T06:26:39
ORDER_000004726_SHIPMENT,ORDER_000004726,DELIVERED,2026-09-21T05:06:43,2026-09-23T07:06:43
ORDER_000004727_SHIPMENT,ORDER_000004727,PROCESSING,,
ORDER_000004728_SHIPMENT,ORDER_000004728,DELIVERED,2027-01-03T11:04:13,2027-01-06T11:04:13
ORDER_000004729_SHIPMENT,ORDER_000004729,PROCESSING,,
ORDER_000004730_SHIPMENT,ORDER_000004730,DELIVERED,2026-07-21T15:01:38,2026-07-27T21:01:38
ORDER_000004731_SHIPMENT,ORDER_000004731,IN_TRANSIT,2026-04-27T22:28:05,
ORDER_000004732_SHIPMENT,ORDER_000004732,DELIVERED,2026-04-03T01:03:16,2026-04-07T08:03:16
ORDER_000004733_SHIPMENT,ORDER_000004733,DELIVERED,2026-05-02T01:53:57,2026-05-08T17:53:57
ORDER_000004734_SHIPMENT,ORDER_000004734,DELIVERED,2026-01-31T09:45:19,2026-02-07T01:45:19
ORDER_000004735_SHIPMENT,ORDER_000004735,DELIVERED,2026-10-27T01:23:08,2026-10-29T17:23:08
ORDER_000004736_SHIPMENT,ORDER_000004736,IN_TRANSIT,2026-11-30T21:42:08,
ORDER_000004737_SHIPMENT,ORDER_000004737,IN_TRANSIT,2026-05-23T14:26:01,
ORDER_000004738_SHIPMENT,ORDER_000004738,DELIVERED,2026-04-09T15:32:48,2026-04-14T13:32:48
ORDER_000004739_SHIPMENT,ORDER_000004739,DELIVERED,2026-05-25T18:17:29,2026-05-30T13:17:29
ORDER_000004740_SHIPMENT,ORDER_000004740,PROCESSING,,
ORDER_000004741_SHIPMENT,ORDER_000004741,DELIVERED,2026-09-17T03:26:28,2026-09-22T08:26:28
ORDER_000004742_SHIPMENT,ORDER_000004742,DELIVERED,2026-12-23T00:31:25,2026-12-24T09:31:25
ORDER_000004743_SHIPMENT,ORDER_000004743,DELIVERED,2026-01-29T14:59:18,2026-02-03T21:59:18
ORDER_000004744_SHIPMENT,ORDER_000004744,PROCESSING,,
ORDER_000004745_SHIPMENT,ORDER_000004745,PROCESSING,,
ORDER_000004746_SHIPMENT,ORDER_000004746,IN_TRANSIT,2026-08-26T05:01:46,
ORDER_000004747_SHIPMENT,ORDER_000004747,IN_TRANSIT,2026-04-08T05:11:55,
ORDER_000004748_SHIPMENT,ORDER_000004748,DELIVERED,2026-11-09T09:43:38,2026-11-12T09:43:38
ORDER_000004749_SHIPMENT,ORDER_000004749,DELIVERED,2026-05-10T10:14:12,2026-05-13T22:14:12
ORDER_000004750_SHIPMENT,ORDER_000004750,DELIVERED,2026-12-03T03:47:57,2026-12-07T20:47:57
ORDER_000004751_SHIPMENT,ORDER_000004751,IN_TRANSIT,2026-06-02T06:02:52,
ORDER_000004752_SHIPMENT,ORDER_000004752,DELIVERED,2026-07-12T11:39:01,2026-07-14T04:39:01
ORDER_000004753_SHIPMENT,ORDER_000004753,DELIVERED,2026-08-24T18:30:26,2026-08-31T13:30:26
ORDER_000004754_SHIPMENT,ORDER_000004754,DELIVERED,2026-04-25T12:33:42,2026-04-27T16:33:42
ORDER_000004755_SHIPMENT,ORDER_000004755,IN_TRANSIT,2027-01-01T12:30:02,
ORDER_000004756_SHIPMENT,ORDER_000004756,DELIVERED,2026-07-17T05:18:10,2026-07-21T11:18:10
ORDER_000004757_SHIPMENT,ORDER_000004757,PROCESSING,,
ORDER_000004758_SHIPMENT,ORDER_000004758,DELIVERED,2026-03-03T08:00:06,2026-03-05T05:00:06
ORDER_000004759_SHIPMENT,ORDER_000004759,DELIVERED,2026-10-27T15:20:36,2026-11-02T11:20:36
ORDER_000004760_SHIPMENT,ORDER_000004760,DELIVERED,2026-02-12T19:35:09,2026-02-14T10:35:09
ORDER_000004761_SHIPMENT,ORDER_000004761,PROCESSING,,
ORDER_000004762_SHIPMENT,ORDER_000004762,DELIVERED,2026-12-04T19:10:59,2026-12-10T10:10:59
ORDER_000004763_SHIPMENT,ORDER_000004763,PROCESSING,,
ORDER_000004764_SHIPMENT,ORDER_000004764,DELIVERED,2026-04-06T05:07:04,2026-04-11T06:07:04
ORDER_000004765_SHIPMENT,ORDER_000004765,DELIVERED,2026-11-02T19:25:53,2026-11-07T13:25:53
ORDER_000004766_SHIPMENT,ORDER_000004766,IN_TRANSIT,2026-05-31T02:52:25,
ORDER_000004767_SHIPMENT,ORDER_000004767,DELIVERED,2026-04-07T04:41:20,2026-04-08T13:41:20
ORDER_000004768_SHIPMENT,ORDER_000004768,DELIVERED,2026-09-15T11:53:53,2026-09-21T11:53:53
ORDER_000004769_SHIPMENT,ORDER_000004769,PROCESSING,,
ORDER_000004770_SHIPMENT,ORDER_000004770,IN_TRANSIT,2026-12-27T08:13:39,
ORDER_000004771_SHIPMENT,ORDER_000004771,DELIVERED,2026-04-20T06:14:18,2026-04-21T06:14:18
ORDER_000004772_SHIPMENT,ORDER_000004772,PROCESSING,,
ORDER_000004773_SHIPMENT,ORDER_000004773,IN_TRANSIT,2026-06-18T01:44:47,
ORDER_000004774_SHIPMENT,ORDER_000004774,PROCESSING,,
ORDER_000004775_SHIPMENT,ORDER_000004775,DELIVERED,2026-02-07T11:50:09,2026-02-13T08:50:09
ORDER_000004776_SHIPMENT,ORDER_000004776,PROCESSING,,
ORDER_000004777_SHIPMENT,ORDER_000004777,PROCESSING,,
ORDER_000004778_SHIPMENT,ORDER_000004778,PROCESSING,,
ORDER_000004779_SHIPMENT,ORDER_000004779,DELIVERED,2026-03-18T16:30:55,2026-03-19T05:30:55
ORDER_000004780_SHIPMENT,ORDER_000004780,DELIVERED,2026-01-22T06:35:32,2026-01-22T18:35:32
ORDER_000004781_SHIPMENT,ORDER_000004781,DELIVERED,2026-08-12T04:08:52,2026-08-13T04:08:52
ORDER_000004782_SHIPMENT,ORDER_000004782,IN_TRANSIT,2026-08-24T23:02:01,
ORDER_000004783_SHIPMENT,ORDER_000004783,DELIVERED,2026-01-08T01:48:20,2026-01-10T07:48:20
ORDER_000004784_SHIPMENT,ORDER_000004784,DELIVERED,2026-03-09T02:33:17,2026-03-12T11:33:17
ORDER_000004785_SHIPMENT,ORDER_000004785,DELIVERED,2026-12-05T13:00:05,2026-12-06T07:00:05
ORDER_000004786_SHIPMENT,ORDER_000004786,PROCESSING,,
ORDER_000004787_SHIPMENT,ORDER_000004787,DELIVERED,2026-09-01T21:58:47,2026-09-02T14:58:47
ORDER_000004788_SHIPMENT,ORDER_000004788,PROCESSING,,
ORDER_000004789_SHIPMENT,ORDER_000004789,PROCESSING,,
ORDER_000004790_SHIPMENT,ORDER_000004790,DELIVERED,2026-04-23T06:08:07,2026-04-27T22:08:07
ORDER_000004791_SHIPMENT,ORDER_000004791,DELIVERED,2026-05-12T04:21:49,2026-05-14T11:21:49
ORDER_000004792_SHIPMENT,ORDER_000004792,DELIVERED,2026-10-07T13:19:57,2026-10-11T00:19:57
ORDER_000004793_SHIPMENT,ORDER_000004793,PROCESSING,,
ORDER_000004794_SHIPMENT,ORDER_000004794,PROCESSING,,
ORDER_000004795_SHIPMENT,ORDER_000004795,DELIVERED,2026-09-10T12:05:57,2026-09-17T12:05:57
ORDER_000004796_SHIPMENT,ORDER_000004796,PROCESSING,,
ORDER_000004797_SHIPMENT,ORDER_000004797,DELIVERED,2026-01-19T01:24:28,2026-01-22T05:24:28
ORDER_000004798_SHIPMENT,ORDER_000004798,DELIVERED,2026-04-08T01:19:32,2026-04-10T18:19:32
ORDER_000004799_SHIPMENT,ORDER_000004799,IN_TRANSIT,2026-02-04T03:35:05,
ORDER_000004800_SHIPMENT,ORDER_000004800,PROCESSING,,
ORDER_000004801_SHIPMENT,ORDER_000004801,PROCESSING,,
ORDER_000004802_SHIPMENT,ORDER_000004802,DELIVERED,2026-07-16T05:53:50,2026-07-19T15:53:50
ORDER_000004803_SHIPMENT,ORDER_000004803,DELIVERED,2026-01-10T03:29:12,2026-01-14T13:29:12
ORDER_000004804_SHIPMENT,ORDER_000004804,DELIVERED,2026-11-16T09:51:42,2026-11-22T22:51:42
ORDER_000004805_SHIPMENT,ORDER_000004805,DELIVERED,2026-05-01T16:02:56,2026-05-02T19:02:56
ORDER_000004806_SHIPMENT,ORDER_000004806,PROCESSING,,
ORDER_000004807_SHIPMENT,ORDER_000004807,DELIVERED,2026-07-13T03:38:02,2026-07-16T20:38:02
ORDER_000004808_SHIPMENT,ORDER_000004808,DELIVERED,2026-09-15T04:39:48,2026-09-18T05:39:48
ORDER_000004809_SHIPMENT,ORDER_000004809,DELIVERED,2026-07-23T18:25:07,2026-07-26T21:25:07
ORDER_000004810_SHIPMENT,ORDER_000004810,DELIVERED,2026-02-13T16:43:58,2026-02-15T07:43:58
ORDER_000004811_SHIPMENT,ORDER_000004811,IN_TRANSIT,2026-03-22T23:19:47,
ORDER_000004812_SHIPMENT,ORDER_000004812,DELIVERED,2026-08-24T06:22:36,2026-08-28T18:22:36
ORDER_000004813_SHIPMENT,ORDER_000004813,PROCESSING,,
ORDER_000004814_SHIPMENT,ORDER_000004814,DELIVERED,2026-12-27T01:05:56,2026-12-29T10:05:56
ORDER_000004815_SHIPMENT,ORDER_000004815,IN_TRANSIT,2026-03-17T08:40:36,
ORDER_000004816_SHIPMENT,ORDER_000004816,DELIVERED,2026-09-28T20:09:31,2026-09-30T14:09:31
ORDER_000004817_SHIPMENT,ORDER_000004817,DELIVERED,2026-02-15T08:12:11,2026-02-17T09:12:11
ORDER_000004818_SHIPMENT,ORDER_000004818,DELIVERED,2026-03-06T15:48:02,2026-03-07T23:48:02
ORDER_000004819_SHIPMENT,ORDER_000004819,DELIVERED,2026-05-01T09:09:30,2026-05-08T01:09:30
ORDER_000004820_SHIPMENT,ORDER_000004820,PROCESSING,,
ORDER_000004821_SHIPMENT,ORDER_000004821,DELIVERED,2026-09-29T13:15:25,2026-10-05T16:15:25
ORDER_000004822_SHIPMENT,ORDER_000004822,DELIVERED,2026-03-24T22:21:03,2026-03-28T12:21:03
ORDER_000004823_SHIPMENT,ORDER_000004823,DELIVERED,2026-06-06T12:55,2026-06-12T17:55
ORDER_000004824_SHIPMENT,ORDER_000004824,DELIVERED,2026-03-03T05:44:20,2026-03-07T20:44:20
ORDER_000004825_SHIPMENT,ORDER_000004825,DELIVERED,2026-05-18T20:58:41,2026-05-25T09:58:41
ORDER_000004826_SHIPMENT,ORDER_000004826,PROCESSING,,
ORDER_000004827_SHIPMENT,ORDER_000004827,DELIVERED,2026-12-24T09:48:54,2026-12-25T07:48:54
ORDER_000004828_SHIPMENT,ORDER_000004828,PROCESSING,,
ORDER_000004829_SHIPMENT,ORDER_000004829,DELIVERED,2026-01-10T12:25:53,2026-01-12T07:25:53
ORDER_000004830_SHIPMENT,ORDER_000004830,IN_TRANSIT,2026-01-09T18:22:50,
ORDER_000004831_SHIPMENT,ORDER_000004831,IN_TRANSIT,2026-12-28T15:09:04,
ORDER_000004832_SHIPMENT,ORDER_000004832,DELIVERED,2026-03-16T07:09:13,2026-03-18T21:09:13
ORDER_000004833_SHIPMENT,ORDER_000004833,PROCESSING,,
ORDER_000004834_SHIPMENT,ORDER_000004834,PROCESSING,,
ORDER_000004835_SHIPMENT,ORDER_000004835,DELIVERED,2026-02-20T13:15:23,2026-02-26T18:15:23
ORDER_000004836_SHIPMENT,ORDER_000004836,PROCESSING,,
ORDER_000004837_SHIPMENT,ORDER_000004837,DELIVERED,2026-12-01T16:53:21,2026-12-03T01:53:21
ORDER_000004838_SHIPMENT,ORDER_000004838,DELIVERED,2026-10-11T13:42:57,2026-10-18T12:42:57
ORDER_000004839_SHIPMENT,ORDER_000004839,DELIVERED,2026-05-08T08:26:14,2026-05-14T06:26:14
ORDER_000004840_SHIPMENT,ORDER_000004840,PROCESSING,,
ORDER_000004841_SHIPMENT,ORDER_000004841,DELIVERED,2026-08-27T22:17:09,2026-09-03T14:17:09
ORDER_000004842_SHIPMENT,ORDER_000004842,DELIVERED,2026-03-08T00:04:04,2026-03-09T09:04:04
ORDER_000004843_SHIPMENT,ORDER_000004843,DELIVERED,2026-10-28T07:35:38,2026-10-30T06:35:38
ORDER_000004844_SHIPMENT,ORDER_000004844,PROCESSING,,
ORDER_000004845_SHIPMENT,ORDER_000004845,IN_TRANSIT,2026-05-19T05:09:27,
ORDER_000004846_SHIPMENT,ORDER_000004846,DELIVERED,2026-02-11T07:03:27,2026-02-16T09:03:27
ORDER_000004847_SHIPMENT,ORDER_000004847,PROCESSING,,
ORDER_000004848_SHIPMENT,ORDER_000004848,DELIVERED,2026-02-24T09:28:11,2026-02-27T18:28:11
ORDER_000004849_SHIPMENT,ORDER_000004849,IN_TRANSIT,2026-02-24T15:53:39,
ORDER_000004850_SHIPMENT,ORDER_000004850,DELIVERED,2026-01-19T05:51:24,2026-01-23T18:51:24
ORDER_000004851_SHIPMENT,ORDER_000004851,PROCESSING,,
ORDER_000004852_SHIPMENT,ORDER_000004852,DELIVERED,2026-07-09T19:35:32,2026-07-10T21:35:32
ORDER_000004853_SHIPMENT,ORDER_000004853,DELIVERED,2026-07-07T16:05:12,2026-07-13T19:05:12
ORDER_000004854_SHIPMENT,ORDER_000004854,DELIVERED,2026-12-17T07:45:07,2026-12-20T06:45:07
ORDER_000004855_SHIPMENT,ORDER_000004855,DELIVERED,2026-03-12T20:42:10,2026-03-16T04:42:10
ORDER_000004856_SHIPMENT,ORDER_000004856,PROCESSING,,
ORDER_000004857_SHIPMENT,ORDER_000004857,DELIVERED,2026-11-28T04:00:41,2026-11-30T13:00:41
ORDER_000004858_SHIPMENT,ORDER_000004858,DELIVERED,2026-07-25T16:09:45,2026-07-27T18:09:45
ORDER_000004859_SHIPMENT,ORDER_000004859,DELIVERED,2026-01-07T12:17:16,2026-01-12T11:17:16
ORDER_000004860_SHIPMENT,ORDER_000004860,DELIVERED,2026-04-13T04:13:45,2026-04-18T19:13:45
ORDER_000004861_SHIPMENT,ORDER_000004861,DELIVERED,2026-09-18T18:12:41,2026-09-24T22:12:41
ORDER_000004862_SHIPMENT,ORDER_000004862,DELIVERED,2026-06-30T12:39:23,2026-07-01T15:39:23
ORDER_000004863_SHIPMENT,ORDER_000004863,PROCESSING,,
ORDER_000004864_SHIPMENT,ORDER_000004864,DELIVERED,2026-02-21T17:54:52,2026-02-25T01:54:52
ORDER_000004865_SHIPMENT,ORDER_000004865,DELIVERED,2026-09-25T16:04:47,2026-09-26T23:04:47
ORDER_000004866_SHIPMENT,ORDER_000004866,DELIVERED,2026-10-21T23:53:36,2026-10-22T21:53:36
ORDER_000004867_SHIPMENT,ORDER_000004867,DELIVERED,2026-01-18T20:14:52,2026-01-21T13:14:52
ORDER_000004868_SHIPMENT,ORDER_000004868,PROCESSING,,
ORDER_000004869_SHIPMENT,ORDER_000004869,DELIVERED,2026-09-12T01:33:40,2026-09-18T21:33:40
ORDER_000004870_SHIPMENT,ORDER_000004870,PROCESSING,,
ORDER_000004871_SHIPMENT,ORDER_000004871,IN_TRANSIT,2026-02-01T17:34:07,
ORDER_000004872_SHIPMENT,ORDER_000004872,DELIVERED,2026-11-09T06:02:34,2026-11-09T20:02:34
ORDER_000004873_SHIPMENT,ORDER_000004873,IN_TRANSIT,2026-06-01T16:41:51,
ORDER_000004874_SHIPMENT,ORDER_000004874,DELIVERED,2026-02-03T10:11:56,2026-02-10T06:11:56
ORDER_000004875_SHIPMENT,ORDER_000004875,IN_TRANSIT,2026-12-04T21:42:38,
ORDER_000004876_SHIPMENT,ORDER_000004876,PROCESSING,,
ORDER_000004877_SHIPMENT,ORDER_000004877,DELIVERED,2026-12-06T01:17:16,2026-12-11T02:17:16
ORDER_000004878_SHIPMENT,ORDER_000004878,PROCESSING,,
ORDER_000004879_SHIPMENT,ORDER_000004879,PROCESSING,,
ORDER_000004880_SHIPMENT,ORDER_000004880,IN_TRANSIT,2026-03-01T17:13:34,
ORDER_000004881_SHIPMENT,ORDER_000004881,DELIVERED,2026-03-02T08:26:06,2026-03-06T08:26:06
ORDER_000004882_SHIPMENT,ORDER_000004882,PROCESSING,,
ORDER_000004883_SHIPMENT,ORDER_000004883,DELIVERED,2026-02-23T22:37:59,2026-03-01T02:37:59
ORDER_000004884_SHIPMENT,ORDER_000004884,IN_TRANSIT,2026-09-26T14:37:56,
ORDER_000004885_SHIPMENT,ORDER_000004885,PROCESSING,,
ORDER_000004886_SHIPMENT,ORDER_000004886,PROCESSING,,
ORDER_000004887_SHIPMENT,ORDER_000004887,DELIVERED,2026-02-16T04:17:58,2026-02-20T04:17:58
ORDER_000004888_SHIPMENT,ORDER_000004888,DELIVERED,2026-09-11T02:28:01,2026-09-17T08:28:01
ORDER_000004889_SHIPMENT,ORDER_000004889,DELIVERED,2026-08-03T06:00:01,2026-08-03T22:00:01
ORDER_000004890_SHIPMENT,ORDER_000004890,PROCESSING,,
ORDER_000004891_SHIPMENT,ORDER_000004891,PROCESSING,,
ORDER_000004892_SHIPMENT,ORDER_000004892,DELIVERED,2026-04-20T13:19:41,2026-04-24T03:19:41
ORDER_000004893_SHIPMENT,ORDER_000004893,DELIVERED,2026-03-15T05:41:22,2026-03-20T17:41:22
ORDER_000004894_SHIPMENT,ORDER_000004894,IN_TRANSIT,2026-12-17T02:12:11,
ORDER_000004895_SHIPMENT,ORDER_000004895,IN_TRANSIT,2026-02-14T17:04:25,
ORDER_000004896_SHIPMENT,ORDER_000004896,DELIVERED,2026-12-21T00:35:19,2026-12-26T07:35:19
ORDER_000004897_SHIPMENT,ORDER_000004897,PROCESSING,,
ORDER_000004898_SHIPMENT,ORDER_000004898,DELIVERED,2026-11-21T17:55:41,2026-11-24T07:55:41
ORDER_000004899_SHIPMENT,ORDER_000004899,DELIVERED,2026-10-21T21:34:34,2026-10-26T11:34:34
ORDER_000004900_SHIPMENT,ORDER_000004900,DELIVERED,2026-01-31T01:42:49,2026-02-01T03:42:49
ORDER_000004901_SHIPMENT,ORDER_000004901,PROCESSING,,
ORDER_000004902_SHIPMENT,ORDER_000004902,IN_TRANSIT,2026-08-03T03:35:44,
ORDER_000004903_SHIPMENT,ORDER_000004903,PROCESSING,,
ORDER_000004904_SHIPMENT,ORDER_000004904,DELIVERED,2026-03-28T23:41:20,2026-04-02T12:41:20
ORDER_000004905_SHIPMENT,ORDER_000004905,PROCESSING,,
ORDER_000004906_SHIPMENT,ORDER_000004906,DELIVERED,2026-01-30T11:06:59,2026-02-03T01:06:59
ORDER_000004907_SHIPMENT,ORDER_000004907,DELIVERED,2026-02-18T08:06:29,2026-02-24T07:06:29
ORDER_000004908_SHIPMENT,ORDER_000004908,IN_TRANSIT,2026-08-12T11:39:24,
ORDER_000004909_SHIPMENT,ORDER_000004909,DELIVERED,2026-11-02T21:21:31,2026-11-05T02:21:31
ORDER_000004910_SHIPMENT,ORDER_000004910,DELIVERED,2026-02-11T11:11:09,2026-02-14T08:11:09
ORDER_000004911_SHIPMENT,ORDER_000004911,DELIVERED,2026-12-11T16:19:07,2026-12-13T10:19:07
ORDER_000004912_SHIPMENT,ORDER_000004912,DELIVERED,2026-04-29T01:18:11,2026-05-01T09:18:11
ORDER_000004913_SHIPMENT,ORDER_000004913,DELIVERED,2026-01-07T19:58:52,2026-01-13T07:58:52
ORDER_000004914_SHIPMENT,ORDER_000004914,DELIVERED,2026-06-13T17:48:05,2026-06-17T15:48:05
ORDER_000004915_SHIPMENT,ORDER_000004915,PROCESSING,,
ORDER_000004916_SHIPMENT,ORDER_000004916,DELIVERED,2026-05-08T23:08:08,2026-05-12T13:08:08
ORDER_000004917_SHIPMENT,ORDER_000004917,PROCESSING,,
ORDER_000004918_SHIPMENT,ORDER_000004918,DELIVERED,2026-12-30T19:34:30,2027-01-05T15:34:30
ORDER_000004919_SHIPMENT,ORDER_000004919,IN_TRANSIT,2026-09-05T18:29:25,
ORDER_000004920_SHIPMENT,ORDER_000004920,DELIVERED,2026-08-06T15:59:13,2026-08-08T15:59:13
ORDER_000004921_SHIPMENT,ORDER_000004921,DELIVERED,2026-02-06T08:07:29,2026-02-08T11:07:29
ORDER_000004922_SHIPMENT,ORDER_000004922,IN_TRANSIT,2026-01-04T19:42:15,
ORDER_000004923_SHIPMENT,ORDER_000004923,DELIVERED,2026-07-17T09:37:15,2026-07-18T04:37:15
ORDER_000004924_SHIPMENT,ORDER_000004924,DELIVERED,2026-07-10T21:57:12,2026-07-16T22:57:12
ORDER_000004925_SHIPMENT,ORDER_000004925,DELIVERED,2026-06-20T10:18:46,2026-06-22T14:18:46
ORDER_000004926_SHIPMENT,ORDER_000004926,DELIVERED,2026-01-18T13:20:17,2026-01-24T06:20:17
ORDER_000004927_SHIPMENT,ORDER_000004927,IN_TRANSIT,2026-06-22T14:21:42,
ORDER_000004928_SHIPMENT,ORDER_000004928,IN_TRANSIT,2026-10-13T03:29:59,
ORDER_000004929_SHIPMENT,ORDER_000004929,PROCESSING,,
ORDER_000004930_SHIPMENT,ORDER_000004930,PROCESSING,,
ORDER_000004931_SHIPMENT,ORDER_000004931,PROCESSING,,
ORDER_000004932_SHIPMENT,ORDER_000004932,DELIVERED,2026-03-19T03:05:48,2026-03-26T00:05:48
ORDER_000004933_SHIPMENT,ORDER_000004933,IN_TRANSIT,2026-11-29T13:40:52,
ORDER_000004934_SHIPMENT,ORDER_000004934,DELIVERED,2026-01-02T23:40:39,2026-01-06T15:40:39
ORDER_000004935_SHIPMENT,ORDER_000004935,DELIVERED,2026-08-22T08:53:49,2026-08-27T03:53:49
ORDER_000004936_SHIPMENT,ORDER_000004936,IN_TRANSIT,2026-09-03T17:29:47,
ORDER_000004937_SHIPMENT,ORDER_000004937,DELIVERED,2026-03-22T00:43:30,2026-03-28T17:43:30
ORDER_000004938_SHIPMENT,ORDER_000004938,PROCESSING,,
ORDER_000004939_SHIPMENT,ORDER_000004939,PROCESSING,,
ORDER_000004940_SHIPMENT,ORDER_000004940,PROCESSING,,
ORDER_000004941_SHIPMENT,ORDER_000004941,DELIVERED,2026-06-18T14:34:01,2026-06-19T03:34:01
ORDER_000004942_SHIPMENT,ORDER_000004942,DELIVERED,2026-12-28T05:37:12,2026-12-31T11:37:12
ORDER_000004943_SHIPMENT,ORDER_000004943,PROCESSING,,
ORDER_000004944_SHIPMENT,ORDER_000004944,DELIVERED,2026-10-24T02:27:26,2026-10-26T08:27:26
ORDER_000004945_SHIPMENT,ORDER_000004945,DELIVERED,2026-07-24T15:39:42,2026-07-28T23:39:42
ORDER_000004946_SHIPMENT,ORDER_000004946,IN_TRANSIT,2026-04-18T14:41:44,
ORDER_000004947_SHIPMENT,ORDER_000004947,PROCESSING,,
ORDER_000004948_SHIPMENT,ORDER_000004948,DELIVERED,2026-08-22T18:55:27,2026-08-23T11:55:27
ORDER_000004949_SHIPMENT,ORDER_000004949,DELIVERED,2026-11-14T06:37:06,2026-11-15T10:37:06
ORDER_000004950_SHIPMENT,ORDER_000004950,IN_TRANSIT,2026-09-22T23:30:18,
ORDER_000004951_SHIPMENT,ORDER_000004951,IN_TRANSIT,2026-04-27T11:00:26,
ORDER_000004952_SHIPMENT,ORDER_000004952,IN_TRANSIT,2026-09-02T10:11:18,
ORDER_000004953_SHIPMENT,ORDER_000004953,DELIVERED,2026-02-23T03:33:33,2026-03-01T07:33:33
ORDER_000004954_SHIPMENT,ORDER_000004954,DELIVERED,2026-10-14T06:50:42,2026-10-20T11:50:42
ORDER_000004955_SHIPMENT,ORDER_000004955,PROCESSING,,
ORDER_000004956_SHIPMENT,ORDER_000004956,PROCESSING,,
ORDER_000004957_SHIPMENT,ORDER_000004957,PROCESSING,,
ORDER_000004958_SHIPMENT,ORDER_000004958,DELIVERED,2026-10-10T19:48:21,2026-10-11T08:48:21
ORDER_000004959_SHIPMENT,ORDER_000004959,DELIVERED,2026-10-04T04:23:47,2026-10-10T08:23:47
ORDER_000004960_SHIPMENT,ORDER_000004960,PROCESSING,,
ORDER_000004961_SHIPMENT,ORDER_000004961,PROCESSING,,
ORDER_000004962_SHIPMENT,ORDER_000004962,PROCESSING,,
ORDER_000004963_SHIPMENT,ORDER_000004963,DELIVERED,2026-11-26T13:41:47,2026-12-03T09:41:47
ORDER_000004964_SHIPMENT,ORDER_000004964,DELIVERED,2026-01-21T21:48,2026-01-26T04:48
ORDER_000004965_SHIPMENT,ORDER_000004965,DELIVERED,2026-04-26T11:01:34,2026-05-01T09:01:34
ORDER_000004966_SHIPMENT,ORDER_000004966,DELIVERED,2026-10-13T03:58:24,2026-10-18T21:58:24
ORDER_000004967_SHIPMENT,ORDER_000004967,DELIVERED,2026-03-09T09:32:48,2026-03-15T16:32:48
ORDER_000004968_SHIPMENT,ORDER_000004968,PROCESSING,,
ORDER_000004969_SHIPMENT,ORDER_000004969,PROCESSING,,
ORDER_000004970_SHIPMENT,ORDER_000004970,DELIVERED,2026-01-03T06:02:28,2026-01-07T19:02:28
ORDER_000004971_SHIPMENT,ORDER_000004971,PROCESSING,,
ORDER_000004972_SHIPMENT,ORDER_000004972,DELIVERED,2026-05-24T11:43:57,2026-05-30T03:43:57
ORDER_000004973_SHIPMENT,ORDER_000004973,DELIVERED,2026-04-28T05:47:17,2026-05-04T22:47:17
ORDER_000004974_SHIPMENT,ORDER_000004974,PROCESSING,,
ORDER_000004975_SHIPMENT,ORDER_000004975,DELIVERED,2026-01-30T01:21:53,2026-02-05T01:21:53
ORDER_000004976_SHIPMENT,ORDER_000004976,DELIVERED,2026-02-26T14:53:55,2026-02-27T15:53:55
ORDER_000004977_SHIPMENT,ORDER_000004977,DELIVERED,2026-01-05T20:26:11,2026-01-08T21:26:11
ORDER_000004978_SHIPMENT,ORDER_000004978,PROCESSING,,
ORDER_000004979_SHIPMENT,ORDER_000004979,DELIVERED,2026-10-27T23:16:11,2026-10-29T18:16:11
ORDER_000004980_SHIPMENT,ORDER_000004980,DELIVERED,2026-10-01T14:19:46,2026-10-03T10:19:46
ORDER_000004981_SHIPMENT,ORDER_000004981,PROCESSING,,
ORDER_000004982_SHIPMENT,ORDER_000004982,DELIVERED,2026-05-29T11:00:39,2026-05-31T11:00:39
ORDER_000004983_SHIPMENT,ORDER_000004983,IN_TRANSIT,2026-03-20T04:46:23,
ORDER_000004984_SHIPMENT,ORDER_000004984,PROCESSING,,
ORDER_000004985_SHIPMENT,ORDER_000004985,DELIVERED,2026-01-17T00:13:51,2026-01-19T05:13:51
ORDER_000004986_SHIPMENT,ORDER_000004986,DELIVERED,2026-11-23T07:00:12,2026-11-25T03:00:12
ORDER_000004987_SHIPMENT,ORDER_000004987,IN_TRANSIT,2026-01-22T13:31:04,
ORDER_000004988_SHIPMENT,ORDER_000004988,DELIVERED,2026-08-05T23:48:19,2026-08-07T11:48:19
ORDER_000004989_SHIPMENT,ORDER_000004989,DELIVERED,2026-06-24T16:08:23,2026-06-29T23:08:23
ORDER_000004990_SHIPMENT,ORDER_000004990,DELIVERED,2026-12-31T14:59:44,2027-01-04T20:59:44
ORDER_000004991_SHIPMENT,ORDER_000004991,DELIVERED,2026-01-06T05:17:08,2026-01-11T21:17:08
ORDER_000004992_SHIPMENT,ORDER_000004992,PROCESSING,,
ORDER_000004993_SHIPMENT,ORDER_000004993,IN_TRANSIT,2026-01-04T14:54:49,
ORDER_000004994_SHIPMENT,ORDER_000004994,PROCESSING,,
ORDER_000004995_SHIPMENT,ORDER_000004995,DELIVERED,2026-09-16T00:30:52,2026-09-18T02:30:52
ORDER_000004996_SHIPMENT,ORDER_000004996,DELIVERED,2026-12-23T13:01:11,2026-12-28T05:01:11
ORDER_000004997_SHIPMENT,ORDER_000004997,DELIVERED,2026-07-20T02:06:38,2026-07-22T15:06:38
ORDER_000004998_SHIPMENT,ORDER_000004998,DELIVERED,2026-03-10T17:50:57,2026-03-16T04:50:57
ORDER_000004999_SHIPMENT,ORDER_000004999,PROCESSING,,
ORDER_000005000_SHIPMENT,ORDER_000005000,DELIVERED,2026-11-18T22:28,2026-11-23T22:28
